NIF-CHI-SAN-1,Pure Essence Japon,Con Filtro,Negro,Normal,t,71
NIF-CHI-SAN-1,Highland Peak Argentina,Con Filtro,Rubio,SuperLight,f,391
NIF-CHI-SAN-1,Ocean Breeze Argentina,Con Filtro,Rubio,Normal,t,384
NIF-CHI-SAN-1,Ocean Breeze Alemania,Sin Filtro,Rubio,Normal,t,124
NIF-CHI-SAN-1,Amber Haze Alemania,Con Filtro,Rubio,Normal,t,486
NIF-CHI-SAN-1,Royal Blend Chile,Con Filtro,Rubio,Normal,t,341
NIF-CHI-SAN-1,Gold Leaf Chile,Con Filtro,Rubio,Normal,t,72
NIF-CHI-SAN-1,Gold Leaf Chile,Con Filtro,Rubio,Light,f,429
NIF-CHI-SAN-1,Gold Leaf Argentina,Sin Filtro,Negro,Normal,t,146
NIF-CHI-SAN-1,Urban Classic Argentina,Sin Filtro,Negro,Normal,f,233
NIF-CHI-SAN-1,Amber Haze Argentina,Con Filtro,Negro,SuperLight,f,137
NIF-CHI-SAN-1,Urban Classic Alemania,Sin Filtro,Negro,Normal,f,211
NIF-CHI-SAN-1,Mountain Mist Alemania,Sin Filtro,Rubio,Normal,f,350
NIF-CHI-SAN-1,Mountain Mist Japon,Sin Filtro,Rubio,Normal,f,247
NIF-CHI-SAN-1,Amber Haze Argentina,Con Filtro,Rubio,Light,f,195
NIF-CHI-SAN-1,Pure Essence Argentina,Con Filtro,Rubio,Normal,t,329
NIF-CHI-SAN-1,Amber Haze Chile,Sin Filtro,Rubio,Normal,f,431
NIF-CHI-SAN-1,Mountain Mist Argentina,Sin Filtro,Negro,Normal,t,427
NIF-CHI-SAN-1,Royal Blend Argentina,Sin Filtro,Negro,Normal,t,387
NIF-CHI-SAN-1,Pure Essence Argentina,Con Filtro,Rubio,UltraLight,f,351
NIF-CHI-SAN-1,Amber Haze Japon,Sin Filtro,Rubio,Normal,t,315
NIF-CHI-SAN-1,Ocean Breeze Reino,Sin Filtro,Negro,Normal,t,78
NIF-CHI-SAN-1,Amber Haze Chile,Sin Filtro,Rubio,Normal,f,211
NIF-CHI-SAN-1,Mountain Mist Argentina,Sin Filtro,Rubio,Normal,t,97
NIF-CHI-SAN-2,Amber Haze Reino,Con Filtro,Rubio,Normal,t,195
NIF-CHI-SAN-2,Mountain Mist Japon,Sin Filtro,Negro,Normal,t,220
NIF-CHI-SAN-2,Gold Leaf Reino,Sin Filtro,Rubio,Normal,t,158
NIF-CHI-SAN-2,Mountain Mist Argentina,Con Filtro,Rubio,SuperLight,f,466
NIF-CHI-SAN-2,Pure Essence Chile,Con Filtro,Negro,Normal,t,325
NIF-CHI-SAN-2,Mountain Mist Chile,Con Filtro,Negro,Normal,t,391
NIF-CHI-SAN-2,Highland Peak Alemania,Con Filtro,Rubio,SuperLight,f,56
NIF-CHI-SAN-2,Urban Classic Japon,Sin Filtro,Rubio,Normal,t,364
NIF-CHI-SAN-2,Highland Peak Alemania,Sin Filtro,Negro,Normal,t,386
NIF-CHI-SAN-2,Pure Essence Reino,Con Filtro,Rubio,Normal,f,158
NIF-CHI-SAN-2,Midnight Silk Reino,Sin Filtro,Negro,Normal,t,416
NIF-CHI-SAN-2,Amber Haze Chile,Con Filtro,Rubio,Normal,t,150
NIF-CHI-SAN-2,Urban Classic Argentina,Sin Filtro,Negro,Normal,t,212
NIF-CHI-SAN-2,Royal Blend Japon,Sin Filtro,Rubio,Normal,f,174
NIF-CHI-SAN-2,Urban Classic Argentina,Con Filtro,Negro,Normal,f,254
NIF-CHI-SAN-2,Silver Lining Argentina,Con Filtro,Rubio,Normal,t,332
NIF-CHI-SAN-3,Highland Peak Alemania,Sin Filtro,Negro,Normal,f,118
NIF-CHI-SAN-3,Ocean Breeze Chile,Sin Filtro,Negro,Normal,f,86
NIF-CHI-SAN-3,Midnight Silk Argentina,Sin Filtro,Negro,Normal,t,110
NIF-CHI-SAN-3,Highland Peak Chile,Con Filtro,Negro,Normal,t,124
NIF-CHI-SAN-3,Ocean Breeze Argentina,Sin Filtro,Negro,Normal,f,499
NIF-CHI-SAN-3,Highland Peak Chile,Con Filtro,Negro,Normal,f,337
NIF-CHI-SAN-3,Mountain Mist Argentina,Sin Filtro,Rubio,Normal,t,384
NIF-CHI-SAN-3,Urban Classic Argentina,Sin Filtro,Negro,Normal,f,67
NIF-CHI-SAN-3,Midnight Silk Argentina,Sin Filtro,Negro,Normal,f,404
NIF-CHI-SAN-3,Pure Essence Japon,Sin Filtro,Negro,Normal,f,495
NIF-CHI-SAN-4,Royal Blend Chile,Con Filtro,Rubio,Normal,t,397
NIF-CHI-SAN-4,Ocean Breeze Reino,Sin Filtro,Negro,Normal,f,348
NIF-CHI-SAN-4,Urban Classic Argentina,Con Filtro,Negro,UltraLight,f,451
NIF-CHI-SAN-4,Silver Lining Alemania,Sin Filtro,Rubio,Normal,f,329
NIF-CHI-SAN-4,Pure Essence Argentina,Con Filtro,Negro,Normal,t,445
NIF-CHI-SAN-4,Royal Blend Japon,Con Filtro,Rubio,SuperLight,f,290
NIF-CHI-SAN-4,Mountain Mist Reino,Sin Filtro,Negro,Normal,t,408
NIF-CHI-SAN-4,Amber Haze Alemania,Con Filtro,Rubio,Normal,t,188
NIF-CHI-SAN-4,Royal Blend Argentina,Con Filtro,Rubio,UltraLight,f,308
NIF-CHI-SAN-4,Silver Lining Japon,Sin Filtro,Negro,Normal,f,461
NIF-CHI-SAN-4,Silver Lining Alemania,Sin Filtro,Negro,Normal,f,301
NIF-CHI-SAN-4,Midnight Silk Japon,Sin Filtro,Rubio,Normal,f,359
NIF-CHI-SAN-4,Pure Essence Alemania,Sin Filtro,Negro,Normal,f,487
NIF-CHI-SAN-4,Gold Leaf Alemania,Sin Filtro,Rubio,Normal,f,296
NIF-CHI-SAN-4,Ocean Breeze Chile,Con Filtro,Negro,Normal,f,135
NIF-CHI-SAN-4,Ocean Breeze Reino,Sin Filtro,Negro,Normal,t,363
NIF-CHI-SAN-4,Pure Essence Chile,Sin Filtro,Negro,Normal,f,380
NIF-CHI-SAN-4,Royal Blend Reino,Con Filtro,Rubio,Normal,t,155
NIF-CHI-SAN-4,Midnight Silk Japon,Con Filtro,Rubio,Light,f,169
NIF-CHI-SAN-4,Highland Peak Argentina,Sin Filtro,Negro,Normal,f,125
NIF-CHI-SAN-4,Pure Essence Japon,Con Filtro,Negro,Light,f,143
NIF-CHI-SAN-4,Silver Lining Japon,Con Filtro,Rubio,Normal,f,84
NIF-CHI-SAN-4,Silver Lining Japon,Sin Filtro,Rubio,Normal,f,199
NIF-CHI-SAN-4,Urban Classic Argentina,Sin Filtro,Negro,Normal,t,424
NIF-CHI-SAN-4,Pure Essence Alemania,Sin Filtro,Rubio,Normal,t,203
NIF-CHI-SAN-4,Silver Lining Argentina,Con Filtro,Negro,Light,f,242
NIF-CHI-SAN-4,Pure Essence Argentina,Sin Filtro,Negro,Normal,t,213
NIF-CHI-SAN-4,Gold Leaf Alemania,Sin Filtro,Rubio,Normal,f,408
NIF-CHI-SAN-4,Royal Blend Alemania,Sin Filtro,Rubio,Normal,t,55
NIF-CHI-SAN-5,Royal Blend Reino,Con Filtro,Rubio,Normal,t,165
NIF-CHI-SAN-5,Amber Haze Alemania,Sin Filtro,Rubio,Normal,t,298
NIF-CHI-SAN-5,Midnight Silk Japon,Con Filtro,Negro,SuperLight,f,338
NIF-CHI-SAN-5,Mountain Mist Argentina,Sin Filtro,Negro,Normal,t,390
NIF-CHI-SAN-5,Silver Lining Alemania,Con Filtro,Negro,Normal,t,455
NIF-CHI-SAN-5,Highland Peak Argentina,Sin Filtro,Rubio,Normal,f,274
NIF-CHI-SAN-5,Royal Blend Chile,Sin Filtro,Negro,Normal,t,405
NIF-CHI-SAN-5,Pure Essence Alemania,Sin Filtro,Rubio,Normal,f,474
NIF-CHI-SAN-5,Amber Haze Reino,Con Filtro,Rubio,Normal,t,134
NIF-CHI-SAN-5,Ocean Breeze Argentina,Con Filtro,Negro,Normal,t,336
NIF-CHI-SAN-5,Gold Leaf Chile,Con Filtro,Rubio,UltraLight,f,112
NIF-CHI-SAN-5,Amber Haze Japon,Con Filtro,Rubio,Light,f,489
NIF-CHI-SAN-5,Ocean Breeze Chile,Sin Filtro,Negro,Normal,f,293
NIF-CHI-SAN-5,Silver Lining Chile,Con Filtro,Rubio,Normal,t,314
NIF-CHI-SAN-5,Amber Haze Japon,Sin Filtro,Rubio,Normal,f,115
NIF-CHI-SAN-5,Mountain Mist Reino,Con Filtro,Rubio,UltraLight,f,284
NIF-CHI-SAN-6,Gold Leaf Japon,Con Filtro,Rubio,Normal,f,115
NIF-CHI-SAN-6,Ocean Breeze Chile,Con Filtro,Rubio,Normal,t,187
NIF-CHI-SAN-6,Pure Essence Alemania,Sin Filtro,Rubio,Normal,t,211
NIF-CHI-SAN-6,Ocean Breeze Argentina,Con Filtro,Negro,Normal,t,425
NIF-CHI-SAN-6,Amber Haze Alemania,Sin Filtro,Rubio,Normal,f,146
NIF-CHI-SAN-6,Royal Blend Reino,Con Filtro,Rubio,Normal,t,377
NIF-CHI-SAN-6,Pure Essence Argentina,Con Filtro,Rubio,UltraLight,f,494
NIF-CHI-SAN-6,Royal Blend Reino,Con Filtro,Negro,Normal,f,180
NIF-CHI-SAN-6,Pure Essence Chile,Sin Filtro,Rubio,Normal,f,66
NIF-CHI-SAN-6,Mountain Mist Argentina,Con Filtro,Negro,Light,f,323
NIF-CHI-SAN-6,Highland Peak Chile,Con Filtro,Negro,Normal,f,372
NIF-CHI-SAN-6,Highland Peak Chile,Sin Filtro,Negro,Normal,t,307
NIF-CHI-SAN-6,Gold Leaf Japon,Sin Filtro,Rubio,Normal,t,391
NIF-CHI-SAN-6,Royal Blend Argentina,Con Filtro,Negro,Light,f,245
NIF-CHI-SAN-6,Amber Haze Argentina,Con Filtro,Rubio,Normal,t,110
NIF-CHI-SAN-6,Mountain Mist Reino,Con Filtro,Rubio,SuperLight,f,90
NIF-CHI-SAN-6,Urban Classic Reino,Sin Filtro,Negro,Normal,t,375
NIF-CHI-SAN-6,Highland Peak Chile,Con Filtro,Negro,Normal,t,435
NIF-CHI-SAN-6,Silver Lining Argentina,Con Filtro,Negro,Normal,t,198
NIF-CHI-SAN-6,Urban Classic Chile,Con Filtro,Negro,SuperLight,f,293
NIF-CHI-SAN-6,Gold Leaf Alemania,Sin Filtro,Negro,Normal,f,314
NIF-CHI-SAN-6,Gold Leaf Reino,Con Filtro,Negro,SuperLight,f,439
NIF-CHI-SAN-6,Silver Lining Chile,Con Filtro,Negro,Normal,t,369
NIF-CHI-SAN-6,Highland Peak Alemania,Con Filtro,Rubio,UltraLight,f,230
NIF-CHI-SAN-6,Silver Lining Reino,Con Filtro,Negro,Normal,t,218
NIF-CHI-SAN-6,Urban Classic Reino,Sin Filtro,Rubio,Normal,f,160
NIF-CHI-SAN-6,Midnight Silk Chile,Con Filtro,Negro,Normal,f,404
NIF-CHI-SAN-6,Urban Classic Alemania,Sin Filtro,Negro,Normal,f,316
NIF-CHI-SAN-7,Highland Peak Alemania,Sin Filtro,Negro,Normal,t,169
NIF-CHI-SAN-7,Highland Peak Japon,Sin Filtro,Rubio,Normal,f,80
NIF-CHI-SAN-7,Silver Lining Japon,Sin Filtro,Negro,Normal,f,170
NIF-CHI-SAN-7,Amber Haze Alemania,Sin Filtro,Negro,Normal,t,192
NIF-CHI-SAN-7,Highland Peak Japon,Sin Filtro,Negro,Normal,f,313
NIF-CHI-SAN-7,Ocean Breeze Japon,Sin Filtro,Rubio,Normal,t,386
NIF-CHI-SAN-7,Midnight Silk Chile,Con Filtro,Rubio,Normal,t,347
NIF-CHI-SAN-7,Gold Leaf Argentina,Con Filtro,Rubio,Light,f,97
NIF-CHI-SAN-7,Ocean Breeze Reino,Con Filtro,Rubio,UltraLight,f,168
NIF-CHI-SAN-7,Silver Lining Japon,Con Filtro,Rubio,Light,f,275
NIF-CHI-SAN-7,Mountain Mist Argentina,Con Filtro,Rubio,Normal,t,213
NIF-CHI-SAN-7,Ocean Breeze Chile,Con Filtro,Negro,Normal,f,293
NIF-CHI-SAN-7,Silver Lining Alemania,Sin Filtro,Negro,Normal,t,254
NIF-CHI-SAN-7,Silver Lining Alemania,Con Filtro,Negro,Normal,t,245
NIF-CHI-SAN-7,Highland Peak Alemania,Con Filtro,Rubio,Normal,f,367
NIF-CHI-SAN-7,Silver Lining Alemania,Sin Filtro,Negro,Normal,f,402
NIF-CHI-SAN-8,Gold Leaf Alemania,Sin Filtro,Negro,Normal,t,424
NIF-CHI-SAN-8,Ocean Breeze Japon,Sin Filtro,Rubio,Normal,t,258
NIF-CHI-SAN-8,Ocean Breeze Japon,Con Filtro,Rubio,Normal,f,96
NIF-CHI-SAN-8,Urban Classic Alemania,Sin Filtro,Negro,Normal,f,465
NIF-CHI-SAN-8,Gold Leaf Reino,Con Filtro,Negro,SuperLight,f,217
NIF-CHI-SAN-8,Urban Classic Reino,Con Filtro,Negro,Normal,t,251
NIF-CHI-SAN-8,Royal Blend Alemania,Sin Filtro,Rubio,Normal,f,157
NIF-CHI-SAN-8,Royal Blend Chile,Con Filtro,Rubio,Normal,t,427
NIF-CHI-SAN-8,Pure Essence Argentina,Con Filtro,Rubio,Normal,t,229
NIF-CHI-SAN-8,Mountain Mist Chile,Sin Filtro,Negro,Normal,f,257
NIF-CHI-SAN-8,Highland Peak Japon,Con Filtro,Negro,Normal,f,161
NIF-CHI-SAN-8,Amber Haze Reino,Sin Filtro,Negro,Normal,t,178
NIF-CHI-SAN-8,Amber Haze Chile,Con Filtro,Negro,Light,f,470
NIF-CHI-SAN-8,Amber Haze Alemania,Sin Filtro,Rubio,Normal,f,387
NIF-CHI-SAN-8,Ocean Breeze Reino,Con Filtro,Negro,Normal,t,438
NIF-CHI-SAN-8,Amber Haze Japon,Con Filtro,Rubio,Normal,t,95
NIF-CHI-SAN-8,Ocean Breeze Reino,Sin Filtro,Negro,Normal,t,241
NIF-CHI-SAN-8,Pure Essence Reino,Con Filtro,Negro,Normal,f,437
NIF-CHI-SAN-8,Silver Lining Reino,Sin Filtro,Rubio,Normal,f,170
NIF-CHI-SAN-8,Silver Lining Chile,Con Filtro,Rubio,Normal,t,208
NIF-CHI-SAN-8,Urban Classic Reino,Con Filtro,Negro,Normal,t,247
NIF-CHI-SAN-8,Midnight Silk Reino,Sin Filtro,Rubio,Normal,f,176
NIF-CHI-SAN-8,Highland Peak Chile,Con Filtro,Rubio,SuperLight,f,423
NIF-CHI-SAN-8,Ocean Breeze Alemania,Con Filtro,Rubio,Light,f,84
NIF-CHI-SAN-8,Silver Lining Argentina,Con Filtro,Rubio,Normal,t,419
NIF-CHI-SAN-8,Highland Peak Argentina,Sin Filtro,Negro,Normal,f,344
NIF-CHI-SAN-8,Urban Classic Alemania,Sin Filtro,Negro,Normal,f,499
NIF-CHI-SAN-8,Urban Classic Alemania,Sin Filtro,Rubio,Normal,f,306
NIF-CHI-SAN-8,Urban Classic Japon,Con Filtro,Rubio,Normal,t,192
NIF-CHI-SAN-8,Silver Lining Japon,Sin Filtro,Rubio,Normal,f,411
NIF-CHI-SAN-9,Silver Lining Japon,Sin Filtro,Negro,Normal,f,393
NIF-CHI-SAN-9,Amber Haze Chile,Con Filtro,Rubio,Normal,t,418
NIF-CHI-SAN-9,Highland Peak Alemania,Sin Filtro,Rubio,Normal,f,322
NIF-CHI-SAN-9,Urban Classic Argentina,Sin Filtro,Negro,Normal,t,137
NIF-CHI-SAN-9,Mountain Mist Chile,Sin Filtro,Rubio,Normal,f,157
NIF-CHI-SAN-9,Pure Essence Argentina,Sin Filtro,Negro,Normal,f,432
NIF-CHI-SAN-9,Ocean Breeze Japon,Sin Filtro,Rubio,Normal,t,324
NIF-CHI-SAN-9,Highland Peak Chile,Con Filtro,Negro,Normal,f,395
NIF-CHI-SAN-9,Pure Essence Reino,Sin Filtro,Negro,Normal,f,163
NIF-CHI-SAN-9,Pure Essence Reino,Con Filtro,Rubio,Normal,f,468
NIF-CHI-SAN-9,Highland Peak Argentina,Con Filtro,Negro,Normal,t,196
NIF-CHI-SAN-9,Royal Blend Alemania,Con Filtro,Rubio,Normal,t,157
NIF-CHI-SAN-9,Midnight Silk Argentina,Sin Filtro,Rubio,Normal,t,241
NIF-CHI-SAN-9,Midnight Silk Argentina,Sin Filtro,Rubio,Normal,t,364
NIF-CHI-SAN-9,Midnight Silk Chile,Con Filtro,Rubio,Normal,t,473
NIF-CHI-SAN-9,Pure Essence Japon,Con Filtro,Negro,Normal,t,327
NIF-CHI-SAN-9,Urban Classic Japon,Con Filtro,Negro,SuperLight,f,340
NIF-CHI-SAN-9,Urban Classic Alemania,Sin Filtro,Negro,Normal,f,226
NIF-CHI-SAN-9,Pure Essence Japon,Sin Filtro,Negro,Normal,f,449
NIF-CHI-SAN-9,Ocean Breeze Alemania,Sin Filtro,Negro,Normal,t,357
NIF-CHI-SAN-9,Royal Blend Chile,Sin Filtro,Negro,Normal,t,484
NIF-CHI-SAN-10,Pure Essence Chile,Sin Filtro,Negro,Normal,f,478
NIF-CHI-SAN-10,Highland Peak Chile,Con Filtro,Negro,Normal,t,87
NIF-CHI-SAN-10,Gold Leaf Reino,Sin Filtro,Rubio,Normal,f,229
NIF-CHI-SAN-10,Ocean Breeze Alemania,Con Filtro,Negro,Light,f,118
NIF-CHI-SAN-10,Amber Haze Reino,Con Filtro,Rubio,Normal,t,470
NIF-CHI-SAN-10,Urban Classic Alemania,Sin Filtro,Negro,Normal,t,396
NIF-CHI-SAN-10,Midnight Silk Reino,Con Filtro,Negro,Normal,t,136
NIF-CHI-SAN-10,Gold Leaf Reino,Con Filtro,Negro,SuperLight,f,303
NIF-CHI-SAN-10,Ocean Breeze Alemania,Sin Filtro,Rubio,Normal,t,380
NIF-CHI-SAN-10,Royal Blend Reino,Con Filtro,Negro,Normal,t,241
NIF-CHI-SAN-10,Amber Haze Alemania,Sin Filtro,Rubio,Normal,t,139
NIF-CHI-SAN-10,Urban Classic Argentina,Sin Filtro,Negro,Normal,t,434
NIF-CHI-SAN-10,Amber Haze Argentina,Con Filtro,Negro,Normal,t,75
NIF-CHI-SAN-10,Gold Leaf Argentina,Con Filtro,Rubio,Normal,t,202
NIF-CHI-SAN-10,Pure Essence Chile,Sin Filtro,Negro,Normal,f,294
NIF-CHI-SAN-10,Amber Haze Japon,Con Filtro,Rubio,Light,f,397
NIF-CHI-SAN-10,Midnight Silk Chile,Con Filtro,Rubio,Normal,t,269
NIF-CHI-SAN-10,Pure Essence Reino,Sin Filtro,Rubio,Normal,t,457
NIF-CHI-SAN-11,Highland Peak Japon,Sin Filtro,Rubio,Normal,t,445
NIF-CHI-SAN-11,Silver Lining Argentina,Con Filtro,Rubio,Normal,t,494
NIF-CHI-SAN-11,Amber Haze Reino,Con Filtro,Rubio,Normal,t,72
NIF-CHI-SAN-11,Mountain Mist Argentina,Sin Filtro,Negro,Normal,t,133
NIF-CHI-SAN-11,Pure Essence Alemania,Sin Filtro,Rubio,Normal,t,83
NIF-CHI-SAN-11,Midnight Silk Japon,Con Filtro,Rubio,Normal,f,426
NIF-CHI-SAN-11,Pure Essence Japon,Con Filtro,Negro,Normal,t,467
NIF-CHI-SAN-11,Gold Leaf Argentina,Con Filtro,Rubio,Light,f,105
NIF-CHI-SAN-11,Urban Classic Japon,Con Filtro,Negro,Normal,t,392
NIF-CHI-SAN-11,Midnight Silk Argentina,Sin Filtro,Negro,Normal,f,75
NIF-CHI-SAN-11,Ocean Breeze Alemania,Con Filtro,Negro,SuperLight,f,206
NIF-CHI-SAN-11,Gold Leaf Argentina,Con Filtro,Rubio,Normal,t,135
NIF-CHI-SAN-11,Highland Peak Japon,Con Filtro,Rubio,Light,f,261
NIF-CHI-SAN-11,Gold Leaf Japon,Con Filtro,Rubio,Normal,t,166
NIF-CHI-SAN-11,Mountain Mist Japon,Con Filtro,Negro,Normal,t,169
NIF-CHI-SAN-11,Amber Haze Reino,Con Filtro,Rubio,Normal,t,119
NIF-CHI-SAN-11,Mountain Mist Japon,Con Filtro,Negro,Normal,t,200
NIF-CHI-SAN-11,Gold Leaf Reino,Sin Filtro,Rubio,Normal,t,128
NIF-CHI-SAN-11,Mountain Mist Japon,Con Filtro,Negro,Normal,t,447
NIF-CHI-SAN-11,Highland Peak Alemania,Con Filtro,Rubio,UltraLight,f,53
NIF-CHI-SAN-12,Gold Leaf Argentina,Con Filtro,Rubio,Normal,t,220
NIF-CHI-SAN-12,Royal Blend Alemania,Sin Filtro,Rubio,Normal,f,77
NIF-CHI-SAN-12,Silver Lining Argentina,Con Filtro,Negro,Normal,t,451
NIF-CHI-SAN-12,Royal Blend Reino,Sin Filtro,Rubio,Normal,f,86
NIF-CHI-SAN-12,Gold Leaf Argentina,Con Filtro,Negro,Normal,t,275
NIF-CHI-SAN-12,Gold Leaf Japon,Con Filtro,Rubio,Normal,t,231
NIF-CHI-SAN-12,Pure Essence Argentina,Con Filtro,Rubio,Normal,t,247
NIF-CHI-SAN-12,Pure Essence Alemania,Sin Filtro,Rubio,Normal,t,77
NIF-CHI-SAN-12,Ocean Breeze Reino,Sin Filtro,Negro,Normal,f,50
NIF-CHI-SAN-12,Amber Haze Reino,Con Filtro,Negro,Normal,t,397
NIF-CHI-SAN-12,Royal Blend Japon,Con Filtro,Negro,Normal,t,188
NIF-CHI-SAN-12,Midnight Silk Reino,Con Filtro,Negro,UltraLight,f,480
NIF-CHI-SAN-12,Ocean Breeze Alemania,Con Filtro,Negro,UltraLight,f,443
NIF-CHI-SAN-12,Gold Leaf Argentina,Con Filtro,Rubio,Light,f,246
NIF-CHI-SAN-12,Midnight Silk Alemania,Sin Filtro,Rubio,Normal,t,164
NIF-CHI-SAN-12,Amber Haze Japon,Sin Filtro,Rubio,Normal,t,155
NIF-CHI-SAN-12,Royal Blend Reino,Con Filtro,Rubio,Normal,t,336
NIF-CHI-SAN-12,Pure Essence Reino,Con Filtro,Rubio,Normal,f,485
NIF-CHI-SAN-12,Gold Leaf Chile,Con Filtro,Rubio,UltraLight,f,265
NIF-CHI-SAN-12,Mountain Mist Reino,Sin Filtro,Negro,Normal,f,393
NIF-CHI-SAN-12,Mountain Mist Argentina,Sin Filtro,Negro,Normal,f,67
NIF-CHI-SAN-12,Midnight Silk Japon,Con Filtro,Rubio,Normal,t,369
NIF-CHI-SAN-12,Gold Leaf Alemania,Sin Filtro,Rubio,Normal,f,426
NIF-CHI-SAN-13,Mountain Mist Japon,Sin Filtro,Rubio,Normal,t,474
NIF-CHI-SAN-13,Amber Haze Reino,Con Filtro,Negro,Normal,t,407
NIF-CHI-SAN-13,Highland Peak Argentina,Con Filtro,Rubio,Normal,f,445
NIF-CHI-SAN-13,Midnight Silk Reino,Con Filtro,Negro,UltraLight,f,301
NIF-CHI-SAN-13,Ocean Breeze Chile,Con Filtro,Negro,Normal,t,228
NIF-CHI-SAN-13,Amber Haze Reino,Sin Filtro,Rubio,Normal,t,212
NIF-CHI-SAN-13,Mountain Mist Reino,Con Filtro,Negro,SuperLight,f,251
NIF-CHI-SAN-13,Ocean Breeze Japon,Con Filtro,Rubio,Normal,t,227
NIF-CHI-SAN-13,Mountain Mist Chile,Sin Filtro,Rubio,Normal,t,182
NIF-CHI-SAN-13,Pure Essence Alemania,Sin Filtro,Rubio,Normal,f,197
NIF-CHI-SAN-13,Midnight Silk Alemania,Con Filtro,Negro,Normal,t,375
NIF-CHI-SAN-13,Gold Leaf Japon,Con Filtro,Rubio,Normal,t,314
NIF-CHI-SAN-13,Mountain Mist Chile,Sin Filtro,Rubio,Normal,f,94
NIF-CHI-SAN-13,Highland Peak Chile,Con Filtro,Negro,Normal,f,248
NIF-CHI-SAN-13,Highland Peak Reino,Con Filtro,Rubio,Normal,t,327
NIF-CHI-SAN-13,Gold Leaf Reino,Con Filtro,Negro,SuperLight,f,277
NIF-CHI-SAN-13,Silver Lining Chile,Con Filtro,Negro,Normal,t,325
NIF-CHI-SAN-13,Urban Classic Japon,Sin Filtro,Rubio,Normal,t,69
NIF-CHI-SAN-13,Silver Lining Japon,Sin Filtro,Rubio,Normal,f,302
NIF-CHI-SAN-13,Gold Leaf Alemania,Con Filtro,Negro,UltraLight,f,484
NIF-CHI-SAN-13,Urban Classic Argentina,Sin Filtro,Negro,Normal,f,362
NIF-CHI-SAN-13,Mountain Mist Chile,Con Filtro,Rubio,Normal,t,271
NIF-CHI-SAN-13,Mountain Mist Reino,Con Filtro,Rubio,SuperLight,f,282
NIF-CHI-SAN-13,Silver Lining Japon,Sin Filtro,Rubio,Normal,f,270
NIF-CHI-SAN-13,Amber Haze Chile,Sin Filtro,Rubio,Normal,f,405
NIF-CHI-SAN-13,Urban Classic Argentina,Con Filtro,Rubio,SuperLight,f,212
NIF-CHI-SAN-13,Ocean Breeze Chile,Con Filtro,Rubio,Normal,t,158
NIF-CHI-SAN-14,Gold Leaf Alemania,Sin Filtro,Rubio,Normal,f,439
NIF-CHI-SAN-14,Midnight Silk Chile,Con Filtro,Negro,Normal,t,202
NIF-CHI-SAN-14,Urban Classic Argentina,Con Filtro,Rubio,SuperLight,f,56
NIF-CHI-SAN-14,Gold Leaf Alemania,Sin Filtro,Negro,Normal,t,397
NIF-CHI-SAN-14,Silver Lining Alemania,Sin Filtro,Negro,Normal,t,451
NIF-CHI-SAN-14,Pure Essence Japon,Sin Filtro,Negro,Normal,t,183
NIF-CHI-SAN-14,Mountain Mist Reino,Con Filtro,Rubio,UltraLight,f,252
NIF-CHI-SAN-14,Amber Haze Argentina,Sin Filtro,Negro,Normal,t,178
NIF-CHI-SAN-14,Highland Peak Reino,Sin Filtro,Negro,Normal,t,450
NIF-CHI-SAN-14,Silver Lining Reino,Con Filtro,Negro,Normal,t,203
NIF-CHI-SAN-14,Royal Blend Argentina,Con Filtro,Rubio,Light,f,411
NIF-CHI-SAN-14,Amber Haze Japon,Con Filtro,Rubio,SuperLight,f,176
NIF-CHI-SAN-14,Gold Leaf Alemania,Sin Filtro,Negro,Normal,t,334
NIF-CHI-SAN-14,Gold Leaf Chile,Sin Filtro,Rubio,Normal,t,102
NIF-CHI-SAN-14,Amber Haze Chile,Con Filtro,Rubio,Normal,t,335
NIF-CHI-SAN-14,Gold Leaf Chile,Sin Filtro,Negro,Normal,f,409
NIF-CHI-SAN-14,Royal Blend Alemania,Sin Filtro,Rubio,Normal,t,184
NIF-CHI-SAN-15,Urban Classic Argentina,Sin Filtro,Negro,Normal,t,54
NIF-CHI-SAN-15,Gold Leaf Japon,Sin Filtro,Rubio,Normal,t,75
NIF-CHI-SAN-15,Urban Classic Alemania,Sin Filtro,Rubio,Normal,t,202
NIF-CHI-SAN-15,Highland Peak Argentina,Sin Filtro,Negro,Normal,f,469
NIF-CHI-SAN-15,Pure Essence Reino,Con Filtro,Rubio,Normal,f,305
NIF-CHI-SAN-15,Highland Peak Reino,Sin Filtro,Rubio,Normal,t,191
NIF-CHI-SAN-15,Royal Blend Japon,Sin Filtro,Negro,Normal,t,401
NIF-CHI-SAN-15,Amber Haze Alemania,Con Filtro,Negro,Normal,t,224
NIF-CHI-SAN-15,Amber Haze Reino,Sin Filtro,Rubio,Normal,t,111
NIF-CHI-SAN-15,Highland Peak Chile,Con Filtro,Negro,Normal,t,310
NIF-CHI-SAN-15,Mountain Mist Reino,Sin Filtro,Negro,Normal,t,131
NIF-CHI-SAN-15,Highland Peak Alemania,Con Filtro,Rubio,Normal,f,71
NIF-CHI-SAN-15,Silver Lining Reino,Con Filtro,Rubio,UltraLight,f,239
NIF-CHI-SAN-15,Gold Leaf Reino,Sin Filtro,Rubio,Normal,f,363
NIF-CHI-SAN-15,Gold Leaf Alemania,Con Filtro,Rubio,Normal,t,447
NIF-CHI-SAN-15,Royal Blend Argentina,Sin Filtro,Negro,Normal,f,121
NIF-CHI-SAN-15,Mountain Mist Argentina,Sin Filtro,Negro,Normal,t,312
NIF-CHI-SAN-15,Amber Haze Japon,Con Filtro,Rubio,Normal,t,83
NIF-CHI-SAN-15,Royal Blend Reino,Con Filtro,Negro,Normal,t,86
NIF-CHI-SAN-15,Pure Essence Alemania,Sin Filtro,Rubio,Normal,t,227
NIF-CHI-SAN-15,Ocean Breeze Chile,Sin Filtro,Rubio,Normal,f,403
NIF-CHI-SAN-15,Royal Blend Alemania,Con Filtro,Rubio,Normal,t,340
NIF-CHI-PUE-1,Highland Peak Reino,Sin Filtro,Rubio,Normal,t,399
NIF-CHI-PUE-1,Royal Blend Alemania,Con Filtro,Negro,Light,f,290
NIF-CHI-PUE-1,Amber Haze Alemania,Sin Filtro,Rubio,Normal,f,329
NIF-CHI-PUE-1,Silver Lining Reino,Sin Filtro,Negro,Normal,f,450
NIF-CHI-PUE-1,Mountain Mist Chile,Sin Filtro,Rubio,Normal,t,195
NIF-CHI-PUE-1,Highland Peak Alemania,Sin Filtro,Negro,Normal,t,99
NIF-CHI-PUE-1,Urban Classic Argentina,Con Filtro,Negro,Normal,f,425
NIF-CHI-PUE-1,Urban Classic Chile,Con Filtro,Negro,UltraLight,f,436
NIF-CHI-PUE-1,Ocean Breeze Alemania,Con Filtro,Rubio,Normal,t,216
NIF-CHI-PUE-1,Pure Essence Japon,Sin Filtro,Rubio,Normal,t,87
NIF-CHI-PUE-1,Highland Peak Reino,Con Filtro,Rubio,Normal,t,489
NIF-CHI-PUE-1,Gold Leaf Argentina,Con Filtro,Rubio,Light,f,410
NIF-CHI-PUE-1,Midnight Silk Alemania,Sin Filtro,Rubio,Normal,f,368
NIF-CHI-PUE-1,Mountain Mist Japon,Con Filtro,Rubio,Normal,t,379
NIF-CHI-PUE-1,Mountain Mist Reino,Con Filtro,Rubio,SuperLight,f,232
NIF-CHI-PUE-1,Royal Blend Argentina,Sin Filtro,Negro,Normal,f,406
NIF-CHI-PUE-1,Pure Essence Argentina,Con Filtro,Rubio,Normal,t,406
NIF-CHI-PUE-1,Pure Essence Argentina,Sin Filtro,Negro,Normal,t,83
NIF-CHI-PUE-1,Highland Peak Alemania,Sin Filtro,Negro,Normal,t,212
NIF-CHI-PUE-1,Ocean Breeze Argentina,Con Filtro,Rubio,Normal,t,260
NIF-CHI-PUE-1,Royal Blend Argentina,Sin Filtro,Negro,Normal,f,253
NIF-CHI-PUE-1,Pure Essence Reino,Con Filtro,Negro,Normal,t,88
NIF-CHI-PUE-1,Mountain Mist Japon,Con Filtro,Negro,Normal,t,423
NIF-CHI-PUE-1,Ocean Breeze Japon,Sin Filtro,Negro,Normal,t,379
NIF-CHI-PUE-1,Gold Leaf Chile,Sin Filtro,Negro,Normal,t,275
NIF-CHI-PUE-1,Urban Classic Chile,Sin Filtro,Rubio,Normal,f,382
NIF-CHI-PUE-1,Silver Lining Japon,Sin Filtro,Rubio,Normal,f,280
NIF-CHI-PUE-1,Mountain Mist Reino,Sin Filtro,Rubio,Normal,f,239
NIF-CHI-PUE-1,Royal Blend Japon,Sin Filtro,Rubio,Normal,t,329
NIF-CHI-PUE-2,Pure Essence Alemania,Sin Filtro,Rubio,Normal,t,79
NIF-CHI-PUE-2,Gold Leaf Argentina,Sin Filtro,Rubio,Normal,f,144
NIF-CHI-PUE-2,Royal Blend Japon,Con Filtro,Negro,Normal,t,158
NIF-CHI-PUE-2,Urban Classic Chile,Con Filtro,Negro,Normal,t,66
NIF-CHI-PUE-2,Urban Classic Argentina,Con Filtro,Negro,Normal,f,308
NIF-CHI-PUE-2,Amber Haze Argentina,Sin Filtro,Rubio,Normal,t,116
NIF-CHI-PUE-2,Amber Haze Argentina,Con Filtro,Rubio,Normal,t,392
NIF-CHI-PUE-2,Pure Essence Chile,Sin Filtro,Negro,Normal,f,468
NIF-CHI-PUE-2,Highland Peak Chile,Con Filtro,Rubio,Normal,f,53
NIF-CHI-PUE-2,Silver Lining Reino,Con Filtro,Negro,UltraLight,f,303
NIF-CHI-PUE-2,Amber Haze Chile,Sin Filtro,Rubio,Normal,f,300
NIF-CHI-PUE-2,Highland Peak Japon,Sin Filtro,Negro,Normal,t,123
NIF-CHI-PUE-2,Highland Peak Japon,Sin Filtro,Rubio,Normal,t,337
NIF-CHI-PUE-2,Gold Leaf Argentina,Con Filtro,Negro,Normal,t,279
NIF-CHI-PUE-2,Pure Essence Chile,Sin Filtro,Negro,Normal,f,328
NIF-CHI-PUE-2,Midnight Silk Reino,Sin Filtro,Rubio,Normal,t,265
NIF-CHI-PUE-2,Urban Classic Reino,Con Filtro,Negro,Normal,t,376
NIF-CHI-PUE-2,Ocean Breeze Chile,Con Filtro,Rubio,UltraLight,f,220
NIF-CHI-PUE-2,Amber Haze Japon,Con Filtro,Rubio,Normal,t,210
NIF-CHI-PUE-2,Amber Haze Japon,Sin Filtro,Rubio,Normal,f,165
NIF-CHI-PUE-2,Urban Classic Argentina,Sin Filtro,Rubio,Normal,t,352
NIF-CHI-PUE-2,Silver Lining Reino,Con Filtro,Rubio,UltraLight,f,410
NIF-CHI-PUE-2,Highland Peak Chile,Con Filtro,Negro,Light,f,166
NIF-CHI-PUE-2,Gold Leaf Chile,Sin Filtro,Rubio,Normal,t,249
NIF-CHI-PUE-2,Pure Essence Reino,Con Filtro,Rubio,Normal,f,370
NIF-CHI-PUE-3,Silver Lining Alemania,Sin Filtro,Negro,Normal,t,448
NIF-CHI-PUE-3,Ocean Breeze Chile,Con Filtro,Negro,Normal,f,163
NIF-CHI-PUE-3,Urban Classic Reino,Sin Filtro,Negro,Normal,f,280
NIF-CHI-PUE-3,Pure Essence Argentina,Sin Filtro,Rubio,Normal,t,290
NIF-CHI-PUE-3,Gold Leaf Chile,Sin Filtro,Negro,Normal,t,418
NIF-CHI-PUE-3,Silver Lining Japon,Con Filtro,Rubio,Normal,f,56
NIF-CHI-PUE-3,Midnight Silk Japon,Sin Filtro,Rubio,Normal,f,194
NIF-CHI-PUE-3,Mountain Mist Argentina,Con Filtro,Rubio,SuperLight,f,269
NIF-CHI-PUE-3,Highland Peak Chile,Con Filtro,Negro,Normal,t,439
NIF-CHI-PUE-3,Highland Peak Chile,Sin Filtro,Negro,Normal,t,366
NIF-CHI-PUE-4,Pure Essence Alemania,Sin Filtro,Rubio,Normal,t,370
NIF-CHI-PUE-4,Midnight Silk Reino,Sin Filtro,Negro,Normal,f,350
NIF-CHI-PUE-4,Amber Haze Chile,Sin Filtro,Rubio,Normal,t,420
NIF-CHI-PUE-4,Highland Peak Argentina,Sin Filtro,Rubio,Normal,f,482
NIF-CHI-PUE-4,Pure Essence Argentina,Sin Filtro,Rubio,Normal,t,76
NIF-CHI-PUE-4,Midnight Silk Argentina,Sin Filtro,Rubio,Normal,t,148
NIF-CHI-PUE-4,Pure Essence Reino,Con Filtro,Negro,Normal,f,300
NIF-CHI-PUE-4,Mountain Mist Alemania,Sin Filtro,Rubio,Normal,t,487
NIF-CHI-PUE-4,Pure Essence Alemania,Sin Filtro,Rubio,Normal,t,363
NIF-CHI-PUE-4,Silver Lining Chile,Con Filtro,Negro,Normal,t,474
NIF-CHI-PUE-4,Mountain Mist Chile,Sin Filtro,Rubio,Normal,t,152
NIF-CHI-PUE-4,Highland Peak Reino,Sin Filtro,Negro,Normal,t,80
NIF-CHI-PUE-4,Gold Leaf Chile,Sin Filtro,Negro,Normal,t,481
NIF-CHI-PUE-4,Ocean Breeze Japon,Sin Filtro,Rubio,Normal,t,270
NIF-CHI-PUE-4,Royal Blend Japon,Sin Filtro,Rubio,Normal,t,172
NIF-CHI-PUE-4,Gold Leaf Japon,Con Filtro,Negro,SuperLight,f,142
NIF-CHI-PUE-4,Silver Lining Chile,Con Filtro,Rubio,Light,f,414
NIF-CHI-PUE-4,Pure Essence Argentina,Con Filtro,Rubio,SuperLight,f,174
NIF-CHI-PUE-4,Ocean Breeze Alemania,Sin Filtro,Negro,Normal,t,137
NIF-CHI-PUE-4,Mountain Mist Japon,Con Filtro,Negro,Normal,t,346
NIF-CHI-PUE-4,Silver Lining Argentina,Con Filtro,Negro,Normal,t,309
NIF-CHI-PUE-4,Mountain Mist Chile,Sin Filtro,Rubio,Normal,f,383
NIF-CHI-PUE-4,Highland Peak Reino,Con Filtro,Rubio,Normal,t,67
NIF-CHI-PUE-4,Amber Haze Reino,Sin Filtro,Rubio,Normal,t,204
NIF-CHI-PUE-4,Mountain Mist Chile,Sin Filtro,Rubio,Normal,f,476
NIF-CHI-PUE-4,Silver Lining Japon,Con Filtro,Rubio,Normal,f,237
NIF-CHI-PUE-4,Royal Blend Chile,Con Filtro,Rubio,Normal,t,212
NIF-CHI-PUE-4,Amber Haze Reino,Con Filtro,Negro,Normal,t,301
NIF-CHI-PUE-4,Amber Haze Chile,Sin Filtro,Rubio,Normal,f,443
NIF-CHI-PUE-4,Royal Blend Chile,Sin Filtro,Negro,Normal,f,378
NIF-CHI-PUE-5,Urban Classic Argentina,Sin Filtro,Negro,Normal,f,386
NIF-CHI-PUE-5,Royal Blend Argentina,Con Filtro,Negro,Normal,t,293
NIF-CHI-PUE-5,Royal Blend Reino,Con Filtro,Rubio,Normal,t,277
NIF-CHI-PUE-5,Amber Haze Alemania,Sin Filtro,Negro,Normal,t,92
NIF-CHI-PUE-5,Highland Peak Japon,Sin Filtro,Rubio,Normal,f,266
NIF-CHI-PUE-5,Pure Essence Chile,Con Filtro,Negro,SuperLight,f,218
NIF-CHI-PUE-5,Gold Leaf Alemania,Sin Filtro,Rubio,Normal,f,401
NIF-CHI-PUE-5,Pure Essence Chile,Con Filtro,Rubio,Normal,t,405
NIF-CHI-PUE-5,Royal Blend Alemania,Con Filtro,Negro,Normal,t,449
NIF-CHI-PUE-5,Gold Leaf Japon,Sin Filtro,Rubio,Normal,t,370
NIF-CHI-PUE-5,Pure Essence Japon,Sin Filtro,Rubio,Normal,t,279
NIF-CHI-PUE-5,Amber Haze Alemania,Con Filtro,Negro,Normal,f,186
NIF-CHI-PUE-5,Mountain Mist Chile,Sin Filtro,Rubio,Normal,t,179
NIF-CHI-PUE-5,Highland Peak Japon,Sin Filtro,Rubio,Normal,t,273
NIF-CHI-PUE-5,Mountain Mist Japon,Con Filtro,Negro,Normal,t,121
NIF-CHI-PUE-5,Royal Blend Alemania,Sin Filtro,Rubio,Normal,f,60
NIF-CHI-PUE-5,Royal Blend Reino,Con Filtro,Negro,Normal,f,287
NIF-CHI-PUE-5,Royal Blend Argentina,Sin Filtro,Negro,Normal,f,123
NIF-CHI-PUE-5,Mountain Mist Alemania,Sin Filtro,Negro,Normal,t,307
NIF-CHI-PUE-5,Urban Classic Reino,Con Filtro,Negro,Normal,t,161
NIF-CHI-PUE-5,Pure Essence Chile,Sin Filtro,Negro,Normal,f,241
NIF-CHI-PUE-5,Urban Classic Japon,Con Filtro,Rubio,Normal,t,178
NIF-CHI-PUE-5,Mountain Mist Reino,Sin Filtro,Negro,Normal,f,383
NIF-CHI-PUE-5,Amber Haze Argentina,Sin Filtro,Negro,Normal,t,494
NIF-CHI-PUE-5,Ocean Breeze Reino,Sin Filtro,Negro,Normal,t,298
NIF-CHI-PUE-5,Pure Essence Argentina,Sin Filtro,Rubio,Normal,t,78
NIF-CHI-PUE-6,Urban Classic Alemania,Sin Filtro,Rubio,Normal,t,331
NIF-CHI-PUE-6,Mountain Mist Alemania,Sin Filtro,Negro,Normal,f,149
NIF-CHI-PUE-6,Mountain Mist Chile,Sin Filtro,Rubio,Normal,f,85
NIF-CHI-PUE-6,Ocean Breeze Argentina,Con Filtro,Rubio,Normal,t,277
NIF-CHI-PUE-6,Royal Blend Reino,Sin Filtro,Rubio,Normal,f,373
NIF-CHI-PUE-6,Silver Lining Argentina,Sin Filtro,Rubio,Normal,f,338
NIF-CHI-PUE-6,Ocean Breeze Chile,Sin Filtro,Negro,Normal,f,282
NIF-CHI-PUE-6,Ocean Breeze Reino,Sin Filtro,Negro,Normal,t,104
NIF-CHI-PUE-6,Gold Leaf Argentina,Sin Filtro,Rubio,Normal,t,261
NIF-CHI-PUE-6,Midnight Silk Chile,Con Filtro,Negro,UltraLight,f,178
NIF-CHI-PUE-6,Gold Leaf Japon,Con Filtro,Rubio,Normal,f,408
NIF-CHI-PUE-6,Amber Haze Alemania,Sin Filtro,Rubio,Normal,f,285
NIF-CHI-PUE-6,Pure Essence Chile,Sin Filtro,Negro,Normal,f,208
NIF-CHI-PUE-6,Silver Lining Alemania,Sin Filtro,Negro,Normal,t,358
NIF-CHI-PUE-6,Pure Essence Reino,Sin Filtro,Rubio,Normal,f,386
NIF-CHI-PUE-6,Amber Haze Japon,Sin Filtro,Rubio,Normal,f,424
NIF-CHI-PUE-6,Mountain Mist Alemania,Sin Filtro,Negro,Normal,t,421
NIF-CHI-PUE-6,Amber Haze Alemania,Sin Filtro,Rubio,Normal,t,306
NIF-CHI-PUE-6,Urban Classic Reino,Sin Filtro,Negro,Normal,f,267
NIF-CHI-PUE-6,Royal Blend Reino,Con Filtro,Rubio,Normal,t,213
NIF-CHI-PUE-6,Royal Blend Japon,Sin Filtro,Negro,Normal,t,330
NIF-CHI-PUE-6,Silver Lining Alemania,Sin Filtro,Negro,Normal,f,249
NIF-CHI-PUE-6,Midnight Silk Chile,Con Filtro,Negro,Normal,t,80
NIF-CHI-PUE-6,Royal Blend Chile,Sin Filtro,Negro,Normal,f,203
NIF-CHI-PUE-6,Highland Peak Reino,Sin Filtro,Negro,Normal,t,285
NIF-CHI-PUE-6,Ocean Breeze Alemania,Con Filtro,Negro,SuperLight,f,114
NIF-CHI-PUE-6,Gold Leaf Alemania,Con Filtro,Rubio,Normal,t,392
NIF-CHI-PUE-6,Mountain Mist Reino,Con Filtro,Negro,SuperLight,f,204
NIF-CHI-PUE-6,Pure Essence Alemania,Sin Filtro,Rubio,Normal,t,178
NIF-CHI-PUE-7,Amber Haze Chile,Sin Filtro,Rubio,Normal,t,126
NIF-CHI-PUE-7,Silver Lining Argentina,Con Filtro,Negro,Normal,t,186
NIF-CHI-PUE-7,Silver Lining Argentina,Con Filtro,Rubio,Normal,f,283
NIF-CHI-PUE-7,Silver Lining Japon,Con Filtro,Rubio,Normal,f,207
NIF-CHI-PUE-7,Midnight Silk Chile,Con Filtro,Negro,Normal,f,482
NIF-CHI-PUE-7,Silver Lining Argentina,Sin Filtro,Negro,Normal,t,303
NIF-CHI-PUE-7,Ocean Breeze Chile,Sin Filtro,Rubio,Normal,f,407
NIF-CHI-PUE-7,Silver Lining Japon,Sin Filtro,Rubio,Normal,f,187
NIF-CHI-PUE-7,Ocean Breeze Alemania,Con Filtro,Negro,UltraLight,f,322
NIF-CHI-PUE-7,Ocean Breeze Japon,Sin Filtro,Negro,Normal,t,90
NIF-CHI-PUE-7,Ocean Breeze Chile,Sin Filtro,Negro,Normal,f,215
NIF-CHI-PUE-7,Silver Lining Japon,Sin Filtro,Rubio,Normal,f,123
NIF-CHI-PUE-7,Mountain Mist Japon,Sin Filtro,Rubio,Normal,f,469
NIF-CHI-PUE-7,Amber Haze Argentina,Sin Filtro,Negro,Normal,t,359
NIF-CHI-PUE-7,Highland Peak Alemania,Con Filtro,Negro,Normal,f,361
NIF-CHI-PUE-7,Gold Leaf Alemania,Sin Filtro,Negro,Normal,t,302
NIF-CHI-PUE-7,Royal Blend Reino,Con Filtro,Negro,Normal,t,189
NIF-CHI-PUE-7,Silver Lining Reino,Sin Filtro,Negro,Normal,f,201
NIF-CHI-PUE-7,Amber Haze Japon,Con Filtro,Rubio,SuperLight,f,421
NIF-CHI-PUE-7,Pure Essence Argentina,Sin Filtro,Rubio,Normal,t,177
NIF-CHI-PUE-7,Pure Essence Chile,Con Filtro,Negro,Normal,t,329
NIF-CHI-PUE-7,Urban Classic Argentina,Sin Filtro,Rubio,Normal,t,456
NIF-CHI-PUE-7,Amber Haze Argentina,Sin Filtro,Rubio,Normal,t,429
NIF-CHI-PUE-7,Ocean Breeze Japon,Con Filtro,Rubio,Normal,f,403
NIF-CHI-PUE-7,Amber Haze Alemania,Sin Filtro,Rubio,Normal,f,82
NIF-CHI-PUE-7,Royal Blend Reino,Con Filtro,Rubio,Normal,t,314
NIF-CHI-PUE-7,Mountain Mist Japon,Con Filtro,Rubio,Normal,t,320
NIF-CHI-PUE-7,Gold Leaf Japon,Con Filtro,Rubio,Normal,f,185
NIF-CHI-PUE-7,Highland Peak Japon,Sin Filtro,Rubio,Normal,f,471
NIF-CHI-PUE-7,Highland Peak Reino,Sin Filtro,Rubio,Normal,t,209
NIF-CHI-PUE-8,Mountain Mist Chile,Sin Filtro,Rubio,Normal,f,61
NIF-CHI-PUE-8,Pure Essence Reino,Con Filtro,Negro,Normal,f,457
NIF-CHI-PUE-8,Pure Essence Argentina,Sin Filtro,Rubio,Normal,t,468
NIF-CHI-PUE-8,Amber Haze Japon,Con Filtro,Rubio,Light,f,331
NIF-CHI-PUE-8,Amber Haze Reino,Con Filtro,Rubio,Normal,t,89
NIF-CHI-PUE-8,Royal Blend Chile,Sin Filtro,Negro,Normal,f,472
NIF-CHI-PUE-8,Urban Classic Reino,Con Filtro,Rubio,Normal,t,104
NIF-CHI-PUE-8,Mountain Mist Reino,Sin Filtro,Negro,Normal,f,457
NIF-CHI-PUE-8,Mountain Mist Japon,Con Filtro,Negro,Normal,t,86
NIF-CHI-PUE-8,Amber Haze Alemania,Con Filtro,Rubio,Normal,t,115
NIF-CHI-PUE-8,Mountain Mist Alemania,Sin Filtro,Rubio,Normal,f,328
NIF-CHI-PUE-8,Ocean Breeze Japon,Sin Filtro,Negro,Normal,f,380
NIF-CHI-PUE-8,Amber Haze Reino,Sin Filtro,Rubio,Normal,t,350
NIF-CHI-PUE-8,Pure Essence Japon,Sin Filtro,Rubio,Normal,t,159
NIF-CHI-PUE-8,Royal Blend Argentina,Con Filtro,Rubio,UltraLight,f,253
NIF-CHI-PUE-8,Gold Leaf Alemania,Sin Filtro,Rubio,Normal,f,360
NIF-CHI-PUE-8,Amber Haze Argentina,Con Filtro,Negro,Normal,t,327
NIF-CHI-PUE-8,Pure Essence Argentina,Con Filtro,Rubio,Normal,t,466
NIF-CHI-PUE-8,Silver Lining Argentina,Con Filtro,Rubio,Normal,f,258
NIF-CHI-PUE-8,Urban Classic Reino,Con Filtro,Rubio,Normal,t,238
NIF-CHI-PUE-8,Royal Blend Alemania,Sin Filtro,Rubio,Normal,t,138
NIF-CHI-PUE-9,Amber Haze Japon,Sin Filtro,Rubio,Normal,f,206
NIF-CHI-PUE-9,Silver Lining Chile,Con Filtro,Negro,SuperLight,f,211
NIF-CHI-PUE-9,Highland Peak Reino,Con Filtro,Negro,SuperLight,f,165
NIF-CHI-PUE-9,Midnight Silk Japon,Sin Filtro,Rubio,Normal,f,160
NIF-CHI-PUE-9,Royal Blend Chile,Sin Filtro,Negro,Normal,t,282
NIF-CHI-PUE-9,Urban Classic Alemania,Con Filtro,Rubio,Normal,t,382
NIF-CHI-PUE-9,Gold Leaf Japon,Sin Filtro,Negro,Normal,t,343
NIF-CHI-PUE-9,Midnight Silk Alemania,Sin Filtro,Rubio,Normal,f,400
NIF-CHI-PUE-9,Mountain Mist Japon,Con Filtro,Negro,Normal,t,445
NIF-CHI-PUE-9,Highland Peak Argentina,Sin Filtro,Negro,Normal,f,348
NIF-CHI-PUE-9,Ocean Breeze Alemania,Sin Filtro,Rubio,Normal,t,64
NIF-CHI-PUE-9,Gold Leaf Japon,Sin Filtro,Rubio,Normal,t,300
NIF-CHI-PUE-9,Urban Classic Argentina,Con Filtro,Rubio,Normal,t,260
NIF-CHI-PUE-9,Urban Classic Japon,Sin Filtro,Rubio,Normal,t,205
NIF-CHI-PUE-9,Ocean Breeze Alemania,Con Filtro,Negro,SuperLight,f,248
NIF-CHI-PUE-9,Ocean Breeze Chile,Con Filtro,Rubio,UltraLight,f,206
NIF-CHI-PUE-9,Midnight Silk Argentina,Sin Filtro,Negro,Normal,t,299
NIF-CHI-PUE-10,Silver Lining Reino,Sin Filtro,Rubio,Normal,t,116
NIF-CHI-PUE-10,Silver Lining Japon,Con Filtro,Negro,UltraLight,f,475
NIF-CHI-PUE-10,Gold Leaf Reino,Con Filtro,Rubio,Normal,f,186
NIF-CHI-PUE-10,Mountain Mist Chile,Sin Filtro,Rubio,Normal,t,174
NIF-CHI-PUE-10,Midnight Silk Alemania,Sin Filtro,Rubio,Normal,t,124
NIF-CHI-PUE-10,Silver Lining Argentina,Con Filtro,Negro,Normal,t,231
NIF-CHI-PUE-10,Pure Essence Argentina,Con Filtro,Rubio,Normal,t,59
NIF-CHI-PUE-10,Highland Peak Chile,Con Filtro,Negro,Normal,t,349
NIF-CHI-PUE-10,Royal Blend Argentina,Con Filtro,Rubio,Light,f,182
NIF-CHI-PUE-10,Silver Lining Reino,Con Filtro,Negro,SuperLight,f,329
NIF-CHI-PUE-10,Midnight Silk Chile,Con Filtro,Rubio,Normal,t,110
NIF-CHI-PUE-10,Gold Leaf Chile,Sin Filtro,Negro,Normal,f,390
NIF-CHI-PUE-10,Urban Classic Reino,Con Filtro,Negro,Normal,t,70
NIF-CHI-PUE-10,Highland Peak Reino,Con Filtro,Rubio,Normal,t,138
NIF-CHI-PUE-10,Mountain Mist Japon,Con Filtro,Negro,Normal,t,219
NIF-CHI-PUE-10,Pure Essence Japon,Sin Filtro,Rubio,Normal,t,247
NIF-CHI-PUE-10,Amber Haze Chile,Con Filtro,Rubio,SuperLight,f,156
NIF-CHI-PUE-10,Highland Peak Reino,Con Filtro,Rubio,Normal,t,159
NIF-CHI-PUE-11,Silver Lining Reino,Con Filtro,Negro,SuperLight,f,334
NIF-CHI-PUE-11,Gold Leaf Chile,Sin Filtro,Rubio,Normal,t,266
NIF-CHI-PUE-11,Urban Classic Chile,Sin Filtro,Negro,Normal,t,336
NIF-CHI-PUE-11,Highland Peak Alemania,Con Filtro,Rubio,UltraLight,f,181
NIF-CHI-PUE-11,Silver Lining Reino,Con Filtro,Negro,UltraLight,f,456
NIF-CHI-PUE-11,Midnight Silk Reino,Sin Filtro,Rubio,Normal,t,252
NIF-CHI-PUE-11,Silver Lining Alemania,Con Filtro,Negro,Normal,t,217
NIF-CHI-PUE-11,Silver Lining Argentina,Con Filtro,Rubio,Normal,t,357
NIF-CHI-PUE-11,Mountain Mist Chile,Sin Filtro,Rubio,Normal,f,372
NIF-CHI-PUE-11,Highland Peak Reino,Sin Filtro,Rubio,Normal,t,138
NIF-CHI-PUE-11,Mountain Mist Argentina,Con Filtro,Rubio,Normal,t,332
NIF-CHI-PUE-11,Midnight Silk Chile,Sin Filtro,Rubio,Normal,f,365
NIF-CHI-PUE-11,Highland Peak Reino,Sin Filtro,Negro,Normal,f,236
NIF-CHI-PUE-12,Pure Essence Chile,Con Filtro,Negro,SuperLight,f,98
NIF-CHI-PUE-12,Royal Blend Chile,Con Filtro,Negro,Normal,t,145
NIF-CHI-PUE-12,Pure Essence Chile,Sin Filtro,Negro,Normal,f,334
NIF-CHI-PUE-12,Amber Haze Argentina,Con Filtro,Rubio,Normal,t,446
NIF-CHI-PUE-12,Highland Peak Argentina,Con Filtro,Negro,Normal,f,456
NIF-CHI-PUE-12,Highland Peak Reino,Sin Filtro,Negro,Normal,t,53
NIF-CHI-PUE-12,Pure Essence Chile,Con Filtro,Negro,Normal,t,350
NIF-CHI-PUE-12,Mountain Mist Alemania,Sin Filtro,Negro,Normal,f,311
NIF-CHI-PUE-12,Gold Leaf Argentina,Sin Filtro,Negro,Normal,f,431
NIF-CHI-PUE-12,Highland Peak Chile,Con Filtro,Negro,Normal,t,452
NIF-CHI-PUE-12,Urban Classic Reino,Con Filtro,Rubio,Normal,f,403
NIF-CHI-PUE-12,Ocean Breeze Argentina,Sin Filtro,Rubio,Normal,f,381
NIF-CHI-PUE-12,Gold Leaf Reino,Sin Filtro,Rubio,Normal,f,319
NIF-CHI-PUE-12,Urban Classic Reino,Con Filtro,Rubio,Normal,t,429
NIF-CHI-PUE-12,Royal Blend Alemania,Sin Filtro,Negro,Normal,t,244
NIF-CHI-PUE-12,Gold Leaf Argentina,Sin Filtro,Negro,Normal,t,327
NIF-CHI-PUE-12,Ocean Breeze Alemania,Con Filtro,Rubio,Light,f,169
NIF-CHI-PUE-12,Royal Blend Chile,Con Filtro,Rubio,Normal,t,243
NIF-CHI-PUE-12,Midnight Silk Japon,Sin Filtro,Negro,Normal,f,144
NIF-CHI-PUE-12,Ocean Breeze Argentina,Con Filtro,Rubio,Normal,t,131
NIF-CHI-PUE-12,Silver Lining Reino,Con Filtro,Negro,Normal,t,142
NIF-CHI-PUE-12,Urban Classic Reino,Sin Filtro,Negro,Normal,t,234
NIF-CHI-PUE-12,Highland Peak Chile,Con Filtro,Negro,Normal,f,250
NIF-CHI-PUE-12,Mountain Mist Reino,Sin Filtro,Negro,Normal,t,177
NIF-CHI-PUE-12,Ocean Breeze Chile,Sin Filtro,Negro,Normal,f,232
NIF-CHI-PUE-12,Pure Essence Chile,Con Filtro,Negro,Normal,t,120
NIF-CHI-PUE-13,Mountain Mist Reino,Con Filtro,Rubio,Light,f,220
NIF-CHI-PUE-13,Ocean Breeze Argentina,Con Filtro,Rubio,Normal,t,480
NIF-CHI-PUE-13,Urban Classic Argentina,Sin Filtro,Negro,Normal,f,313
NIF-CHI-PUE-13,Silver Lining Reino,Con Filtro,Negro,Normal,t,364
NIF-CHI-PUE-13,Amber Haze Chile,Con Filtro,Negro,Light,f,108
NIF-CHI-PUE-13,Midnight Silk Japon,Con Filtro,Negro,SuperLight,f,404
NIF-CHI-PUE-13,Mountain Mist Argentina,Sin Filtro,Negro,Normal,f,282
NIF-CHI-PUE-13,Silver Lining Argentina,Con Filtro,Negro,Light,f,247
NIF-CHI-PUE-13,Urban Classic Chile,Con Filtro,Negro,UltraLight,f,304
NIF-CHI-PUE-13,Ocean Breeze Argentina,Sin Filtro,Rubio,Normal,f,148
NIF-CHI-PUE-13,Royal Blend Reino,Con Filtro,Rubio,Normal,t,464
NIF-CHI-PUE-13,Mountain Mist Alemania,Sin Filtro,Rubio,Normal,f,479
NIF-CHI-PUE-13,Silver Lining Argentina,Con Filtro,Negro,Normal,t,167
NIF-CHI-PUE-13,Mountain Mist Japon,Con Filtro,Negro,Normal,t,326
NIF-CHI-PUE-13,Royal Blend Reino,Con Filtro,Negro,Normal,t,459
NIF-CHI-PUE-13,Gold Leaf Japon,Con Filtro,Rubio,Normal,t,312
NIF-CHI-PUE-13,Pure Essence Reino,Sin Filtro,Negro,Normal,f,462
NIF-CHI-PUE-13,Gold Leaf Alemania,Con Filtro,Negro,UltraLight,f,411
NIF-CHI-PUE-13,Gold Leaf Alemania,Con Filtro,Negro,Light,f,335
NIF-CHI-PUE-14,Gold Leaf Japon,Con Filtro,Rubio,Normal,t,398
NIF-CHI-PUE-14,Amber Haze Alemania,Sin Filtro,Rubio,Normal,f,291
NIF-CHI-PUE-14,Royal Blend Chile,Con Filtro,Rubio,UltraLight,f,122
NIF-CHI-PUE-14,Urban Classic Argentina,Sin Filtro,Negro,Normal,t,75
NIF-CHI-PUE-14,Silver Lining Reino,Con Filtro,Negro,UltraLight,f,186
NIF-CHI-PUE-14,Midnight Silk Chile,Con Filtro,Negro,Normal,f,418
NIF-CHI-PUE-14,Silver Lining Argentina,Sin Filtro,Rubio,Normal,f,320
NIF-CHI-PUE-14,Pure Essence Alemania,Sin Filtro,Rubio,Normal,t,470
NIF-CHI-PUE-14,Midnight Silk Argentina,Sin Filtro,Negro,Normal,f,320
NIF-CHI-PUE-14,Gold Leaf Alemania,Sin Filtro,Negro,Normal,t,265
NIF-CHI-PUE-14,Gold Leaf Chile,Sin Filtro,Negro,Normal,f,89
NIF-CHI-PUE-14,Gold Leaf Argentina,Sin Filtro,Negro,Normal,t,267
NIF-CHI-PUE-15,Mountain Mist Argentina,Con Filtro,Rubio,Normal,t,95
NIF-CHI-PUE-15,Urban Classic Alemania,Sin Filtro,Negro,Normal,f,219
NIF-CHI-PUE-15,Ocean Breeze Japon,Sin Filtro,Negro,Normal,t,320
NIF-CHI-PUE-15,Pure Essence Chile,Con Filtro,Negro,Normal,t,70
NIF-CHI-PUE-15,Mountain Mist Japon,Con Filtro,Rubio,Normal,t,198
NIF-CHI-PUE-15,Highland Peak Chile,Con Filtro,Negro,Normal,f,240
NIF-CHI-PUE-15,Pure Essence Japon,Con Filtro,Negro,UltraLight,f,186
NIF-CHI-PUE-15,Gold Leaf Argentina,Con Filtro,Rubio,Light,f,146
NIF-CHI-PUE-15,Ocean Breeze Alemania,Sin Filtro,Rubio,Normal,t,489
NIF-CHI-PUE-15,Highland Peak Japon,Sin Filtro,Rubio,Normal,f,206
NIF-CHI-PUE-15,Amber Haze Alemania,Con Filtro,Negro,Normal,t,206
NIF-CHI-MAI-1,Urban Classic Japon,Sin Filtro,Rubio,Normal,t,177
NIF-CHI-MAI-1,Midnight Silk Alemania,Sin Filtro,Rubio,Normal,f,235
NIF-CHI-MAI-1,Highland Peak Reino,Con Filtro,Negro,SuperLight,f,291
NIF-CHI-MAI-1,Silver Lining Argentina,Con Filtro,Rubio,Normal,t,479
NIF-CHI-MAI-1,Amber Haze Argentina,Con Filtro,Negro,SuperLight,f,433
NIF-CHI-MAI-1,Gold Leaf Argentina,Sin Filtro,Negro,Normal,t,398
NIF-CHI-MAI-1,Royal Blend Reino,Con Filtro,Negro,Normal,f,354
NIF-CHI-MAI-1,Highland Peak Argentina,Con Filtro,Negro,Normal,t,376
NIF-CHI-MAI-1,Gold Leaf Alemania,Con Filtro,Negro,UltraLight,f,446
NIF-CHI-MAI-1,Ocean Breeze Alemania,Con Filtro,Rubio,Light,f,283
NIF-CHI-MAI-1,Silver Lining Argentina,Con Filtro,Rubio,Normal,t,239
NIF-CHI-MAI-1,Amber Haze Reino,Con Filtro,Negro,Normal,t,69
NIF-CHI-MAI-2,Highland Peak Argentina,Sin Filtro,Negro,Normal,f,399
NIF-CHI-MAI-2,Urban Classic Argentina,Con Filtro,Rubio,Normal,t,377
NIF-CHI-MAI-2,Amber Haze Argentina,Con Filtro,Negro,Normal,t,285
NIF-CHI-MAI-2,Midnight Silk Alemania,Sin Filtro,Rubio,Normal,t,200
NIF-CHI-MAI-2,Amber Haze Chile,Sin Filtro,Rubio,Normal,f,282
NIF-CHI-MAI-2,Amber Haze Japon,Sin Filtro,Negro,Normal,t,491
NIF-CHI-MAI-2,Highland Peak Japon,Sin Filtro,Negro,Normal,t,92
NIF-CHI-MAI-2,Highland Peak Reino,Con Filtro,Rubio,Normal,t,433
NIF-CHI-MAI-2,Ocean Breeze Argentina,Con Filtro,Rubio,Light,f,230
NIF-CHI-MAI-2,Pure Essence Japon,Sin Filtro,Negro,Normal,f,320
NIF-CHI-MAI-2,Amber Haze Alemania,Sin Filtro,Negro,Normal,t,305
NIF-CHI-MAI-2,Silver Lining Argentina,Con Filtro,Negro,Normal,t,207
NIF-CHI-MAI-2,Gold Leaf Japon,Con Filtro,Rubio,Normal,t,107
NIF-CHI-MAI-2,Urban Classic Reino,Con Filtro,Negro,Normal,t,90
NIF-CHI-MAI-2,Silver Lining Alemania,Sin Filtro,Rubio,Normal,f,157
NIF-CHI-MAI-2,Urban Classic Alemania,Sin Filtro,Negro,Normal,f,446
NIF-CHI-MAI-2,Ocean Breeze Reino,Con Filtro,Rubio,Normal,f,182
NIF-CHI-MAI-2,Royal Blend Chile,Con Filtro,Rubio,Normal,t,188
NIF-CHI-MAI-2,Midnight Silk Chile,Con Filtro,Negro,UltraLight,f,419
NIF-CHI-MAI-2,Urban Classic Chile,Sin Filtro,Rubio,Normal,f,159
NIF-CHI-MAI-2,Amber Haze Alemania,Sin Filtro,Rubio,Normal,t,289
NIF-CHI-MAI-2,Royal Blend Argentina,Con Filtro,Negro,Normal,t,375
NIF-CHI-MAI-3,Royal Blend Chile,Con Filtro,Rubio,Normal,t,448
NIF-CHI-MAI-3,Royal Blend Argentina,Con Filtro,Negro,Normal,t,219
NIF-CHI-MAI-3,Highland Peak Alemania,Sin Filtro,Negro,Normal,t,308
NIF-CHI-MAI-3,Pure Essence Chile,Con Filtro,Rubio,SuperLight,f,154
NIF-CHI-MAI-3,Silver Lining Chile,Sin Filtro,Rubio,Normal,t,497
NIF-CHI-MAI-3,Ocean Breeze Chile,Sin Filtro,Negro,Normal,f,203
NIF-CHI-MAI-3,Royal Blend Japon,Sin Filtro,Rubio,Normal,t,382
NIF-CHI-MAI-3,Royal Blend Chile,Sin Filtro,Negro,Normal,t,232
NIF-CHI-MAI-3,Urban Classic Japon,Sin Filtro,Rubio,Normal,t,286
NIF-CHI-MAI-3,Royal Blend Reino,Sin Filtro,Rubio,Normal,t,407
NIF-CHI-MAI-3,Mountain Mist Argentina,Sin Filtro,Negro,Normal,t,381
NIF-CHI-MAI-3,Pure Essence Chile,Sin Filtro,Negro,Normal,f,431
NIF-CHI-MAI-4,Highland Peak Reino,Con Filtro,Rubio,Normal,t,220
NIF-CHI-MAI-4,Mountain Mist Alemania,Sin Filtro,Negro,Normal,f,328
NIF-CHI-MAI-4,Gold Leaf Reino,Con Filtro,Rubio,Normal,f,417
NIF-CHI-MAI-4,Urban Classic Argentina,Sin Filtro,Negro,Normal,t,222
NIF-CHI-MAI-4,Pure Essence Argentina,Con Filtro,Rubio,Normal,t,397
NIF-CHI-MAI-4,Mountain Mist Argentina,Con Filtro,Negro,Light,f,163
NIF-CHI-MAI-4,Mountain Mist Reino,Con Filtro,Rubio,SuperLight,f,147
NIF-CHI-MAI-4,Midnight Silk Chile,Con Filtro,Negro,Normal,t,390
NIF-CHI-MAI-4,Pure Essence Chile,Con Filtro,Negro,Normal,t,211
NIF-CHI-MAI-4,Silver Lining Japon,Sin Filtro,Rubio,Normal,f,190
NIF-CHI-MAI-4,Amber Haze Japon,Sin Filtro,Rubio,Normal,f,257
NIF-CHI-MAI-4,Royal Blend Reino,Con Filtro,Rubio,Normal,t,90
NIF-CHI-MAI-4,Silver Lining Chile,Con Filtro,Rubio,Normal,t,219
NIF-CHI-MAI-4,Highland Peak Reino,Sin Filtro,Rubio,Normal,t,336
NIF-CHI-MAI-4,Midnight Silk Argentina,Sin Filtro,Negro,Normal,f,427
NIF-CHI-MAI-4,Pure Essence Argentina,Con Filtro,Rubio,Normal,t,433
NIF-CHI-MAI-4,Pure Essence Japon,Sin Filtro,Negro,Normal,t,61
NIF-CHI-MAI-4,Royal Blend Japon,Sin Filtro,Rubio,Normal,t,230
NIF-CHI-MAI-4,Highland Peak Chile,Con Filtro,Negro,Normal,t,344
NIF-CHI-MAI-4,Silver Lining Alemania,Sin Filtro,Negro,Normal,f,271
NIF-CHI-MAI-4,Gold Leaf Chile,Con Filtro,Rubio,Normal,t,283
NIF-CHI-MAI-4,Mountain Mist Reino,Sin Filtro,Negro,Normal,f,138
NIF-CHI-MAI-4,Gold Leaf Reino,Con Filtro,Negro,SuperLight,f,281
NIF-CHI-MAI-5,Royal Blend Japon,Con Filtro,Negro,Normal,t,376
NIF-CHI-MAI-5,Ocean Breeze Reino,Sin Filtro,Negro,Normal,f,376
NIF-CHI-MAI-5,Amber Haze Argentina,Con Filtro,Negro,SuperLight,f,240
NIF-CHI-MAI-5,Mountain Mist Argentina,Sin Filtro,Rubio,Normal,t,261
NIF-CHI-MAI-5,Amber Haze Japon,Sin Filtro,Negro,Normal,t,377
NIF-CHI-MAI-5,Urban Classic Reino,Con Filtro,Negro,Normal,t,305
NIF-CHI-MAI-5,Pure Essence Reino,Sin Filtro,Rubio,Normal,t,490
NIF-CHI-MAI-5,Midnight Silk Alemania,Con Filtro,Negro,Normal,t,271
NIF-CHI-MAI-5,Highland Peak Alemania,Sin Filtro,Rubio,Normal,t,263
NIF-CHI-MAI-5,Midnight Silk Reino,Con Filtro,Negro,UltraLight,f,367
NIF-CHI-MAI-5,Royal Blend Chile,Sin Filtro,Negro,Normal,f,334
NIF-CHI-MAI-5,Royal Blend Japon,Con Filtro,Rubio,SuperLight,f,304
NIF-CHI-MAI-6,Urban Classic Chile,Sin Filtro,Negro,Normal,t,396
NIF-CHI-MAI-6,Highland Peak Chile,Sin Filtro,Rubio,Normal,f,283
NIF-CHI-MAI-6,Highland Peak Alemania,Sin Filtro,Negro,Normal,t,182
NIF-CHI-MAI-6,Urban Classic Argentina,Sin Filtro,Negro,Normal,f,483
NIF-CHI-MAI-6,Amber Haze Argentina,Sin Filtro,Rubio,Normal,t,319
NIF-CHI-MAI-6,Royal Blend Chile,Con Filtro,Rubio,SuperLight,f,234
NIF-CHI-MAI-6,Urban Classic Alemania,Sin Filtro,Negro,Normal,f,229
NIF-CHI-MAI-6,Ocean Breeze Chile,Con Filtro,Rubio,Normal,t,338
NIF-CHI-MAI-6,Mountain Mist Argentina,Sin Filtro,Negro,Normal,t,387
NIF-CHI-MAI-6,Midnight Silk Japon,Con Filtro,Negro,UltraLight,f,442
NIF-CHI-MAI-6,Pure Essence Alemania,Sin Filtro,Rubio,Normal,t,203
NIF-CHI-MAI-6,Mountain Mist Alemania,Con Filtro,Negro,Normal,t,99
NIF-CHI-MAI-6,Amber Haze Reino,Sin Filtro,Rubio,Normal,t,198
NIF-CHI-MAI-6,Royal Blend Argentina,Sin Filtro,Negro,Normal,f,293
NIF-CHI-MAI-6,Silver Lining Alemania,Sin Filtro,Rubio,Normal,f,263
NIF-CHI-MAI-6,Urban Classic Reino,Sin Filtro,Negro,Normal,f,197
NIF-CHI-MAI-6,Pure Essence Alemania,Sin Filtro,Rubio,Normal,t,274
NIF-CHI-MAI-6,Midnight Silk Reino,Sin Filtro,Rubio,Normal,t,144
NIF-CHI-MAI-6,Silver Lining Chile,Sin Filtro,Negro,Normal,f,401
NIF-CHI-MAI-6,Gold Leaf Reino,Con Filtro,Rubio,Normal,f,217
NIF-CHI-MAI-6,Gold Leaf Argentina,Con Filtro,Rubio,Light,f,94
NIF-CHI-MAI-6,Urban Classic Chile,Con Filtro,Negro,Normal,t,402
NIF-CHI-MAI-6,Highland Peak Reino,Con Filtro,Negro,SuperLight,f,110
NIF-CHI-MAI-6,Silver Lining Chile,Con Filtro,Rubio,Normal,t,340
NIF-CHI-MAI-6,Amber Haze Alemania,Sin Filtro,Rubio,Normal,t,133
NIF-CHI-MAI-6,Pure Essence Argentina,Sin Filtro,Rubio,Normal,t,204
NIF-CHI-MAI-6,Ocean Breeze Chile,Sin Filtro,Negro,Normal,f,224
NIF-CHI-MAI-7,Gold Leaf Japon,Con Filtro,Rubio,Normal,t,151
NIF-CHI-MAI-7,Pure Essence Chile,Con Filtro,Negro,Normal,t,355
NIF-CHI-MAI-7,Amber Haze Japon,Sin Filtro,Rubio,Normal,t,208
NIF-CHI-MAI-7,Pure Essence Argentina,Sin Filtro,Rubio,Normal,t,380
NIF-CHI-MAI-7,Pure Essence Alemania,Sin Filtro,Rubio,Normal,f,247
NIF-CHI-MAI-7,Mountain Mist Argentina,Sin Filtro,Negro,Normal,t,376
NIF-CHI-MAI-7,Gold Leaf Argentina,Sin Filtro,Negro,Normal,f,472
NIF-CHI-MAI-7,Midnight Silk Chile,Con Filtro,Negro,Normal,f,274
NIF-CHI-MAI-7,Gold Leaf Japon,Sin Filtro,Rubio,Normal,t,475
NIF-CHI-MAI-7,Pure Essence Reino,Con Filtro,Negro,Normal,f,364
NIF-CHI-MAI-7,Pure Essence Chile,Sin Filtro,Negro,Normal,f,405
NIF-CHI-MAI-7,Pure Essence Japon,Sin Filtro,Negro,Normal,t,437
NIF-CHI-MAI-7,Mountain Mist Alemania,Sin Filtro,Rubio,Normal,f,427
NIF-CHI-MAI-7,Highland Peak Chile,Con Filtro,Negro,Normal,t,431
NIF-CHI-MAI-7,Ocean Breeze Argentina,Sin Filtro,Negro,Normal,f,417
NIF-CHI-MAI-7,Urban Classic Chile,Sin Filtro,Rubio,Normal,t,209
NIF-CHI-MAI-7,Royal Blend Alemania,Con Filtro,Rubio,Normal,t,447
NIF-CHI-MAI-7,Midnight Silk Alemania,Sin Filtro,Rubio,Normal,t,160
NIF-CHI-MAI-7,Ocean Breeze Reino,Sin Filtro,Negro,Normal,f,214
NIF-CHI-MAI-7,Ocean Breeze Chile,Sin Filtro,Rubio,Normal,f,312
NIF-CHI-MAI-7,Pure Essence Reino,Sin Filtro,Negro,Normal,t,106
NIF-CHI-MAI-7,Midnight Silk Argentina,Sin Filtro,Rubio,Normal,t,84
NIF-CHI-MAI-7,Gold Leaf Alemania,Sin Filtro,Negro,Normal,t,158
NIF-CHI-MAI-7,Royal Blend Japon,Sin Filtro,Rubio,Normal,t,300
NIF-CHI-MAI-7,Urban Classic Japon,Con Filtro,Rubio,Light,f,130
NIF-CHI-MAI-8,Silver Lining Alemania,Con Filtro,Negro,Normal,t,437
NIF-CHI-MAI-8,Silver Lining Argentina,Sin Filtro,Rubio,Normal,f,374
NIF-CHI-MAI-8,Royal Blend Japon,Sin Filtro,Negro,Normal,f,484
NIF-CHI-MAI-8,Urban Classic Argentina,Sin Filtro,Rubio,Normal,t,270
NIF-CHI-MAI-8,Pure Essence Alemania,Sin Filtro,Rubio,Normal,f,342
NIF-CHI-MAI-8,Mountain Mist Reino,Con Filtro,Rubio,Light,f,463
NIF-CHI-MAI-8,Mountain Mist Alemania,Sin Filtro,Negro,Normal,f,275
NIF-CHI-MAI-8,Silver Lining Chile,Sin Filtro,Rubio,Normal,t,322
NIF-CHI-MAI-8,Pure Essence Argentina,Con Filtro,Rubio,Normal,t,201
NIF-CHI-MAI-8,Silver Lining Reino,Con Filtro,Negro,Normal,t,481
NIF-CHI-MAI-8,Amber Haze Chile,Sin Filtro,Rubio,Normal,t,317
NIF-CHI-MAI-8,Highland Peak Alemania,Con Filtro,Rubio,SuperLight,f,434
NIF-CHI-MAI-8,Gold Leaf Alemania,Sin Filtro,Rubio,Normal,f,52
NIF-CHI-MAI-8,Midnight Silk Chile,Con Filtro,Rubio,Normal,t,438
NIF-CHI-MAI-8,Urban Classic Argentina,Sin Filtro,Rubio,Normal,f,67
NIF-CHI-MAI-8,Silver Lining Japon,Con Filtro,Negro,UltraLight,f,220
NIF-CHI-MAI-8,Silver Lining Alemania,Sin Filtro,Rubio,Normal,f,76
NIF-CHI-MAI-9,Pure Essence Japon,Sin Filtro,Rubio,Normal,t,320
NIF-CHI-MAI-9,Royal Blend Japon,Sin Filtro,Rubio,Normal,t,408
NIF-CHI-MAI-9,Ocean Breeze Reino,Sin Filtro,Negro,Normal,t,347
NIF-CHI-MAI-9,Amber Haze Alemania,Sin Filtro,Negro,Normal,t,500
NIF-CHI-MAI-9,Mountain Mist Chile,Sin Filtro,Rubio,Normal,f,274
NIF-CHI-MAI-9,Gold Leaf Argentina,Con Filtro,Rubio,Normal,t,212
NIF-CHI-MAI-9,Ocean Breeze Chile,Con Filtro,Negro,Normal,t,112
NIF-CHI-MAI-9,Gold Leaf Argentina,Sin Filtro,Negro,Normal,t,483
NIF-CHI-MAI-9,Silver Lining Chile,Sin Filtro,Rubio,Normal,t,457
NIF-CHI-MAI-9,Mountain Mist Chile,Sin Filtro,Rubio,Normal,f,363
NIF-CHI-MAI-9,Mountain Mist Argentina,Sin Filtro,Negro,Normal,t,235
NIF-CHI-MAI-9,Silver Lining Japon,Sin Filtro,Rubio,Normal,f,248
NIF-CHI-MAI-9,Ocean Breeze Alemania,Sin Filtro,Negro,Normal,t,302
NIF-CHI-MAI-9,Silver Lining Reino,Con Filtro,Negro,SuperLight,f,78
NIF-CHI-MAI-9,Amber Haze Chile,Sin Filtro,Rubio,Normal,t,483
NIF-CHI-MAI-9,Midnight Silk Japon,Con Filtro,Negro,SuperLight,f,275
NIF-CHI-MAI-9,Amber Haze Argentina,Sin Filtro,Rubio,Normal,t,156
NIF-CHI-MAI-9,Royal Blend Argentina,Sin Filtro,Negro,Normal,f,87
NIF-CHI-MAI-10,Royal Blend Reino,Con Filtro,Negro,Normal,t,395
NIF-CHI-MAI-10,Gold Leaf Argentina,Con Filtro,Negro,Normal,t,194
NIF-CHI-MAI-10,Amber Haze Chile,Con Filtro,Rubio,Light,f,248
NIF-CHI-MAI-10,Urban Classic Japon,Con Filtro,Negro,Normal,f,158
NIF-CHI-MAI-10,Amber Haze Argentina,Sin Filtro,Rubio,Normal,f,319
NIF-CHI-MAI-10,Highland Peak Chile,Con Filtro,Negro,Normal,t,67
NIF-CHI-MAI-10,Mountain Mist Reino,Sin Filtro,Negro,Normal,f,303
NIF-CHI-MAI-10,Pure Essence Argentina,Con Filtro,Rubio,Normal,t,236
NIF-CHI-MAI-10,Ocean Breeze Chile,Sin Filtro,Negro,Normal,f,117
NIF-CHI-MAI-10,Highland Peak Alemania,Con Filtro,Rubio,SuperLight,f,157
NIF-CHI-MAI-10,Mountain Mist Reino,Con Filtro,Rubio,SuperLight,f,102
NIF-CHI-MAI-10,Gold Leaf Chile,Con Filtro,Rubio,UltraLight,f,269
NIF-CHI-MAI-10,Pure Essence Alemania,Sin Filtro,Rubio,Normal,t,81
NIF-CHI-MAI-10,Silver Lining Chile,Con Filtro,Negro,SuperLight,f,370
NIF-CHI-MAI-10,Silver Lining Chile,Con Filtro,Rubio,Normal,t,125
NIF-CHI-MAI-10,Ocean Breeze Alemania,Sin Filtro,Negro,Normal,t,229
NIF-CHI-MAI-10,Amber Haze Reino,Con Filtro,Rubio,Normal,t,90
NIF-CHI-MAI-10,Ocean Breeze Japon,Sin Filtro,Rubio,Normal,t,242
NIF-CHI-MAI-10,Royal Blend Argentina,Sin Filtro,Negro,Normal,f,328
NIF-CHI-MAI-10,Silver Lining Argentina,Sin Filtro,Negro,Normal,t,472
NIF-CHI-MAI-10,Highland Peak Japon,Sin Filtro,Negro,Normal,t,250
NIF-CHI-MAI-10,Ocean Breeze Reino,Con Filtro,Negro,Normal,t,182
NIF-CHI-MAI-11,Pure Essence Reino,Sin Filtro,Rubio,Normal,f,101
NIF-CHI-MAI-11,Mountain Mist Japon,Sin Filtro,Rubio,Normal,f,324
NIF-CHI-MAI-11,Highland Peak Reino,Sin Filtro,Negro,Normal,t,477
NIF-CHI-MAI-11,Urban Classic Reino,Sin Filtro,Negro,Normal,t,431
NIF-CHI-MAI-11,Highland Peak Japon,Sin Filtro,Rubio,Normal,f,270
NIF-CHI-MAI-11,Pure Essence Reino,Con Filtro,Rubio,Normal,f,391
NIF-CHI-MAI-11,Silver Lining Alemania,Sin Filtro,Negro,Normal,f,247
NIF-CHI-MAI-11,Pure Essence Reino,Sin Filtro,Negro,Normal,f,458
NIF-CHI-MAI-11,Highland Peak Japon,Con Filtro,Rubio,Normal,t,100
NIF-CHI-MAI-11,Gold Leaf Chile,Con Filtro,Rubio,Normal,t,494
NIF-CHI-MAI-11,Gold Leaf Japon,Con Filtro,Negro,SuperLight,f,350
NIF-CHI-MAI-11,Midnight Silk Japon,Con Filtro,Negro,UltraLight,f,444
NIF-CHI-MAI-11,Royal Blend Reino,Con Filtro,Rubio,Normal,t,83
NIF-CHI-MAI-11,Gold Leaf Chile,Sin Filtro,Rubio,Normal,t,129
NIF-CHI-MAI-11,Amber Haze Argentina,Sin Filtro,Rubio,Normal,t,115
NIF-CHI-MAI-11,Highland Peak Argentina,Con Filtro,Negro,Normal,t,402
NIF-CHI-MAI-12,Midnight Silk Chile,Con Filtro,Negro,Normal,f,457
NIF-CHI-MAI-12,Pure Essence Japon,Con Filtro,Negro,Normal,t,198
NIF-CHI-MAI-12,Royal Blend Chile,Sin Filtro,Rubio,Normal,t,433
NIF-CHI-MAI-12,Urban Classic Japon,Con Filtro,Negro,SuperLight,f,232
NIF-CHI-MAI-12,Midnight Silk Japon,Con Filtro,Negro,SuperLight,f,486
NIF-CHI-MAI-12,Gold Leaf Alemania,Sin Filtro,Negro,Normal,t,480
NIF-CHI-MAI-12,Mountain Mist Reino,Sin Filtro,Negro,Normal,t,58
NIF-CHI-MAI-12,Highland Peak Japon,Sin Filtro,Negro,Normal,t,127
NIF-CHI-MAI-12,Silver Lining Chile,Con Filtro,Negro,Normal,t,125
NIF-CHI-MAI-12,Urban Classic Japon,Con Filtro,Negro,Normal,f,240
NIF-CHI-MAI-12,Ocean Breeze Alemania,Sin Filtro,Negro,Normal,t,178
NIF-CHI-MAI-12,Highland Peak Chile,Con Filtro,Negro,Normal,t,115
NIF-CHI-MAI-12,Urban Classic Alemania,Sin Filtro,Rubio,Normal,t,399
NIF-CHI-MAI-13,Gold Leaf Argentina,Sin Filtro,Negro,Normal,t,459
NIF-CHI-MAI-13,Silver Lining Argentina,Con Filtro,Rubio,Normal,f,415
NIF-CHI-MAI-13,Amber Haze Argentina,Con Filtro,Negro,Normal,t,141
NIF-CHI-MAI-13,Pure Essence Alemania,Sin Filtro,Negro,Normal,f,148
NIF-CHI-MAI-13,Amber Haze Alemania,Sin Filtro,Rubio,Normal,t,265
NIF-CHI-MAI-13,Royal Blend Reino,Sin Filtro,Rubio,Normal,f,145
NIF-CHI-MAI-13,Silver Lining Chile,Con Filtro,Negro,Normal,t,255
NIF-CHI-MAI-13,Amber Haze Alemania,Con Filtro,Negro,Normal,f,460
NIF-CHI-MAI-13,Highland Peak Argentina,Sin Filtro,Rubio,Normal,f,329
NIF-CHI-MAI-13,Midnight Silk Argentina,Sin Filtro,Rubio,Normal,f,148
NIF-CHI-MAI-13,Royal Blend Reino,Con Filtro,Negro,Normal,t,364
NIF-CHI-MAI-13,Highland Peak Argentina,Con Filtro,Negro,Normal,f,192
NIF-CHI-MAI-13,Royal Blend Japon,Sin Filtro,Rubio,Normal,t,380
NIF-CHI-MAI-13,Midnight Silk Argentina,Sin Filtro,Negro,Normal,t,310
NIF-CHI-MAI-13,Urban Classic Reino,Con Filtro,Negro,Normal,t,324
NIF-CHI-MAI-13,Amber Haze Chile,Con Filtro,Rubio,SuperLight,f,195
NIF-CHI-MAI-13,Pure Essence Alemania,Sin Filtro,Rubio,Normal,t,207
NIF-CHI-MAI-13,Ocean Breeze Japon,Sin Filtro,Rubio,Normal,t,264
NIF-CHI-MAI-13,Highland Peak Japon,Con Filtro,Rubio,Light,f,291
NIF-CHI-MAI-13,Urban Classic Alemania,Sin Filtro,Negro,Normal,f,369
NIF-CHI-MAI-14,Midnight Silk Japon,Con Filtro,Rubio,Normal,t,466
NIF-CHI-MAI-14,Ocean Breeze Japon,Con Filtro,Rubio,Normal,f,407
NIF-CHI-MAI-14,Highland Peak Japon,Con Filtro,Rubio,Normal,t,180
NIF-CHI-MAI-14,Mountain Mist Alemania,Sin Filtro,Rubio,Normal,f,211
NIF-CHI-MAI-14,Midnight Silk Argentina,Sin Filtro,Rubio,Normal,f,54
NIF-CHI-MAI-14,Amber Haze Japon,Sin Filtro,Rubio,Normal,t,185
NIF-CHI-MAI-14,Ocean Breeze Reino,Sin Filtro,Negro,Normal,f,108
NIF-CHI-MAI-14,Pure Essence Reino,Con Filtro,Negro,Normal,t,451
NIF-CHI-MAI-14,Gold Leaf Argentina,Sin Filtro,Rubio,Normal,f,490
NIF-CHI-MAI-14,Gold Leaf Argentina,Sin Filtro,Negro,Normal,f,74
NIF-CHI-MAI-14,Royal Blend Argentina,Sin Filtro,Negro,Normal,f,143
NIF-CHI-MAI-14,Highland Peak Argentina,Sin Filtro,Rubio,Normal,f,476
NIF-CHI-MAI-14,Midnight Silk Reino,Sin Filtro,Negro,Normal,f,203
NIF-CHI-MAI-14,Highland Peak Japon,Sin Filtro,Rubio,Normal,t,432
NIF-CHI-MAI-14,Mountain Mist Japon,Sin Filtro,Rubio,Normal,t,226
NIF-CHI-MAI-14,Royal Blend Alemania,Con Filtro,Negro,Normal,t,225
NIF-CHI-MAI-14,Pure Essence Reino,Sin Filtro,Negro,Normal,t,96
NIF-CHI-MAI-14,Mountain Mist Japon,Con Filtro,Negro,Normal,t,295
NIF-CHI-MAI-14,Royal Blend Japon,Con Filtro,Negro,Normal,t,197
NIF-CHI-MAI-14,Pure Essence Reino,Sin Filtro,Negro,Normal,f,236
NIF-CHI-MAI-14,Urban Classic Chile,Sin Filtro,Negro,Normal,t,343
NIF-CHI-MAI-14,Mountain Mist Japon,Con Filtro,Negro,Normal,t,323
NIF-CHI-MAI-15,Gold Leaf Chile,Con Filtro,Rubio,Light,f,385
NIF-CHI-MAI-15,Ocean Breeze Argentina,Con Filtro,Rubio,Light,f,170
NIF-CHI-MAI-15,Amber Haze Argentina,Sin Filtro,Rubio,Normal,t,377
NIF-CHI-MAI-15,Midnight Silk Argentina,Sin Filtro,Rubio,Normal,f,329
NIF-CHI-MAI-15,Gold Leaf Japon,Sin Filtro,Negro,Normal,t,382
NIF-CHI-MAI-15,Royal Blend Argentina,Con Filtro,Negro,SuperLight,f,461
NIF-CHI-MAI-15,Royal Blend Reino,Con Filtro,Rubio,Normal,t,212
NIF-CHI-MAI-15,Mountain Mist Reino,Con Filtro,Rubio,UltraLight,f,461
NIF-CHI-MAI-15,Highland Peak Japon,Sin Filtro,Negro,Normal,f,266
NIF-CHI-MAI-15,Pure Essence Argentina,Sin Filtro,Negro,Normal,f,175
NIF-CHI-MAI-15,Gold Leaf Chile,Sin Filtro,Negro,Normal,f,405
NIF-CHI-MAI-15,Midnight Silk Alemania,Sin Filtro,Rubio,Normal,t,479
NIF-CHI-MAI-15,Gold Leaf Alemania,Sin Filtro,Rubio,Normal,f,149
NIF-CHI-MAI-15,Midnight Silk Japon,Con Filtro,Negro,SuperLight,f,96
NIF-CHI-MAI-15,Midnight Silk Alemania,Sin Filtro,Negro,Normal,t,204
NIF-CHI-MAI-15,Gold Leaf Reino,Con Filtro,Negro,SuperLight,f,260
NIF-CHI-MAI-15,Highland Peak Alemania,Sin Filtro,Negro,Normal,t,233
NIF-CHI-MAI-15,Mountain Mist Alemania,Con Filtro,Negro,Normal,t,66
NIF-CHI-MAI-15,Amber Haze Alemania,Sin Filtro,Negro,Normal,t,102
NIF-CHI-MAI-15,Ocean Breeze Argentina,Con Filtro,Negro,Normal,t,114
NIF-CHI-MAI-15,Amber Haze Alemania,Con Filtro,Negro,Normal,f,255
NIF-CHI-MAI-15,Royal Blend Chile,Con Filtro,Rubio,Normal,t,94
NIF-CHI-MAI-15,Royal Blend Chile,Sin Filtro,Negro,Normal,t,395
NIF-CHI-MAI-15,Mountain Mist Japon,Con Filtro,Negro,Normal,t,368
NIF-CHI-MAI-15,Urban Classic Argentina,Sin Filtro,Negro,Normal,f,50
NIF-CHI-MAI-15,Silver Lining Alemania,Sin Filtro,Negro,Normal,f,314
NIF-CHI-MAI-15,Midnight Silk Argentina,Sin Filtro,Negro,Normal,f,341
NIF-CHI-MAI-15,Amber Haze Japon,Con Filtro,Rubio,Normal,t,500
NIF-CHI-LA -1,Mountain Mist Argentina,Sin Filtro,Negro,Normal,t,380
NIF-CHI-LA -1,Midnight Silk Chile,Con Filtro,Negro,Normal,t,150
NIF-CHI-LA -1,Midnight Silk Chile,Con Filtro,Rubio,Normal,t,321
NIF-CHI-LA -1,Amber Haze Alemania,Sin Filtro,Negro,Normal,t,129
NIF-CHI-LA -1,Silver Lining Japon,Con Filtro,Negro,UltraLight,f,173
NIF-CHI-LA -1,Silver Lining Japon,Sin Filtro,Rubio,Normal,f,166
NIF-CHI-LA -1,Midnight Silk Argentina,Sin Filtro,Negro,Normal,t,339
NIF-CHI-LA -1,Highland Peak Alemania,Con Filtro,Negro,UltraLight,f,123
NIF-CHI-LA -1,Midnight Silk Japon,Con Filtro,Negro,SuperLight,f,495
NIF-CHI-LA -1,Silver Lining Japon,Con Filtro,Rubio,Normal,f,309
NIF-CHI-LA -1,Midnight Silk Alemania,Sin Filtro,Negro,Normal,t,242
NIF-CHI-LA -1,Silver Lining Argentina,Con Filtro,Rubio,Normal,t,330
NIF-CHI-LA -1,Amber Haze Argentina,Con Filtro,Negro,Normal,t,325
NIF-CHI-LA -1,Mountain Mist Chile,Sin Filtro,Rubio,Normal,f,280
NIF-CHI-LA -1,Pure Essence Chile,Con Filtro,Rubio,SuperLight,f,315
NIF-CHI-LA -1,Urban Classic Argentina,Con Filtro,Rubio,SuperLight,f,314
NIF-CHI-LA -1,Mountain Mist Argentina,Sin Filtro,Negro,Normal,f,245
NIF-CHI-LA -1,Amber Haze Argentina,Sin Filtro,Negro,Normal,t,96
NIF-CHI-LA -1,Urban Classic Argentina,Sin Filtro,Rubio,Normal,f,148
NIF-CHI-LA -1,Pure Essence Reino,Con Filtro,Rubio,Normal,f,51
NIF-CHI-LA -1,Pure Essence Argentina,Con Filtro,Rubio,Normal,t,417
NIF-CHI-LA -1,Gold Leaf Reino,Sin Filtro,Rubio,Normal,t,210
NIF-CHI-LA -1,Gold Leaf Alemania,Sin Filtro,Rubio,Normal,f,300
NIF-CHI-LA -1,Pure Essence Alemania,Sin Filtro,Rubio,Normal,f,222
NIF-CHI-LA -1,Silver Lining Argentina,Sin Filtro,Rubio,Normal,f,337
NIF-CHI-LA -1,Midnight Silk Reino,Sin Filtro,Rubio,Normal,t,466
NIF-CHI-LA -1,Silver Lining Alemania,Sin Filtro,Negro,Normal,f,465
NIF-CHI-LA -1,Urban Classic Reino,Sin Filtro,Rubio,Normal,f,111
NIF-CHI-LA -2,Mountain Mist Chile,Sin Filtro,Rubio,Normal,f,318
NIF-CHI-LA -2,Gold Leaf Reino,Sin Filtro,Rubio,Normal,f,351
NIF-CHI-LA -2,Gold Leaf Reino,Con Filtro,Negro,SuperLight,f,124
NIF-CHI-LA -2,Gold Leaf Alemania,Sin Filtro,Negro,Normal,t,187
NIF-CHI-LA -2,Ocean Breeze Chile,Con Filtro,Rubio,UltraLight,f,124
NIF-CHI-LA -2,Royal Blend Argentina,Con Filtro,Rubio,UltraLight,f,98
NIF-CHI-LA -2,Highland Peak Chile,Con Filtro,Negro,Normal,t,450
NIF-CHI-LA -2,Amber Haze Reino,Sin Filtro,Rubio,Normal,f,52
NIF-CHI-LA -2,Royal Blend Chile,Sin Filtro,Negro,Normal,f,365
NIF-CHI-LA -2,Royal Blend Alemania,Sin Filtro,Rubio,Normal,t,256
NIF-CHI-LA -2,Royal Blend Reino,Con Filtro,Rubio,Normal,t,361
NIF-CHI-LA -3,Highland Peak Argentina,Sin Filtro,Rubio,Normal,f,489
NIF-CHI-LA -3,Pure Essence Chile,Con Filtro,Rubio,Normal,t,384
NIF-CHI-LA -3,Royal Blend Argentina,Con Filtro,Rubio,UltraLight,f,287
NIF-CHI-LA -3,Highland Peak Alemania,Sin Filtro,Negro,Normal,t,257
NIF-CHI-LA -3,Urban Classic Japon,Con Filtro,Negro,Normal,f,241
NIF-CHI-LA -3,Gold Leaf Reino,Con Filtro,Rubio,Normal,f,342
NIF-CHI-LA -3,Mountain Mist Chile,Sin Filtro,Rubio,Normal,f,56
NIF-CHI-LA -3,Midnight Silk Alemania,Sin Filtro,Rubio,Normal,t,348
NIF-CHI-LA -3,Gold Leaf Chile,Sin Filtro,Negro,Normal,f,70
NIF-CHI-LA -3,Gold Leaf Alemania,Sin Filtro,Negro,Normal,t,371
NIF-CHI-LA -3,Ocean Breeze Japon,Sin Filtro,Rubio,Normal,t,223
NIF-CHI-LA -3,Highland Peak Japon,Sin Filtro,Rubio,Normal,t,69
NIF-CHI-LA -3,Gold Leaf Japon,Con Filtro,Rubio,Normal,t,360
NIF-CHI-LA -3,Gold Leaf Chile,Sin Filtro,Rubio,Normal,t,196
NIF-CHI-LA -3,Ocean Breeze Japon,Con Filtro,Rubio,Normal,t,454
NIF-CHI-LA -3,Midnight Silk Reino,Con Filtro,Negro,SuperLight,f,234
NIF-CHI-LA -4,Amber Haze Alemania,Sin Filtro,Rubio,Normal,t,268
NIF-CHI-LA -4,Highland Peak Reino,Sin Filtro,Negro,Normal,t,133
NIF-CHI-LA -4,Silver Lining Argentina,Con Filtro,Rubio,Normal,t,64
NIF-CHI-LA -4,Highland Peak Argentina,Con Filtro,Negro,Normal,f,250
NIF-CHI-LA -4,Gold Leaf Japon,Con Filtro,Rubio,UltraLight,f,342
NIF-CHI-LA -4,Highland Peak Alemania,Sin Filtro,Rubio,Normal,t,211
NIF-CHI-LA -4,Ocean Breeze Japon,Con Filtro,Rubio,Normal,t,313
NIF-CHI-LA -4,Urban Classic Japon,Con Filtro,Negro,Normal,t,322
NIF-CHI-LA -4,Amber Haze Alemania,Sin Filtro,Negro,Normal,t,422
NIF-CHI-LA -4,Ocean Breeze Chile,Sin Filtro,Rubio,Normal,f,265
NIF-CHI-LA -4,Royal Blend Chile,Sin Filtro,Negro,Normal,f,265
NIF-CHI-LA -4,Ocean Breeze Alemania,Con Filtro,Negro,Light,f,141
NIF-CHI-LA -4,Royal Blend Chile,Sin Filtro,Rubio,Normal,t,352
NIF-CHI-LA -4,Amber Haze Japon,Sin Filtro,Rubio,Normal,f,415
NIF-CHI-LA -5,Mountain Mist Reino,Sin Filtro,Rubio,Normal,f,427
NIF-CHI-LA -5,Mountain Mist Chile,Sin Filtro,Rubio,Normal,f,477
NIF-CHI-LA -5,Royal Blend Chile,Sin Filtro,Negro,Normal,f,384
NIF-CHI-LA -5,Silver Lining Argentina,Con Filtro,Negro,Normal,t,70
NIF-CHI-LA -5,Midnight Silk Chile,Sin Filtro,Rubio,Normal,f,327
NIF-CHI-LA -5,Mountain Mist Argentina,Sin Filtro,Negro,Normal,t,237
NIF-CHI-LA -5,Urban Classic Japon,Con Filtro,Rubio,Normal,t,314
NIF-CHI-LA -5,Pure Essence Chile,Sin Filtro,Negro,Normal,f,230
NIF-CHI-LA -5,Silver Lining Chile,Con Filtro,Rubio,Normal,f,483
NIF-CHI-LA -5,Amber Haze Reino,Con Filtro,Rubio,Normal,t,390
NIF-CHI-LA -5,Ocean Breeze Japon,Sin Filtro,Negro,Normal,t,299
NIF-CHI-LA -5,Midnight Silk Alemania,Sin Filtro,Rubio,Normal,f,226
NIF-CHI-LA -5,Highland Peak Japon,Con Filtro,Rubio,Normal,t,481
NIF-CHI-LA -5,Midnight Silk Reino,Sin Filtro,Rubio,Normal,t,337
NIF-CHI-LA -5,Midnight Silk Chile,Con Filtro,Negro,Normal,t,273
NIF-CHI-LA -5,Urban Classic Reino,Con Filtro,Negro,Normal,t,394
NIF-CHI-LA -5,Pure Essence Reino,Sin Filtro,Negro,Normal,t,217
NIF-CHI-LA -5,Amber Haze Chile,Con Filtro,Rubio,Normal,t,452
NIF-CHI-LA -5,Amber Haze Argentina,Con Filtro,Negro,Normal,t,274
NIF-CHI-LA -5,Pure Essence Chile,Sin Filtro,Negro,Normal,f,165
NIF-CHI-LA -5,Mountain Mist Reino,Sin Filtro,Negro,Normal,f,449
NIF-CHI-LA -5,Gold Leaf Reino,Sin Filtro,Negro,Normal,f,302
NIF-CHI-LA -5,Gold Leaf Alemania,Sin Filtro,Rubio,Normal,f,368
NIF-CHI-LA -5,Urban Classic Alemania,Sin Filtro,Negro,Normal,f,214
NIF-CHI-LA -5,Gold Leaf Chile,Sin Filtro,Negro,Normal,f,92
NIF-CHI-LA -6,Urban Classic Alemania,Sin Filtro,Negro,Normal,t,446
NIF-CHI-LA -6,Highland Peak Reino,Con Filtro,Rubio,Normal,t,353
NIF-CHI-LA -6,Ocean Breeze Chile,Con Filtro,Negro,Normal,f,343
NIF-CHI-LA -6,Midnight Silk Argentina,Sin Filtro,Negro,Normal,t,369
NIF-CHI-LA -6,Ocean Breeze Japon,Sin Filtro,Rubio,Normal,t,387
NIF-CHI-LA -6,Silver Lining Argentina,Con Filtro,Rubio,Normal,t,283
NIF-CHI-LA -6,Royal Blend Chile,Con Filtro,Rubio,Normal,t,161
NIF-CHI-LA -6,Highland Peak Japon,Con Filtro,Rubio,Normal,t,465
NIF-CHI-LA -6,Amber Haze Japon,Sin Filtro,Negro,Normal,t,66
NIF-CHI-LA -6,Urban Classic Alemania,Sin Filtro,Rubio,Normal,t,301
NIF-CHI-LA -6,Royal Blend Chile,Con Filtro,Negro,Normal,t,407
NIF-CHI-LA -6,Silver Lining Argentina,Con Filtro,Rubio,Normal,t,90
NIF-CHI-LA -6,Urban Classic Argentina,Sin Filtro,Rubio,Normal,t,83
NIF-CHI-LA -6,Urban Classic Reino,Con Filtro,Rubio,Normal,t,181
NIF-CHI-LA -7,Highland Peak Chile,Con Filtro,Negro,Normal,t,92
NIF-CHI-LA -7,Mountain Mist Japon,Con Filtro,Negro,Normal,t,207
NIF-CHI-LA -7,Mountain Mist Alemania,Sin Filtro,Rubio,Normal,t,494
NIF-CHI-LA -7,Silver Lining Chile,Con Filtro,Rubio,Normal,f,487
NIF-CHI-LA -7,Urban Classic Reino,Con Filtro,Rubio,Normal,t,239
NIF-CHI-LA -7,Pure Essence Alemania,Sin Filtro,Rubio,Normal,f,374
NIF-CHI-LA -7,Midnight Silk Japon,Con Filtro,Negro,UltraLight,f,450
NIF-CHI-LA -7,Midnight Silk Argentina,Sin Filtro,Negro,Normal,t,434
NIF-CHI-LA -7,Royal Blend Japon,Sin Filtro,Negro,Normal,t,67
NIF-CHI-LA -7,Urban Classic Chile,Sin Filtro,Negro,Normal,f,386
NIF-CHI-LA -7,Urban Classic Reino,Con Filtro,Negro,Normal,t,79
NIF-CHI-LA -7,Gold Leaf Japon,Sin Filtro,Rubio,Normal,t,447
NIF-CHI-LA -7,Urban Classic Argentina,Con Filtro,Negro,Normal,f,484
NIF-CHI-LA -7,Ocean Breeze Argentina,Con Filtro,Negro,SuperLight,f,417
NIF-CHI-LA -8,Pure Essence Chile,Sin Filtro,Negro,Normal,f,478
NIF-CHI-LA -8,Royal Blend Argentina,Con Filtro,Rubio,UltraLight,f,345
NIF-CHI-LA -8,Royal Blend Alemania,Con Filtro,Negro,Normal,t,261
NIF-CHI-LA -8,Silver Lining Japon,Sin Filtro,Negro,Normal,f,111
NIF-CHI-LA -8,Royal Blend Alemania,Con Filtro,Rubio,Normal,t,102
NIF-CHI-LA -8,Ocean Breeze Alemania,Con Filtro,Negro,SuperLight,f,100
NIF-CHI-LA -8,Mountain Mist Alemania,Sin Filtro,Negro,Normal,f,179
NIF-CHI-LA -8,Amber Haze Reino,Sin Filtro,Rubio,Normal,t,497
NIF-CHI-LA -8,Urban Classic Reino,Con Filtro,Negro,Normal,t,187
NIF-CHI-LA -8,Ocean Breeze Reino,Sin Filtro,Negro,Normal,f,396
NIF-CHI-LA -8,Mountain Mist Reino,Sin Filtro,Rubio,Normal,f,292
NIF-CHI-LA -8,Amber Haze Japon,Sin Filtro,Rubio,Normal,f,384
NIF-CHI-LA -8,Amber Haze Alemania,Sin Filtro,Rubio,Normal,f,82
NIF-CHI-LA -8,Midnight Silk Chile,Con Filtro,Negro,Normal,f,155
NIF-CHI-LA -8,Urban Classic Japon,Con Filtro,Rubio,Normal,t,289
NIF-CHI-LA -8,Urban Classic Reino,Sin Filtro,Rubio,Normal,f,50
NIF-CHI-LA -8,Silver Lining Japon,Sin Filtro,Rubio,Normal,f,241
NIF-CHI-LA -8,Mountain Mist Japon,Sin Filtro,Negro,Normal,t,176
NIF-CHI-LA -8,Urban Classic Japon,Con Filtro,Rubio,Light,f,76
NIF-CHI-LA -9,Gold Leaf Argentina,Con Filtro,Rubio,Normal,t,115
NIF-CHI-LA -9,Midnight Silk Alemania,Sin Filtro,Rubio,Normal,t,361
NIF-CHI-LA -9,Ocean Breeze Reino,Con Filtro,Rubio,UltraLight,f,122
NIF-CHI-LA -9,Amber Haze Reino,Sin Filtro,Rubio,Normal,t,325
NIF-CHI-LA -9,Highland Peak Reino,Sin Filtro,Rubio,Normal,t,149
NIF-CHI-LA -9,Royal Blend Chile,Sin Filtro,Negro,Normal,f,249
NIF-CHI-LA -9,Midnight Silk Argentina,Sin Filtro,Rubio,Normal,t,140
NIF-CHI-LA -9,Pure Essence Japon,Con Filtro,Negro,Light,f,318
NIF-CHI-LA -9,Pure Essence Argentina,Con Filtro,Rubio,SuperLight,f,368
NIF-CHI-LA -9,Mountain Mist Alemania,Sin Filtro,Rubio,Normal,f,416
NIF-CHI-LA -9,Mountain Mist Argentina,Sin Filtro,Negro,Normal,t,225
NIF-CHI-LA -9,Amber Haze Alemania,Sin Filtro,Negro,Normal,t,484
NIF-CHI-LA -9,Highland Peak Argentina,Sin Filtro,Rubio,Normal,f,318
NIF-CHI-LA -9,Mountain Mist Japon,Con Filtro,Negro,Normal,t,88
NIF-CHI-LA -9,Ocean Breeze Alemania,Sin Filtro,Negro,Normal,t,500
NIF-CHI-LA -9,Gold Leaf Japon,Sin Filtro,Rubio,Normal,t,186
NIF-CHI-LA -9,Mountain Mist Argentina,Sin Filtro,Negro,Normal,f,334
NIF-CHI-LA -9,Silver Lining Argentina,Con Filtro,Rubio,Normal,t,113
NIF-CHI-LA -9,Amber Haze Alemania,Sin Filtro,Negro,Normal,t,66
NIF-CHI-LA -9,Gold Leaf Japon,Con Filtro,Negro,SuperLight,f,247
NIF-CHI-LA -9,Urban Classic Chile,Sin Filtro,Rubio,Normal,f,324
NIF-CHI-LA -9,Highland Peak Chile,Con Filtro,Negro,Normal,t,196
NIF-CHI-LA -9,Mountain Mist Alemania,Sin Filtro,Rubio,Normal,t,87
NIF-CHI-LA -9,Royal Blend Argentina,Sin Filtro,Negro,Normal,f,161
NIF-CHI-LA -9,Silver Lining Alemania,Con Filtro,Negro,Normal,t,297
NIF-CHI-LA -9,Royal Blend Japon,Sin Filtro,Negro,Normal,t,94
NIF-CHI-LA -10,Royal Blend Reino,Con Filtro,Rubio,Normal,t,60
NIF-CHI-LA -10,Silver Lining Japon,Con Filtro,Negro,SuperLight,f,319
NIF-CHI-LA -10,Urban Classic Reino,Con Filtro,Negro,Normal,t,176
NIF-CHI-LA -10,Ocean Breeze Alemania,Sin Filtro,Rubio,Normal,t,489
NIF-CHI-LA -10,Pure Essence Japon,Sin Filtro,Negro,Normal,f,402
NIF-CHI-LA -10,Silver Lining Alemania,Con Filtro,Negro,Normal,t,287
NIF-CHI-LA -10,Royal Blend Argentina,Con Filtro,Rubio,UltraLight,f,307
NIF-CHI-LA -10,Midnight Silk Japon,Con Filtro,Rubio,Normal,f,166
NIF-CHI-LA -10,Highland Peak Reino,Sin Filtro,Negro,Normal,t,271
NIF-CHI-LA -10,Pure Essence Alemania,Con Filtro,Negro,Normal,f,422
NIF-CHI-LA -10,Mountain Mist Chile,Sin Filtro,Rubio,Normal,f,142
NIF-CHI-LA -10,Ocean Breeze Alemania,Sin Filtro,Negro,Normal,t,215
NIF-CHI-LA -10,Royal Blend Reino,Con Filtro,Rubio,Normal,t,152
NIF-CHI-LA -10,Royal Blend Argentina,Con Filtro,Negro,Normal,t,260
NIF-CHI-LA -10,Mountain Mist Chile,Sin Filtro,Rubio,Normal,f,278
NIF-CHI-LA -10,Royal Blend Alemania,Con Filtro,Rubio,Normal,t,421
NIF-CHI-LA -10,Amber Haze Reino,Con Filtro,Rubio,Normal,t,201
NIF-CHI-LA -10,Urban Classic Chile,Con Filtro,Negro,Normal,t,339
NIF-CHI-LA -10,Gold Leaf Alemania,Sin Filtro,Rubio,Normal,f,484
NIF-CHI-LA -10,Urban Classic Argentina,Con Filtro,Rubio,Normal,t,427
NIF-CHI-LA -10,Silver Lining Chile,Sin Filtro,Rubio,Normal,t,317
NIF-CHI-LA -11,Royal Blend Reino,Con Filtro,Negro,Normal,f,58
NIF-CHI-LA -11,Royal Blend Alemania,Con Filtro,Rubio,Normal,t,345
NIF-CHI-LA -11,Silver Lining Chile,Sin Filtro,Negro,Normal,f,82
NIF-CHI-LA -11,Highland Peak Reino,Sin Filtro,Rubio,Normal,t,209
NIF-CHI-LA -11,Highland Peak Argentina,Sin Filtro,Negro,Normal,f,79
NIF-CHI-LA -11,Urban Classic Argentina,Sin Filtro,Negro,Normal,f,395
NIF-CHI-LA -11,Midnight Silk Alemania,Sin Filtro,Negro,Normal,t,98
NIF-CHI-LA -11,Midnight Silk Reino,Con Filtro,Negro,Normal,t,255
NIF-CHI-LA -11,Mountain Mist Alemania,Sin Filtro,Rubio,Normal,t,431
NIF-CHI-LA -11,Highland Peak Alemania,Sin Filtro,Negro,Normal,t,195
NIF-CHI-LA -11,Pure Essence Argentina,Con Filtro,Negro,Normal,t,282
NIF-CHI-LA -11,Silver Lining Chile,Con Filtro,Negro,SuperLight,f,337
NIF-CHI-LA -11,Gold Leaf Argentina,Con Filtro,Rubio,Light,f,260
NIF-CHI-LA -11,Gold Leaf Reino,Con Filtro,Negro,SuperLight,f,340
NIF-CHI-LA -11,Midnight Silk Alemania,Sin Filtro,Rubio,Normal,t,448
NIF-CHI-LA -11,Highland Peak Argentina,Con Filtro,Rubio,Normal,f,293
NIF-CHI-LA -11,Amber Haze Chile,Sin Filtro,Negro,Normal,f,273
NIF-CHI-LA -11,Silver Lining Japon,Sin Filtro,Rubio,Normal,f,445
NIF-CHI-LA -12,Pure Essence Alemania,Sin Filtro,Rubio,Normal,t,438
NIF-CHI-LA -12,Gold Leaf Argentina,Sin Filtro,Negro,Normal,f,184
NIF-CHI-LA -12,Midnight Silk Reino,Sin Filtro,Rubio,Normal,t,378
NIF-CHI-LA -12,Midnight Silk Alemania,Sin Filtro,Negro,Normal,t,338
NIF-CHI-LA -12,Midnight Silk Japon,Sin Filtro,Negro,Normal,f,322
NIF-CHI-LA -12,Highland Peak Argentina,Sin Filtro,Rubio,Normal,f,56
NIF-CHI-LA -12,Ocean Breeze Japon,Sin Filtro,Rubio,Normal,t,496
NIF-CHI-LA -12,Pure Essence Alemania,Sin Filtro,Rubio,Normal,t,468
NIF-CHI-LA -12,Silver Lining Reino,Con Filtro,Negro,SuperLight,f,459
NIF-CHI-LA -12,Pure Essence Argentina,Sin Filtro,Negro,Normal,t,353
NIF-CHI-LA -12,Gold Leaf Japon,Con Filtro,Rubio,Normal,f,358
NIF-CHI-LA -12,Ocean Breeze Japon,Sin Filtro,Negro,Normal,t,113
NIF-CHI-LA -12,Urban Classic Reino,Con Filtro,Negro,Normal,t,337
NIF-CHI-LA -12,Ocean Breeze Alemania,Con Filtro,Negro,SuperLight,f,351
NIF-CHI-LA -12,Silver Lining Argentina,Con Filtro,Rubio,Normal,t,83
NIF-CHI-LA -12,Silver Lining Chile,Con Filtro,Rubio,Normal,t,152
NIF-CHI-LA -12,Royal Blend Japon,Sin Filtro,Rubio,Normal,t,217
NIF-CHI-LA -12,Gold Leaf Chile,Sin Filtro,Negro,Normal,t,72
NIF-CHI-LA -12,Highland Peak Chile,Con Filtro,Negro,Normal,t,134
NIF-CHI-LA -12,Urban Classic Alemania,Sin Filtro,Negro,Normal,t,327
NIF-CHI-LA -12,Highland Peak Chile,Con Filtro,Rubio,Normal,f,301
NIF-CHI-LA -12,Amber Haze Japon,Con Filtro,Rubio,Normal,t,359
NIF-CHI-LA -12,Royal Blend Argentina,Con Filtro,Negro,Normal,t,492
NIF-CHI-LA -12,Midnight Silk Reino,Con Filtro,Negro,Normal,t,312
NIF-CHI-LA -12,Pure Essence Chile,Sin Filtro,Negro,Normal,f,386
NIF-CHI-LA -13,Highland Peak Reino,Con Filtro,Rubio,Normal,t,393
NIF-CHI-LA -13,Midnight Silk Chile,Con Filtro,Negro,Normal,t,163
NIF-CHI-LA -13,Ocean Breeze Reino,Sin Filtro,Negro,Normal,t,57
NIF-CHI-LA -13,Amber Haze Reino,Sin Filtro,Rubio,Normal,t,315
NIF-CHI-LA -13,Pure Essence Japon,Con Filtro,Negro,UltraLight,f,253
NIF-CHI-LA -13,Amber Haze Chile,Con Filtro,Rubio,Light,f,378
NIF-CHI-LA -13,Midnight Silk Alemania,Sin Filtro,Rubio,Normal,t,76
NIF-CHI-LA -13,Silver Lining Japon,Sin Filtro,Rubio,Normal,f,54
NIF-CHI-LA -13,Urban Classic Reino,Sin Filtro,Negro,Normal,t,332
NIF-CHI-LA -13,Urban Classic Alemania,Sin Filtro,Negro,Normal,f,409
NIF-CHI-LA -13,Royal Blend Japon,Sin Filtro,Rubio,Normal,t,218
NIF-CHI-LA -13,Amber Haze Japon,Sin Filtro,Negro,Normal,t,226
NIF-CHI-LA -13,Midnight Silk Reino,Sin Filtro,Rubio,Normal,t,184
NIF-CHI-LA -13,Mountain Mist Japon,Con Filtro,Rubio,Normal,t,340
NIF-CHI-LA -13,Silver Lining Alemania,Con Filtro,Negro,Normal,t,160
NIF-CHI-LA -13,Royal Blend Chile,Sin Filtro,Negro,Normal,f,187
NIF-CHI-LA -13,Amber Haze Chile,Con Filtro,Rubio,Normal,t,404
NIF-CHI-LA -13,Silver Lining Japon,Sin Filtro,Rubio,Normal,f,104
NIF-CHI-LA -13,Ocean Breeze Chile,Con Filtro,Negro,Normal,t,420
NIF-CHI-LA -13,Silver Lining Reino,Sin Filtro,Rubio,Normal,f,461
NIF-CHI-LA -13,Royal Blend Japon,Sin Filtro,Negro,Normal,t,202
NIF-CHI-LA -13,Amber Haze Japon,Sin Filtro,Negro,Normal,t,219
NIF-CHI-LA -14,Royal Blend Alemania,Con Filtro,Negro,Normal,t,353
NIF-CHI-LA -14,Pure Essence Reino,Sin Filtro,Rubio,Normal,t,145
NIF-CHI-LA -14,Midnight Silk Japon,Sin Filtro,Rubio,Normal,f,165
NIF-CHI-LA -14,Gold Leaf Argentina,Sin Filtro,Negro,Normal,f,464
NIF-CHI-LA -14,Ocean Breeze Japon,Con Filtro,Rubio,Normal,f,334
NIF-CHI-LA -14,Pure Essence Alemania,Sin Filtro,Rubio,Normal,t,99
NIF-CHI-LA -14,Ocean Breeze Chile,Sin Filtro,Negro,Normal,f,370
NIF-CHI-LA -14,Ocean Breeze Japon,Sin Filtro,Rubio,Normal,t,233
NIF-CHI-LA -14,Ocean Breeze Reino,Sin Filtro,Negro,Normal,f,357
NIF-CHI-LA -14,Silver Lining Alemania,Con Filtro,Negro,Normal,t,117
NIF-CHI-LA -14,Midnight Silk Reino,Sin Filtro,Negro,Normal,t,387
NIF-CHI-LA -14,Midnight Silk Reino,Sin Filtro,Negro,Normal,f,245
NIF-CHI-LA -14,Urban Classic Chile,Sin Filtro,Rubio,Normal,t,241
NIF-CHI-LA -14,Silver Lining Chile,Sin Filtro,Rubio,Normal,t,328
NIF-CHI-LA -14,Midnight Silk Alemania,Sin Filtro,Rubio,Normal,f,293
NIF-CHI-LA -14,Silver Lining Japon,Sin Filtro,Negro,Normal,f,313
NIF-CHI-LA -14,Midnight Silk Japon,Con Filtro,Rubio,Normal,f,260
NIF-CHI-LA -14,Mountain Mist Argentina,Sin Filtro,Negro,Normal,t,331
NIF-CHI-LA -14,Urban Classic Argentina,Con Filtro,Rubio,Normal,t,64
NIF-CHI-LA -14,Pure Essence Chile,Con Filtro,Rubio,Normal,t,345
NIF-CHI-LA -14,Pure Essence Japon,Sin Filtro,Rubio,Normal,f,65
NIF-CHI-LA -14,Silver Lining Argentina,Con Filtro,Rubio,Normal,t,330
NIF-CHI-LA -14,Ocean Breeze Argentina,Con Filtro,Negro,Normal,t,349
NIF-CHI-LA -14,Amber Haze Reino,Sin Filtro,Rubio,Normal,t,449
NIF-CHI-LA -14,Ocean Breeze Argentina,Con Filtro,Negro,Normal,t,61
NIF-CHI-LA -15,Mountain Mist Japon,Con Filtro,Rubio,Normal,t,453
NIF-CHI-LA -15,Ocean Breeze Argentina,Con Filtro,Rubio,Normal,t,314
NIF-CHI-LA -15,Urban Classic Japon,Con Filtro,Negro,Normal,f,444
NIF-CHI-LA -15,Highland Peak Alemania,Con Filtro,Rubio,Normal,f,401
NIF-CHI-LA -15,Urban Classic Japon,Con Filtro,Rubio,Normal,t,178
NIF-CHI-LA -15,Gold Leaf Alemania,Sin Filtro,Rubio,Normal,f,119
NIF-CHI-LA -15,Royal Blend Chile,Con Filtro,Rubio,SuperLight,f,306
NIF-CHI-LA -15,Midnight Silk Reino,Con Filtro,Negro,Normal,t,352
NIF-CHI-LA -15,Royal Blend Argentina,Con Filtro,Negro,Light,f,216
NIF-CHI-LA -15,Urban Classic Reino,Con Filtro,Negro,Normal,t,408
NIF-CHI-LA -15,Royal Blend Reino,Sin Filtro,Rubio,Normal,f,284
NIF-CHI-LA -15,Amber Haze Chile,Sin Filtro,Rubio,Normal,f,128
NIF-CHI-LA -15,Mountain Mist Japon,Sin Filtro,Rubio,Normal,t,263
NIF-CHI-LA -15,Royal Blend Argentina,Sin Filtro,Negro,Normal,t,354
NIF-CHI-LA -15,Ocean Breeze Argentina,Con Filtro,Negro,SuperLight,f,364
NIF-CHI-LA -15,Pure Essence Reino,Sin Filtro,Negro,Normal,t,354
NIF-CHI-LA -15,Mountain Mist Chile,Sin Filtro,Rubio,Normal,t,268
NIF-CHI-LA -15,Royal Blend Japon,Sin Filtro,Negro,Normal,t,416
NIF-CHI-LA -15,Ocean Breeze Chile,Con Filtro,Rubio,UltraLight,f,128
NIF-CHI-LA -15,Midnight Silk Argentina,Sin Filtro,Rubio,Normal,t,327
NIF-CHI-LA -15,Ocean Breeze Argentina,Con Filtro,Negro,Normal,t,325
NIF-CHI-LA -15,Royal Blend Alemania,Sin Filtro,Rubio,Normal,t,204
NIF-CHI-LA -15,Ocean Breeze Argentina,Con Filtro,Rubio,Light,f,240
NIF-CHI-LA -15,Royal Blend Argentina,Sin Filtro,Negro,Normal,f,434
NIF-CHI-LA -15,Urban Classic Alemania,Sin Filtro,Negro,Normal,f,464
NIF-CHI-LA -15,Silver Lining Alemania,Sin Filtro,Negro,Normal,t,65
NIF-CHI-LA -15,Silver Lining Alemania,Con Filtro,Negro,Normal,t,469
NIF-CHI-LA -15,Midnight Silk Reino,Con Filtro,Negro,SuperLight,f,395
NIF-CHI-LA -15,Silver Lining Japon,Sin Filtro,Negro,Normal,f,370
NIF-CHI-LA -15,Gold Leaf Japon,Con Filtro,Negro,SuperLight,f,355
NIF-CHI-LAS-1,Gold Leaf Reino,Sin Filtro,Rubio,Normal,t,169
NIF-CHI-LAS-1,Urban Classic Alemania,Sin Filtro,Negro,Normal,f,247
NIF-CHI-LAS-1,Gold Leaf Chile,Sin Filtro,Negro,Normal,f,167
NIF-CHI-LAS-1,Ocean Breeze Chile,Con Filtro,Rubio,Normal,t,102
NIF-CHI-LAS-1,Silver Lining Alemania,Sin Filtro,Negro,Normal,t,394
NIF-CHI-LAS-1,Highland Peak Alemania,Con Filtro,Rubio,Normal,f,432
NIF-CHI-LAS-1,Urban Classic Chile,Con Filtro,Negro,SuperLight,f,167
NIF-CHI-LAS-1,Amber Haze Chile,Sin Filtro,Rubio,Normal,f,221
NIF-CHI-LAS-1,Silver Lining Japon,Con Filtro,Negro,UltraLight,f,109
NIF-CHI-LAS-1,Gold Leaf Argentina,Con Filtro,Rubio,Normal,t,495
NIF-CHI-LAS-1,Pure Essence Japon,Sin Filtro,Negro,Normal,f,346
NIF-CHI-LAS-1,Midnight Silk Chile,Con Filtro,Negro,Normal,t,320
NIF-CHI-LAS-1,Mountain Mist Reino,Sin Filtro,Negro,Normal,f,485
NIF-CHI-LAS-1,Urban Classic Argentina,Sin Filtro,Negro,Normal,f,61
NIF-CHI-LAS-1,Amber Haze Reino,Sin Filtro,Negro,Normal,t,103
NIF-CHI-LAS-1,Mountain Mist Japon,Con Filtro,Negro,Normal,t,256
NIF-CHI-LAS-1,Highland Peak Chile,Con Filtro,Negro,Normal,f,219
NIF-CHI-LAS-1,Amber Haze Chile,Con Filtro,Rubio,Light,f,158
NIF-CHI-LAS-1,Royal Blend Chile,Con Filtro,Rubio,SuperLight,f,205
NIF-CHI-LAS-1,Highland Peak Alemania,Con Filtro,Rubio,SuperLight,f,121
NIF-CHI-LAS-1,Ocean Breeze Argentina,Sin Filtro,Negro,Normal,f,491
NIF-CHI-LAS-1,Gold Leaf Reino,Con Filtro,Negro,Light,f,423
NIF-CHI-LAS-1,Midnight Silk Alemania,Sin Filtro,Rubio,Normal,t,170
NIF-CHI-LAS-1,Amber Haze Alemania,Sin Filtro,Negro,Normal,t,110
NIF-CHI-LAS-1,Pure Essence Chile,Sin Filtro,Negro,Normal,f,197
NIF-CHI-LAS-2,Amber Haze Alemania,Sin Filtro,Negro,Normal,t,319
NIF-CHI-LAS-2,Mountain Mist Japon,Con Filtro,Rubio,Normal,t,371
NIF-CHI-LAS-2,Amber Haze Argentina,Sin Filtro,Negro,Normal,t,278
NIF-CHI-LAS-2,Pure Essence Chile,Sin Filtro,Negro,Normal,f,354
NIF-CHI-LAS-2,Silver Lining Japon,Con Filtro,Rubio,Normal,f,74
NIF-CHI-LAS-2,Urban Classic Argentina,Sin Filtro,Negro,Normal,f,239
NIF-CHI-LAS-2,Amber Haze Reino,Con Filtro,Negro,Normal,t,159
NIF-CHI-LAS-2,Ocean Breeze Alemania,Con Filtro,Negro,SuperLight,f,497
NIF-CHI-LAS-2,Urban Classic Argentina,Sin Filtro,Rubio,Normal,f,60
NIF-CHI-LAS-2,Mountain Mist Reino,Sin Filtro,Negro,Normal,t,243
NIF-CHI-LAS-2,Urban Classic Japon,Sin Filtro,Negro,Normal,f,370
NIF-CHI-LAS-2,Amber Haze Argentina,Sin Filtro,Rubio,Normal,f,263
NIF-CHI-LAS-2,Urban Classic Reino,Con Filtro,Negro,Normal,t,177
NIF-CHI-LAS-2,Highland Peak Chile,Sin Filtro,Negro,Normal,t,272
NIF-CHI-LAS-2,Amber Haze Argentina,Con Filtro,Negro,Normal,t,380
NIF-CHI-LAS-2,Ocean Breeze Argentina,Con Filtro,Rubio,Light,f,350
NIF-CHI-LAS-3,Gold Leaf Japon,Sin Filtro,Negro,Normal,f,257
NIF-CHI-LAS-3,Silver Lining Argentina,Con Filtro,Negro,Light,f,425
NIF-CHI-LAS-3,Urban Classic Argentina,Sin Filtro,Negro,Normal,f,399
NIF-CHI-LAS-3,Midnight Silk Japon,Sin Filtro,Rubio,Normal,f,250
NIF-CHI-LAS-3,Midnight Silk Reino,Sin Filtro,Rubio,Normal,f,479
NIF-CHI-LAS-3,Midnight Silk Japon,Con Filtro,Rubio,Normal,f,342
NIF-CHI-LAS-3,Royal Blend Alemania,Con Filtro,Rubio,Normal,t,358
NIF-CHI-LAS-3,Mountain Mist Reino,Sin Filtro,Negro,Normal,f,395
NIF-CHI-LAS-3,Highland Peak Alemania,Sin Filtro,Negro,Normal,f,253
NIF-CHI-LAS-3,Gold Leaf Alemania,Sin Filtro,Rubio,Normal,f,246
NIF-CHI-LAS-3,Ocean Breeze Alemania,Con Filtro,Rubio,Normal,t,498
NIF-CHI-LAS-3,Highland Peak Alemania,Con Filtro,Negro,UltraLight,f,389
NIF-CHI-LAS-3,Gold Leaf Alemania,Con Filtro,Rubio,Normal,t,447
NIF-CHI-LAS-3,Gold Leaf Argentina,Con Filtro,Rubio,Normal,t,52
NIF-CHI-LAS-3,Royal Blend Alemania,Sin Filtro,Rubio,Normal,t,191
NIF-CHI-LAS-3,Silver Lining Japon,Con Filtro,Negro,SuperLight,f,73
NIF-CHI-LAS-3,Pure Essence Japon,Con Filtro,Negro,Normal,t,322
NIF-CHI-LAS-3,Urban Classic Chile,Con Filtro,Negro,Normal,t,340
NIF-CHI-LAS-3,Amber Haze Chile,Con Filtro,Rubio,Normal,t,200
NIF-CHI-LAS-3,Highland Peak Argentina,Sin Filtro,Negro,Normal,f,461
NIF-CHI-LAS-3,Highland Peak Alemania,Sin Filtro,Rubio,Normal,t,251
NIF-CHI-LAS-3,Mountain Mist Japon,Con Filtro,Negro,Normal,t,153
NIF-CHI-LAS-3,Silver Lining Reino,Con Filtro,Negro,Normal,t,496
NIF-CHI-LAS-3,Mountain Mist Alemania,Sin Filtro,Rubio,Normal,f,364
NIF-CHI-LAS-3,Urban Classic Argentina,Con Filtro,Negro,UltraLight,f,467
NIF-CHI-LAS-3,Mountain Mist Argentina,Sin Filtro,Negro,Normal,t,227
NIF-CHI-LAS-3,Ocean Breeze Chile,Sin Filtro,Rubio,Normal,f,267
NIF-CHI-LAS-4,Ocean Breeze Japon,Sin Filtro,Negro,Normal,t,111
NIF-CHI-LAS-4,Urban Classic Reino,Con Filtro,Negro,Normal,t,340
NIF-CHI-LAS-4,Silver Lining Reino,Sin Filtro,Negro,Normal,f,243
NIF-CHI-LAS-4,Midnight Silk Alemania,Sin Filtro,Negro,Normal,f,206
NIF-CHI-LAS-4,Midnight Silk Alemania,Sin Filtro,Rubio,Normal,f,107
NIF-CHI-LAS-4,Midnight Silk Reino,Sin Filtro,Rubio,Normal,t,79
NIF-CHI-LAS-4,Royal Blend Japon,Con Filtro,Rubio,SuperLight,f,224
NIF-CHI-LAS-4,Amber Haze Reino,Con Filtro,Negro,Normal,t,153
NIF-CHI-LAS-4,Amber Haze Argentina,Con Filtro,Rubio,Light,f,355
NIF-CHI-LAS-4,Highland Peak Japon,Sin Filtro,Rubio,Normal,f,475
NIF-CHI-LAS-4,Amber Haze Chile,Sin Filtro,Rubio,Normal,t,468
NIF-CHI-LAS-4,Gold Leaf Argentina,Sin Filtro,Rubio,Normal,t,495
NIF-CHI-LAS-4,Highland Peak Chile,Con Filtro,Rubio,Normal,f,456
NIF-CHI-LAS-4,Amber Haze Japon,Con Filtro,Rubio,Light,f,269
NIF-CHI-LAS-4,Amber Haze Argentina,Con Filtro,Negro,Normal,t,210
NIF-CHI-LAS-4,Urban Classic Argentina,Sin Filtro,Rubio,Normal,f,379
NIF-CHI-LAS-4,Mountain Mist Alemania,Sin Filtro,Rubio,Normal,f,376
NIF-CHI-LAS-4,Ocean Breeze Japon,Sin Filtro,Rubio,Normal,t,130
NIF-CHI-LAS-4,Ocean Breeze Reino,Sin Filtro,Negro,Normal,t,209
NIF-CHI-LAS-4,Silver Lining Japon,Sin Filtro,Negro,Normal,f,354
NIF-CHI-LAS-4,Ocean Breeze Alemania,Sin Filtro,Negro,Normal,t,271
NIF-CHI-LAS-4,Mountain Mist Chile,Sin Filtro,Negro,Normal,f,420
NIF-CHI-LAS-4,Highland Peak Reino,Con Filtro,Rubio,Normal,t,308
NIF-CHI-LAS-4,Silver Lining Argentina,Con Filtro,Rubio,Normal,f,169
NIF-CHI-LAS-4,Amber Haze Alemania,Con Filtro,Negro,Normal,f,437
NIF-CHI-LAS-5,Ocean Breeze Argentina,Con Filtro,Negro,Normal,t,85
NIF-CHI-LAS-5,Amber Haze Argentina,Con Filtro,Negro,SuperLight,f,372
NIF-CHI-LAS-5,Pure Essence Reino,Con Filtro,Rubio,Normal,f,464
NIF-CHI-LAS-5,Silver Lining Reino,Con Filtro,Negro,Normal,t,467
NIF-CHI-LAS-5,Gold Leaf Argentina,Con Filtro,Rubio,Normal,t,271
NIF-CHI-LAS-5,Highland Peak Reino,Sin Filtro,Rubio,Normal,t,133
NIF-CHI-LAS-5,Gold Leaf Reino,Con Filtro,Rubio,Normal,f,81
NIF-CHI-LAS-5,Amber Haze Chile,Con Filtro,Negro,Light,f,237
NIF-CHI-LAS-5,Silver Lining Argentina,Con Filtro,Negro,Light,f,388
NIF-CHI-LAS-5,Ocean Breeze Reino,Sin Filtro,Rubio,Normal,f,320
NIF-CHI-LAS-5,Midnight Silk Reino,Sin Filtro,Rubio,Normal,t,258
NIF-CHI-LAS-5,Silver Lining Argentina,Con Filtro,Negro,Normal,t,143
NIF-CHI-LAS-5,Urban Classic Chile,Sin Filtro,Negro,Normal,t,187
NIF-CHI-LAS-6,Mountain Mist Chile,Sin Filtro,Rubio,Normal,f,220
NIF-CHI-LAS-6,Gold Leaf Alemania,Con Filtro,Negro,Light,f,209
NIF-CHI-LAS-6,Mountain Mist Japon,Sin Filtro,Negro,Normal,t,341
NIF-CHI-LAS-6,Pure Essence Argentina,Con Filtro,Rubio,Normal,t,318
NIF-CHI-LAS-6,Highland Peak Argentina,Con Filtro,Rubio,SuperLight,f,484
NIF-CHI-LAS-6,Ocean Breeze Alemania,Con Filtro,Rubio,Light,f,157
NIF-CHI-LAS-6,Gold Leaf Japon,Con Filtro,Rubio,Normal,t,440
NIF-CHI-LAS-6,Amber Haze Chile,Sin Filtro,Rubio,Normal,t,129
NIF-CHI-LAS-6,Pure Essence Alemania,Con Filtro,Rubio,UltraLight,f,280
NIF-CHI-LAS-6,Silver Lining Japon,Sin Filtro,Rubio,Normal,f,286
NIF-CHI-LAS-6,Mountain Mist Reino,Con Filtro,Negro,SuperLight,f,415
NIF-CHI-LAS-6,Silver Lining Japon,Con Filtro,Rubio,Normal,f,285
NIF-CHI-LAS-6,Pure Essence Reino,Sin Filtro,Rubio,Normal,f,186
NIF-CHI-LAS-6,Silver Lining Argentina,Con Filtro,Rubio,Normal,f,360
NIF-CHI-LAS-6,Highland Peak Chile,Con Filtro,Rubio,SuperLight,f,185
NIF-CHI-LAS-7,Amber Haze Argentina,Sin Filtro,Rubio,Normal,f,174
NIF-CHI-LAS-7,Mountain Mist Japon,Con Filtro,Rubio,Normal,t,67
NIF-CHI-LAS-7,Amber Haze Alemania,Sin Filtro,Rubio,Normal,t,294
NIF-CHI-LAS-7,Silver Lining Chile,Con Filtro,Rubio,Normal,t,93
NIF-CHI-LAS-7,Mountain Mist Reino,Con Filtro,Negro,SuperLight,f,56
NIF-CHI-LAS-7,Gold Leaf Japon,Con Filtro,Rubio,Normal,t,71
NIF-CHI-LAS-7,Urban Classic Japon,Con Filtro,Rubio,Light,f,425
NIF-CHI-LAS-7,Silver Lining Alemania,Con Filtro,Negro,Normal,t,193
NIF-CHI-LAS-7,Mountain Mist Chile,Sin Filtro,Rubio,Normal,f,459
NIF-CHI-LAS-7,Midnight Silk Chile,Con Filtro,Negro,UltraLight,f,86
NIF-CHI-LAS-7,Midnight Silk Chile,Con Filtro,Rubio,Normal,t,195
NIF-CHI-LAS-7,Gold Leaf Chile,Con Filtro,Rubio,UltraLight,f,241
NIF-CHI-LAS-7,Highland Peak Alemania,Con Filtro,Rubio,SuperLight,f,298
NIF-CHI-LAS-7,Amber Haze Reino,Con Filtro,Rubio,Normal,t,193
NIF-CHI-LAS-7,Highland Peak Alemania,Con Filtro,Rubio,Normal,f,415
NIF-CHI-LAS-7,Pure Essence Reino,Con Filtro,Negro,Normal,t,198
NIF-CHI-LAS-7,Midnight Silk Chile,Con Filtro,Rubio,Normal,t,316
NIF-CHI-LAS-7,Mountain Mist Japon,Con Filtro,Negro,Normal,t,454
NIF-CHI-LAS-7,Amber Haze Reino,Sin Filtro,Rubio,Normal,f,329
NIF-CHI-LAS-7,Ocean Breeze Argentina,Con Filtro,Rubio,Normal,t,181
NIF-CHI-LAS-7,Amber Haze Japon,Sin Filtro,Rubio,Normal,t,60
NIF-CHI-LAS-8,Silver Lining Reino,Con Filtro,Negro,Normal,t,256
NIF-CHI-LAS-8,Highland Peak Japon,Sin Filtro,Negro,Normal,t,417
NIF-CHI-LAS-8,Urban Classic Chile,Con Filtro,Negro,SuperLight,f,248
NIF-CHI-LAS-8,Silver Lining Reino,Sin Filtro,Rubio,Normal,t,334
NIF-CHI-LAS-8,Royal Blend Argentina,Sin Filtro,Negro,Normal,t,295
NIF-CHI-LAS-8,Gold Leaf Argentina,Con Filtro,Rubio,Light,f,91
NIF-CHI-LAS-8,Silver Lining Reino,Con Filtro,Negro,Normal,t,117
NIF-CHI-LAS-8,Mountain Mist Chile,Con Filtro,Negro,Normal,t,457
NIF-CHI-LAS-8,Amber Haze Chile,Sin Filtro,Rubio,Normal,f,188
NIF-CHI-LAS-8,Mountain Mist Japon,Con Filtro,Negro,Normal,t,87
NIF-CHI-LAS-8,Silver Lining Japon,Sin Filtro,Negro,Normal,f,359
NIF-CHI-LAS-8,Mountain Mist Alemania,Sin Filtro,Rubio,Normal,t,238
NIF-CHI-LAS-8,Mountain Mist Chile,Sin Filtro,Rubio,Normal,t,458
NIF-CHI-LAS-8,Silver Lining Japon,Con Filtro,Negro,Normal,t,304
NIF-CHI-LAS-8,Midnight Silk Argentina,Sin Filtro,Rubio,Normal,t,211
NIF-CHI-LAS-8,Highland Peak Alemania,Con Filtro,Rubio,SuperLight,f,244
NIF-CHI-LAS-8,Mountain Mist Japon,Sin Filtro,Rubio,Normal,f,132
NIF-CHI-LAS-8,Ocean Breeze Alemania,Con Filtro,Negro,SuperLight,f,296
NIF-CHI-LAS-8,Mountain Mist Chile,Sin Filtro,Rubio,Normal,f,364
NIF-CHI-LAS-8,Gold Leaf Alemania,Con Filtro,Negro,UltraLight,f,428
NIF-CHI-LAS-8,Silver Lining Argentina,Con Filtro,Rubio,Normal,f,182
NIF-CHI-LAS-8,Urban Classic Argentina,Con Filtro,Rubio,Normal,t,85
NIF-CHI-LAS-8,Gold Leaf Chile,Con Filtro,Rubio,Light,f,129
NIF-CHI-LAS-8,Royal Blend Argentina,Sin Filtro,Negro,Normal,f,171
NIF-CHI-LAS-8,Amber Haze Chile,Con Filtro,Negro,Light,f,459
NIF-CHI-LAS-9,Urban Classic Argentina,Sin Filtro,Negro,Normal,f,150
NIF-CHI-LAS-9,Ocean Breeze Alemania,Con Filtro,Negro,SuperLight,f,148
NIF-CHI-LAS-9,Amber Haze Japon,Con Filtro,Rubio,Normal,t,52
NIF-CHI-LAS-9,Silver Lining Alemania,Sin Filtro,Negro,Normal,f,477
NIF-CHI-LAS-9,Urban Classic Argentina,Sin Filtro,Rubio,Normal,t,380
NIF-CHI-LAS-9,Gold Leaf Alemania,Sin Filtro,Negro,Normal,t,97
NIF-CHI-LAS-9,Ocean Breeze Reino,Sin Filtro,Negro,Normal,t,96
NIF-CHI-LAS-9,Midnight Silk Japon,Con Filtro,Rubio,Normal,f,69
NIF-CHI-LAS-9,Pure Essence Argentina,Sin Filtro,Negro,Normal,f,381
NIF-CHI-LAS-9,Mountain Mist Reino,Sin Filtro,Negro,Normal,t,139
NIF-CHI-LAS-9,Amber Haze Argentina,Sin Filtro,Negro,Normal,t,397
NIF-CHI-LAS-9,Gold Leaf Chile,Sin Filtro,Negro,Normal,f,134
NIF-CHI-LAS-9,Midnight Silk Chile,Con Filtro,Negro,Normal,f,484
NIF-CHI-LAS-9,Gold Leaf Alemania,Con Filtro,Negro,Light,f,107
NIF-CHI-LAS-9,Midnight Silk Argentina,Sin Filtro,Negro,Normal,t,453
NIF-CHI-LAS-9,Ocean Breeze Argentina,Sin Filtro,Rubio,Normal,f,128
NIF-CHI-LAS-9,Gold Leaf Chile,Sin Filtro,Negro,Normal,f,298
NIF-CHI-LAS-9,Gold Leaf Chile,Con Filtro,Rubio,Light,f,302
NIF-CHI-LAS-9,Royal Blend Chile,Sin Filtro,Negro,Normal,f,172
NIF-CHI-LAS-9,Midnight Silk Reino,Sin Filtro,Rubio,Normal,t,91
NIF-CHI-LAS-9,Royal Blend Japon,Sin Filtro,Rubio,Normal,f,208
NIF-CHI-LAS-9,Amber Haze Japon,Sin Filtro,Rubio,Normal,f,107
NIF-CHI-LAS-9,Pure Essence Reino,Con Filtro,Negro,Normal,t,427
NIF-CHI-LAS-10,Highland Peak Japon,Sin Filtro,Negro,Normal,t,254
NIF-CHI-LAS-10,Silver Lining Argentina,Sin Filtro,Negro,Normal,t,217
NIF-CHI-LAS-10,Pure Essence Alemania,Sin Filtro,Rubio,Normal,t,58
NIF-CHI-LAS-10,Pure Essence Argentina,Con Filtro,Negro,Normal,t,355
NIF-CHI-LAS-10,Ocean Breeze Alemania,Sin Filtro,Negro,Normal,t,405
NIF-CHI-LAS-10,Ocean Breeze Reino,Sin Filtro,Negro,Normal,t,146
NIF-CHI-LAS-10,Ocean Breeze Chile,Con Filtro,Negro,Normal,t,411
NIF-CHI-LAS-10,Amber Haze Chile,Con Filtro,Rubio,SuperLight,f,171
NIF-CHI-LAS-10,Highland Peak Chile,Sin Filtro,Rubio,Normal,f,485
NIF-CHI-LAS-10,Highland Peak Reino,Sin Filtro,Negro,Normal,f,451
NIF-CHI-LAS-10,Midnight Silk Japon,Con Filtro,Negro,SuperLight,f,58
NIF-CHI-LAS-10,Midnight Silk Argentina,Sin Filtro,Negro,Normal,t,478
NIF-CHI-LAS-10,Ocean Breeze Reino,Sin Filtro,Rubio,Normal,f,311
NIF-CHI-LAS-10,Ocean Breeze Argentina,Con Filtro,Negro,SuperLight,f,186
NIF-CHI-LAS-10,Silver Lining Japon,Con Filtro,Rubio,Light,f,464
NIF-CHI-LAS-10,Silver Lining Alemania,Con Filtro,Negro,Normal,t,315
NIF-CHI-LAS-10,Midnight Silk Japon,Con Filtro,Rubio,Light,f,439
NIF-CHI-LAS-10,Ocean Breeze Japon,Sin Filtro,Negro,Normal,t,387
NIF-CHI-LAS-10,Silver Lining Japon,Con Filtro,Negro,UltraLight,f,151
NIF-CHI-LAS-10,Royal Blend Chile,Con Filtro,Rubio,Normal,t,71
NIF-CHI-LAS-10,Urban Classic Alemania,Sin Filtro,Rubio,Normal,f,267
NIF-CHI-LAS-10,Royal Blend Alemania,Sin Filtro,Negro,Normal,t,495
NIF-CHI-LAS-10,Silver Lining Argentina,Con Filtro,Rubio,Normal,t,297
NIF-CHI-LAS-10,Gold Leaf Japon,Sin Filtro,Rubio,Normal,t,104
NIF-CHI-LAS-11,Highland Peak Japon,Sin Filtro,Rubio,Normal,f,310
NIF-CHI-LAS-11,Royal Blend Argentina,Sin Filtro,Negro,Normal,t,412
NIF-CHI-LAS-11,Highland Peak Reino,Sin Filtro,Rubio,Normal,t,216
NIF-CHI-LAS-11,Silver Lining Argentina,Con Filtro,Rubio,Normal,f,172
NIF-CHI-LAS-11,Silver Lining Chile,Con Filtro,Rubio,Normal,t,300
NIF-CHI-LAS-11,Highland Peak Alemania,Sin Filtro,Negro,Normal,f,123
NIF-CHI-LAS-11,Royal Blend Japon,Sin Filtro,Negro,Normal,t,105
NIF-CHI-LAS-11,Midnight Silk Chile,Con Filtro,Negro,UltraLight,f,222
NIF-CHI-LAS-11,Silver Lining Japon,Sin Filtro,Negro,Normal,f,447
NIF-CHI-LAS-11,Pure Essence Japon,Sin Filtro,Rubio,Normal,t,167
NIF-CHI-LAS-11,Pure Essence Japon,Con Filtro,Negro,Light,f,56
NIF-CHI-LAS-11,Urban Classic Reino,Con Filtro,Negro,Normal,t,495
NIF-CHI-LAS-11,Urban Classic Alemania,Con Filtro,Rubio,Normal,t,193
NIF-CHI-LAS-11,Royal Blend Chile,Con Filtro,Rubio,Normal,t,178
NIF-CHI-LAS-11,Midnight Silk Argentina,Sin Filtro,Rubio,Normal,f,453
NIF-CHI-LAS-11,Ocean Breeze Reino,Sin Filtro,Negro,Normal,t,449
NIF-CHI-LAS-11,Gold Leaf Argentina,Con Filtro,Rubio,Normal,t,370
NIF-CHI-LAS-11,Amber Haze Alemania,Sin Filtro,Negro,Normal,t,309
NIF-CHI-LAS-11,Ocean Breeze Chile,Con Filtro,Rubio,UltraLight,f,244
NIF-CHI-LAS-11,Amber Haze Chile,Con Filtro,Rubio,SuperLight,f,85
NIF-CHI-LAS-11,Highland Peak Alemania,Con Filtro,Rubio,Normal,f,306
NIF-CHI-LAS-11,Mountain Mist Alemania,Con Filtro,Negro,Normal,t,283
NIF-CHI-LAS-11,Mountain Mist Japon,Con Filtro,Rubio,Normal,t,291
NIF-CHI-LAS-11,Highland Peak Japon,Con Filtro,Rubio,Light,f,207
NIF-CHI-LAS-11,Midnight Silk Japon,Con Filtro,Rubio,Normal,f,218
NIF-CHI-LAS-11,Royal Blend Chile,Sin Filtro,Negro,Normal,f,179
NIF-CHI-LAS-11,Gold Leaf Alemania,Sin Filtro,Rubio,Normal,f,429
NIF-CHI-LAS-11,Midnight Silk Chile,Con Filtro,Rubio,Normal,t,225
NIF-CHI-LAS-12,Highland Peak Chile,Con Filtro,Rubio,Normal,f,235
NIF-CHI-LAS-12,Silver Lining Reino,Con Filtro,Negro,UltraLight,f,193
NIF-CHI-LAS-12,Amber Haze Alemania,Sin Filtro,Negro,Normal,t,170
NIF-CHI-LAS-12,Amber Haze Japon,Sin Filtro,Rubio,Normal,f,422
NIF-CHI-LAS-12,Midnight Silk Reino,Con Filtro,Rubio,SuperLight,f,327
NIF-CHI-LAS-12,Pure Essence Alemania,Sin Filtro,Rubio,Normal,t,245
NIF-CHI-LAS-12,Mountain Mist Chile,Sin Filtro,Rubio,Normal,t,222
NIF-CHI-LAS-12,Urban Classic Japon,Sin Filtro,Rubio,Normal,t,192
NIF-CHI-LAS-12,Royal Blend Argentina,Con Filtro,Negro,SuperLight,f,103
NIF-CHI-LAS-12,Urban Classic Reino,Con Filtro,Rubio,Normal,f,343
NIF-CHI-LAS-12,Midnight Silk Alemania,Con Filtro,Rubio,Normal,t,258
NIF-CHI-LAS-12,Urban Classic Chile,Con Filtro,Negro,UltraLight,f,451
NIF-CHI-LAS-12,Royal Blend Argentina,Sin Filtro,Negro,Normal,t,224
NIF-CHI-LAS-12,Amber Haze Japon,Con Filtro,Rubio,Light,f,63
NIF-CHI-LAS-12,Pure Essence Argentina,Sin Filtro,Rubio,Normal,t,225
NIF-CHI-LAS-12,Midnight Silk Argentina,Sin Filtro,Rubio,Normal,t,232
NIF-CHI-LAS-12,Ocean Breeze Chile,Sin Filtro,Negro,Normal,f,399
NIF-CHI-LAS-12,Royal Blend Chile,Sin Filtro,Negro,Normal,f,314
NIF-CHI-LAS-12,Ocean Breeze Japon,Sin Filtro,Rubio,Normal,t,370
NIF-CHI-LAS-12,Silver Lining Alemania,Sin Filtro,Negro,Normal,f,142
NIF-CHI-LAS-12,Gold Leaf Japon,Con Filtro,Rubio,Normal,f,435
NIF-CHI-LAS-12,Pure Essence Chile,Con Filtro,Negro,Normal,t,402
NIF-CHI-LAS-12,Ocean Breeze Chile,Con Filtro,Rubio,UltraLight,f,276
NIF-CHI-LAS-12,Mountain Mist Reino,Con Filtro,Rubio,Light,f,367
NIF-CHI-LAS-12,Highland Peak Reino,Con Filtro,Rubio,Normal,t,254
NIF-CHI-LAS-12,Highland Peak Chile,Sin Filtro,Negro,Normal,t,59
NIF-CHI-LAS-12,Urban Classic Alemania,Con Filtro,Rubio,Normal,t,239
NIF-CHI-LAS-12,Urban Classic Alemania,Con Filtro,Negro,Light,f,234
NIF-CHI-LAS-12,Pure Essence Argentina,Con Filtro,Rubio,Normal,t,219
NIF-CHI-LAS-13,Mountain Mist Alemania,Sin Filtro,Rubio,Normal,f,438
NIF-CHI-LAS-13,Mountain Mist Japon,Con Filtro,Rubio,Normal,t,224
NIF-CHI-LAS-13,Amber Haze Japon,Sin Filtro,Rubio,Normal,f,226
NIF-CHI-LAS-13,Ocean Breeze Alemania,Sin Filtro,Rubio,Normal,t,227
NIF-CHI-LAS-13,Urban Classic Chile,Sin Filtro,Rubio,Normal,f,413
NIF-CHI-LAS-13,Silver Lining Alemania,Con Filtro,Negro,Normal,t,368
NIF-CHI-LAS-13,Amber Haze Alemania,Sin Filtro,Rubio,Normal,f,161
NIF-CHI-LAS-13,Ocean Breeze Reino,Con Filtro,Rubio,UltraLight,f,310
NIF-CHI-LAS-13,Ocean Breeze Chile,Sin Filtro,Negro,Normal,f,444
NIF-CHI-LAS-13,Pure Essence Argentina,Con Filtro,Rubio,Normal,t,168
NIF-CHI-LAS-13,Highland Peak Argentina,Sin Filtro,Rubio,Normal,f,497
NIF-CHI-LAS-13,Gold Leaf Reino,Con Filtro,Negro,SuperLight,f,489
NIF-CHI-LAS-13,Amber Haze Chile,Sin Filtro,Rubio,Normal,t,228
NIF-CHI-LAS-13,Amber Haze Alemania,Sin Filtro,Negro,Normal,t,152
NIF-CHI-LAS-13,Highland Peak Argentina,Con Filtro,Negro,Normal,f,369
NIF-CHI-LAS-13,Royal Blend Argentina,Con Filtro,Negro,Light,f,171
NIF-CHI-LAS-13,Highland Peak Argentina,Sin Filtro,Negro,Normal,f,149
NIF-CHI-LAS-13,Silver Lining Chile,Con Filtro,Negro,SuperLight,f,146
NIF-CHI-LAS-13,Amber Haze Chile,Sin Filtro,Rubio,Normal,t,335
NIF-CHI-LAS-13,Royal Blend Alemania,Con Filtro,Negro,Light,f,92
NIF-CHI-LAS-13,Silver Lining Japon,Sin Filtro,Rubio,Normal,f,451
NIF-CHI-LAS-13,Royal Blend Chile,Sin Filtro,Negro,Normal,t,212
NIF-CHI-LAS-13,Mountain Mist Japon,Con Filtro,Negro,Normal,t,437
NIF-CHI-LAS-13,Ocean Breeze Argentina,Con Filtro,Rubio,Normal,t,97
NIF-CHI-LAS-13,Amber Haze Reino,Sin Filtro,Rubio,Normal,f,375
NIF-CHI-LAS-14,Silver Lining Chile,Con Filtro,Rubio,Normal,f,471
NIF-CHI-LAS-14,Amber Haze Argentina,Sin Filtro,Rubio,Normal,t,466
NIF-CHI-LAS-14,Royal Blend Chile,Sin Filtro,Negro,Normal,f,81
NIF-CHI-LAS-14,Pure Essence Alemania,Sin Filtro,Rubio,Normal,t,129
NIF-CHI-LAS-14,Ocean Breeze Chile,Con Filtro,Rubio,UltraLight,f,408
NIF-CHI-LAS-14,Midnight Silk Alemania,Sin Filtro,Rubio,Normal,t,239
NIF-CHI-LAS-14,Royal Blend Argentina,Sin Filtro,Negro,Normal,f,434
NIF-CHI-LAS-14,Royal Blend Alemania,Con Filtro,Rubio,Normal,t,201
NIF-CHI-LAS-14,Ocean Breeze Alemania,Con Filtro,Negro,UltraLight,f,279
NIF-CHI-LAS-14,Highland Peak Alemania,Sin Filtro,Negro,Normal,t,155
NIF-CHI-LAS-15,Midnight Silk Chile,Sin Filtro,Rubio,Normal,f,338
NIF-CHI-LAS-15,Urban Classic Reino,Con Filtro,Rubio,Normal,t,181
NIF-CHI-LAS-15,Amber Haze Alemania,Sin Filtro,Negro,Normal,t,306
NIF-CHI-LAS-15,Ocean Breeze Reino,Sin Filtro,Rubio,Normal,f,148
NIF-CHI-LAS-15,Urban Classic Reino,Con Filtro,Negro,Normal,t,431
NIF-CHI-LAS-15,Mountain Mist Alemania,Sin Filtro,Rubio,Normal,f,204
NIF-CHI-LAS-15,Urban Classic Alemania,Con Filtro,Rubio,Normal,t,122
NIF-CHI-LAS-15,Ocean Breeze Chile,Sin Filtro,Rubio,Normal,f,151
NIF-CHI-LAS-15,Highland Peak Alemania,Sin Filtro,Rubio,Normal,t,314
NIF-CHI-LAS-15,Royal Blend Japon,Sin Filtro,Rubio,Normal,t,463
NIF-CHI-LAS-15,Midnight Silk Chile,Con Filtro,Negro,Normal,t,99
NIF-CHI-LAS-15,Pure Essence Chile,Sin Filtro,Negro,Normal,f,410
NIF-CHI-LAS-15,Silver Lining Japon,Con Filtro,Negro,Normal,t,348
NIF-CHI-LAS-15,Ocean Breeze Reino,Sin Filtro,Negro,Normal,f,423
NIF-CHI-LAS-15,Silver Lining Reino,Con Filtro,Negro,Normal,t,488
NIF-CHI-LAS-15,Ocean Breeze Chile,Con Filtro,Rubio,Normal,t,258
NIF-CHI-LAS-15,Amber Haze Argentina,Con Filtro,Negro,Normal,t,134
NIF-CHI-LAS-15,Midnight Silk Alemania,Sin Filtro,Rubio,Normal,f,238
NIF-CHI-LAS-15,Silver Lining Japon,Con Filtro,Negro,UltraLight,f,244
NIF-CHI-LAS-15,Royal Blend Argentina,Sin Filtro,Negro,Normal,f,269
NIF-CHI-LAS-15,Royal Blend Japon,Sin Filtro,Negro,Normal,t,82
NIF-CHI-VIÑ-1,Amber Haze Alemania,Sin Filtro,Negro,Normal,t,89
NIF-CHI-VIÑ-1,Silver Lining Chile,Con Filtro,Rubio,Light,f,132
NIF-CHI-VIÑ-1,Silver Lining Reino,Con Filtro,Negro,Normal,t,335
NIF-CHI-VIÑ-1,Royal Blend Argentina,Con Filtro,Rubio,UltraLight,f,305
NIF-CHI-VIÑ-1,Royal Blend Argentina,Sin Filtro,Negro,Normal,f,181
NIF-CHI-VIÑ-1,Ocean Breeze Japon,Sin Filtro,Rubio,Normal,t,278
NIF-CHI-VIÑ-1,Silver Lining Japon,Con Filtro,Negro,SuperLight,f,397
NIF-CHI-VIÑ-1,Midnight Silk Argentina,Sin Filtro,Rubio,Normal,t,282
NIF-CHI-VIÑ-1,Amber Haze Reino,Sin Filtro,Rubio,Normal,t,402
NIF-CHI-VIÑ-1,Highland Peak Japon,Con Filtro,Rubio,Light,f,409
NIF-CHI-VIÑ-1,Gold Leaf Argentina,Con Filtro,Rubio,Light,f,380
NIF-CHI-VIÑ-1,Midnight Silk Reino,Con Filtro,Negro,SuperLight,f,160
NIF-CHI-VIÑ-1,Urban Classic Reino,Sin Filtro,Negro,Normal,t,381
NIF-CHI-VIÑ-2,Silver Lining Alemania,Con Filtro,Negro,Normal,t,470
NIF-CHI-VIÑ-2,Urban Classic Argentina,Sin Filtro,Negro,Normal,f,275
NIF-CHI-VIÑ-2,Ocean Breeze Argentina,Con Filtro,Negro,Normal,t,213
NIF-CHI-VIÑ-2,Mountain Mist Alemania,Sin Filtro,Negro,Normal,f,477
NIF-CHI-VIÑ-2,Gold Leaf Argentina,Sin Filtro,Negro,Normal,f,395
NIF-CHI-VIÑ-2,Royal Blend Alemania,Con Filtro,Rubio,Normal,t,279
NIF-CHI-VIÑ-2,Pure Essence Chile,Sin Filtro,Negro,Normal,f,102
NIF-CHI-VIÑ-2,Highland Peak Japon,Sin Filtro,Rubio,Normal,t,269
NIF-CHI-VIÑ-2,Midnight Silk Chile,Con Filtro,Negro,UltraLight,f,291
NIF-CHI-VIÑ-2,Highland Peak Alemania,Con Filtro,Rubio,UltraLight,f,444
NIF-CHI-VIÑ-2,Pure Essence Japon,Con Filtro,Negro,UltraLight,f,104
NIF-CHI-VIÑ-2,Midnight Silk Argentina,Sin Filtro,Negro,Normal,f,247
NIF-CHI-VIÑ-2,Urban Classic Chile,Sin Filtro,Negro,Normal,t,356
NIF-CHI-VIÑ-2,Midnight Silk Argentina,Sin Filtro,Rubio,Normal,f,392
NIF-CHI-VIÑ-2,Silver Lining Reino,Con Filtro,Negro,Normal,t,139
NIF-CHI-VIÑ-2,Ocean Breeze Argentina,Con Filtro,Rubio,Light,f,98
NIF-CHI-VIÑ-2,Highland Peak Japon,Sin Filtro,Rubio,Normal,f,67
NIF-CHI-VIÑ-2,Royal Blend Alemania,Sin Filtro,Rubio,Normal,t,292
NIF-CHI-VIÑ-2,Midnight Silk Japon,Sin Filtro,Negro,Normal,f,425
NIF-CHI-VIÑ-2,Amber Haze Alemania,Con Filtro,Negro,Normal,f,110
NIF-CHI-VIÑ-2,Mountain Mist Alemania,Sin Filtro,Rubio,Normal,f,275
NIF-CHI-VIÑ-2,Midnight Silk Argentina,Sin Filtro,Negro,Normal,t,129
NIF-CHI-VIÑ-3,Highland Peak Alemania,Sin Filtro,Negro,Normal,t,410
NIF-CHI-VIÑ-3,Ocean Breeze Reino,Sin Filtro,Negro,Normal,f,199
NIF-CHI-VIÑ-3,Midnight Silk Japon,Sin Filtro,Negro,Normal,f,445
NIF-CHI-VIÑ-3,Urban Classic Japon,Con Filtro,Negro,SuperLight,f,100
NIF-CHI-VIÑ-3,Urban Classic Argentina,Sin Filtro,Negro,Normal,t,158
NIF-CHI-VIÑ-3,Amber Haze Argentina,Con Filtro,Rubio,Light,f,87
NIF-CHI-VIÑ-3,Gold Leaf Reino,Con Filtro,Rubio,Normal,f,164
NIF-CHI-VIÑ-3,Silver Lining Argentina,Con Filtro,Rubio,Normal,t,370
NIF-CHI-VIÑ-3,Gold Leaf Japon,Con Filtro,Rubio,Normal,f,95
NIF-CHI-VIÑ-3,Highland Peak Chile,Sin Filtro,Rubio,Normal,f,293
NIF-CHI-VIÑ-3,Royal Blend Reino,Con Filtro,Negro,SuperLight,f,398
NIF-CHI-VIÑ-3,Royal Blend Alemania,Con Filtro,Negro,Light,f,122
NIF-CHI-VIÑ-3,Royal Blend Reino,Con Filtro,Rubio,Normal,t,438
NIF-CHI-VIÑ-3,Gold Leaf Chile,Con Filtro,Rubio,Normal,t,323
NIF-CHI-VIÑ-3,Ocean Breeze Reino,Sin Filtro,Negro,Normal,t,182
NIF-CHI-VIÑ-3,Pure Essence Reino,Sin Filtro,Rubio,Normal,t,485
NIF-CHI-VIÑ-3,Midnight Silk Chile,Con Filtro,Negro,Normal,t,193
NIF-CHI-VIÑ-4,Urban Classic Alemania,Sin Filtro,Negro,Normal,f,224
NIF-CHI-VIÑ-4,Pure Essence Japon,Sin Filtro,Negro,Normal,f,202
NIF-CHI-VIÑ-4,Midnight Silk Reino,Con Filtro,Negro,Normal,t,95
NIF-CHI-VIÑ-4,Highland Peak Chile,Con Filtro,Negro,Normal,f,85
NIF-CHI-VIÑ-4,Ocean Breeze Argentina,Con Filtro,Negro,SuperLight,f,491
NIF-CHI-VIÑ-4,Pure Essence Argentina,Sin Filtro,Negro,Normal,t,178
NIF-CHI-VIÑ-4,Royal Blend Argentina,Con Filtro,Negro,Normal,t,222
NIF-CHI-VIÑ-4,Amber Haze Reino,Sin Filtro,Rubio,Normal,t,455
NIF-CHI-VIÑ-4,Midnight Silk Argentina,Sin Filtro,Rubio,Normal,t,260
NIF-CHI-VIÑ-4,Midnight Silk Alemania,Sin Filtro,Negro,Normal,t,266
NIF-CHI-VIÑ-4,Highland Peak Japon,Con Filtro,Rubio,Normal,t,292
NIF-CHI-VIÑ-4,Highland Peak Japon,Sin Filtro,Rubio,Normal,t,384
NIF-CHI-VIÑ-4,Ocean Breeze Reino,Con Filtro,Rubio,Normal,f,139
NIF-CHI-VIÑ-4,Royal Blend Argentina,Sin Filtro,Negro,Normal,f,375
NIF-CHI-VIÑ-4,Silver Lining Alemania,Con Filtro,Negro,Normal,t,315
NIF-CHI-VIÑ-4,Pure Essence Alemania,Sin Filtro,Rubio,Normal,t,123
NIF-CHI-VIÑ-4,Mountain Mist Reino,Con Filtro,Negro,SuperLight,f,465
NIF-CHI-VIÑ-4,Ocean Breeze Chile,Con Filtro,Negro,Normal,f,371
NIF-CHI-VIÑ-4,Highland Peak Reino,Con Filtro,Negro,SuperLight,f,154
NIF-CHI-VIÑ-4,Pure Essence Argentina,Sin Filtro,Rubio,Normal,t,301
NIF-CHI-VIÑ-4,Royal Blend Alemania,Con Filtro,Rubio,Normal,t,105
NIF-CHI-VIÑ-4,Royal Blend Japon,Sin Filtro,Rubio,Normal,t,281
NIF-CHI-VIÑ-4,Amber Haze Alemania,Con Filtro,Negro,Normal,f,55
NIF-CHI-VIÑ-4,Ocean Breeze Chile,Sin Filtro,Negro,Normal,f,312
NIF-CHI-VIÑ-4,Amber Haze Argentina,Sin Filtro,Negro,Normal,t,70
NIF-CHI-VIÑ-4,Midnight Silk Argentina,Con Filtro,Rubio,Normal,f,290
NIF-CHI-VIÑ-4,Gold Leaf Alemania,Con Filtro,Negro,UltraLight,f,76
NIF-CHI-VIÑ-4,Urban Classic Alemania,Sin Filtro,Negro,Normal,t,194
NIF-CHI-VIÑ-4,Urban Classic Reino,Con Filtro,Negro,Normal,t,364
NIF-CHI-VIÑ-4,Midnight Silk Chile,Con Filtro,Negro,Normal,f,281
NIF-CHI-VIÑ-5,Mountain Mist Argentina,Sin Filtro,Negro,Normal,t,380
NIF-CHI-VIÑ-5,Urban Classic Japon,Con Filtro,Rubio,Light,f,333
NIF-CHI-VIÑ-5,Ocean Breeze Alemania,Sin Filtro,Rubio,Normal,t,314
NIF-CHI-VIÑ-5,Silver Lining Reino,Con Filtro,Negro,SuperLight,f,202
NIF-CHI-VIÑ-5,Pure Essence Argentina,Con Filtro,Rubio,Normal,t,378
NIF-CHI-VIÑ-5,Highland Peak Argentina,Sin Filtro,Rubio,Normal,f,205
NIF-CHI-VIÑ-5,Midnight Silk Japon,Sin Filtro,Negro,Normal,f,472
NIF-CHI-VIÑ-5,Amber Haze Chile,Con Filtro,Rubio,Normal,t,68
NIF-CHI-VIÑ-5,Midnight Silk Argentina,Sin Filtro,Negro,Normal,t,199
NIF-CHI-VIÑ-5,Silver Lining Chile,Sin Filtro,Negro,Normal,f,468
NIF-CHI-VIÑ-5,Royal Blend Reino,Con Filtro,Rubio,Normal,t,374
NIF-CHI-VIÑ-5,Gold Leaf Argentina,Con Filtro,Negro,Normal,t,406
NIF-CHI-VIÑ-5,Mountain Mist Chile,Sin Filtro,Rubio,Normal,f,499
NIF-CHI-VIÑ-5,Royal Blend Chile,Con Filtro,Negro,Normal,t,260
NIF-CHI-VIÑ-5,Urban Classic Argentina,Con Filtro,Rubio,SuperLight,f,173
NIF-CHI-VIÑ-5,Mountain Mist Japon,Sin Filtro,Rubio,Normal,f,76
NIF-CHI-VIÑ-5,Highland Peak Reino,Con Filtro,Negro,SuperLight,f,386
NIF-CHI-VIÑ-5,Mountain Mist Reino,Sin Filtro,Negro,Normal,f,459
NIF-CHI-VIÑ-5,Urban Classic Reino,Sin Filtro,Negro,Normal,f,168
NIF-CHI-VIÑ-5,Mountain Mist Reino,Sin Filtro,Negro,Normal,t,72
NIF-CHI-VIÑ-5,Mountain Mist Japon,Con Filtro,Rubio,Light,f,481
NIF-CHI-VIÑ-5,Highland Peak Argentina,Con Filtro,Rubio,Normal,f,415
NIF-CHI-VIÑ-5,Royal Blend Alemania,Con Filtro,Rubio,Normal,t,112
NIF-CHI-VIÑ-5,Urban Classic Chile,Con Filtro,Negro,UltraLight,f,118
NIF-CHI-VIÑ-5,Mountain Mist Alemania,Sin Filtro,Rubio,Normal,f,57
NIF-CHI-VIÑ-5,Royal Blend Chile,Sin Filtro,Negro,Normal,t,128
NIF-CHI-VIÑ-5,Silver Lining Argentina,Con Filtro,Rubio,Normal,t,479
NIF-CHI-VIÑ-5,Pure Essence Alemania,Sin Filtro,Rubio,Normal,t,478
NIF-CHI-VIÑ-5,Ocean Breeze Chile,Sin Filtro,Negro,Normal,f,221
NIF-CHI-VIÑ-5,Gold Leaf Alemania,Sin Filtro,Rubio,Normal,f,327
NIF-CHI-VIÑ-6,Highland Peak Chile,Con Filtro,Negro,Normal,t,209
NIF-CHI-VIÑ-6,Highland Peak Reino,Con Filtro,Rubio,Normal,t,141
NIF-CHI-VIÑ-6,Ocean Breeze Reino,Con Filtro,Rubio,UltraLight,f,117
NIF-CHI-VIÑ-6,Midnight Silk Alemania,Sin Filtro,Rubio,Normal,f,288
NIF-CHI-VIÑ-6,Silver Lining Alemania,Sin Filtro,Negro,Normal,f,138
NIF-CHI-VIÑ-6,Urban Classic Chile,Sin Filtro,Rubio,Normal,f,52
NIF-CHI-VIÑ-6,Pure Essence Alemania,Sin Filtro,Rubio,Normal,t,473
NIF-CHI-VIÑ-6,Urban Classic Chile,Sin Filtro,Rubio,Normal,f,233
NIF-CHI-VIÑ-6,Silver Lining Reino,Sin Filtro,Rubio,Normal,t,123
NIF-CHI-VIÑ-6,Urban Classic Alemania,Con Filtro,Negro,Light,f,446
NIF-CHI-VIÑ-6,Royal Blend Argentina,Con Filtro,Negro,SuperLight,f,244
NIF-CHI-VIÑ-6,Silver Lining Argentina,Con Filtro,Rubio,Normal,t,210
NIF-CHI-VIÑ-6,Urban Classic Alemania,Sin Filtro,Negro,Normal,f,449
NIF-CHI-VIÑ-6,Midnight Silk Chile,Con Filtro,Rubio,Normal,t,332
NIF-CHI-VIÑ-6,Ocean Breeze Chile,Con Filtro,Rubio,UltraLight,f,189
NIF-CHI-VIÑ-6,Highland Peak Argentina,Sin Filtro,Rubio,Normal,f,179
NIF-CHI-VIÑ-6,Mountain Mist Reino,Con Filtro,Negro,SuperLight,f,490
NIF-CHI-VIÑ-6,Amber Haze Alemania,Sin Filtro,Rubio,Normal,t,230
NIF-CHI-VIÑ-6,Gold Leaf Reino,Sin Filtro,Rubio,Normal,f,154
NIF-CHI-VIÑ-6,Ocean Breeze Japon,Con Filtro,Rubio,Normal,f,279
NIF-CHI-VIÑ-6,Gold Leaf Alemania,Sin Filtro,Rubio,Normal,f,343
NIF-CHI-VIÑ-7,Silver Lining Alemania,Con Filtro,Negro,Normal,t,132
NIF-CHI-VIÑ-7,Silver Lining Reino,Con Filtro,Negro,Normal,t,410
NIF-CHI-VIÑ-7,Highland Peak Argentina,Con Filtro,Negro,Normal,t,83
NIF-CHI-VIÑ-7,Mountain Mist Japon,Con Filtro,Negro,Normal,t,269
NIF-CHI-VIÑ-7,Gold Leaf Japon,Sin Filtro,Rubio,Normal,t,280
NIF-CHI-VIÑ-7,Silver Lining Japon,Sin Filtro,Rubio,Normal,f,104
NIF-CHI-VIÑ-7,Pure Essence Alemania,Sin Filtro,Rubio,Normal,t,89
NIF-CHI-VIÑ-7,Silver Lining Argentina,Sin Filtro,Rubio,Normal,f,375
NIF-CHI-VIÑ-7,Ocean Breeze Alemania,Con Filtro,Negro,Light,f,346
NIF-CHI-VIÑ-7,Pure Essence Japon,Sin Filtro,Negro,Normal,t,429
NIF-CHI-VIÑ-7,Silver Lining Argentina,Con Filtro,Rubio,Normal,t,148
NIF-CHI-VIÑ-7,Amber Haze Chile,Sin Filtro,Rubio,Normal,t,438
NIF-CHI-VIÑ-7,Royal Blend Chile,Sin Filtro,Negro,Normal,t,110
NIF-CHI-VIÑ-7,Silver Lining Japon,Sin Filtro,Rubio,Normal,f,366
NIF-CHI-VIÑ-7,Highland Peak Chile,Con Filtro,Rubio,SuperLight,f,220
NIF-CHI-VIÑ-7,Urban Classic Japon,Con Filtro,Negro,SuperLight,f,276
NIF-CHI-VIÑ-7,Royal Blend Reino,Con Filtro,Negro,SuperLight,f,256
NIF-CHI-VIÑ-7,Silver Lining Reino,Sin Filtro,Rubio,Normal,f,177
NIF-CHI-VIÑ-7,Pure Essence Reino,Con Filtro,Negro,Normal,t,165
NIF-CHI-VIÑ-7,Gold Leaf Japon,Sin Filtro,Negro,Normal,t,443
NIF-CHI-VIÑ-7,Ocean Breeze Alemania,Con Filtro,Negro,UltraLight,f,328
NIF-CHI-VIÑ-7,Mountain Mist Chile,Sin Filtro,Rubio,Normal,t,492
NIF-CHI-VIÑ-8,Royal Blend Chile,Con Filtro,Rubio,UltraLight,f,209
NIF-CHI-VIÑ-8,Silver Lining Alemania,Sin Filtro,Negro,Normal,t,115
NIF-CHI-VIÑ-8,Gold Leaf Reino,Con Filtro,Negro,Light,f,137
NIF-CHI-VIÑ-8,Pure Essence Chile,Con Filtro,Negro,Normal,t,91
NIF-CHI-VIÑ-8,Amber Haze Chile,Con Filtro,Rubio,Light,f,412
NIF-CHI-VIÑ-8,Pure Essence Chile,Sin Filtro,Negro,Normal,f,304
NIF-CHI-VIÑ-8,Highland Peak Chile,Sin Filtro,Negro,Normal,t,73
NIF-CHI-VIÑ-8,Pure Essence Japon,Con Filtro,Negro,UltraLight,f,479
NIF-CHI-VIÑ-8,Royal Blend Japon,Sin Filtro,Rubio,Normal,t,190
NIF-CHI-VIÑ-8,Ocean Breeze Japon,Sin Filtro,Rubio,Normal,t,466
NIF-CHI-VIÑ-8,Royal Blend Alemania,Sin Filtro,Negro,Normal,t,425
NIF-CHI-VIÑ-8,Royal Blend Reino,Con Filtro,Negro,Normal,f,84
NIF-CHI-VIÑ-9,Pure Essence Reino,Sin Filtro,Rubio,Normal,f,269
NIF-CHI-VIÑ-9,Ocean Breeze Alemania,Con Filtro,Rubio,Light,f,309
NIF-CHI-VIÑ-9,Ocean Breeze Reino,Sin Filtro,Negro,Normal,t,66
NIF-CHI-VIÑ-9,Urban Classic Alemania,Sin Filtro,Negro,Normal,f,389
NIF-CHI-VIÑ-9,Amber Haze Reino,Sin Filtro,Rubio,Normal,t,276
NIF-CHI-VIÑ-9,Ocean Breeze Chile,Con Filtro,Rubio,UltraLight,f,334
NIF-CHI-VIÑ-9,Urban Classic Chile,Con Filtro,Negro,SuperLight,f,316
NIF-CHI-VIÑ-9,Midnight Silk Alemania,Con Filtro,Negro,Normal,t,276
NIF-CHI-VIÑ-9,Urban Classic Argentina,Sin Filtro,Negro,Normal,f,464
NIF-CHI-VIÑ-9,Gold Leaf Argentina,Sin Filtro,Rubio,Normal,f,483
NIF-CHI-VIÑ-9,Mountain Mist Chile,Sin Filtro,Rubio,Normal,f,343
NIF-CHI-VIÑ-9,Mountain Mist Argentina,Con Filtro,Negro,UltraLight,f,97
NIF-CHI-VIÑ-9,Urban Classic Chile,Sin Filtro,Negro,Normal,t,311
NIF-CHI-VIÑ-9,Gold Leaf Reino,Sin Filtro,Negro,Normal,f,99
NIF-CHI-VIÑ-9,Royal Blend Japon,Sin Filtro,Negro,Normal,f,199
NIF-CHI-VIÑ-9,Silver Lining Alemania,Sin Filtro,Negro,Normal,f,120
NIF-CHI-VIÑ-9,Pure Essence Japon,Sin Filtro,Negro,Normal,f,301
NIF-CHI-VIÑ-9,Amber Haze Argentina,Con Filtro,Negro,SuperLight,f,71
NIF-CHI-VIÑ-9,Amber Haze Chile,Con Filtro,Rubio,Light,f,461
NIF-CHI-VIÑ-9,Royal Blend Alemania,Sin Filtro,Negro,Normal,t,280
NIF-CHI-VIÑ-9,Amber Haze Reino,Sin Filtro,Rubio,Normal,t,94
NIF-CHI-VIÑ-9,Midnight Silk Alemania,Sin Filtro,Rubio,Normal,f,425
NIF-CHI-VIÑ-9,Pure Essence Japon,Sin Filtro,Negro,Normal,t,133
NIF-CHI-VIÑ-9,Silver Lining Chile,Con Filtro,Rubio,Light,f,406
NIF-CHI-VIÑ-9,Gold Leaf Japon,Sin Filtro,Negro,Normal,t,451
NIF-CHI-VIÑ-9,Royal Blend Chile,Sin Filtro,Rubio,Normal,t,164
NIF-CHI-VIÑ-9,Gold Leaf Argentina,Sin Filtro,Negro,Normal,f,260
NIF-CHI-VIÑ-10,Midnight Silk Argentina,Sin Filtro,Negro,Normal,t,359
NIF-CHI-VIÑ-10,Midnight Silk Japon,Sin Filtro,Rubio,Normal,f,51
NIF-CHI-VIÑ-10,Pure Essence Reino,Sin Filtro,Negro,Normal,t,173
NIF-CHI-VIÑ-10,Midnight Silk Japon,Con Filtro,Negro,UltraLight,f,124
NIF-CHI-VIÑ-10,Royal Blend Reino,Con Filtro,Negro,Normal,f,147
NIF-CHI-VIÑ-10,Urban Classic Argentina,Con Filtro,Negro,UltraLight,f,487
NIF-CHI-VIÑ-10,Ocean Breeze Reino,Con Filtro,Negro,Normal,t,58
NIF-CHI-VIÑ-10,Highland Peak Reino,Con Filtro,Negro,SuperLight,f,124
NIF-CHI-VIÑ-10,Pure Essence Chile,Con Filtro,Rubio,Normal,t,427
NIF-CHI-VIÑ-10,Highland Peak Chile,Con Filtro,Negro,Normal,f,127
NIF-CHI-VIÑ-10,Silver Lining Alemania,Sin Filtro,Negro,Normal,t,199
NIF-CHI-VIÑ-10,Silver Lining Reino,Con Filtro,Negro,Normal,t,246
NIF-CHI-VIÑ-10,Mountain Mist Reino,Sin Filtro,Rubio,Normal,f,492
NIF-CHI-VIÑ-10,Urban Classic Chile,Con Filtro,Negro,UltraLight,f,450
NIF-CHI-VIÑ-10,Mountain Mist Reino,Sin Filtro,Negro,Normal,t,266
NIF-CHI-VIÑ-11,Highland Peak Reino,Con Filtro,Rubio,Normal,t,215
NIF-CHI-VIÑ-11,Amber Haze Reino,Con Filtro,Rubio,Normal,t,442
NIF-CHI-VIÑ-11,Urban Classic Reino,Sin Filtro,Negro,Normal,f,428
NIF-CHI-VIÑ-11,Gold Leaf Reino,Con Filtro,Negro,SuperLight,f,280
NIF-CHI-VIÑ-11,Pure Essence Chile,Sin Filtro,Negro,Normal,f,384
NIF-CHI-VIÑ-11,Amber Haze Japon,Con Filtro,Rubio,Light,f,334
NIF-CHI-VIÑ-11,Highland Peak Alemania,Sin Filtro,Rubio,Normal,f,414
NIF-CHI-VIÑ-11,Midnight Silk Japon,Sin Filtro,Negro,Normal,f,240
NIF-CHI-VIÑ-11,Urban Classic Japon,Con Filtro,Negro,Normal,f,433
NIF-CHI-VIÑ-11,Silver Lining Alemania,Sin Filtro,Negro,Normal,t,291
NIF-CHI-VIÑ-11,Mountain Mist Japon,Con Filtro,Rubio,Normal,t,97
NIF-CHI-VIÑ-11,Pure Essence Reino,Sin Filtro,Rubio,Normal,f,240
NIF-CHI-VIÑ-11,Midnight Silk Alemania,Sin Filtro,Negro,Normal,t,222
NIF-CHI-VIÑ-12,Mountain Mist Chile,Sin Filtro,Rubio,Normal,f,281
NIF-CHI-VIÑ-12,Pure Essence Argentina,Con Filtro,Rubio,Normal,t,248
NIF-CHI-VIÑ-12,Midnight Silk Japon,Con Filtro,Rubio,Normal,t,113
NIF-CHI-VIÑ-12,Mountain Mist Alemania,Con Filtro,Negro,Normal,t,384
NIF-CHI-VIÑ-12,Mountain Mist Alemania,Sin Filtro,Negro,Normal,f,484
NIF-CHI-VIÑ-12,Silver Lining Argentina,Con Filtro,Negro,Light,f,194
NIF-CHI-VIÑ-12,Urban Classic Chile,Sin Filtro,Rubio,Normal,f,470
NIF-CHI-VIÑ-12,Amber Haze Reino,Con Filtro,Rubio,Normal,t,365
NIF-CHI-VIÑ-12,Midnight Silk Japon,Con Filtro,Rubio,Light,f,118
NIF-CHI-VIÑ-12,Pure Essence Chile,Sin Filtro,Negro,Normal,f,456
NIF-CHI-VIÑ-12,Urban Classic Chile,Sin Filtro,Rubio,Normal,t,348
NIF-CHI-VIÑ-12,Mountain Mist Argentina,Con Filtro,Rubio,SuperLight,f,160
NIF-CHI-VIÑ-12,Mountain Mist Japon,Con Filtro,Negro,Normal,t,245
NIF-CHI-VIÑ-12,Silver Lining Argentina,Con Filtro,Negro,Normal,t,164
NIF-CHI-VIÑ-12,Mountain Mist Chile,Sin Filtro,Negro,Normal,f,408
NIF-CHI-VIÑ-12,Silver Lining Reino,Con Filtro,Negro,UltraLight,f,416
NIF-CHI-VIÑ-12,Royal Blend Argentina,Sin Filtro,Negro,Normal,f,493
NIF-CHI-VIÑ-12,Amber Haze Argentina,Con Filtro,Rubio,Light,f,180
NIF-CHI-VIÑ-12,Urban Classic Alemania,Sin Filtro,Rubio,Normal,t,259
NIF-CHI-VIÑ-12,Royal Blend Reino,Con Filtro,Negro,Normal,t,253
NIF-CHI-VIÑ-12,Royal Blend Alemania,Sin Filtro,Negro,Normal,t,329
NIF-CHI-VIÑ-12,Ocean Breeze Japon,Con Filtro,Rubio,Normal,t,147
NIF-CHI-VIÑ-12,Amber Haze Reino,Sin Filtro,Rubio,Normal,t,427
NIF-CHI-VIÑ-12,Silver Lining Japon,Con Filtro,Negro,SuperLight,f,66
NIF-CHI-VIÑ-12,Pure Essence Reino,Sin Filtro,Negro,Normal,f,100
NIF-CHI-VIÑ-12,Midnight Silk Argentina,Sin Filtro,Rubio,Normal,f,179
NIF-CHI-VIÑ-12,Silver Lining Argentina,Con Filtro,Rubio,Normal,t,405
NIF-CHI-VIÑ-13,Silver Lining Japon,Sin Filtro,Rubio,Normal,f,149
NIF-CHI-VIÑ-13,Ocean Breeze Alemania,Con Filtro,Rubio,Normal,t,249
NIF-CHI-VIÑ-13,Amber Haze Alemania,Con Filtro,Negro,Normal,t,415
NIF-CHI-VIÑ-13,Urban Classic Alemania,Con Filtro,Negro,Normal,t,381
NIF-CHI-VIÑ-13,Pure Essence Argentina,Con Filtro,Rubio,Normal,t,248
NIF-CHI-VIÑ-13,Amber Haze Argentina,Sin Filtro,Negro,Normal,t,131
NIF-CHI-VIÑ-13,Amber Haze Alemania,Sin Filtro,Negro,Normal,t,58
NIF-CHI-VIÑ-13,Gold Leaf Japon,Sin Filtro,Rubio,Normal,t,214
NIF-CHI-VIÑ-13,Midnight Silk Alemania,Con Filtro,Rubio,Normal,t,122
NIF-CHI-VIÑ-13,Highland Peak Reino,Sin Filtro,Rubio,Normal,t,85
NIF-CHI-VIÑ-13,Amber Haze Argentina,Sin Filtro,Rubio,Normal,t,355
NIF-CHI-VIÑ-13,Mountain Mist Argentina,Sin Filtro,Rubio,Normal,t,194
NIF-CHI-VIÑ-13,Ocean Breeze Japon,Sin Filtro,Rubio,Normal,t,241
NIF-CHI-VIÑ-13,Midnight Silk Chile,Con Filtro,Negro,UltraLight,f,493
NIF-CHI-VIÑ-14,Mountain Mist Japon,Sin Filtro,Rubio,Normal,f,486
NIF-CHI-VIÑ-14,Mountain Mist Japon,Con Filtro,Rubio,Normal,t,58
NIF-CHI-VIÑ-14,Pure Essence Japon,Sin Filtro,Negro,Normal,f,368
NIF-CHI-VIÑ-14,Urban Classic Argentina,Sin Filtro,Rubio,Normal,t,96
NIF-CHI-VIÑ-14,Royal Blend Japon,Sin Filtro,Rubio,Normal,t,141
NIF-CHI-VIÑ-14,Amber Haze Japon,Sin Filtro,Rubio,Normal,f,74
NIF-CHI-VIÑ-14,Pure Essence Reino,Con Filtro,Rubio,Normal,f,304
NIF-CHI-VIÑ-14,Highland Peak Argentina,Sin Filtro,Rubio,Normal,f,208
NIF-CHI-VIÑ-14,Midnight Silk Chile,Con Filtro,Negro,Normal,t,487
NIF-CHI-VIÑ-14,Ocean Breeze Argentina,Con Filtro,Negro,Normal,t,233
NIF-CHI-VIÑ-14,Urban Classic Chile,Con Filtro,Negro,UltraLight,f,219
NIF-CHI-VIÑ-14,Urban Classic Chile,Sin Filtro,Rubio,Normal,f,85
NIF-CHI-VIÑ-14,Pure Essence Alemania,Sin Filtro,Rubio,Normal,f,247
NIF-CHI-VIÑ-14,Gold Leaf Argentina,Sin Filtro,Rubio,Normal,f,235
NIF-CHI-VIÑ-14,Pure Essence Reino,Sin Filtro,Rubio,Normal,t,445
NIF-CHI-VIÑ-14,Amber Haze Reino,Sin Filtro,Rubio,Normal,t,443
NIF-CHI-VIÑ-14,Ocean Breeze Alemania,Sin Filtro,Negro,Normal,t,276
NIF-CHI-VIÑ-14,Amber Haze Chile,Con Filtro,Negro,Light,f,439
NIF-CHI-VIÑ-14,Mountain Mist Alemania,Sin Filtro,Rubio,Normal,f,338
NIF-CHI-VIÑ-14,Urban Classic Reino,Con Filtro,Rubio,Normal,f,314
NIF-CHI-VIÑ-14,Royal Blend Argentina,Con Filtro,Rubio,Light,f,219
NIF-CHI-VIÑ-15,Urban Classic Argentina,Con Filtro,Negro,Normal,f,295
NIF-CHI-VIÑ-15,Midnight Silk Japon,Sin Filtro,Negro,Normal,f,130
NIF-CHI-VIÑ-15,Mountain Mist Chile,Sin Filtro,Rubio,Normal,f,103
NIF-CHI-VIÑ-15,Ocean Breeze Japon,Sin Filtro,Rubio,Normal,t,284
NIF-CHI-VIÑ-15,Mountain Mist Chile,Con Filtro,Rubio,Normal,t,289
NIF-CHI-VIÑ-15,Pure Essence Alemania,Sin Filtro,Rubio,Normal,f,389
NIF-CHI-VIÑ-15,Ocean Breeze Chile,Sin Filtro,Negro,Normal,f,56
NIF-CHI-VIÑ-15,Highland Peak Reino,Con Filtro,Rubio,Normal,t,308
NIF-CHI-VIÑ-15,Amber Haze Alemania,Sin Filtro,Negro,Normal,t,475
NIF-CHI-VIÑ-15,Highland Peak Reino,Sin Filtro,Rubio,Normal,t,246
NIF-CHI-VIÑ-15,Silver Lining Chile,Sin Filtro,Rubio,Normal,t,92
NIF-CHI-VAL-1,Silver Lining Chile,Con Filtro,Rubio,Normal,f,62
NIF-CHI-VAL-1,Midnight Silk Chile,Con Filtro,Rubio,Normal,t,446
NIF-CHI-VAL-1,Pure Essence Reino,Sin Filtro,Rubio,Normal,t,386
NIF-CHI-VAL-1,Midnight Silk Japon,Con Filtro,Rubio,Light,f,291
NIF-CHI-VAL-1,Mountain Mist Chile,Sin Filtro,Rubio,Normal,f,296
NIF-CHI-VAL-1,Midnight Silk Reino,Con Filtro,Negro,UltraLight,f,274
NIF-CHI-VAL-1,Ocean Breeze Japon,Sin Filtro,Negro,Normal,t,496
NIF-CHI-VAL-1,Midnight Silk Reino,Sin Filtro,Negro,Normal,f,345
NIF-CHI-VAL-1,Highland Peak Argentina,Sin Filtro,Rubio,Normal,f,89
NIF-CHI-VAL-1,Urban Classic Chile,Sin Filtro,Rubio,Normal,t,206
NIF-CHI-VAL-1,Pure Essence Chile,Con Filtro,Negro,SuperLight,f,73
NIF-CHI-VAL-1,Mountain Mist Alemania,Sin Filtro,Rubio,Normal,f,235
NIF-CHI-VAL-1,Silver Lining Alemania,Sin Filtro,Rubio,Normal,f,83
NIF-CHI-VAL-2,Midnight Silk Argentina,Sin Filtro,Rubio,Normal,f,416
NIF-CHI-VAL-2,Mountain Mist Alemania,Sin Filtro,Rubio,Normal,t,358
NIF-CHI-VAL-2,Amber Haze Japon,Sin Filtro,Rubio,Normal,f,410
NIF-CHI-VAL-2,Urban Classic Japon,Sin Filtro,Rubio,Normal,t,51
NIF-CHI-VAL-2,Gold Leaf Alemania,Sin Filtro,Negro,Normal,t,324
NIF-CHI-VAL-2,Midnight Silk Reino,Sin Filtro,Rubio,Normal,f,493
NIF-CHI-VAL-2,Silver Lining Chile,Con Filtro,Negro,Normal,t,54
NIF-CHI-VAL-2,Urban Classic Reino,Con Filtro,Negro,Normal,t,316
NIF-CHI-VAL-2,Midnight Silk Chile,Con Filtro,Negro,UltraLight,f,260
NIF-CHI-VAL-2,Urban Classic Reino,Con Filtro,Negro,Normal,t,327
NIF-CHI-VAL-2,Royal Blend Japon,Con Filtro,Rubio,SuperLight,f,230
NIF-CHI-VAL-3,Mountain Mist Chile,Sin Filtro,Rubio,Normal,f,80
NIF-CHI-VAL-3,Amber Haze Reino,Sin Filtro,Negro,Normal,t,238
NIF-CHI-VAL-3,Silver Lining Chile,Sin Filtro,Rubio,Normal,t,120
NIF-CHI-VAL-3,Midnight Silk Japon,Sin Filtro,Rubio,Normal,f,463
NIF-CHI-VAL-3,Gold Leaf Japon,Con Filtro,Negro,SuperLight,f,86
NIF-CHI-VAL-3,Mountain Mist Argentina,Con Filtro,Rubio,Normal,t,204
NIF-CHI-VAL-3,Ocean Breeze Reino,Sin Filtro,Rubio,Normal,f,153
NIF-CHI-VAL-3,Royal Blend Chile,Con Filtro,Rubio,SuperLight,f,199
NIF-CHI-VAL-3,Ocean Breeze Chile,Con Filtro,Negro,Normal,f,211
NIF-CHI-VAL-3,Royal Blend Reino,Sin Filtro,Rubio,Normal,t,263
NIF-CHI-VAL-3,Gold Leaf Japon,Sin Filtro,Rubio,Normal,t,322
NIF-CHI-VAL-4,Silver Lining Chile,Sin Filtro,Rubio,Normal,t,203
NIF-CHI-VAL-4,Royal Blend Chile,Con Filtro,Negro,Normal,t,403
NIF-CHI-VAL-4,Ocean Breeze Japon,Con Filtro,Rubio,Normal,f,272
NIF-CHI-VAL-4,Amber Haze Chile,Sin Filtro,Rubio,Normal,t,146
NIF-CHI-VAL-4,Highland Peak Chile,Con Filtro,Negro,Normal,f,416
NIF-CHI-VAL-4,Silver Lining Alemania,Sin Filtro,Rubio,Normal,f,210
NIF-CHI-VAL-4,Midnight Silk Japon,Con Filtro,Rubio,Normal,f,420
NIF-CHI-VAL-4,Midnight Silk Chile,Con Filtro,Negro,Normal,t,455
NIF-CHI-VAL-4,Silver Lining Argentina,Con Filtro,Rubio,Normal,f,92
NIF-CHI-VAL-4,Urban Classic Argentina,Sin Filtro,Rubio,Normal,f,324
NIF-CHI-VAL-4,Silver Lining Japon,Sin Filtro,Negro,Normal,f,154
NIF-CHI-VAL-4,Royal Blend Alemania,Sin Filtro,Rubio,Normal,t,287
NIF-CHI-VAL-4,Highland Peak Argentina,Sin Filtro,Negro,Normal,f,480
NIF-CHI-VAL-4,Mountain Mist Argentina,Con Filtro,Rubio,SuperLight,f,88
NIF-CHI-VAL-5,Highland Peak Japon,Sin Filtro,Negro,Normal,f,289
NIF-CHI-VAL-5,Pure Essence Japon,Sin Filtro,Negro,Normal,f,412
NIF-CHI-VAL-5,Ocean Breeze Argentina,Con Filtro,Negro,SuperLight,f,107
NIF-CHI-VAL-5,Royal Blend Alemania,Con Filtro,Negro,Normal,t,325
NIF-CHI-VAL-5,Royal Blend Chile,Con Filtro,Negro,Normal,t,282
NIF-CHI-VAL-5,Mountain Mist Chile,Sin Filtro,Rubio,Normal,f,345
NIF-CHI-VAL-5,Silver Lining Argentina,Con Filtro,Rubio,Normal,t,436
NIF-CHI-VAL-5,Urban Classic Argentina,Sin Filtro,Negro,Normal,t,223
NIF-CHI-VAL-5,Urban Classic Japon,Sin Filtro,Negro,Normal,f,171
NIF-CHI-VAL-5,Amber Haze Argentina,Con Filtro,Negro,Normal,t,279
NIF-CHI-VAL-5,Gold Leaf Alemania,Sin Filtro,Negro,Normal,t,334
NIF-CHI-VAL-5,Gold Leaf Chile,Sin Filtro,Negro,Normal,t,150
NIF-CHI-VAL-5,Amber Haze Argentina,Con Filtro,Rubio,Normal,t,125
NIF-CHI-VAL-5,Highland Peak Japon,Con Filtro,Rubio,Normal,t,332
NIF-CHI-VAL-5,Gold Leaf Alemania,Sin Filtro,Negro,Normal,f,417
NIF-CHI-VAL-6,Mountain Mist Alemania,Sin Filtro,Negro,Normal,t,324
NIF-CHI-VAL-6,Silver Lining Argentina,Con Filtro,Negro,Normal,t,379
NIF-CHI-VAL-6,Midnight Silk Argentina,Sin Filtro,Rubio,Normal,t,417
NIF-CHI-VAL-6,Pure Essence Reino,Con Filtro,Rubio,Normal,f,252
NIF-CHI-VAL-6,Royal Blend Reino,Con Filtro,Rubio,Normal,t,214
NIF-CHI-VAL-6,Royal Blend Argentina,Con Filtro,Negro,Normal,t,425
NIF-CHI-VAL-6,Ocean Breeze Argentina,Sin Filtro,Negro,Normal,f,380
NIF-CHI-VAL-6,Mountain Mist Chile,Sin Filtro,Negro,Normal,f,150
NIF-CHI-VAL-6,Mountain Mist Alemania,Sin Filtro,Rubio,Normal,f,449
NIF-CHI-VAL-6,Silver Lining Alemania,Sin Filtro,Negro,Normal,t,222
NIF-CHI-VAL-7,Ocean Breeze Reino,Sin Filtro,Negro,Normal,t,198
NIF-CHI-VAL-7,Highland Peak Chile,Con Filtro,Negro,Normal,f,383
NIF-CHI-VAL-7,Royal Blend Japon,Sin Filtro,Negro,Normal,t,441
NIF-CHI-VAL-7,Ocean Breeze Chile,Sin Filtro,Negro,Normal,f,329
NIF-CHI-VAL-7,Midnight Silk Reino,Con Filtro,Negro,Normal,t,181
NIF-CHI-VAL-7,Highland Peak Reino,Con Filtro,Negro,SuperLight,f,211
NIF-CHI-VAL-7,Royal Blend Japon,Sin Filtro,Rubio,Normal,t,177
NIF-CHI-VAL-7,Highland Peak Reino,Con Filtro,Rubio,Normal,t,423
NIF-CHI-VAL-7,Amber Haze Reino,Con Filtro,Rubio,Normal,t,106
NIF-CHI-VAL-7,Amber Haze Alemania,Sin Filtro,Rubio,Normal,f,345
NIF-CHI-VAL-7,Midnight Silk Chile,Con Filtro,Negro,Normal,t,493
NIF-CHI-VAL-7,Pure Essence Chile,Sin Filtro,Rubio,Normal,f,125
NIF-CHI-VAL-7,Mountain Mist Reino,Sin Filtro,Negro,Normal,t,324
NIF-CHI-VAL-7,Gold Leaf Argentina,Con Filtro,Rubio,Light,f,388
NIF-CHI-VAL-7,Ocean Breeze Chile,Sin Filtro,Negro,Normal,f,114
NIF-CHI-VAL-7,Highland Peak Alemania,Con Filtro,Rubio,SuperLight,f,95
NIF-CHI-VAL-7,Highland Peak Argentina,Sin Filtro,Rubio,Normal,f,112
NIF-CHI-VAL-7,Pure Essence Japon,Con Filtro,Negro,Light,f,425
NIF-CHI-VAL-7,Royal Blend Chile,Con Filtro,Negro,Normal,t,342
NIF-CHI-VAL-7,Royal Blend Reino,Con Filtro,Negro,Light,f,67
NIF-CHI-VAL-7,Ocean Breeze Japon,Sin Filtro,Negro,Normal,t,328
NIF-CHI-VAL-7,Midnight Silk Reino,Sin Filtro,Rubio,Normal,t,350
NIF-CHI-VAL-7,Mountain Mist Alemania,Sin Filtro,Rubio,Normal,f,217
NIF-CHI-VAL-7,Gold Leaf Argentina,Sin Filtro,Rubio,Normal,f,490
NIF-CHI-VAL-7,Silver Lining Alemania,Con Filtro,Negro,Normal,t,335
NIF-CHI-VAL-8,Silver Lining Argentina,Con Filtro,Rubio,Normal,t,83
NIF-CHI-VAL-8,Amber Haze Argentina,Con Filtro,Rubio,Light,f,173
NIF-CHI-VAL-8,Midnight Silk Argentina,Sin Filtro,Negro,Normal,f,178
NIF-CHI-VAL-8,Pure Essence Argentina,Con Filtro,Rubio,Normal,t,134
NIF-CHI-VAL-8,Royal Blend Chile,Sin Filtro,Negro,Normal,f,410
NIF-CHI-VAL-8,Urban Classic Alemania,Sin Filtro,Negro,Normal,f,240
NIF-CHI-VAL-8,Ocean Breeze Alemania,Sin Filtro,Negro,Normal,t,262
NIF-CHI-VAL-8,Pure Essence Chile,Sin Filtro,Negro,Normal,f,417
NIF-CHI-VAL-8,Ocean Breeze Chile,Con Filtro,Rubio,UltraLight,f,337
NIF-CHI-VAL-8,Midnight Silk Alemania,Sin Filtro,Negro,Normal,t,104
NIF-CHI-VAL-8,Ocean Breeze Chile,Con Filtro,Negro,Normal,f,144
NIF-CHI-VAL-8,Royal Blend Japon,Sin Filtro,Rubio,Normal,t,328
NIF-CHI-VAL-8,Pure Essence Chile,Con Filtro,Rubio,Normal,t,91
NIF-CHI-VAL-8,Pure Essence Chile,Con Filtro,Negro,Normal,t,204
NIF-CHI-VAL-8,Pure Essence Reino,Sin Filtro,Negro,Normal,t,337
NIF-CHI-VAL-9,Royal Blend Reino,Con Filtro,Rubio,Normal,t,394
NIF-CHI-VAL-9,Royal Blend Argentina,Con Filtro,Negro,Light,f,365
NIF-CHI-VAL-9,Royal Blend Argentina,Con Filtro,Rubio,UltraLight,f,164
NIF-CHI-VAL-9,Silver Lining Argentina,Con Filtro,Negro,Normal,t,462
NIF-CHI-VAL-9,Urban Classic Alemania,Sin Filtro,Rubio,Normal,t,238
NIF-CHI-VAL-9,Pure Essence Reino,Sin Filtro,Negro,Normal,t,89
NIF-CHI-VAL-9,Pure Essence Alemania,Sin Filtro,Rubio,Normal,t,262
NIF-CHI-VAL-9,Amber Haze Argentina,Con Filtro,Negro,Normal,t,197
NIF-CHI-VAL-9,Royal Blend Argentina,Con Filtro,Rubio,Light,f,276
NIF-CHI-VAL-9,Silver Lining Reino,Sin Filtro,Negro,Normal,f,328
NIF-CHI-VAL-9,Silver Lining Japon,Sin Filtro,Rubio,Normal,f,235
NIF-CHI-VAL-9,Mountain Mist Reino,Sin Filtro,Negro,Normal,f,444
NIF-CHI-VAL-9,Amber Haze Alemania,Sin Filtro,Rubio,Normal,f,165
NIF-CHI-VAL-9,Highland Peak Japon,Sin Filtro,Negro,Normal,f,444
NIF-CHI-VAL-9,Royal Blend Alemania,Sin Filtro,Rubio,Normal,t,316
NIF-CHI-VAL-9,Pure Essence Reino,Sin Filtro,Rubio,Normal,t,180
NIF-CHI-VAL-9,Highland Peak Reino,Con Filtro,Negro,SuperLight,f,108
NIF-CHI-VAL-9,Pure Essence Japon,Sin Filtro,Rubio,Normal,t,357
NIF-CHI-VAL-9,Highland Peak Alemania,Sin Filtro,Negro,Normal,t,471
NIF-CHI-VAL-9,Mountain Mist Reino,Con Filtro,Negro,SuperLight,f,447
NIF-CHI-VAL-9,Urban Classic Argentina,Sin Filtro,Rubio,Normal,t,179
NIF-CHI-VAL-9,Urban Classic Chile,Sin Filtro,Rubio,Normal,f,320
NIF-CHI-VAL-9,Silver Lining Chile,Sin Filtro,Rubio,Normal,t,367
NIF-CHI-VAL-9,Royal Blend Argentina,Sin Filtro,Negro,Normal,t,472
NIF-CHI-VAL-10,Pure Essence Alemania,Sin Filtro,Rubio,Normal,t,500
NIF-CHI-VAL-10,Gold Leaf Argentina,Con Filtro,Rubio,Normal,t,157
NIF-CHI-VAL-10,Pure Essence Chile,Con Filtro,Negro,SuperLight,f,360
NIF-CHI-VAL-10,Silver Lining Japon,Sin Filtro,Rubio,Normal,f,96
NIF-CHI-VAL-10,Mountain Mist Alemania,Sin Filtro,Rubio,Normal,t,386
NIF-CHI-VAL-10,Midnight Silk Reino,Con Filtro,Negro,Normal,t,142
NIF-CHI-VAL-10,Highland Peak Alemania,Sin Filtro,Rubio,Normal,t,343
NIF-CHI-VAL-10,Silver Lining Reino,Con Filtro,Negro,SuperLight,f,71
NIF-CHI-VAL-10,Royal Blend Chile,Sin Filtro,Negro,Normal,f,227
NIF-CHI-VAL-10,Mountain Mist Japon,Con Filtro,Negro,Normal,t,76
NIF-CHI-VAL-10,Mountain Mist Japon,Sin Filtro,Rubio,Normal,t,170
NIF-CHI-VAL-10,Mountain Mist Argentina,Sin Filtro,Negro,Normal,t,162
NIF-CHI-VAL-10,Midnight Silk Reino,Sin Filtro,Rubio,Normal,f,441
NIF-CHI-VAL-10,Amber Haze Japon,Con Filtro,Rubio,Normal,t,357
NIF-CHI-VAL-10,Royal Blend Chile,Con Filtro,Rubio,UltraLight,f,121
NIF-CHI-VAL-10,Urban Classic Chile,Sin Filtro,Rubio,Normal,f,182
NIF-CHI-VAL-10,Ocean Breeze Argentina,Con Filtro,Rubio,Light,f,220
NIF-CHI-VAL-10,Pure Essence Reino,Sin Filtro,Negro,Normal,f,150
NIF-CHI-VAL-10,Silver Lining Reino,Con Filtro,Negro,Normal,t,324
NIF-CHI-VAL-11,Mountain Mist Japon,Sin Filtro,Negro,Normal,t,336
NIF-CHI-VAL-11,Gold Leaf Argentina,Sin Filtro,Negro,Normal,t,107
NIF-CHI-VAL-11,Midnight Silk Argentina,Sin Filtro,Negro,Normal,t,64
NIF-CHI-VAL-11,Urban Classic Alemania,Con Filtro,Negro,Normal,t,475
NIF-CHI-VAL-11,Silver Lining Japon,Con Filtro,Rubio,Normal,f,180
NIF-CHI-VAL-11,Royal Blend Reino,Con Filtro,Negro,Light,f,427
NIF-CHI-VAL-11,Urban Classic Japon,Sin Filtro,Rubio,Normal,f,338
NIF-CHI-VAL-11,Amber Haze Japon,Con Filtro,Rubio,Light,f,126
NIF-CHI-VAL-11,Amber Haze Argentina,Con Filtro,Rubio,Light,f,342
NIF-CHI-VAL-11,Royal Blend Chile,Con Filtro,Negro,Normal,t,226
NIF-CHI-VAL-11,Midnight Silk Reino,Con Filtro,Negro,Normal,t,165
NIF-CHI-VAL-11,Highland Peak Chile,Con Filtro,Negro,Light,f,253
NIF-CHI-VAL-11,Gold Leaf Chile,Con Filtro,Rubio,UltraLight,f,160
NIF-CHI-VAL-11,Silver Lining Argentina,Con Filtro,Negro,Normal,t,119
NIF-CHI-VAL-11,Amber Haze Alemania,Con Filtro,Negro,Normal,f,330
NIF-CHI-VAL-11,Pure Essence Alemania,Sin Filtro,Rubio,Normal,f,166
NIF-CHI-VAL-11,Urban Classic Argentina,Sin Filtro,Rubio,Normal,f,318
NIF-CHI-VAL-11,Amber Haze Alemania,Sin Filtro,Rubio,Normal,f,169
NIF-CHI-VAL-11,Ocean Breeze Argentina,Con Filtro,Negro,Normal,t,242
NIF-CHI-VAL-11,Highland Peak Alemania,Sin Filtro,Rubio,Normal,t,274
NIF-CHI-VAL-11,Royal Blend Japon,Sin Filtro,Rubio,Normal,t,196
NIF-CHI-VAL-11,Highland Peak Chile,Con Filtro,Negro,Normal,f,378
NIF-CHI-VAL-11,Midnight Silk Japon,Con Filtro,Negro,SuperLight,f,394
NIF-CHI-VAL-12,Highland Peak Chile,Con Filtro,Negro,Normal,t,235
NIF-CHI-VAL-12,Silver Lining Reino,Sin Filtro,Rubio,Normal,f,397
NIF-CHI-VAL-12,Royal Blend Japon,Sin Filtro,Negro,Normal,f,152
NIF-CHI-VAL-12,Gold Leaf Argentina,Sin Filtro,Rubio,Normal,f,123
NIF-CHI-VAL-12,Mountain Mist Argentina,Sin Filtro,Rubio,Normal,t,359
NIF-CHI-VAL-12,Royal Blend Japon,Sin Filtro,Rubio,Normal,t,458
NIF-CHI-VAL-12,Highland Peak Argentina,Con Filtro,Rubio,SuperLight,f,467
NIF-CHI-VAL-12,Amber Haze Alemania,Con Filtro,Rubio,Normal,t,160
NIF-CHI-VAL-12,Royal Blend Japon,Sin Filtro,Rubio,Normal,f,157
NIF-CHI-VAL-12,Pure Essence Alemania,Sin Filtro,Rubio,Normal,t,483
NIF-CHI-VAL-12,Ocean Breeze Reino,Con Filtro,Rubio,UltraLight,f,151
NIF-CHI-VAL-12,Royal Blend Reino,Con Filtro,Negro,Light,f,386
NIF-CHI-VAL-12,Ocean Breeze Alemania,Con Filtro,Rubio,Normal,t,481
NIF-CHI-VAL-12,Silver Lining Japon,Con Filtro,Rubio,Normal,f,190
NIF-CHI-VAL-12,Midnight Silk Japon,Con Filtro,Negro,UltraLight,f,78
NIF-CHI-VAL-13,Silver Lining Argentina,Con Filtro,Negro,Light,f,287
NIF-CHI-VAL-13,Highland Peak Alemania,Sin Filtro,Negro,Normal,t,205
NIF-CHI-VAL-13,Ocean Breeze Chile,Sin Filtro,Negro,Normal,f,279
NIF-CHI-VAL-13,Silver Lining Japon,Sin Filtro,Rubio,Normal,f,316
NIF-CHI-VAL-13,Urban Classic Argentina,Con Filtro,Negro,UltraLight,f,343
NIF-CHI-VAL-13,Royal Blend Alemania,Sin Filtro,Rubio,Normal,t,95
NIF-CHI-VAL-13,Pure Essence Argentina,Con Filtro,Rubio,SuperLight,f,392
NIF-CHI-VAL-13,Highland Peak Reino,Sin Filtro,Rubio,Normal,t,423
NIF-CHI-VAL-13,Gold Leaf Alemania,Sin Filtro,Negro,Normal,f,448
NIF-CHI-VAL-13,Ocean Breeze Alemania,Con Filtro,Negro,SuperLight,f,111
NIF-CHI-VAL-13,Highland Peak Japon,Con Filtro,Negro,Normal,f,192
NIF-CHI-VAL-13,Royal Blend Argentina,Con Filtro,Negro,SuperLight,f,312
NIF-CHI-VAL-13,Highland Peak Alemania,Sin Filtro,Negro,Normal,f,347
NIF-CHI-VAL-13,Mountain Mist Chile,Con Filtro,Rubio,Normal,t,322
NIF-CHI-VAL-13,Midnight Silk Alemania,Sin Filtro,Negro,Normal,t,94
NIF-CHI-VAL-13,Urban Classic Argentina,Con Filtro,Rubio,Normal,t,376
NIF-CHI-VAL-14,Ocean Breeze Chile,Con Filtro,Negro,Normal,t,414
NIF-CHI-VAL-14,Mountain Mist Reino,Sin Filtro,Negro,Normal,f,362
NIF-CHI-VAL-14,Ocean Breeze Japon,Sin Filtro,Negro,Normal,t,306
NIF-CHI-VAL-14,Pure Essence Chile,Con Filtro,Negro,Normal,t,51
NIF-CHI-VAL-14,Mountain Mist Alemania,Sin Filtro,Rubio,Normal,f,107
NIF-CHI-VAL-14,Pure Essence Alemania,Sin Filtro,Rubio,Normal,t,86
NIF-CHI-VAL-14,Highland Peak Japon,Sin Filtro,Rubio,Normal,t,374
NIF-CHI-VAL-14,Urban Classic Alemania,Con Filtro,Negro,Normal,t,173
NIF-CHI-VAL-14,Silver Lining Chile,Con Filtro,Rubio,Normal,f,321
NIF-CHI-VAL-14,Urban Classic Japon,Con Filtro,Negro,SuperLight,f,102
NIF-CHI-VAL-14,Silver Lining Reino,Con Filtro,Negro,Normal,t,466
NIF-CHI-VAL-14,Mountain Mist Argentina,Con Filtro,Negro,Light,f,482
NIF-CHI-VAL-14,Urban Classic Reino,Sin Filtro,Negro,Normal,f,185
NIF-CHI-VAL-14,Highland Peak Alemania,Sin Filtro,Negro,Normal,t,450
NIF-CHI-VAL-14,Pure Essence Alemania,Con Filtro,Negro,Normal,f,112
NIF-CHI-VAL-14,Ocean Breeze Alemania,Con Filtro,Rubio,Normal,t,72
NIF-CHI-VAL-14,Highland Peak Chile,Con Filtro,Negro,Normal,t,452
NIF-CHI-VAL-14,Ocean Breeze Alemania,Con Filtro,Negro,Light,f,450
NIF-CHI-VAL-14,Midnight Silk Chile,Con Filtro,Negro,Normal,t,258
NIF-CHI-VAL-14,Pure Essence Alemania,Sin Filtro,Rubio,Normal,t,388
NIF-CHI-VAL-14,Midnight Silk Chile,Con Filtro,Negro,Normal,t,53
NIF-CHI-VAL-14,Royal Blend Alemania,Con Filtro,Negro,Normal,t,131
NIF-CHI-VAL-14,Pure Essence Reino,Sin Filtro,Rubio,Normal,f,341
NIF-CHI-VAL-14,Ocean Breeze Chile,Sin Filtro,Negro,Normal,f,62
NIF-CHI-VAL-14,Mountain Mist Reino,Sin Filtro,Negro,Normal,f,421
NIF-CHI-VAL-14,Urban Classic Argentina,Con Filtro,Rubio,Normal,t,356
NIF-CHI-VAL-14,Silver Lining Argentina,Con Filtro,Rubio,Normal,t,229
NIF-CHI-VAL-15,Midnight Silk Alemania,Con Filtro,Negro,Normal,t,292
NIF-CHI-VAL-15,Urban Classic Reino,Con Filtro,Negro,Normal,t,145
NIF-CHI-VAL-15,Highland Peak Alemania,Con Filtro,Negro,Normal,f,366
NIF-CHI-VAL-15,Urban Classic Japon,Con Filtro,Negro,SuperLight,f,166
NIF-CHI-VAL-15,Ocean Breeze Argentina,Con Filtro,Rubio,Normal,t,443
NIF-CHI-VAL-15,Midnight Silk Alemania,Sin Filtro,Rubio,Normal,f,165
NIF-CHI-VAL-15,Mountain Mist Alemania,Con Filtro,Negro,Normal,t,406
NIF-CHI-VAL-15,Royal Blend Reino,Con Filtro,Rubio,Normal,t,475
NIF-CHI-VAL-15,Mountain Mist Japon,Sin Filtro,Rubio,Normal,f,91
NIF-CHI-VAL-15,Royal Blend Alemania,Con Filtro,Negro,Light,f,327
NIF-CHI-VAL-15,Silver Lining Alemania,Sin Filtro,Negro,Normal,t,369
NIF-CHI-VAL-15,Pure Essence Reino,Con Filtro,Negro,Normal,f,123
NIF-CHI-VAL-15,Pure Essence Reino,Con Filtro,Rubio,Normal,f,85
NIF-CHI-VAL-15,Urban Classic Reino,Con Filtro,Rubio,Normal,t,256
NIF-CHI-QUI-1,Silver Lining Japon,Sin Filtro,Rubio,Normal,f,111
NIF-CHI-QUI-1,Highland Peak Japon,Sin Filtro,Negro,Normal,f,120
NIF-CHI-QUI-1,Silver Lining Argentina,Con Filtro,Rubio,Normal,t,87
NIF-CHI-QUI-1,Gold Leaf Alemania,Sin Filtro,Negro,Normal,f,281
NIF-CHI-QUI-1,Gold Leaf Chile,Sin Filtro,Negro,Normal,t,199
NIF-CHI-QUI-1,Urban Classic Chile,Sin Filtro,Rubio,Normal,t,326
NIF-CHI-QUI-1,Urban Classic Argentina,Con Filtro,Negro,UltraLight,f,341
NIF-CHI-QUI-1,Urban Classic Argentina,Sin Filtro,Negro,Normal,f,74
NIF-CHI-QUI-1,Amber Haze Chile,Sin Filtro,Negro,Normal,f,170
NIF-CHI-QUI-1,Gold Leaf Argentina,Con Filtro,Rubio,Normal,t,309
NIF-CHI-QUI-1,Midnight Silk Japon,Con Filtro,Rubio,Light,f,205
NIF-CHI-QUI-1,Gold Leaf Argentina,Con Filtro,Rubio,Light,f,52
NIF-CHI-QUI-1,Silver Lining Chile,Con Filtro,Rubio,Normal,f,184
NIF-CHI-QUI-1,Gold Leaf Reino,Con Filtro,Negro,SuperLight,f,465
NIF-CHI-QUI-1,Mountain Mist Chile,Sin Filtro,Rubio,Normal,t,308
NIF-CHI-QUI-1,Pure Essence Japon,Con Filtro,Negro,UltraLight,f,101
NIF-CHI-QUI-1,Royal Blend Reino,Con Filtro,Rubio,Normal,t,245
NIF-CHI-QUI-1,Amber Haze Japon,Sin Filtro,Rubio,Normal,f,417
NIF-CHI-QUI-1,Ocean Breeze Japon,Sin Filtro,Rubio,Normal,t,457
NIF-CHI-QUI-1,Silver Lining Japon,Sin Filtro,Negro,Normal,f,498
NIF-CHI-QUI-1,Pure Essence Reino,Con Filtro,Negro,Normal,f,176
NIF-CHI-QUI-1,Pure Essence Reino,Sin Filtro,Negro,Normal,t,279
NIF-CHI-QUI-2,Gold Leaf Argentina,Con Filtro,Rubio,Normal,t,210
NIF-CHI-QUI-2,Midnight Silk Reino,Con Filtro,Negro,Normal,t,403
NIF-CHI-QUI-2,Silver Lining Japon,Con Filtro,Rubio,Light,f,207
NIF-CHI-QUI-2,Amber Haze Argentina,Sin Filtro,Rubio,Normal,t,453
NIF-CHI-QUI-2,Midnight Silk Japon,Con Filtro,Rubio,Normal,t,175
NIF-CHI-QUI-2,Urban Classic Reino,Con Filtro,Rubio,Normal,t,177
NIF-CHI-QUI-2,Pure Essence Alemania,Sin Filtro,Rubio,Normal,t,378
NIF-CHI-QUI-2,Silver Lining Reino,Con Filtro,Rubio,UltraLight,f,371
NIF-CHI-QUI-2,Silver Lining Argentina,Con Filtro,Rubio,Normal,t,339
NIF-CHI-QUI-2,Royal Blend Alemania,Con Filtro,Negro,Normal,t,223
NIF-CHI-QUI-2,Mountain Mist Argentina,Con Filtro,Negro,Light,f,490
NIF-CHI-QUI-3,Silver Lining Alemania,Con Filtro,Negro,Normal,t,90
NIF-CHI-QUI-3,Silver Lining Alemania,Sin Filtro,Negro,Normal,t,353
NIF-CHI-QUI-3,Royal Blend Chile,Sin Filtro,Negro,Normal,f,382
NIF-CHI-QUI-3,Mountain Mist Japon,Con Filtro,Rubio,Normal,t,143
NIF-CHI-QUI-3,Silver Lining Chile,Sin Filtro,Rubio,Normal,t,130
NIF-CHI-QUI-3,Mountain Mist Japon,Con Filtro,Negro,Normal,t,304
NIF-CHI-QUI-3,Pure Essence Japon,Sin Filtro,Negro,Normal,t,214
NIF-CHI-QUI-3,Silver Lining Reino,Con Filtro,Negro,Normal,t,335
NIF-CHI-QUI-3,Mountain Mist Argentina,Con Filtro,Negro,Light,f,297
NIF-CHI-QUI-3,Royal Blend Argentina,Sin Filtro,Negro,Normal,f,437
NIF-CHI-QUI-3,Amber Haze Reino,Sin Filtro,Rubio,Normal,f,50
NIF-CHI-QUI-3,Midnight Silk Argentina,Sin Filtro,Rubio,Normal,t,385
NIF-CHI-QUI-3,Pure Essence Alemania,Sin Filtro,Negro,Normal,f,86
NIF-CHI-QUI-3,Silver Lining Chile,Con Filtro,Negro,SuperLight,f,190
NIF-CHI-QUI-3,Ocean Breeze Chile,Con Filtro,Negro,Normal,t,54
NIF-CHI-QUI-3,Gold Leaf Reino,Sin Filtro,Rubio,Normal,f,245
NIF-CHI-QUI-3,Pure Essence Japon,Sin Filtro,Rubio,Normal,f,442
NIF-CHI-QUI-3,Silver Lining Alemania,Sin Filtro,Negro,Normal,t,114
NIF-CHI-QUI-3,Urban Classic Argentina,Sin Filtro,Negro,Normal,f,68
NIF-CHI-QUI-3,Highland Peak Chile,Con Filtro,Rubio,Normal,f,385
NIF-CHI-QUI-3,Mountain Mist Japon,Sin Filtro,Rubio,Normal,f,319
NIF-CHI-QUI-3,Royal Blend Reino,Con Filtro,Rubio,Normal,t,298
NIF-CHI-QUI-4,Silver Lining Argentina,Con Filtro,Rubio,Normal,t,212
NIF-CHI-QUI-4,Pure Essence Alemania,Sin Filtro,Rubio,Normal,t,473
NIF-CHI-QUI-4,Silver Lining Argentina,Sin Filtro,Rubio,Normal,f,477
NIF-CHI-QUI-4,Midnight Silk Argentina,Sin Filtro,Negro,Normal,t,256
NIF-CHI-QUI-4,Silver Lining Argentina,Con Filtro,Rubio,Normal,t,448
NIF-CHI-QUI-4,Amber Haze Chile,Sin Filtro,Negro,Normal,f,169
NIF-CHI-QUI-4,Midnight Silk Chile,Con Filtro,Rubio,Normal,t,349
NIF-CHI-QUI-4,Midnight Silk Chile,Sin Filtro,Rubio,Normal,f,160
NIF-CHI-QUI-4,Amber Haze Argentina,Con Filtro,Negro,SuperLight,f,468
NIF-CHI-QUI-4,Pure Essence Argentina,Sin Filtro,Rubio,Normal,t,336
NIF-CHI-QUI-4,Mountain Mist Argentina,Con Filtro,Rubio,Normal,t,448
NIF-CHI-QUI-4,Gold Leaf Alemania,Sin Filtro,Negro,Normal,f,87
NIF-CHI-QUI-5,Ocean Breeze Japon,Sin Filtro,Rubio,Normal,t,195
NIF-CHI-QUI-5,Amber Haze Japon,Sin Filtro,Negro,Normal,t,118
NIF-CHI-QUI-5,Royal Blend Argentina,Con Filtro,Negro,SuperLight,f,294
NIF-CHI-QUI-5,Royal Blend Reino,Con Filtro,Rubio,Normal,t,376
NIF-CHI-QUI-5,Midnight Silk Japon,Sin Filtro,Rubio,Normal,f,295
NIF-CHI-QUI-5,Royal Blend Alemania,Sin Filtro,Rubio,Normal,t,390
NIF-CHI-QUI-5,Midnight Silk Argentina,Sin Filtro,Rubio,Normal,f,55
NIF-CHI-QUI-5,Amber Haze Alemania,Sin Filtro,Negro,Normal,t,441
NIF-CHI-QUI-5,Mountain Mist Chile,Sin Filtro,Negro,Normal,f,335
NIF-CHI-QUI-5,Mountain Mist Reino,Sin Filtro,Negro,Normal,f,447
NIF-CHI-QUI-5,Royal Blend Reino,Con Filtro,Negro,SuperLight,f,170
NIF-CHI-QUI-5,Gold Leaf Reino,Sin Filtro,Rubio,Normal,t,58
NIF-CHI-QUI-5,Ocean Breeze Japon,Con Filtro,Rubio,Normal,t,415
NIF-CHI-QUI-5,Mountain Mist Japon,Con Filtro,Rubio,Normal,t,179
NIF-CHI-QUI-5,Amber Haze Alemania,Con Filtro,Negro,Normal,t,250
NIF-CHI-QUI-5,Urban Classic Reino,Con Filtro,Negro,Normal,t,123
NIF-CHI-QUI-5,Pure Essence Alemania,Sin Filtro,Rubio,Normal,t,155
NIF-CHI-QUI-5,Pure Essence Argentina,Sin Filtro,Rubio,Normal,t,258
NIF-CHI-QUI-5,Amber Haze Alemania,Sin Filtro,Rubio,Normal,f,134
NIF-CHI-QUI-5,Amber Haze Argentina,Sin Filtro,Negro,Normal,t,278
NIF-CHI-QUI-5,Mountain Mist Argentina,Con Filtro,Negro,UltraLight,f,450
NIF-CHI-QUI-5,Ocean Breeze Alemania,Con Filtro,Negro,Light,f,84
NIF-CHI-QUI-6,Silver Lining Alemania,Sin Filtro,Negro,Normal,t,195
NIF-CHI-QUI-6,Pure Essence Argentina,Con Filtro,Rubio,Normal,t,465
NIF-CHI-QUI-6,Royal Blend Argentina,Con Filtro,Negro,SuperLight,f,120
NIF-CHI-QUI-6,Gold Leaf Reino,Con Filtro,Negro,Light,f,257
NIF-CHI-QUI-6,Highland Peak Japon,Con Filtro,Rubio,Light,f,186
NIF-CHI-QUI-6,Gold Leaf Alemania,Sin Filtro,Rubio,Normal,f,103
NIF-CHI-QUI-6,Mountain Mist Reino,Con Filtro,Rubio,Light,f,271
NIF-CHI-QUI-6,Urban Classic Chile,Con Filtro,Negro,SuperLight,f,136
NIF-CHI-QUI-6,Pure Essence Reino,Sin Filtro,Rubio,Normal,f,239
NIF-CHI-QUI-6,Pure Essence Alemania,Sin Filtro,Rubio,Normal,f,146
NIF-CHI-QUI-6,Amber Haze Reino,Sin Filtro,Rubio,Normal,t,187
NIF-CHI-QUI-6,Urban Classic Japon,Con Filtro,Negro,Normal,f,302
NIF-CHI-QUI-6,Pure Essence Japon,Con Filtro,Negro,UltraLight,f,82
NIF-CHI-QUI-6,Gold Leaf Chile,Sin Filtro,Negro,Normal,f,105
NIF-CHI-QUI-6,Royal Blend Reino,Con Filtro,Rubio,Normal,t,235
NIF-CHI-QUI-6,Urban Classic Argentina,Sin Filtro,Negro,Normal,f,310
NIF-CHI-QUI-6,Ocean Breeze Alemania,Sin Filtro,Rubio,Normal,t,250
NIF-CHI-QUI-6,Silver Lining Argentina,Con Filtro,Rubio,Normal,t,477
NIF-CHI-QUI-6,Midnight Silk Reino,Con Filtro,Negro,Normal,t,449
NIF-CHI-QUI-6,Midnight Silk Chile,Con Filtro,Rubio,Normal,t,459
NIF-CHI-QUI-6,Urban Classic Chile,Sin Filtro,Rubio,Normal,t,340
NIF-CHI-QUI-6,Ocean Breeze Argentina,Con Filtro,Negro,Normal,t,79
NIF-CHI-QUI-6,Amber Haze Chile,Con Filtro,Rubio,Normal,t,444
NIF-CHI-QUI-6,Pure Essence Chile,Con Filtro,Rubio,Light,f,500
NIF-CHI-QUI-6,Mountain Mist Chile,Sin Filtro,Negro,Normal,f,434
NIF-CHI-QUI-6,Gold Leaf Argentina,Sin Filtro,Rubio,Normal,f,373
NIF-CHI-QUI-6,Highland Peak Alemania,Con Filtro,Negro,UltraLight,f,79
NIF-CHI-QUI-6,Ocean Breeze Japon,Sin Filtro,Rubio,Normal,t,411
NIF-CHI-QUI-6,Gold Leaf Alemania,Sin Filtro,Rubio,Normal,f,288
NIF-CHI-QUI-7,Pure Essence Alemania,Sin Filtro,Rubio,Normal,t,206
NIF-CHI-QUI-7,Highland Peak Japon,Sin Filtro,Rubio,Normal,t,56
NIF-CHI-QUI-7,Mountain Mist Japon,Con Filtro,Negro,Normal,t,437
NIF-CHI-QUI-7,Royal Blend Japon,Con Filtro,Rubio,SuperLight,f,84
NIF-CHI-QUI-7,Highland Peak Argentina,Sin Filtro,Rubio,Normal,f,360
NIF-CHI-QUI-7,Pure Essence Alemania,Sin Filtro,Rubio,Normal,f,445
NIF-CHI-QUI-7,Mountain Mist Reino,Sin Filtro,Negro,Normal,t,407
NIF-CHI-QUI-7,Pure Essence Reino,Con Filtro,Negro,Normal,f,389
NIF-CHI-QUI-7,Urban Classic Reino,Con Filtro,Negro,Normal,t,272
NIF-CHI-QUI-7,Ocean Breeze Japon,Con Filtro,Rubio,Normal,t,332
NIF-CHI-QUI-7,Urban Classic Alemania,Con Filtro,Negro,Light,f,178
NIF-CHI-QUI-7,Silver Lining Alemania,Sin Filtro,Negro,Normal,f,277
NIF-CHI-QUI-7,Royal Blend Chile,Sin Filtro,Negro,Normal,t,250
NIF-CHI-QUI-7,Pure Essence Argentina,Sin Filtro,Rubio,Normal,t,454
NIF-CHI-QUI-7,Urban Classic Alemania,Sin Filtro,Negro,Normal,f,126
NIF-CHI-QUI-7,Amber Haze Reino,Sin Filtro,Rubio,Normal,t,292
NIF-CHI-QUI-7,Highland Peak Argentina,Sin Filtro,Rubio,Normal,f,396
NIF-CHI-QUI-7,Silver Lining Reino,Sin Filtro,Negro,Normal,f,330
NIF-CHI-QUI-7,Royal Blend Chile,Sin Filtro,Negro,Normal,f,72
NIF-CHI-QUI-7,Ocean Breeze Japon,Sin Filtro,Negro,Normal,t,264
NIF-CHI-QUI-7,Urban Classic Reino,Sin Filtro,Rubio,Normal,f,339
NIF-CHI-QUI-7,Highland Peak Reino,Sin Filtro,Rubio,Normal,t,58
NIF-CHI-QUI-7,Silver Lining Japon,Sin Filtro,Negro,Normal,f,131
NIF-CHI-QUI-7,Highland Peak Japon,Con Filtro,Rubio,Light,f,157
NIF-CHI-QUI-7,Urban Classic Alemania,Sin Filtro,Negro,Normal,f,310
NIF-CHI-QUI-7,Amber Haze Alemania,Sin Filtro,Rubio,Normal,t,327
NIF-CHI-QUI-7,Amber Haze Reino,Sin Filtro,Rubio,Normal,t,302
NIF-CHI-QUI-7,Gold Leaf Chile,Sin Filtro,Rubio,Normal,f,286
NIF-CHI-QUI-7,Ocean Breeze Reino,Sin Filtro,Rubio,Normal,f,420
NIF-CHI-QUI-8,Urban Classic Argentina,Sin Filtro,Negro,Normal,t,371
NIF-CHI-QUI-8,Highland Peak Chile,Con Filtro,Negro,Normal,f,181
NIF-CHI-QUI-8,Gold Leaf Japon,Sin Filtro,Negro,Normal,t,480
NIF-CHI-QUI-8,Highland Peak Reino,Con Filtro,Negro,SuperLight,f,167
NIF-CHI-QUI-8,Silver Lining Chile,Con Filtro,Rubio,Light,f,258
NIF-CHI-QUI-8,Urban Classic Chile,Sin Filtro,Negro,Normal,f,291
NIF-CHI-QUI-8,Amber Haze Reino,Con Filtro,Rubio,Normal,t,263
NIF-CHI-QUI-8,Royal Blend Alemania,Con Filtro,Rubio,Normal,t,191
NIF-CHI-QUI-8,Pure Essence Chile,Con Filtro,Rubio,Normal,t,262
NIF-CHI-QUI-8,Ocean Breeze Argentina,Con Filtro,Negro,SuperLight,f,303
NIF-CHI-QUI-9,Highland Peak Alemania,Con Filtro,Rubio,UltraLight,f,127
NIF-CHI-QUI-9,Amber Haze Japon,Sin Filtro,Negro,Normal,t,436
NIF-CHI-QUI-9,Urban Classic Reino,Sin Filtro,Negro,Normal,t,231
NIF-CHI-QUI-9,Amber Haze Japon,Con Filtro,Rubio,Light,f,422
NIF-CHI-QUI-9,Pure Essence Alemania,Sin Filtro,Rubio,Normal,t,274
NIF-CHI-QUI-9,Urban Classic Argentina,Sin Filtro,Negro,Normal,f,184
NIF-CHI-QUI-9,Ocean Breeze Japon,Sin Filtro,Rubio,Normal,t,275
NIF-CHI-QUI-9,Ocean Breeze Reino,Sin Filtro,Negro,Normal,f,194
NIF-CHI-QUI-9,Highland Peak Argentina,Con Filtro,Negro,Normal,f,194
NIF-CHI-QUI-9,Mountain Mist Chile,Sin Filtro,Rubio,Normal,f,74
NIF-CHI-QUI-9,Urban Classic Chile,Sin Filtro,Negro,Normal,t,51
NIF-CHI-QUI-9,Highland Peak Chile,Con Filtro,Rubio,Normal,f,312
NIF-CHI-QUI-10,Highland Peak Chile,Con Filtro,Negro,Normal,t,434
NIF-CHI-QUI-10,Pure Essence Reino,Sin Filtro,Rubio,Normal,t,219
NIF-CHI-QUI-10,Gold Leaf Alemania,Sin Filtro,Rubio,Normal,f,475
NIF-CHI-QUI-10,Silver Lining Japon,Sin Filtro,Negro,Normal,f,418
NIF-CHI-QUI-10,Pure Essence Argentina,Sin Filtro,Negro,Normal,f,174
NIF-CHI-QUI-10,Urban Classic Alemania,Sin Filtro,Negro,Normal,t,289
NIF-CHI-QUI-10,Pure Essence Chile,Sin Filtro,Negro,Normal,f,129
NIF-CHI-QUI-10,Silver Lining Japon,Con Filtro,Negro,UltraLight,f,316
NIF-CHI-QUI-10,Gold Leaf Argentina,Con Filtro,Rubio,Normal,t,367
NIF-CHI-QUI-10,Silver Lining Argentina,Sin Filtro,Negro,Normal,t,243
NIF-CHI-QUI-10,Midnight Silk Reino,Sin Filtro,Negro,Normal,f,449
NIF-CHI-QUI-10,Mountain Mist Alemania,Sin Filtro,Rubio,Normal,f,452
NIF-CHI-QUI-10,Royal Blend Reino,Con Filtro,Negro,Normal,f,406
NIF-CHI-QUI-10,Midnight Silk Japon,Con Filtro,Rubio,Normal,f,320
NIF-CHI-QUI-10,Midnight Silk Chile,Con Filtro,Rubio,Normal,t,110
NIF-CHI-QUI-10,Royal Blend Chile,Con Filtro,Rubio,Normal,t,273
NIF-CHI-QUI-10,Mountain Mist Alemania,Sin Filtro,Rubio,Normal,f,86
NIF-CHI-QUI-10,Midnight Silk Argentina,Sin Filtro,Rubio,Normal,t,343
NIF-CHI-QUI-10,Highland Peak Argentina,Con Filtro,Negro,Normal,t,261
NIF-CHI-QUI-10,Pure Essence Argentina,Con Filtro,Rubio,SuperLight,f,106
NIF-CHI-QUI-11,Gold Leaf Reino,Con Filtro,Negro,SuperLight,f,113
NIF-CHI-QUI-11,Urban Classic Alemania,Sin Filtro,Negro,Normal,f,299
NIF-CHI-QUI-11,Urban Classic Argentina,Sin Filtro,Rubio,Normal,f,327
NIF-CHI-QUI-11,Highland Peak Reino,Sin Filtro,Negro,Normal,f,210
NIF-CHI-QUI-11,Pure Essence Chile,Sin Filtro,Negro,Normal,f,494
NIF-CHI-QUI-11,Ocean Breeze Alemania,Con Filtro,Negro,SuperLight,f,481
NIF-CHI-QUI-11,Ocean Breeze Alemania,Sin Filtro,Rubio,Normal,t,108
NIF-CHI-QUI-11,Silver Lining Argentina,Con Filtro,Negro,Normal,t,211
NIF-CHI-QUI-11,Gold Leaf Japon,Sin Filtro,Rubio,Normal,t,448
NIF-CHI-QUI-11,Highland Peak Argentina,Sin Filtro,Rubio,Normal,f,259
NIF-CHI-QUI-11,Amber Haze Argentina,Sin Filtro,Rubio,Normal,t,165
NIF-CHI-QUI-11,Ocean Breeze Chile,Con Filtro,Negro,Normal,t,281
NIF-CHI-QUI-11,Highland Peak Alemania,Sin Filtro,Negro,Normal,f,447
NIF-CHI-QUI-11,Urban Classic Reino,Con Filtro,Rubio,Normal,t,428
NIF-CHI-QUI-11,Gold Leaf Chile,Con Filtro,Rubio,Light,f,126
NIF-CHI-QUI-11,Pure Essence Alemania,Con Filtro,Negro,Normal,f,431
NIF-CHI-QUI-11,Royal Blend Chile,Sin Filtro,Negro,Normal,f,476
NIF-CHI-QUI-11,Pure Essence Chile,Con Filtro,Rubio,Normal,t,347
NIF-CHI-QUI-12,Royal Blend Reino,Con Filtro,Rubio,Normal,t,56
NIF-CHI-QUI-12,Gold Leaf Japon,Con Filtro,Rubio,Normal,t,252
NIF-CHI-QUI-12,Highland Peak Japon,Sin Filtro,Rubio,Normal,t,353
NIF-CHI-QUI-12,Amber Haze Chile,Con Filtro,Rubio,Normal,t,301
NIF-CHI-QUI-12,Ocean Breeze Argentina,Con Filtro,Negro,Normal,t,197
NIF-CHI-QUI-12,Royal Blend Alemania,Con Filtro,Negro,Normal,t,181
NIF-CHI-QUI-12,Highland Peak Argentina,Sin Filtro,Rubio,Normal,f,202
NIF-CHI-QUI-12,Amber Haze Chile,Con Filtro,Negro,Light,f,448
NIF-CHI-QUI-12,Amber Haze Japon,Sin Filtro,Negro,Normal,t,96
NIF-CHI-QUI-12,Silver Lining Reino,Con Filtro,Negro,SuperLight,f,407
NIF-CHI-QUI-12,Highland Peak Alemania,Con Filtro,Rubio,SuperLight,f,151
NIF-CHI-QUI-12,Midnight Silk Alemania,Sin Filtro,Rubio,Normal,t,383
NIF-CHI-QUI-12,Silver Lining Chile,Con Filtro,Rubio,Normal,f,92
NIF-CHI-QUI-12,Silver Lining Chile,Sin Filtro,Rubio,Normal,t,434
NIF-CHI-QUI-13,Silver Lining Reino,Sin Filtro,Negro,Normal,f,273
NIF-CHI-QUI-13,Urban Classic Argentina,Con Filtro,Negro,Normal,f,170
NIF-CHI-QUI-13,Highland Peak Chile,Sin Filtro,Rubio,Normal,f,223
NIF-CHI-QUI-13,Amber Haze Reino,Con Filtro,Rubio,Normal,t,455
NIF-CHI-QUI-13,Urban Classic Argentina,Con Filtro,Negro,UltraLight,f,229
NIF-CHI-QUI-13,Pure Essence Japon,Sin Filtro,Negro,Normal,f,156
NIF-CHI-QUI-13,Royal Blend Chile,Sin Filtro,Negro,Normal,f,354
NIF-CHI-QUI-13,Highland Peak Japon,Sin Filtro,Negro,Normal,t,90
NIF-CHI-QUI-13,Royal Blend Japon,Sin Filtro,Rubio,Normal,t,445
NIF-CHI-QUI-13,Urban Classic Argentina,Sin Filtro,Rubio,Normal,t,51
NIF-CHI-QUI-13,Ocean Breeze Reino,Con Filtro,Rubio,Normal,f,482
NIF-CHI-QUI-14,Urban Classic Reino,Con Filtro,Negro,Normal,t,103
NIF-CHI-QUI-14,Urban Classic Chile,Con Filtro,Negro,UltraLight,f,277
NIF-CHI-QUI-14,Urban Classic Argentina,Con Filtro,Rubio,Normal,t,170
NIF-CHI-QUI-14,Amber Haze Japon,Con Filtro,Rubio,Normal,t,348
NIF-CHI-QUI-14,Royal Blend Alemania,Con Filtro,Negro,Normal,t,312
NIF-CHI-QUI-14,Pure Essence Chile,Con Filtro,Rubio,Light,f,395
NIF-CHI-QUI-14,Pure Essence Japon,Sin Filtro,Negro,Normal,t,422
NIF-CHI-QUI-14,Mountain Mist Japon,Con Filtro,Rubio,Light,f,288
NIF-CHI-QUI-14,Ocean Breeze Argentina,Con Filtro,Negro,SuperLight,f,372
NIF-CHI-QUI-14,Amber Haze Japon,Con Filtro,Rubio,SuperLight,f,250
NIF-CHI-QUI-14,Gold Leaf Japon,Con Filtro,Rubio,Normal,f,107
NIF-CHI-QUI-14,Ocean Breeze Japon,Sin Filtro,Rubio,Normal,t,130
NIF-CHI-QUI-15,Silver Lining Japon,Sin Filtro,Negro,Normal,f,134
NIF-CHI-QUI-15,Royal Blend Argentina,Con Filtro,Rubio,UltraLight,f,126
NIF-CHI-QUI-15,Ocean Breeze Reino,Con Filtro,Rubio,Normal,f,299
NIF-CHI-QUI-15,Gold Leaf Argentina,Con Filtro,Rubio,Normal,t,356
NIF-CHI-QUI-15,Urban Classic Chile,Sin Filtro,Rubio,Normal,t,353
NIF-CHI-QUI-15,Pure Essence Japon,Sin Filtro,Negro,Normal,f,225
NIF-CHI-QUI-15,Pure Essence Alemania,Sin Filtro,Rubio,Normal,t,249
NIF-CHI-QUI-15,Midnight Silk Japon,Con Filtro,Rubio,Normal,t,195
NIF-CHI-QUI-15,Pure Essence Chile,Con Filtro,Negro,SuperLight,f,485
NIF-CHI-QUI-15,Gold Leaf Japon,Sin Filtro,Negro,Normal,t,246
NIF-CHI-QUI-15,Silver Lining Reino,Con Filtro,Rubio,UltraLight,f,451
NIF-CHI-QUI-15,Highland Peak Chile,Con Filtro,Negro,Normal,t,395
NIF-CHI-QUI-15,Amber Haze Chile,Sin Filtro,Rubio,Normal,t,475
NIF-CHI-QUI-15,Silver Lining Alemania,Sin Filtro,Negro,Normal,f,217
NIF-CHI-QUI-15,Gold Leaf Japon,Con Filtro,Rubio,Normal,t,297
NIF-CHI-QUI-15,Mountain Mist Reino,Sin Filtro,Negro,Normal,f,438
NIF-CHI-QUI-15,Silver Lining Japon,Sin Filtro,Negro,Normal,f,328
NIF-CHI-QUI-15,Gold Leaf Argentina,Con Filtro,Rubio,Light,f,482
NIF-CHI-QUI-15,Silver Lining Argentina,Con Filtro,Rubio,Normal,f,255
NIF-CHI-QUI-15,Royal Blend Japon,Sin Filtro,Rubio,Normal,f,310
NIF-CHI-QUI-15,Highland Peak Reino,Con Filtro,Rubio,Normal,t,242
NIF-CHI-QUI-15,Royal Blend Alemania,Con Filtro,Rubio,Normal,t,385
NIF-CHI-QUI-15,Urban Classic Reino,Con Filtro,Rubio,Normal,t,84
NIF-CHI-QUI-15,Pure Essence Argentina,Con Filtro,Rubio,Normal,t,60
NIF-CHI-QUI-15,Silver Lining Argentina,Sin Filtro,Rubio,Normal,f,180
NIF-CHI-QUI-15,Gold Leaf Chile,Sin Filtro,Rubio,Normal,f,318
NIF-CHI-VIL-1,Ocean Breeze Alemania,Con Filtro,Negro,UltraLight,f,194
NIF-CHI-VIL-1,Highland Peak Alemania,Sin Filtro,Negro,Normal,t,457
NIF-CHI-VIL-1,Midnight Silk Japon,Con Filtro,Rubio,Normal,f,61
NIF-CHI-VIL-1,Highland Peak Chile,Sin Filtro,Rubio,Normal,f,458
NIF-CHI-VIL-1,Pure Essence Japon,Con Filtro,Negro,Normal,t,269
NIF-CHI-VIL-1,Gold Leaf Chile,Con Filtro,Rubio,UltraLight,f,153
NIF-CHI-VIL-1,Urban Classic Alemania,Sin Filtro,Negro,Normal,f,80
NIF-CHI-VIL-1,Midnight Silk Chile,Con Filtro,Rubio,Normal,t,178
NIF-CHI-VIL-1,Gold Leaf Argentina,Sin Filtro,Rubio,Normal,t,217
NIF-CHI-VIL-1,Midnight Silk Alemania,Sin Filtro,Rubio,Normal,t,353
NIF-CHI-VIL-1,Gold Leaf Chile,Sin Filtro,Negro,Normal,t,250
NIF-CHI-VIL-1,Pure Essence Chile,Sin Filtro,Negro,Normal,f,54
NIF-CHI-VIL-1,Highland Peak Chile,Con Filtro,Negro,Normal,f,224
NIF-CHI-VIL-1,Urban Classic Chile,Sin Filtro,Rubio,Normal,f,257
NIF-CHI-VIL-1,Gold Leaf Reino,Sin Filtro,Negro,Normal,f,318
NIF-CHI-VIL-1,Mountain Mist Chile,Sin Filtro,Rubio,Normal,f,168
NIF-CHI-VIL-1,Urban Classic Japon,Sin Filtro,Negro,Normal,f,278
NIF-CHI-VIL-1,Midnight Silk Reino,Con Filtro,Negro,SuperLight,f,492
NIF-CHI-VIL-1,Pure Essence Japon,Con Filtro,Negro,Light,f,102
NIF-CHI-VIL-1,Midnight Silk Chile,Con Filtro,Rubio,Normal,t,199
NIF-CHI-VIL-1,Highland Peak Chile,Con Filtro,Rubio,Normal,f,120
NIF-CHI-VIL-1,Gold Leaf Reino,Con Filtro,Rubio,Normal,f,351
NIF-CHI-VIL-1,Gold Leaf Chile,Con Filtro,Rubio,Light,f,150
NIF-CHI-VIL-1,Ocean Breeze Japon,Sin Filtro,Rubio,Normal,t,345
NIF-CHI-VIL-2,Mountain Mist Chile,Con Filtro,Rubio,Normal,t,264
NIF-CHI-VIL-2,Amber Haze Chile,Sin Filtro,Rubio,Normal,t,183
NIF-CHI-VIL-2,Pure Essence Reino,Sin Filtro,Rubio,Normal,f,455
NIF-CHI-VIL-2,Urban Classic Japon,Sin Filtro,Rubio,Normal,t,74
NIF-CHI-VIL-2,Ocean Breeze Argentina,Sin Filtro,Negro,Normal,f,208
NIF-CHI-VIL-2,Silver Lining Chile,Con Filtro,Negro,Normal,t,149
NIF-CHI-VIL-2,Mountain Mist Reino,Con Filtro,Rubio,UltraLight,f,108
NIF-CHI-VIL-2,Silver Lining Japon,Sin Filtro,Rubio,Normal,f,157
NIF-CHI-VIL-2,Gold Leaf Reino,Con Filtro,Negro,SuperLight,f,410
NIF-CHI-VIL-2,Pure Essence Alemania,Sin Filtro,Rubio,Normal,f,392
NIF-CHI-VIL-2,Highland Peak Reino,Sin Filtro,Rubio,Normal,t,136
NIF-CHI-VIL-2,Silver Lining Chile,Con Filtro,Rubio,Light,f,448
NIF-CHI-VIL-2,Ocean Breeze Alemania,Sin Filtro,Negro,Normal,t,156
NIF-CHI-VIL-2,Highland Peak Argentina,Con Filtro,Rubio,Normal,f,246
NIF-CHI-VIL-2,Pure Essence Reino,Sin Filtro,Rubio,Normal,t,210
NIF-CHI-VIL-2,Mountain Mist Argentina,Con Filtro,Rubio,SuperLight,f,209
NIF-CHI-VIL-2,Gold Leaf Chile,Sin Filtro,Rubio,Normal,f,85
NIF-CHI-VIL-2,Pure Essence Reino,Con Filtro,Negro,Normal,f,144
NIF-CHI-VIL-2,Gold Leaf Japon,Sin Filtro,Negro,Normal,f,374
NIF-CHI-VIL-3,Highland Peak Reino,Sin Filtro,Rubio,Normal,t,232
NIF-CHI-VIL-3,Midnight Silk Alemania,Sin Filtro,Rubio,Normal,t,368
NIF-CHI-VIL-3,Silver Lining Alemania,Con Filtro,Negro,Normal,t,97
NIF-CHI-VIL-3,Midnight Silk Argentina,Sin Filtro,Negro,Normal,f,65
NIF-CHI-VIL-3,Royal Blend Alemania,Con Filtro,Rubio,Normal,t,423
NIF-CHI-VIL-3,Gold Leaf Reino,Sin Filtro,Rubio,Normal,f,481
NIF-CHI-VIL-3,Silver Lining Japon,Sin Filtro,Negro,Normal,f,489
NIF-CHI-VIL-3,Ocean Breeze Japon,Con Filtro,Rubio,Normal,t,224
NIF-CHI-VIL-3,Gold Leaf Alemania,Sin Filtro,Rubio,Normal,f,74
NIF-CHI-VIL-3,Highland Peak Argentina,Sin Filtro,Rubio,Normal,f,199
NIF-CHI-VIL-3,Urban Classic Argentina,Sin Filtro,Negro,Normal,t,428
NIF-CHI-VIL-3,Amber Haze Japon,Sin Filtro,Rubio,Normal,t,73
NIF-CHI-VIL-3,Royal Blend Argentina,Con Filtro,Negro,Light,f,412
NIF-CHI-VIL-3,Midnight Silk Japon,Sin Filtro,Negro,Normal,f,267
NIF-CHI-VIL-3,Pure Essence Argentina,Con Filtro,Rubio,SuperLight,f,428
NIF-CHI-VIL-3,Midnight Silk Reino,Con Filtro,Negro,UltraLight,f,338
NIF-CHI-VIL-3,Pure Essence Reino,Con Filtro,Rubio,Normal,f,463
NIF-CHI-VIL-3,Silver Lining Argentina,Con Filtro,Rubio,Normal,t,353
NIF-CHI-VIL-3,Royal Blend Chile,Con Filtro,Rubio,SuperLight,f,304
NIF-CHI-VIL-3,Highland Peak Japon,Sin Filtro,Negro,Normal,t,366
NIF-CHI-VIL-3,Amber Haze Alemania,Con Filtro,Rubio,Normal,t,281
NIF-CHI-VIL-3,Silver Lining Alemania,Sin Filtro,Negro,Normal,t,362
NIF-CHI-VIL-3,Royal Blend Alemania,Con Filtro,Negro,Normal,t,185
NIF-CHI-VIL-3,Ocean Breeze Argentina,Con Filtro,Rubio,Light,f,497
NIF-CHI-VIL-3,Pure Essence Japon,Con Filtro,Negro,UltraLight,f,303
NIF-CHI-VIL-3,Pure Essence Chile,Sin Filtro,Negro,Normal,f,477
NIF-CHI-VIL-4,Midnight Silk Chile,Con Filtro,Negro,Normal,t,259
NIF-CHI-VIL-4,Amber Haze Chile,Sin Filtro,Rubio,Normal,f,114
NIF-CHI-VIL-4,Silver Lining Reino,Con Filtro,Negro,SuperLight,f,132
NIF-CHI-VIL-4,Urban Classic Japon,Con Filtro,Rubio,Light,f,345
NIF-CHI-VIL-4,Urban Classic Japon,Sin Filtro,Rubio,Normal,f,438
NIF-CHI-VIL-4,Silver Lining Japon,Con Filtro,Negro,Normal,t,213
NIF-CHI-VIL-4,Silver Lining Argentina,Con Filtro,Rubio,Normal,t,296
NIF-CHI-VIL-4,Ocean Breeze Argentina,Con Filtro,Rubio,Normal,t,388
NIF-CHI-VIL-4,Highland Peak Alemania,Con Filtro,Rubio,Normal,f,380
NIF-CHI-VIL-4,Silver Lining Argentina,Con Filtro,Negro,Light,f,417
NIF-CHI-VIL-4,Amber Haze Chile,Con Filtro,Rubio,SuperLight,f,433
NIF-CHI-VIL-4,Gold Leaf Japon,Sin Filtro,Negro,Normal,t,380
NIF-CHI-VIL-4,Royal Blend Japon,Sin Filtro,Rubio,Normal,t,199
NIF-CHI-VIL-4,Mountain Mist Argentina,Sin Filtro,Negro,Normal,f,388
NIF-CHI-VIL-5,Urban Classic Japon,Con Filtro,Negro,Normal,t,402
NIF-CHI-VIL-5,Amber Haze Alemania,Sin Filtro,Negro,Normal,t,367
NIF-CHI-VIL-5,Silver Lining Chile,Sin Filtro,Rubio,Normal,t,222
NIF-CHI-VIL-5,Urban Classic Japon,Con Filtro,Negro,SuperLight,f,77
NIF-CHI-VIL-5,Mountain Mist Alemania,Sin Filtro,Negro,Normal,f,219
NIF-CHI-VIL-5,Midnight Silk Chile,Con Filtro,Negro,Normal,t,86
NIF-CHI-VIL-5,Urban Classic Chile,Sin Filtro,Negro,Normal,f,321
NIF-CHI-VIL-5,Mountain Mist Alemania,Sin Filtro,Rubio,Normal,f,423
NIF-CHI-VIL-5,Silver Lining Reino,Sin Filtro,Rubio,Normal,f,237
NIF-CHI-VIL-5,Mountain Mist Alemania,Con Filtro,Negro,Normal,t,197
NIF-CHI-VIL-5,Silver Lining Japon,Sin Filtro,Negro,Normal,f,368
NIF-CHI-VIL-5,Mountain Mist Reino,Sin Filtro,Rubio,Normal,f,365
NIF-CHI-VIL-5,Highland Peak Japon,Sin Filtro,Negro,Normal,f,131
NIF-CHI-VIL-5,Urban Classic Reino,Con Filtro,Negro,Normal,t,158
NIF-CHI-VIL-5,Midnight Silk Alemania,Sin Filtro,Rubio,Normal,t,345
NIF-CHI-VIL-5,Royal Blend Reino,Con Filtro,Negro,Light,f,306
NIF-CHI-VIL-5,Ocean Breeze Japon,Sin Filtro,Negro,Normal,t,459
NIF-CHI-VIL-5,Midnight Silk Reino,Con Filtro,Negro,Normal,t,175
NIF-CHI-VIL-5,Pure Essence Reino,Con Filtro,Negro,Normal,f,321
NIF-CHI-VIL-5,Urban Classic Chile,Con Filtro,Negro,UltraLight,f,405
NIF-CHI-VIL-6,Urban Classic Japon,Sin Filtro,Negro,Normal,f,266
NIF-CHI-VIL-6,Ocean Breeze Reino,Sin Filtro,Negro,Normal,t,315
NIF-CHI-VIL-6,Midnight Silk Japon,Sin Filtro,Rubio,Normal,f,489
NIF-CHI-VIL-6,Amber Haze Alemania,Con Filtro,Negro,Normal,f,260
NIF-CHI-VIL-6,Highland Peak Reino,Con Filtro,Negro,SuperLight,f,498
NIF-CHI-VIL-6,Silver Lining Chile,Con Filtro,Rubio,Light,f,74
NIF-CHI-VIL-6,Mountain Mist Reino,Sin Filtro,Negro,Normal,f,465
NIF-CHI-VIL-6,Ocean Breeze Alemania,Sin Filtro,Negro,Normal,t,164
NIF-CHI-VIL-6,Ocean Breeze Reino,Sin Filtro,Rubio,Normal,f,414
NIF-CHI-VIL-6,Highland Peak Argentina,Sin Filtro,Negro,Normal,f,352
NIF-CHI-VIL-6,Royal Blend Japon,Sin Filtro,Negro,Normal,t,475
NIF-CHI-VIL-6,Silver Lining Reino,Con Filtro,Negro,Normal,t,388
NIF-CHI-VIL-6,Urban Classic Chile,Sin Filtro,Rubio,Normal,t,196
NIF-CHI-VIL-6,Highland Peak Argentina,Sin Filtro,Rubio,Normal,f,306
NIF-CHI-VIL-6,Ocean Breeze Japon,Sin Filtro,Rubio,Normal,t,243
NIF-CHI-VIL-6,Midnight Silk Japon,Con Filtro,Negro,SuperLight,f,310
NIF-CHI-VIL-6,Pure Essence Alemania,Sin Filtro,Rubio,Normal,f,371
NIF-CHI-VIL-6,Pure Essence Argentina,Sin Filtro,Rubio,Normal,t,178
NIF-CHI-VIL-6,Gold Leaf Alemania,Con Filtro,Rubio,Normal,t,352
NIF-CHI-VIL-7,Gold Leaf Reino,Sin Filtro,Negro,Normal,f,346
NIF-CHI-VIL-7,Gold Leaf Argentina,Sin Filtro,Negro,Normal,f,305
NIF-CHI-VIL-7,Highland Peak Alemania,Con Filtro,Negro,Normal,f,382
NIF-CHI-VIL-7,Amber Haze Reino,Sin Filtro,Rubio,Normal,f,411
NIF-CHI-VIL-7,Midnight Silk Chile,Con Filtro,Rubio,Normal,t,248
NIF-CHI-VIL-7,Silver Lining Japon,Con Filtro,Negro,SuperLight,f,460
NIF-CHI-VIL-7,Silver Lining Alemania,Sin Filtro,Negro,Normal,f,54
NIF-CHI-VIL-7,Urban Classic Reino,Sin Filtro,Rubio,Normal,f,408
NIF-CHI-VIL-7,Highland Peak Japon,Con Filtro,Rubio,Light,f,174
NIF-CHI-VIL-7,Silver Lining Reino,Con Filtro,Negro,UltraLight,f,91
NIF-CHI-VIL-7,Urban Classic Reino,Con Filtro,Negro,Normal,t,278
NIF-CHI-VIL-8,Pure Essence Alemania,Sin Filtro,Rubio,Normal,t,256
NIF-CHI-VIL-8,Ocean Breeze Reino,Sin Filtro,Negro,Normal,f,323
NIF-CHI-VIL-8,Silver Lining Chile,Con Filtro,Negro,SuperLight,f,428
NIF-CHI-VIL-8,Amber Haze Japon,Con Filtro,Rubio,Light,f,257
NIF-CHI-VIL-8,Ocean Breeze Reino,Sin Filtro,Rubio,Normal,f,179
NIF-CHI-VIL-8,Silver Lining Alemania,Con Filtro,Negro,Normal,t,278
NIF-CHI-VIL-8,Ocean Breeze Chile,Sin Filtro,Rubio,Normal,f,89
NIF-CHI-VIL-8,Pure Essence Argentina,Sin Filtro,Rubio,Normal,t,471
NIF-CHI-VIL-8,Silver Lining Chile,Con Filtro,Negro,Normal,t,326
NIF-CHI-VIL-8,Gold Leaf Japon,Sin Filtro,Negro,Normal,f,389
NIF-CHI-VIL-9,Midnight Silk Alemania,Sin Filtro,Rubio,Normal,t,259
NIF-CHI-VIL-9,Highland Peak Japon,Con Filtro,Rubio,Light,f,278
NIF-CHI-VIL-9,Amber Haze Argentina,Con Filtro,Rubio,Normal,t,176
NIF-CHI-VIL-9,Ocean Breeze Argentina,Con Filtro,Negro,Normal,t,79
NIF-CHI-VIL-9,Gold Leaf Japon,Con Filtro,Rubio,UltraLight,f,75
NIF-CHI-VIL-9,Royal Blend Japon,Sin Filtro,Rubio,Normal,f,172
NIF-CHI-VIL-9,Gold Leaf Reino,Sin Filtro,Rubio,Normal,f,421
NIF-CHI-VIL-9,Ocean Breeze Japon,Sin Filtro,Rubio,Normal,t,210
NIF-CHI-VIL-9,Urban Classic Argentina,Con Filtro,Negro,Normal,f,299
NIF-CHI-VIL-9,Mountain Mist Chile,Con Filtro,Negro,Normal,t,65
NIF-CHI-VIL-9,Mountain Mist Japon,Con Filtro,Negro,Normal,t,204
NIF-CHI-VIL-9,Silver Lining Chile,Sin Filtro,Rubio,Normal,t,393
NIF-CHI-VIL-9,Royal Blend Argentina,Con Filtro,Rubio,Light,f,297
NIF-CHI-VIL-9,Silver Lining Reino,Con Filtro,Negro,Normal,t,210
NIF-CHI-VIL-9,Highland Peak Alemania,Con Filtro,Negro,UltraLight,f,92
NIF-CHI-VIL-9,Highland Peak Argentina,Sin Filtro,Rubio,Normal,f,140
NIF-CHI-VIL-9,Highland Peak Chile,Sin Filtro,Rubio,Normal,f,146
NIF-CHI-VIL-9,Amber Haze Reino,Sin Filtro,Rubio,Normal,t,340
NIF-CHI-VIL-9,Ocean Breeze Alemania,Sin Filtro,Negro,Normal,t,284
NIF-CHI-VIL-9,Ocean Breeze Japon,Sin Filtro,Rubio,Normal,t,357
NIF-CHI-VIL-9,Amber Haze Alemania,Con Filtro,Negro,Normal,f,60
NIF-CHI-VIL-9,Mountain Mist Argentina,Sin Filtro,Negro,Normal,t,151
NIF-CHI-VIL-10,Pure Essence Japon,Sin Filtro,Rubio,Normal,f,143
NIF-CHI-VIL-10,Silver Lining Japon,Con Filtro,Rubio,Normal,f,72
NIF-CHI-VIL-10,Urban Classic Japon,Con Filtro,Rubio,Normal,t,120
NIF-CHI-VIL-10,Gold Leaf Chile,Sin Filtro,Negro,Normal,f,101
NIF-CHI-VIL-10,Mountain Mist Alemania,Sin Filtro,Negro,Normal,f,448
NIF-CHI-VIL-10,Urban Classic Chile,Sin Filtro,Rubio,Normal,f,308
NIF-CHI-VIL-10,Highland Peak Chile,Sin Filtro,Negro,Normal,t,216
NIF-CHI-VIL-10,Gold Leaf Japon,Con Filtro,Rubio,UltraLight,f,286
NIF-CHI-VIL-10,Mountain Mist Argentina,Con Filtro,Negro,UltraLight,f,491
NIF-CHI-VIL-10,Pure Essence Reino,Sin Filtro,Negro,Normal,f,98
NIF-CHI-VIL-10,Silver Lining Argentina,Con Filtro,Rubio,Normal,t,468
NIF-CHI-VIL-10,Amber Haze Reino,Con Filtro,Rubio,Normal,t,474
NIF-CHI-VIL-10,Urban Classic Japon,Sin Filtro,Rubio,Normal,t,375
NIF-CHI-VIL-10,Midnight Silk Alemania,Sin Filtro,Negro,Normal,t,171
NIF-CHI-VIL-10,Midnight Silk Reino,Con Filtro,Negro,Normal,t,472
NIF-CHI-VIL-11,Amber Haze Chile,Con Filtro,Rubio,Normal,t,150
NIF-CHI-VIL-11,Midnight Silk Reino,Sin Filtro,Rubio,Normal,t,180
NIF-CHI-VIL-11,Urban Classic Reino,Con Filtro,Negro,Normal,t,147
NIF-CHI-VIL-11,Highland Peak Reino,Con Filtro,Rubio,Normal,t,145
NIF-CHI-VIL-11,Amber Haze Chile,Sin Filtro,Rubio,Normal,f,353
NIF-CHI-VIL-11,Mountain Mist Reino,Sin Filtro,Negro,Normal,f,87
NIF-CHI-VIL-11,Mountain Mist Argentina,Sin Filtro,Negro,Normal,t,471
NIF-CHI-VIL-11,Mountain Mist Japon,Con Filtro,Negro,Normal,t,292
NIF-CHI-VIL-11,Silver Lining Alemania,Con Filtro,Negro,Normal,t,134
NIF-CHI-VIL-11,Mountain Mist Alemania,Sin Filtro,Rubio,Normal,t,276
NIF-CHI-VIL-11,Midnight Silk Argentina,Sin Filtro,Negro,Normal,t,176
NIF-CHI-VIL-11,Ocean Breeze Alemania,Sin Filtro,Negro,Normal,t,119
NIF-CHI-VIL-11,Gold Leaf Alemania,Con Filtro,Rubio,Normal,t,474
NIF-CHI-VIL-11,Silver Lining Chile,Con Filtro,Negro,Normal,t,283
NIF-CHI-VIL-11,Pure Essence Argentina,Con Filtro,Rubio,Normal,t,85
NIF-CHI-VIL-11,Pure Essence Argentina,Sin Filtro,Rubio,Normal,t,389
NIF-CHI-VIL-12,Gold Leaf Chile,Sin Filtro,Negro,Normal,t,172
NIF-CHI-VIL-12,Gold Leaf Reino,Con Filtro,Negro,SuperLight,f,245
NIF-CHI-VIL-12,Royal Blend Reino,Con Filtro,Negro,SuperLight,f,130
NIF-CHI-VIL-12,Ocean Breeze Reino,Sin Filtro,Negro,Normal,t,72
NIF-CHI-VIL-12,Ocean Breeze Japon,Sin Filtro,Negro,Normal,f,366
NIF-CHI-VIL-12,Urban Classic Reino,Con Filtro,Rubio,Normal,f,223
NIF-CHI-VIL-12,Amber Haze Reino,Con Filtro,Rubio,Normal,t,176
NIF-CHI-VIL-12,Gold Leaf Japon,Con Filtro,Rubio,Normal,t,135
NIF-CHI-VIL-12,Silver Lining Alemania,Con Filtro,Negro,Normal,t,122
NIF-CHI-VIL-12,Royal Blend Alemania,Sin Filtro,Rubio,Normal,t,473
NIF-CHI-VIL-12,Silver Lining Japon,Sin Filtro,Rubio,Normal,f,308
NIF-CHI-VIL-12,Ocean Breeze Chile,Con Filtro,Negro,Normal,t,290
NIF-CHI-VIL-12,Midnight Silk Argentina,Sin Filtro,Negro,Normal,t,495
NIF-CHI-VIL-12,Silver Lining Reino,Con Filtro,Rubio,UltraLight,f,191
NIF-CHI-VIL-12,Royal Blend Chile,Con Filtro,Negro,Normal,t,275
NIF-CHI-VIL-12,Mountain Mist Japon,Sin Filtro,Rubio,Normal,f,433
NIF-CHI-VIL-12,Amber Haze Alemania,Con Filtro,Rubio,Normal,t,215
NIF-CHI-VIL-12,Mountain Mist Chile,Sin Filtro,Rubio,Normal,f,142
NIF-CHI-VIL-13,Highland Peak Alemania,Sin Filtro,Rubio,Normal,t,297
NIF-CHI-VIL-13,Pure Essence Argentina,Sin Filtro,Negro,Normal,t,363
NIF-CHI-VIL-13,Urban Classic Chile,Con Filtro,Negro,Normal,t,253
NIF-CHI-VIL-13,Gold Leaf Alemania,Sin Filtro,Negro,Normal,t,323
NIF-CHI-VIL-13,Gold Leaf Argentina,Sin Filtro,Rubio,Normal,f,459
NIF-CHI-VIL-13,Mountain Mist Argentina,Con Filtro,Rubio,SuperLight,f,77
NIF-CHI-VIL-13,Pure Essence Chile,Con Filtro,Negro,Normal,t,280
NIF-CHI-VIL-13,Ocean Breeze Chile,Con Filtro,Negro,Normal,t,286
NIF-CHI-VIL-13,Pure Essence Argentina,Con Filtro,Rubio,Normal,t,272
NIF-CHI-VIL-13,Mountain Mist Japon,Sin Filtro,Rubio,Normal,f,370
NIF-CHI-VIL-13,Ocean Breeze Chile,Con Filtro,Rubio,UltraLight,f,147
NIF-CHI-VIL-14,Pure Essence Reino,Con Filtro,Rubio,Normal,f,181
NIF-CHI-VIL-14,Mountain Mist Japon,Con Filtro,Rubio,Normal,t,277
NIF-CHI-VIL-14,Pure Essence Chile,Con Filtro,Rubio,Normal,t,319
NIF-CHI-VIL-14,Urban Classic Argentina,Sin Filtro,Negro,Normal,t,389
NIF-CHI-VIL-14,Highland Peak Chile,Con Filtro,Negro,Normal,t,248
NIF-CHI-VIL-14,Mountain Mist Japon,Con Filtro,Rubio,Normal,t,167
NIF-CHI-VIL-14,Royal Blend Argentina,Con Filtro,Rubio,UltraLight,f,175
NIF-CHI-VIL-14,Mountain Mist Alemania,Sin Filtro,Negro,Normal,f,160
NIF-CHI-VIL-14,Pure Essence Chile,Con Filtro,Negro,Normal,t,176
NIF-CHI-VIL-14,Royal Blend Reino,Con Filtro,Negro,Light,f,71
NIF-CHI-VIL-14,Urban Classic Japon,Sin Filtro,Negro,Normal,f,200
NIF-CHI-VIL-14,Mountain Mist Japon,Con Filtro,Rubio,Light,f,306
NIF-CHI-VIL-14,Midnight Silk Japon,Con Filtro,Rubio,Normal,t,263
NIF-CHI-VIL-14,Mountain Mist Argentina,Sin Filtro,Negro,Normal,f,389
NIF-CHI-VIL-14,Highland Peak Chile,Con Filtro,Negro,Normal,t,133
NIF-CHI-VIL-14,Pure Essence Alemania,Sin Filtro,Rubio,Normal,t,76
NIF-CHI-VIL-14,Amber Haze Chile,Sin Filtro,Rubio,Normal,t,471
NIF-CHI-VIL-14,Ocean Breeze Chile,Con Filtro,Rubio,UltraLight,f,359
NIF-CHI-VIL-15,Highland Peak Chile,Con Filtro,Negro,Normal,t,143
NIF-CHI-VIL-15,Pure Essence Chile,Con Filtro,Negro,SuperLight,f,270
NIF-CHI-VIL-15,Urban Classic Reino,Con Filtro,Negro,Normal,t,156
NIF-CHI-VIL-15,Gold Leaf Argentina,Sin Filtro,Rubio,Normal,f,135
NIF-CHI-VIL-15,Midnight Silk Chile,Con Filtro,Rubio,Normal,t,322
NIF-CHI-VIL-15,Silver Lining Reino,Sin Filtro,Negro,Normal,f,467
NIF-CHI-VIL-15,Ocean Breeze Argentina,Con Filtro,Negro,Normal,t,471
NIF-CHI-VIL-15,Royal Blend Japon,Sin Filtro,Negro,Normal,t,59
NIF-CHI-VIL-15,Ocean Breeze Alemania,Con Filtro,Negro,Light,f,182
NIF-CHI-VIL-15,Amber Haze Reino,Sin Filtro,Rubio,Normal,t,472
NIF-CHI-VIL-15,Mountain Mist Japon,Sin Filtro,Rubio,Normal,f,107
NIF-CHI-VIL-15,Highland Peak Alemania,Con Filtro,Negro,UltraLight,f,339
NIF-CHI-VIL-15,Midnight Silk Reino,Con Filtro,Rubio,SuperLight,f,223
NIF-CHI-VIL-15,Royal Blend Chile,Sin Filtro,Negro,Normal,t,112
NIF-CHI-VIL-15,Amber Haze Japon,Sin Filtro,Rubio,Normal,f,55
NIF-CHI-VIL-15,Royal Blend Reino,Con Filtro,Rubio,Normal,t,156
NIF-CHI-VIL-15,Highland Peak Chile,Con Filtro,Negro,Normal,t,142
NIF-CHI-VIL-15,Silver Lining Japon,Sin Filtro,Negro,Normal,f,335
NIF-CHI-VIL-15,Silver Lining Reino,Sin Filtro,Rubio,Normal,f,292
NIF-CHI-SAN-1,Ocean Breeze Argentina,Con Filtro,Rubio,Normal,t,150
NIF-CHI-SAN-1,Mountain Mist Argentina,Sin Filtro,Negro,Normal,t,206
NIF-CHI-SAN-1,Urban Classic Alemania,Con Filtro,Rubio,Normal,t,330
NIF-CHI-SAN-1,Highland Peak Argentina,Sin Filtro,Rubio,Normal,f,131
NIF-CHI-SAN-1,Pure Essence Japon,Sin Filtro,Negro,Normal,f,319
NIF-CHI-SAN-1,Mountain Mist Argentina,Sin Filtro,Negro,Normal,t,171
NIF-CHI-SAN-1,Silver Lining Alemania,Sin Filtro,Negro,Normal,f,199
NIF-CHI-SAN-1,Gold Leaf Argentina,Con Filtro,Rubio,Light,f,86
NIF-CHI-SAN-1,Pure Essence Reino,Sin Filtro,Negro,Normal,t,237
NIF-CHI-SAN-1,Ocean Breeze Argentina,Con Filtro,Negro,SuperLight,f,250
NIF-CHI-SAN-1,Royal Blend Argentina,Con Filtro,Rubio,Light,f,111
NIF-CHI-SAN-1,Royal Blend Japon,Con Filtro,Rubio,SuperLight,f,408
NIF-CHI-SAN-1,Ocean Breeze Japon,Sin Filtro,Rubio,Normal,t,344
NIF-CHI-SAN-1,Pure Essence Reino,Con Filtro,Negro,Normal,t,348
NIF-CHI-SAN-1,Royal Blend Chile,Con Filtro,Negro,Normal,t,294
NIF-CHI-SAN-1,Mountain Mist Alemania,Sin Filtro,Negro,Normal,f,347
NIF-CHI-SAN-1,Urban Classic Chile,Sin Filtro,Rubio,Normal,t,411
NIF-CHI-SAN-1,Urban Classic Reino,Con Filtro,Negro,Normal,t,356
NIF-CHI-SAN-1,Urban Classic Argentina,Con Filtro,Rubio,Normal,t,78
NIF-CHI-SAN-1,Highland Peak Japon,Con Filtro,Rubio,Light,f,93
NIF-CHI-SAN-1,Pure Essence Reino,Sin Filtro,Negro,Normal,f,440
NIF-CHI-SAN-2,Midnight Silk Japon,Con Filtro,Rubio,Light,f,256
NIF-CHI-SAN-2,Pure Essence Reino,Sin Filtro,Rubio,Normal,t,329
NIF-CHI-SAN-2,Ocean Breeze Argentina,Con Filtro,Negro,Normal,t,53
NIF-CHI-SAN-2,Midnight Silk Chile,Con Filtro,Negro,Normal,t,114
NIF-CHI-SAN-2,Pure Essence Japon,Sin Filtro,Negro,Normal,f,490
NIF-CHI-SAN-2,Ocean Breeze Argentina,Con Filtro,Negro,SuperLight,f,142
NIF-CHI-SAN-2,Midnight Silk Argentina,Sin Filtro,Negro,Normal,t,309
NIF-CHI-SAN-2,Ocean Breeze Japon,Sin Filtro,Negro,Normal,t,203
NIF-CHI-SAN-2,Mountain Mist Alemania,Sin Filtro,Rubio,Normal,t,254
NIF-CHI-SAN-2,Urban Classic Argentina,Con Filtro,Negro,UltraLight,f,377
NIF-CHI-SAN-2,Urban Classic Japon,Sin Filtro,Rubio,Normal,t,345
NIF-CHI-SAN-2,Midnight Silk Japon,Con Filtro,Rubio,Normal,t,228
NIF-CHI-SAN-2,Pure Essence Chile,Con Filtro,Negro,SuperLight,f,131
NIF-CHI-SAN-2,Gold Leaf Chile,Con Filtro,Rubio,UltraLight,f,390
NIF-CHI-SAN-2,Royal Blend Japon,Sin Filtro,Negro,Normal,f,183
NIF-CHI-SAN-2,Amber Haze Alemania,Con Filtro,Rubio,Normal,t,462
NIF-CHI-SAN-2,Ocean Breeze Japon,Sin Filtro,Rubio,Normal,t,417
NIF-CHI-SAN-2,Urban Classic Alemania,Sin Filtro,Negro,Normal,t,305
NIF-CHI-SAN-3,Midnight Silk Argentina,Sin Filtro,Rubio,Normal,f,359
NIF-CHI-SAN-3,Gold Leaf Alemania,Sin Filtro,Negro,Normal,t,429
NIF-CHI-SAN-3,Silver Lining Japon,Con Filtro,Negro,Normal,t,256
NIF-CHI-SAN-3,Urban Classic Chile,Con Filtro,Negro,Normal,t,240
NIF-CHI-SAN-3,Amber Haze Chile,Sin Filtro,Rubio,Normal,t,234
NIF-CHI-SAN-3,Ocean Breeze Japon,Con Filtro,Rubio,Normal,t,294
NIF-CHI-SAN-3,Silver Lining Japon,Con Filtro,Rubio,Light,f,155
NIF-CHI-SAN-3,Ocean Breeze Chile,Con Filtro,Rubio,UltraLight,f,58
NIF-CHI-SAN-3,Urban Classic Japon,Con Filtro,Rubio,Normal,t,494
NIF-CHI-SAN-3,Pure Essence Reino,Sin Filtro,Rubio,Normal,t,271
NIF-CHI-SAN-3,Mountain Mist Chile,Sin Filtro,Rubio,Normal,f,348
NIF-CHI-SAN-3,Urban Classic Chile,Sin Filtro,Rubio,Normal,f,285
NIF-CHI-SAN-3,Royal Blend Alemania,Sin Filtro,Negro,Normal,t,297
NIF-CHI-SAN-3,Mountain Mist Japon,Con Filtro,Negro,Normal,t,437
NIF-CHI-SAN-3,Midnight Silk Alemania,Con Filtro,Rubio,Normal,t,133
NIF-CHI-SAN-3,Highland Peak Chile,Sin Filtro,Rubio,Normal,f,124
NIF-CHI-SAN-3,Mountain Mist Argentina,Con Filtro,Rubio,SuperLight,f,442
NIF-CHI-SAN-3,Mountain Mist Japon,Con Filtro,Negro,Normal,t,141
NIF-CHI-SAN-3,Midnight Silk Japon,Con Filtro,Rubio,Normal,t,322
NIF-CHI-SAN-3,Midnight Silk Argentina,Con Filtro,Rubio,Normal,f,227
NIF-CHI-SAN-4,Silver Lining Chile,Sin Filtro,Negro,Normal,f,347
NIF-CHI-SAN-4,Silver Lining Chile,Con Filtro,Negro,SuperLight,f,94
NIF-CHI-SAN-4,Silver Lining Chile,Sin Filtro,Rubio,Normal,t,438
NIF-CHI-SAN-4,Midnight Silk Alemania,Con Filtro,Negro,Normal,t,326
NIF-CHI-SAN-4,Amber Haze Argentina,Con Filtro,Negro,Normal,t,116
NIF-CHI-SAN-4,Gold Leaf Japon,Con Filtro,Rubio,Normal,t,127
NIF-CHI-SAN-4,Pure Essence Reino,Sin Filtro,Rubio,Normal,t,271
NIF-CHI-SAN-4,Mountain Mist Argentina,Sin Filtro,Negro,Normal,f,205
NIF-CHI-SAN-4,Amber Haze Japon,Sin Filtro,Negro,Normal,t,78
NIF-CHI-SAN-4,Mountain Mist Chile,Sin Filtro,Rubio,Normal,f,55
NIF-CHI-SAN-4,Midnight Silk Japon,Sin Filtro,Negro,Normal,f,218
NIF-CHI-SAN-4,Midnight Silk Alemania,Sin Filtro,Negro,Normal,t,126
NIF-CHI-SAN-5,Silver Lining Chile,Sin Filtro,Rubio,Normal,t,264
NIF-CHI-SAN-5,Urban Classic Argentina,Con Filtro,Negro,UltraLight,f,302
NIF-CHI-SAN-5,Mountain Mist Reino,Sin Filtro,Negro,Normal,f,135
NIF-CHI-SAN-5,Mountain Mist Japon,Con Filtro,Negro,Normal,t,470
NIF-CHI-SAN-5,Silver Lining Alemania,Sin Filtro,Negro,Normal,f,67
NIF-CHI-SAN-5,Mountain Mist Reino,Con Filtro,Negro,SuperLight,f,137
NIF-CHI-SAN-5,Gold Leaf Chile,Sin Filtro,Negro,Normal,t,254
NIF-CHI-SAN-5,Pure Essence Japon,Con Filtro,Negro,Normal,t,395
NIF-CHI-SAN-5,Highland Peak Reino,Con Filtro,Rubio,Normal,t,475
NIF-CHI-SAN-5,Mountain Mist Chile,Sin Filtro,Rubio,Normal,t,157
NIF-CHI-SAN-5,Amber Haze Alemania,Con Filtro,Negro,Normal,f,437
NIF-CHI-SAN-5,Mountain Mist Argentina,Con Filtro,Rubio,Normal,t,58
NIF-CHI-SAN-5,Urban Classic Chile,Con Filtro,Negro,SuperLight,f,329
NIF-CHI-SAN-6,Highland Peak Argentina,Sin Filtro,Rubio,Normal,f,432
NIF-CHI-SAN-6,Midnight Silk Reino,Sin Filtro,Rubio,Normal,t,182
NIF-CHI-SAN-6,Royal Blend Alemania,Sin Filtro,Rubio,Normal,f,271
NIF-CHI-SAN-6,Amber Haze Japon,Con Filtro,Rubio,Light,f,346
NIF-CHI-SAN-6,Highland Peak Reino,Con Filtro,Rubio,Normal,t,256
NIF-CHI-SAN-6,Royal Blend Alemania,Con Filtro,Rubio,Normal,t,314
NIF-CHI-SAN-6,Silver Lining Alemania,Sin Filtro,Negro,Normal,t,262
NIF-CHI-SAN-6,Pure Essence Chile,Sin Filtro,Negro,Normal,f,114
NIF-CHI-SAN-6,Highland Peak Japon,Sin Filtro,Rubio,Normal,t,57
NIF-CHI-SAN-6,Royal Blend Argentina,Con Filtro,Rubio,Light,f,472
NIF-CHI-SAN-6,Royal Blend Reino,Sin Filtro,Rubio,Normal,t,145
NIF-CHI-SAN-6,Gold Leaf Argentina,Sin Filtro,Rubio,Normal,f,132
NIF-CHI-SAN-6,Silver Lining Japon,Con Filtro,Rubio,Light,f,183
NIF-CHI-SAN-6,Highland Peak Reino,Sin Filtro,Negro,Normal,t,146
NIF-CHI-SAN-6,Gold Leaf Alemania,Sin Filtro,Rubio,Normal,f,413
NIF-CHI-SAN-6,Midnight Silk Japon,Con Filtro,Rubio,Normal,t,386
NIF-CHI-SAN-6,Pure Essence Argentina,Con Filtro,Rubio,SuperLight,f,394
NIF-CHI-SAN-6,Mountain Mist Alemania,Sin Filtro,Negro,Normal,f,449
NIF-CHI-SAN-6,Pure Essence Alemania,Sin Filtro,Rubio,Normal,t,177
NIF-CHI-SAN-7,Amber Haze Japon,Sin Filtro,Negro,Normal,t,443
NIF-CHI-SAN-7,Gold Leaf Argentina,Con Filtro,Negro,Normal,t,430
NIF-CHI-SAN-7,Midnight Silk Argentina,Con Filtro,Rubio,Normal,f,311
NIF-CHI-SAN-7,Silver Lining Reino,Con Filtro,Negro,Normal,t,322
NIF-CHI-SAN-7,Highland Peak Japon,Con Filtro,Rubio,Normal,t,402
NIF-CHI-SAN-7,Mountain Mist Argentina,Sin Filtro,Negro,Normal,f,257
NIF-CHI-SAN-7,Silver Lining Chile,Con Filtro,Rubio,Normal,f,167
NIF-CHI-SAN-7,Mountain Mist Chile,Sin Filtro,Rubio,Normal,t,230
NIF-CHI-SAN-7,Highland Peak Reino,Con Filtro,Rubio,Normal,t,111
NIF-CHI-SAN-7,Urban Classic Argentina,Sin Filtro,Negro,Normal,f,195
NIF-CHI-SAN-7,Royal Blend Chile,Sin Filtro,Rubio,Normal,t,417
NIF-CHI-SAN-7,Mountain Mist Alemania,Sin Filtro,Negro,Normal,t,403
NIF-CHI-SAN-7,Silver Lining Chile,Con Filtro,Rubio,Light,f,341
NIF-CHI-SAN-7,Midnight Silk Chile,Sin Filtro,Rubio,Normal,f,460
NIF-CHI-SAN-7,Gold Leaf Reino,Con Filtro,Negro,SuperLight,f,166
NIF-CHI-SAN-7,Ocean Breeze Reino,Con Filtro,Rubio,Normal,f,287
NIF-CHI-SAN-8,Amber Haze Chile,Con Filtro,Rubio,Normal,t,53
NIF-CHI-SAN-8,Pure Essence Japon,Sin Filtro,Rubio,Normal,f,159
NIF-CHI-SAN-8,Silver Lining Alemania,Con Filtro,Negro,Normal,t,140
NIF-CHI-SAN-8,Gold Leaf Chile,Con Filtro,Rubio,Normal,t,417
NIF-CHI-SAN-8,Pure Essence Argentina,Con Filtro,Rubio,Normal,t,235
NIF-CHI-SAN-8,Highland Peak Japon,Sin Filtro,Rubio,Normal,f,286
NIF-CHI-SAN-8,Gold Leaf Alemania,Sin Filtro,Rubio,Normal,f,208
NIF-CHI-SAN-8,Highland Peak Japon,Sin Filtro,Rubio,Normal,t,179
NIF-CHI-SAN-8,Pure Essence Argentina,Con Filtro,Rubio,UltraLight,f,498
NIF-CHI-SAN-8,Urban Classic Reino,Sin Filtro,Rubio,Normal,f,101
NIF-CHI-SAN-8,Gold Leaf Argentina,Con Filtro,Negro,Normal,t,51
NIF-CHI-SAN-8,Midnight Silk Argentina,Sin Filtro,Negro,Normal,t,252
NIF-CHI-SAN-9,Mountain Mist Japon,Con Filtro,Rubio,Light,f,475
NIF-CHI-SAN-9,Pure Essence Argentina,Con Filtro,Rubio,UltraLight,f,366
NIF-CHI-SAN-9,Urban Classic Alemania,Sin Filtro,Negro,Normal,t,52
NIF-CHI-SAN-9,Pure Essence Reino,Sin Filtro,Negro,Normal,f,114
NIF-CHI-SAN-9,Mountain Mist Argentina,Con Filtro,Negro,UltraLight,f,451
NIF-CHI-SAN-9,Royal Blend Alemania,Sin Filtro,Rubio,Normal,f,76
NIF-CHI-SAN-9,Midnight Silk Alemania,Sin Filtro,Negro,Normal,f,276
NIF-CHI-SAN-9,Gold Leaf Chile,Sin Filtro,Negro,Normal,t,223
NIF-CHI-SAN-9,Ocean Breeze Alemania,Sin Filtro,Rubio,Normal,t,104
NIF-CHI-SAN-9,Midnight Silk Chile,Sin Filtro,Rubio,Normal,f,362
NIF-CHI-SAN-9,Highland Peak Japon,Sin Filtro,Rubio,Normal,f,407
NIF-CHI-SAN-9,Silver Lining Alemania,Sin Filtro,Negro,Normal,t,54
NIF-CHI-SAN-9,Pure Essence Japon,Sin Filtro,Negro,Normal,t,367
NIF-CHI-SAN-9,Midnight Silk Alemania,Sin Filtro,Negro,Normal,t,310
NIF-CHI-SAN-9,Gold Leaf Chile,Sin Filtro,Rubio,Normal,t,464
NIF-CHI-SAN-9,Royal Blend Reino,Con Filtro,Negro,Normal,t,497
NIF-CHI-SAN-9,Ocean Breeze Reino,Sin Filtro,Negro,Normal,t,472
NIF-CHI-SAN-9,Midnight Silk Japon,Sin Filtro,Rubio,Normal,f,318
NIF-CHI-SAN-9,Midnight Silk Argentina,Sin Filtro,Negro,Normal,t,307
NIF-CHI-SAN-9,Ocean Breeze Argentina,Con Filtro,Rubio,Normal,t,432
NIF-CHI-SAN-9,Gold Leaf Chile,Sin Filtro,Negro,Normal,t,332
NIF-CHI-SAN-9,Midnight Silk Japon,Con Filtro,Rubio,Normal,t,170
NIF-CHI-SAN-10,Ocean Breeze Alemania,Con Filtro,Negro,UltraLight,f,120
NIF-CHI-SAN-10,Ocean Breeze Reino,Sin Filtro,Negro,Normal,f,430
NIF-CHI-SAN-10,Pure Essence Chile,Con Filtro,Rubio,Light,f,131
NIF-CHI-SAN-10,Urban Classic Argentina,Con Filtro,Rubio,Normal,t,80
NIF-CHI-SAN-10,Urban Classic Alemania,Con Filtro,Rubio,Normal,t,130
NIF-CHI-SAN-10,Mountain Mist Alemania,Sin Filtro,Rubio,Normal,f,289
NIF-CHI-SAN-10,Mountain Mist Argentina,Sin Filtro,Negro,Normal,t,370
NIF-CHI-SAN-10,Silver Lining Japon,Con Filtro,Negro,SuperLight,f,338
NIF-CHI-SAN-10,Gold Leaf Japon,Con Filtro,Rubio,Normal,t,215
NIF-CHI-SAN-10,Royal Blend Japon,Sin Filtro,Negro,Normal,t,493
NIF-CHI-SAN-10,Highland Peak Reino,Sin Filtro,Rubio,Normal,t,337
NIF-CHI-SAN-10,Ocean Breeze Alemania,Sin Filtro,Negro,Normal,t,386
NIF-CHI-SAN-10,Midnight Silk Alemania,Sin Filtro,Rubio,Normal,f,330
NIF-CHI-SAN-10,Mountain Mist Japon,Sin Filtro,Rubio,Normal,f,314
NIF-CHI-SAN-10,Royal Blend Argentina,Con Filtro,Negro,SuperLight,f,239
NIF-CHI-SAN-10,Amber Haze Argentina,Sin Filtro,Negro,Normal,t,124
NIF-CHI-SAN-10,Gold Leaf Argentina,Sin Filtro,Rubio,Normal,f,179
NIF-CHI-SAN-10,Royal Blend Reino,Con Filtro,Negro,Light,f,184
NIF-CHI-SAN-10,Highland Peak Japon,Con Filtro,Rubio,Light,f,76
NIF-CHI-SAN-10,Amber Haze Reino,Con Filtro,Rubio,Normal,t,234
NIF-CHI-SAN-10,Ocean Breeze Chile,Sin Filtro,Rubio,Normal,f,292
NIF-CHI-SAN-10,Ocean Breeze Argentina,Sin Filtro,Rubio,Normal,f,252
NIF-CHI-SAN-10,Urban Classic Alemania,Sin Filtro,Rubio,Normal,f,415
NIF-CHI-SAN-10,Highland Peak Japon,Con Filtro,Rubio,Normal,t,484
NIF-CHI-SAN-10,Gold Leaf Reino,Con Filtro,Negro,Light,f,352
NIF-CHI-SAN-10,Silver Lining Alemania,Sin Filtro,Negro,Normal,f,317
NIF-CHI-SAN-10,Midnight Silk Chile,Con Filtro,Negro,Normal,t,467
NIF-CHI-SAN-11,Pure Essence Alemania,Sin Filtro,Rubio,Normal,f,471
NIF-CHI-SAN-11,Midnight Silk Japon,Con Filtro,Rubio,Normal,f,249
NIF-CHI-SAN-11,Ocean Breeze Japon,Sin Filtro,Negro,Normal,t,293
NIF-CHI-SAN-11,Amber Haze Reino,Sin Filtro,Rubio,Normal,t,238
NIF-CHI-SAN-11,Gold Leaf Reino,Sin Filtro,Negro,Normal,f,294
NIF-CHI-SAN-11,Pure Essence Japon,Sin Filtro,Negro,Normal,t,369
NIF-CHI-SAN-11,Highland Peak Chile,Con Filtro,Rubio,Normal,f,447
NIF-CHI-SAN-11,Ocean Breeze Argentina,Con Filtro,Negro,Normal,t,246
NIF-CHI-SAN-11,Highland Peak Chile,Sin Filtro,Rubio,Normal,f,143
NIF-CHI-SAN-11,Ocean Breeze Chile,Sin Filtro,Negro,Normal,f,62
NIF-CHI-SAN-11,Pure Essence Reino,Con Filtro,Negro,Normal,f,339
NIF-CHI-SAN-11,Royal Blend Chile,Con Filtro,Rubio,UltraLight,f,183
NIF-CHI-SAN-11,Silver Lining Alemania,Sin Filtro,Negro,Normal,f,191
NIF-CHI-SAN-11,Amber Haze Alemania,Sin Filtro,Rubio,Normal,f,369
NIF-CHI-SAN-11,Mountain Mist Reino,Sin Filtro,Negro,Normal,f,234
NIF-CHI-SAN-11,Royal Blend Japon,Sin Filtro,Negro,Normal,f,64
NIF-CHI-SAN-12,Gold Leaf Alemania,Sin Filtro,Rubio,Normal,f,325
NIF-CHI-SAN-12,Mountain Mist Japon,Con Filtro,Negro,Normal,t,288
NIF-CHI-SAN-12,Mountain Mist Argentina,Con Filtro,Rubio,Normal,t,443
NIF-CHI-SAN-12,Ocean Breeze Japon,Sin Filtro,Negro,Normal,f,293
NIF-CHI-SAN-12,Midnight Silk Argentina,Sin Filtro,Negro,Normal,t,457
NIF-CHI-SAN-12,Urban Classic Alemania,Con Filtro,Negro,Light,f,54
NIF-CHI-SAN-12,Ocean Breeze Alemania,Con Filtro,Negro,UltraLight,f,195
NIF-CHI-SAN-12,Midnight Silk Japon,Con Filtro,Rubio,Normal,t,239
NIF-CHI-SAN-12,Urban Classic Chile,Con Filtro,Negro,SuperLight,f,412
NIF-CHI-SAN-12,Midnight Silk Alemania,Sin Filtro,Negro,Normal,t,306
NIF-CHI-SAN-12,Royal Blend Japon,Sin Filtro,Rubio,Normal,t,94
NIF-CHI-SAN-12,Royal Blend Chile,Con Filtro,Rubio,Normal,t,231
NIF-CHI-SAN-12,Amber Haze Japon,Sin Filtro,Rubio,Normal,t,160
NIF-CHI-SAN-12,Mountain Mist Reino,Sin Filtro,Negro,Normal,t,325
NIF-CHI-SAN-12,Gold Leaf Argentina,Sin Filtro,Negro,Normal,f,364
NIF-CHI-SAN-12,Highland Peak Chile,Con Filtro,Negro,Normal,t,188
NIF-CHI-SAN-12,Midnight Silk Alemania,Sin Filtro,Negro,Normal,f,73
NIF-CHI-SAN-12,Silver Lining Alemania,Con Filtro,Negro,Normal,t,354
NIF-CHI-SAN-12,Urban Classic Chile,Sin Filtro,Negro,Normal,f,285
NIF-CHI-SAN-12,Midnight Silk Reino,Sin Filtro,Rubio,Normal,f,132
NIF-CHI-SAN-12,Silver Lining Alemania,Sin Filtro,Negro,Normal,t,455
NIF-CHI-SAN-12,Silver Lining Japon,Sin Filtro,Negro,Normal,f,185
NIF-CHI-SAN-13,Ocean Breeze Alemania,Sin Filtro,Rubio,Normal,t,305
NIF-CHI-SAN-13,Ocean Breeze Reino,Sin Filtro,Negro,Normal,t,353
NIF-CHI-SAN-13,Mountain Mist Reino,Sin Filtro,Rubio,Normal,f,237
NIF-CHI-SAN-13,Mountain Mist Japon,Con Filtro,Rubio,Normal,t,288
NIF-CHI-SAN-13,Urban Classic Argentina,Con Filtro,Negro,Normal,f,188
NIF-CHI-SAN-13,Highland Peak Reino,Con Filtro,Rubio,Normal,t,161
NIF-CHI-SAN-13,Gold Leaf Alemania,Sin Filtro,Negro,Normal,t,129
NIF-CHI-SAN-13,Silver Lining Japon,Sin Filtro,Rubio,Normal,f,360
NIF-CHI-SAN-13,Amber Haze Chile,Sin Filtro,Rubio,Normal,t,350
NIF-CHI-SAN-13,Royal Blend Argentina,Sin Filtro,Negro,Normal,f,416
NIF-CHI-SAN-13,Midnight Silk Japon,Con Filtro,Rubio,Normal,t,490
NIF-CHI-SAN-13,Amber Haze Argentina,Con Filtro,Negro,Normal,t,111
NIF-CHI-SAN-13,Mountain Mist Chile,Sin Filtro,Rubio,Normal,t,54
NIF-CHI-SAN-13,Urban Classic Argentina,Sin Filtro,Negro,Normal,f,230
NIF-CHI-SAN-13,Highland Peak Chile,Con Filtro,Rubio,SuperLight,f,165
NIF-CHI-SAN-13,Gold Leaf Alemania,Con Filtro,Rubio,Normal,t,125
NIF-CHI-SAN-13,Gold Leaf Chile,Sin Filtro,Negro,Normal,f,405
NIF-CHI-SAN-13,Mountain Mist Alemania,Sin Filtro,Negro,Normal,f,385
NIF-CHI-SAN-13,Mountain Mist Chile,Sin Filtro,Rubio,Normal,f,229
NIF-CHI-SAN-13,Pure Essence Argentina,Con Filtro,Rubio,Normal,t,183
NIF-CHI-SAN-13,Royal Blend Argentina,Con Filtro,Negro,Light,f,448
NIF-CHI-SAN-13,Urban Classic Alemania,Sin Filtro,Negro,Normal,f,52
NIF-CHI-SAN-13,Royal Blend Reino,Con Filtro,Negro,SuperLight,f,147
NIF-CHI-SAN-13,Silver Lining Alemania,Sin Filtro,Negro,Normal,f,474
NIF-CHI-SAN-13,Royal Blend Reino,Con Filtro,Negro,Normal,t,89
NIF-CHI-SAN-14,Gold Leaf Reino,Sin Filtro,Rubio,Normal,t,216
NIF-CHI-SAN-14,Ocean Breeze Argentina,Con Filtro,Negro,SuperLight,f,260
NIF-CHI-SAN-14,Royal Blend Japon,Sin Filtro,Rubio,Normal,t,330
NIF-CHI-SAN-14,Royal Blend Japon,Con Filtro,Rubio,SuperLight,f,57
NIF-CHI-SAN-14,Gold Leaf Japon,Sin Filtro,Negro,Normal,t,457
NIF-CHI-SAN-14,Ocean Breeze Chile,Con Filtro,Negro,Normal,t,59
NIF-CHI-SAN-14,Midnight Silk Chile,Con Filtro,Rubio,Normal,t,391
NIF-CHI-SAN-14,Urban Classic Reino,Con Filtro,Negro,Normal,t,335
NIF-CHI-SAN-14,Gold Leaf Reino,Sin Filtro,Negro,Normal,f,173
NIF-CHI-SAN-14,Midnight Silk Argentina,Sin Filtro,Negro,Normal,t,312
NIF-CHI-SAN-14,Pure Essence Reino,Sin Filtro,Rubio,Normal,t,364
NIF-CHI-SAN-14,Ocean Breeze Argentina,Con Filtro,Rubio,Normal,t,273
NIF-CHI-SAN-14,Amber Haze Japon,Con Filtro,Rubio,SuperLight,f,124
NIF-CHI-SAN-14,Gold Leaf Alemania,Sin Filtro,Rubio,Normal,f,318
NIF-CHI-SAN-14,Gold Leaf Alemania,Sin Filtro,Negro,Normal,t,115
NIF-CHI-SAN-14,Royal Blend Alemania,Con Filtro,Rubio,Normal,t,87
NIF-CHI-SAN-14,Gold Leaf Argentina,Sin Filtro,Rubio,Normal,f,411
NIF-CHI-SAN-14,Silver Lining Alemania,Sin Filtro,Negro,Normal,t,342
NIF-CHI-SAN-14,Ocean Breeze Chile,Sin Filtro,Rubio,Normal,f,417
NIF-CHI-SAN-14,Midnight Silk Alemania,Sin Filtro,Negro,Normal,t,375
NIF-CHI-SAN-14,Highland Peak Alemania,Con Filtro,Rubio,UltraLight,f,103
NIF-CHI-SAN-14,Pure Essence Chile,Con Filtro,Rubio,Normal,t,106
NIF-CHI-SAN-14,Midnight Silk Alemania,Con Filtro,Rubio,Normal,t,217
NIF-CHI-SAN-14,Pure Essence Japon,Con Filtro,Negro,Normal,t,136
NIF-CHI-SAN-14,Amber Haze Japon,Sin Filtro,Negro,Normal,t,134
NIF-CHI-SAN-14,Silver Lining Japon,Sin Filtro,Rubio,Normal,f,222
NIF-CHI-SAN-14,Ocean Breeze Japon,Con Filtro,Rubio,Normal,t,74
NIF-CHI-SAN-14,Urban Classic Japon,Sin Filtro,Negro,Normal,f,157
NIF-CHI-SAN-15,Royal Blend Japon,Sin Filtro,Negro,Normal,f,108
NIF-CHI-SAN-15,Pure Essence Argentina,Con Filtro,Rubio,Normal,t,128
NIF-CHI-SAN-15,Mountain Mist Alemania,Sin Filtro,Rubio,Normal,f,144
NIF-CHI-SAN-15,Silver Lining Japon,Con Filtro,Rubio,Normal,f,214
NIF-CHI-SAN-15,Royal Blend Reino,Con Filtro,Negro,Light,f,269
NIF-CHI-SAN-15,Pure Essence Japon,Sin Filtro,Negro,Normal,f,294
NIF-CHI-SAN-15,Silver Lining Argentina,Con Filtro,Rubio,Normal,f,261
NIF-CHI-SAN-15,Ocean Breeze Chile,Con Filtro,Negro,Normal,t,403
NIF-CHI-SAN-15,Pure Essence Chile,Sin Filtro,Rubio,Normal,f,430
NIF-CHI-SAN-15,Midnight Silk Chile,Sin Filtro,Rubio,Normal,f,375
NIF-CHI-SAN-15,Mountain Mist Alemania,Sin Filtro,Negro,Normal,f,208
NIF-CHI-SAN-15,Mountain Mist Reino,Sin Filtro,Rubio,Normal,f,463
NIF-CHI-SAN-15,Gold Leaf Japon,Sin Filtro,Negro,Normal,f,50
NIF-CHI-SAN-15,Pure Essence Argentina,Con Filtro,Rubio,Normal,t,114
NIF-CHI-SAN-15,Silver Lining Chile,Con Filtro,Rubio,Normal,t,91
NIF-CHI-SAN-15,Midnight Silk Argentina,Sin Filtro,Rubio,Normal,f,250
NIF-CHI-SAN-15,Ocean Breeze Japon,Sin Filtro,Rubio,Normal,t,258
NIF-CHI-SAN-15,Pure Essence Argentina,Con Filtro,Negro,Normal,t,452
NIF-CHI-SAN-15,Royal Blend Reino,Sin Filtro,Rubio,Normal,f,134
NIF-CHI-SAN-15,Amber Haze Argentina,Sin Filtro,Rubio,Normal,t,261
NIF-CHI-SAN-15,Royal Blend Chile,Sin Filtro,Rubio,Normal,t,174
NIF-CHI-SAN-15,Mountain Mist Alemania,Sin Filtro,Rubio,Normal,f,309
NIF-CHI-SAN-15,Pure Essence Alemania,Sin Filtro,Rubio,Normal,t,57
NIF-CHI-SAN-15,Gold Leaf Japon,Sin Filtro,Negro,Normal,t,119
NIF-CHI-SAN-15,Ocean Breeze Chile,Sin Filtro,Negro,Normal,f,93
NIF-CHI-SAN-15,Mountain Mist Argentina,Sin Filtro,Negro,Normal,t,59
NIF-ARG-LA -1,Midnight Silk Argentina,Con Filtro,Rubio,Normal,f,383
NIF-ARG-LA -1,Silver Lining Chile,Con Filtro,Rubio,Normal,t,208
NIF-ARG-LA -1,Highland Peak Argentina,Con Filtro,Rubio,SuperLight,f,457
NIF-ARG-LA -1,Midnight Silk Alemania,Sin Filtro,Negro,Normal,t,295
NIF-ARG-LA -1,Mountain Mist Chile,Sin Filtro,Rubio,Normal,t,494
NIF-ARG-LA -1,Pure Essence Chile,Con Filtro,Rubio,Light,f,275
NIF-ARG-LA -1,Mountain Mist Reino,Con Filtro,Rubio,Light,f,314
NIF-ARG-LA -1,Silver Lining Chile,Con Filtro,Negro,SuperLight,f,118
NIF-ARG-LA -1,Silver Lining Argentina,Con Filtro,Rubio,Normal,f,479
NIF-ARG-LA -1,Pure Essence Alemania,Sin Filtro,Rubio,Normal,f,224
NIF-ARG-LA -1,Royal Blend Alemania,Sin Filtro,Rubio,Normal,t,472
NIF-ARG-LA -1,Highland Peak Argentina,Sin Filtro,Rubio,Normal,f,367
NIF-ARG-LA -1,Ocean Breeze Chile,Con Filtro,Negro,Normal,t,409
NIF-ARG-LA -1,Pure Essence Chile,Con Filtro,Negro,Normal,t,102
NIF-ARG-LA -1,Mountain Mist Argentina,Con Filtro,Rubio,SuperLight,f,249
NIF-ARG-LA -1,Midnight Silk Argentina,Sin Filtro,Rubio,Normal,t,62
NIF-ARG-LA -1,Silver Lining Reino,Con Filtro,Negro,UltraLight,f,169
NIF-ARG-LA -1,Urban Classic Alemania,Sin Filtro,Negro,Normal,t,448
NIF-ARG-LA -1,Ocean Breeze Chile,Con Filtro,Negro,Normal,f,126
NIF-ARG-LA -1,Midnight Silk Japon,Con Filtro,Negro,UltraLight,f,259
NIF-ARG-LA -1,Gold Leaf Alemania,Con Filtro,Negro,Light,f,97
NIF-ARG-LA -1,Silver Lining Japon,Sin Filtro,Rubio,Normal,f,125
NIF-ARG-LA -1,Midnight Silk Reino,Con Filtro,Negro,UltraLight,f,262
NIF-ARG-LA -1,Midnight Silk Alemania,Sin Filtro,Rubio,Normal,t,237
NIF-ARG-LA -2,Highland Peak Japon,Con Filtro,Negro,Normal,f,351
NIF-ARG-LA -2,Silver Lining Argentina,Sin Filtro,Negro,Normal,t,106
NIF-ARG-LA -2,Amber Haze Chile,Con Filtro,Rubio,Light,f,127
NIF-ARG-LA -2,Amber Haze Chile,Sin Filtro,Rubio,Normal,t,406
NIF-ARG-LA -2,Ocean Breeze Reino,Sin Filtro,Negro,Normal,f,348
NIF-ARG-LA -2,Pure Essence Chile,Con Filtro,Rubio,Light,f,245
NIF-ARG-LA -2,Amber Haze Japon,Sin Filtro,Rubio,Normal,t,281
NIF-ARG-LA -2,Amber Haze Alemania,Sin Filtro,Negro,Normal,t,271
NIF-ARG-LA -2,Highland Peak Reino,Sin Filtro,Negro,Normal,t,343
NIF-ARG-LA -2,Ocean Breeze Reino,Con Filtro,Negro,Normal,t,428
NIF-ARG-LA -2,Urban Classic Reino,Sin Filtro,Negro,Normal,t,169
NIF-ARG-LA -2,Ocean Breeze Chile,Con Filtro,Rubio,Normal,t,237
NIF-ARG-LA -2,Midnight Silk Alemania,Con Filtro,Rubio,Normal,t,167
NIF-ARG-LA -2,Royal Blend Chile,Con Filtro,Rubio,Normal,t,369
NIF-ARG-LA -2,Midnight Silk Chile,Con Filtro,Rubio,Normal,t,377
NIF-ARG-LA -2,Midnight Silk Chile,Con Filtro,Rubio,Normal,t,154
NIF-ARG-LA -2,Gold Leaf Chile,Sin Filtro,Negro,Normal,f,490
NIF-ARG-LA -2,Highland Peak Chile,Con Filtro,Negro,Normal,t,135
NIF-ARG-LA -3,Gold Leaf Chile,Sin Filtro,Rubio,Normal,f,220
NIF-ARG-LA -3,Highland Peak Argentina,Sin Filtro,Rubio,Normal,f,106
NIF-ARG-LA -3,Midnight Silk Chile,Con Filtro,Negro,Normal,t,94
NIF-ARG-LA -3,Highland Peak Alemania,Sin Filtro,Negro,Normal,t,371
NIF-ARG-LA -3,Amber Haze Japon,Con Filtro,Rubio,SuperLight,f,348
NIF-ARG-LA -3,Urban Classic Reino,Con Filtro,Rubio,Normal,f,193
NIF-ARG-LA -3,Urban Classic Japon,Con Filtro,Rubio,Normal,t,267
NIF-ARG-LA -3,Royal Blend Chile,Con Filtro,Rubio,Normal,t,366
NIF-ARG-LA -3,Pure Essence Reino,Con Filtro,Negro,Normal,t,287
NIF-ARG-LA -3,Royal Blend Reino,Con Filtro,Rubio,Normal,t,216
NIF-ARG-LA -3,Royal Blend Japon,Con Filtro,Rubio,SuperLight,f,213
NIF-ARG-LA -3,Urban Classic Argentina,Sin Filtro,Negro,Normal,f,286
NIF-ARG-LA -4,Amber Haze Chile,Con Filtro,Rubio,Normal,t,331
NIF-ARG-LA -4,Urban Classic Japon,Con Filtro,Rubio,Light,f,170
NIF-ARG-LA -4,Gold Leaf Japon,Con Filtro,Rubio,Normal,t,223
NIF-ARG-LA -4,Urban Classic Chile,Con Filtro,Negro,UltraLight,f,60
NIF-ARG-LA -4,Silver Lining Argentina,Con Filtro,Negro,Light,f,314
NIF-ARG-LA -4,Mountain Mist Chile,Sin Filtro,Rubio,Normal,f,485
NIF-ARG-LA -4,Royal Blend Alemania,Sin Filtro,Rubio,Normal,t,388
NIF-ARG-LA -4,Urban Classic Chile,Con Filtro,Negro,SuperLight,f,472
NIF-ARG-LA -4,Mountain Mist Chile,Sin Filtro,Rubio,Normal,f,473
NIF-ARG-LA -4,Gold Leaf Chile,Con Filtro,Rubio,UltraLight,f,455
NIF-ARG-LA -5,Mountain Mist Japon,Sin Filtro,Negro,Normal,t,120
NIF-ARG-LA -5,Silver Lining Chile,Con Filtro,Negro,SuperLight,f,210
NIF-ARG-LA -5,Highland Peak Reino,Con Filtro,Negro,SuperLight,f,175
NIF-ARG-LA -5,Gold Leaf Argentina,Sin Filtro,Negro,Normal,t,199
NIF-ARG-LA -5,Amber Haze Reino,Con Filtro,Negro,Normal,t,110
NIF-ARG-LA -5,Ocean Breeze Alemania,Con Filtro,Rubio,Light,f,497
NIF-ARG-LA -5,Pure Essence Reino,Sin Filtro,Rubio,Normal,t,182
NIF-ARG-LA -5,Pure Essence Japon,Con Filtro,Negro,UltraLight,f,60
NIF-ARG-LA -5,Gold Leaf Reino,Con Filtro,Negro,SuperLight,f,451
NIF-ARG-LA -5,Pure Essence Japon,Sin Filtro,Rubio,Normal,f,88
NIF-ARG-LA -5,Royal Blend Japon,Sin Filtro,Rubio,Normal,f,449
NIF-ARG-LA -6,Gold Leaf Japon,Con Filtro,Rubio,Normal,f,309
NIF-ARG-LA -6,Royal Blend Alemania,Sin Filtro,Rubio,Normal,f,283
NIF-ARG-LA -6,Silver Lining Reino,Con Filtro,Rubio,UltraLight,f,493
NIF-ARG-LA -6,Mountain Mist Alemania,Sin Filtro,Rubio,Normal,f,408
NIF-ARG-LA -6,Urban Classic Japon,Con Filtro,Rubio,Normal,t,115
NIF-ARG-LA -6,Mountain Mist Argentina,Con Filtro,Negro,UltraLight,f,97
NIF-ARG-LA -6,Gold Leaf Reino,Sin Filtro,Rubio,Normal,f,209
NIF-ARG-LA -6,Gold Leaf Chile,Sin Filtro,Rubio,Normal,f,127
NIF-ARG-LA -6,Highland Peak Alemania,Con Filtro,Negro,UltraLight,f,403
NIF-ARG-LA -6,Ocean Breeze Alemania,Con Filtro,Negro,Light,f,95
NIF-ARG-LA -6,Royal Blend Reino,Con Filtro,Negro,Normal,f,361
NIF-ARG-LA -6,Pure Essence Japon,Con Filtro,Negro,Normal,t,325
NIF-ARG-LA -6,Amber Haze Argentina,Con Filtro,Rubio,Light,f,121
NIF-ARG-LA -6,Mountain Mist Japon,Sin Filtro,Negro,Normal,t,242
NIF-ARG-LA -6,Amber Haze Chile,Sin Filtro,Rubio,Normal,t,368
NIF-ARG-LA -7,Ocean Breeze Japon,Con Filtro,Rubio,Normal,t,69
NIF-ARG-LA -7,Amber Haze Chile,Sin Filtro,Rubio,Normal,f,260
NIF-ARG-LA -7,Amber Haze Alemania,Sin Filtro,Rubio,Normal,t,227
NIF-ARG-LA -7,Mountain Mist Chile,Sin Filtro,Rubio,Normal,t,474
NIF-ARG-LA -7,Urban Classic Japon,Sin Filtro,Negro,Normal,f,157
NIF-ARG-LA -7,Royal Blend Japon,Sin Filtro,Negro,Normal,t,406
NIF-ARG-LA -7,Amber Haze Argentina,Sin Filtro,Rubio,Normal,t,273
NIF-ARG-LA -7,Midnight Silk Reino,Con Filtro,Negro,UltraLight,f,175
NIF-ARG-LA -7,Highland Peak Alemania,Sin Filtro,Negro,Normal,t,301
NIF-ARG-LA -7,Silver Lining Alemania,Sin Filtro,Negro,Normal,f,172
NIF-ARG-LA -7,Amber Haze Chile,Sin Filtro,Rubio,Normal,t,369
NIF-ARG-LA -7,Gold Leaf Alemania,Sin Filtro,Rubio,Normal,f,418
NIF-ARG-LA -7,Highland Peak Japon,Sin Filtro,Negro,Normal,f,251
NIF-ARG-LA -7,Urban Classic Alemania,Con Filtro,Rubio,Normal,t,490
NIF-ARG-LA -7,Midnight Silk Argentina,Sin Filtro,Rubio,Normal,f,377
NIF-ARG-LA -7,Royal Blend Argentina,Con Filtro,Negro,Normal,t,161
NIF-ARG-LA -7,Silver Lining Reino,Con Filtro,Rubio,UltraLight,f,216
NIF-ARG-LA -7,Mountain Mist Japon,Sin Filtro,Rubio,Normal,t,152
NIF-ARG-LA -7,Gold Leaf Alemania,Sin Filtro,Negro,Normal,t,355
NIF-ARG-LA -7,Pure Essence Alemania,Sin Filtro,Rubio,Normal,t,130
NIF-ARG-LA -7,Urban Classic Japon,Con Filtro,Negro,Normal,f,80
NIF-ARG-LA -7,Midnight Silk Chile,Con Filtro,Negro,Normal,t,381
NIF-ARG-LA -7,Highland Peak Argentina,Sin Filtro,Rubio,Normal,f,243
NIF-ARG-LA -7,Amber Haze Reino,Sin Filtro,Rubio,Normal,t,435
NIF-ARG-LA -8,Midnight Silk Reino,Con Filtro,Negro,Normal,t,188
NIF-ARG-LA -8,Silver Lining Argentina,Sin Filtro,Negro,Normal,t,315
NIF-ARG-LA -8,Highland Peak Japon,Con Filtro,Rubio,Light,f,230
NIF-ARG-LA -8,Gold Leaf Alemania,Sin Filtro,Rubio,Normal,f,439
NIF-ARG-LA -8,Ocean Breeze Argentina,Con Filtro,Negro,Normal,t,256
NIF-ARG-LA -8,Silver Lining Chile,Con Filtro,Rubio,Light,f,389
NIF-ARG-LA -8,Mountain Mist Japon,Con Filtro,Negro,Normal,t,470
NIF-ARG-LA -8,Highland Peak Japon,Con Filtro,Rubio,Normal,t,453
NIF-ARG-LA -8,Gold Leaf Argentina,Con Filtro,Rubio,Normal,t,60
NIF-ARG-LA -8,Amber Haze Japon,Con Filtro,Rubio,Normal,t,112
NIF-ARG-LA -8,Ocean Breeze Chile,Con Filtro,Negro,Normal,t,212
NIF-ARG-LA -8,Silver Lining Argentina,Con Filtro,Negro,Light,f,280
NIF-ARG-LA -8,Royal Blend Japon,Con Filtro,Negro,Normal,t,207
NIF-ARG-LA -8,Highland Peak Argentina,Sin Filtro,Rubio,Normal,f,479
NIF-ARG-LA -8,Silver Lining Japon,Con Filtro,Rubio,Normal,f,443
NIF-ARG-LA -8,Midnight Silk Japon,Sin Filtro,Negro,Normal,f,378
NIF-ARG-LA -8,Royal Blend Japon,Sin Filtro,Negro,Normal,f,177
NIF-ARG-LA -8,Amber Haze Alemania,Sin Filtro,Rubio,Normal,t,271
NIF-ARG-LA -8,Ocean Breeze Argentina,Con Filtro,Rubio,Light,f,282
NIF-ARG-LA -8,Highland Peak Japon,Sin Filtro,Rubio,Normal,f,86
NIF-ARG-LA -8,Ocean Breeze Chile,Con Filtro,Rubio,Normal,t,353
NIF-ARG-LA -8,Urban Classic Chile,Sin Filtro,Rubio,Normal,t,61
NIF-ARG-LA -9,Pure Essence Alemania,Con Filtro,Rubio,UltraLight,f,82
NIF-ARG-LA -9,Highland Peak Reino,Con Filtro,Rubio,Normal,t,496
NIF-ARG-LA -9,Amber Haze Reino,Con Filtro,Negro,Normal,t,477
NIF-ARG-LA -9,Silver Lining Alemania,Sin Filtro,Negro,Normal,f,96
NIF-ARG-LA -9,Gold Leaf Reino,Con Filtro,Negro,SuperLight,f,404
NIF-ARG-LA -9,Silver Lining Chile,Sin Filtro,Negro,Normal,f,414
NIF-ARG-LA -9,Silver Lining Reino,Con Filtro,Negro,SuperLight,f,354
NIF-ARG-LA -9,Amber Haze Alemania,Sin Filtro,Negro,Normal,t,176
NIF-ARG-LA -9,Urban Classic Chile,Sin Filtro,Rubio,Normal,f,64
NIF-ARG-LA -9,Gold Leaf Argentina,Sin Filtro,Rubio,Normal,t,221
NIF-ARG-LA -9,Gold Leaf Japon,Sin Filtro,Negro,Normal,f,101
NIF-ARG-LA -9,Urban Classic Chile,Con Filtro,Negro,SuperLight,f,271
NIF-ARG-LA -9,Highland Peak Japon,Con Filtro,Negro,Normal,f,83
NIF-ARG-LA -9,Silver Lining Japon,Con Filtro,Negro,Normal,t,194
NIF-ARG-LA -9,Royal Blend Japon,Sin Filtro,Rubio,Normal,t,305
NIF-ARG-LA -9,Midnight Silk Chile,Con Filtro,Negro,Normal,f,500
NIF-ARG-LA -9,Ocean Breeze Alemania,Sin Filtro,Rubio,Normal,t,319
NIF-ARG-LA -9,Amber Haze Japon,Con Filtro,Rubio,Light,f,383
NIF-ARG-LA -9,Mountain Mist Chile,Sin Filtro,Negro,Normal,f,417
NIF-ARG-LA -9,Mountain Mist Argentina,Con Filtro,Rubio,Normal,t,70
NIF-ARG-LA -9,Mountain Mist Argentina,Sin Filtro,Negro,Normal,t,81
NIF-ARG-LA -9,Midnight Silk Argentina,Sin Filtro,Rubio,Normal,f,471
NIF-ARG-LA -9,Silver Lining Alemania,Con Filtro,Negro,Normal,t,479
NIF-ARG-LA -9,Mountain Mist Reino,Con Filtro,Rubio,Light,f,371
NIF-ARG-LA -9,Midnight Silk Japon,Sin Filtro,Rubio,Normal,f,297
NIF-ARG-LA -10,Highland Peak Japon,Con Filtro,Rubio,Normal,t,93
NIF-ARG-LA -10,Royal Blend Chile,Sin Filtro,Negro,Normal,t,489
NIF-ARG-LA -10,Midnight Silk Reino,Sin Filtro,Rubio,Normal,t,147
NIF-ARG-LA -10,Gold Leaf Argentina,Sin Filtro,Rubio,Normal,f,243
NIF-ARG-LA -10,Urban Classic Argentina,Sin Filtro,Negro,Normal,t,144
NIF-ARG-LA -10,Midnight Silk Reino,Con Filtro,Negro,Normal,t,296
NIF-ARG-LA -10,Silver Lining Reino,Sin Filtro,Negro,Normal,f,477
NIF-ARG-LA -10,Gold Leaf Alemania,Con Filtro,Rubio,Normal,t,410
NIF-ARG-LA -10,Silver Lining Japon,Con Filtro,Negro,Normal,t,313
NIF-ARG-LA -10,Gold Leaf Reino,Sin Filtro,Negro,Normal,f,223
NIF-ARG-LA -10,Amber Haze Alemania,Con Filtro,Rubio,Normal,t,314
NIF-ARG-LA -10,Midnight Silk Japon,Con Filtro,Rubio,Normal,t,83
NIF-ARG-LA -10,Urban Classic Alemania,Sin Filtro,Negro,Normal,f,294
NIF-ARG-LA -10,Mountain Mist Alemania,Con Filtro,Negro,Normal,t,182
NIF-ARG-LA -10,Mountain Mist Argentina,Con Filtro,Rubio,Normal,t,381
NIF-ARG-LA -10,Mountain Mist Chile,Sin Filtro,Rubio,Normal,f,217
NIF-ARG-LA -10,Royal Blend Chile,Con Filtro,Rubio,Normal,t,128
NIF-ARG-LA -10,Pure Essence Reino,Con Filtro,Rubio,Normal,f,365
NIF-ARG-LA -10,Ocean Breeze Alemania,Con Filtro,Rubio,Light,f,243
NIF-ARG-LA -11,Amber Haze Argentina,Sin Filtro,Rubio,Normal,t,81
NIF-ARG-LA -11,Silver Lining Alemania,Sin Filtro,Negro,Normal,f,400
NIF-ARG-LA -11,Mountain Mist Argentina,Con Filtro,Negro,UltraLight,f,488
NIF-ARG-LA -11,Amber Haze Reino,Con Filtro,Rubio,Normal,t,222
NIF-ARG-LA -11,Silver Lining Argentina,Con Filtro,Negro,Normal,t,393
NIF-ARG-LA -11,Highland Peak Reino,Sin Filtro,Negro,Normal,f,213
NIF-ARG-LA -11,Pure Essence Reino,Con Filtro,Rubio,Normal,f,440
NIF-ARG-LA -11,Royal Blend Argentina,Con Filtro,Rubio,UltraLight,f,210
NIF-ARG-LA -11,Gold Leaf Japon,Con Filtro,Negro,SuperLight,f,388
NIF-ARG-LA -11,Amber Haze Chile,Con Filtro,Rubio,Normal,t,422
NIF-ARG-LA -11,Amber Haze Reino,Con Filtro,Negro,Normal,t,333
NIF-ARG-LA -11,Gold Leaf Alemania,Sin Filtro,Negro,Normal,t,425
NIF-ARG-LA -11,Mountain Mist Japon,Sin Filtro,Rubio,Normal,f,394
NIF-ARG-LA -11,Highland Peak Alemania,Sin Filtro,Rubio,Normal,t,81
NIF-ARG-LA -11,Mountain Mist Chile,Sin Filtro,Negro,Normal,f,196
NIF-ARG-LA -11,Gold Leaf Alemania,Sin Filtro,Rubio,Normal,f,277
NIF-ARG-LA -11,Pure Essence Alemania,Sin Filtro,Rubio,Normal,t,116
NIF-ARG-LA -11,Highland Peak Reino,Con Filtro,Rubio,Normal,t,268
NIF-ARG-LA -11,Pure Essence Japon,Con Filtro,Negro,UltraLight,f,161
NIF-ARG-LA -11,Ocean Breeze Chile,Con Filtro,Rubio,UltraLight,f,323
NIF-ARG-LA -11,Gold Leaf Japon,Con Filtro,Rubio,Normal,f,300
NIF-ARG-LA -11,Urban Classic Reino,Sin Filtro,Negro,Normal,t,431
NIF-ARG-LA -11,Silver Lining Chile,Con Filtro,Rubio,Normal,f,160
NIF-ARG-LA -11,Gold Leaf Alemania,Sin Filtro,Rubio,Normal,f,281
NIF-ARG-LA -11,Highland Peak Alemania,Sin Filtro,Negro,Normal,t,408
NIF-ARG-LA -11,Ocean Breeze Argentina,Con Filtro,Negro,Normal,t,344
NIF-ARG-LA -11,Ocean Breeze Chile,Con Filtro,Negro,Normal,f,195
NIF-ARG-LA -12,Pure Essence Alemania,Sin Filtro,Rubio,Normal,t,377
NIF-ARG-LA -12,Ocean Breeze Argentina,Sin Filtro,Rubio,Normal,f,425
NIF-ARG-LA -12,Mountain Mist Japon,Con Filtro,Rubio,Normal,t,260
NIF-ARG-LA -12,Highland Peak Argentina,Con Filtro,Negro,Normal,t,247
NIF-ARG-LA -12,Pure Essence Reino,Sin Filtro,Negro,Normal,f,445
NIF-ARG-LA -12,Ocean Breeze Japon,Con Filtro,Rubio,Normal,t,59
NIF-ARG-LA -12,Highland Peak Argentina,Sin Filtro,Negro,Normal,f,275
NIF-ARG-LA -12,Ocean Breeze Alemania,Con Filtro,Rubio,Normal,t,118
NIF-ARG-LA -12,Highland Peak Reino,Con Filtro,Rubio,Normal,t,449
NIF-ARG-LA -12,Pure Essence Chile,Con Filtro,Negro,Normal,t,125
NIF-ARG-LA -12,Highland Peak Japon,Con Filtro,Rubio,Normal,t,271
NIF-ARG-LA -12,Mountain Mist Argentina,Con Filtro,Negro,Light,f,186
NIF-ARG-LA -12,Pure Essence Japon,Sin Filtro,Rubio,Normal,f,321
NIF-ARG-LA -13,Highland Peak Japon,Con Filtro,Rubio,Light,f,280
NIF-ARG-LA -13,Mountain Mist Alemania,Sin Filtro,Negro,Normal,f,245
NIF-ARG-LA -13,Royal Blend Alemania,Con Filtro,Negro,Light,f,91
NIF-ARG-LA -13,Midnight Silk Japon,Con Filtro,Rubio,Normal,t,272
NIF-ARG-LA -13,Urban Classic Chile,Sin Filtro,Rubio,Normal,f,467
NIF-ARG-LA -13,Pure Essence Alemania,Con Filtro,Negro,Normal,f,105
NIF-ARG-LA -13,Royal Blend Argentina,Con Filtro,Rubio,UltraLight,f,174
NIF-ARG-LA -13,Royal Blend Alemania,Con Filtro,Negro,Normal,t,244
NIF-ARG-LA -13,Urban Classic Japon,Sin Filtro,Rubio,Normal,f,110
NIF-ARG-LA -13,Mountain Mist Reino,Con Filtro,Negro,SuperLight,f,234
NIF-ARG-LA -13,Pure Essence Japon,Con Filtro,Negro,Light,f,249
NIF-ARG-LA -13,Amber Haze Alemania,Sin Filtro,Rubio,Normal,f,458
NIF-ARG-LA -13,Highland Peak Reino,Sin Filtro,Rubio,Normal,t,409
NIF-ARG-LA -13,Royal Blend Japon,Sin Filtro,Negro,Normal,t,282
NIF-ARG-LA -13,Mountain Mist Reino,Sin Filtro,Negro,Normal,f,108
NIF-ARG-LA -13,Urban Classic Alemania,Con Filtro,Negro,Normal,t,249
NIF-ARG-LA -13,Urban Classic Alemania,Sin Filtro,Rubio,Normal,t,412
NIF-ARG-LA -13,Midnight Silk Chile,Con Filtro,Negro,Normal,f,490
NIF-ARG-LA -13,Highland Peak Japon,Sin Filtro,Rubio,Normal,t,68
NIF-ARG-LA -13,Urban Classic Alemania,Con Filtro,Negro,Light,f,403
NIF-ARG-LA -13,Royal Blend Reino,Sin Filtro,Rubio,Normal,f,228
NIF-ARG-LA -13,Midnight Silk Alemania,Con Filtro,Negro,Normal,t,257
NIF-ARG-LA -13,Pure Essence Japon,Con Filtro,Negro,Normal,t,290
NIF-ARG-LA -13,Silver Lining Alemania,Sin Filtro,Negro,Normal,t,460
NIF-ARG-LA -13,Midnight Silk Chile,Con Filtro,Negro,Normal,t,161
NIF-ARG-LA -14,Royal Blend Chile,Sin Filtro,Rubio,Normal,t,76
NIF-ARG-LA -14,Amber Haze Japon,Con Filtro,Rubio,Normal,t,428
NIF-ARG-LA -14,Royal Blend Reino,Con Filtro,Negro,Normal,t,221
NIF-ARG-LA -14,Amber Haze Chile,Sin Filtro,Rubio,Normal,t,163
NIF-ARG-LA -14,Amber Haze Argentina,Con Filtro,Rubio,Light,f,129
NIF-ARG-LA -14,Ocean Breeze Argentina,Sin Filtro,Rubio,Normal,f,359
NIF-ARG-LA -14,Silver Lining Reino,Con Filtro,Negro,Normal,t,353
NIF-ARG-LA -14,Amber Haze Argentina,Con Filtro,Negro,Normal,t,484
NIF-ARG-LA -14,Midnight Silk Alemania,Con Filtro,Rubio,Normal,t,121
NIF-ARG-LA -14,Pure Essence Alemania,Sin Filtro,Rubio,Normal,t,216
NIF-ARG-LA -14,Ocean Breeze Chile,Con Filtro,Rubio,Normal,t,484
NIF-ARG-LA -14,Amber Haze Alemania,Con Filtro,Negro,Normal,f,350
NIF-ARG-LA -14,Highland Peak Reino,Con Filtro,Rubio,Normal,t,478
NIF-ARG-LA -14,Midnight Silk Argentina,Sin Filtro,Rubio,Normal,t,86
NIF-ARG-LA -14,Gold Leaf Chile,Sin Filtro,Rubio,Normal,t,286
NIF-ARG-LA -14,Midnight Silk Reino,Sin Filtro,Rubio,Normal,t,285
NIF-ARG-LA -14,Ocean Breeze Chile,Con Filtro,Rubio,UltraLight,f,497
NIF-ARG-LA -14,Midnight Silk Argentina,Sin Filtro,Rubio,Normal,f,496
NIF-ARG-LA -14,Amber Haze Reino,Sin Filtro,Rubio,Normal,t,395
NIF-ARG-LA -14,Ocean Breeze Alemania,Sin Filtro,Rubio,Normal,t,52
NIF-ARG-LA -14,Royal Blend Chile,Sin Filtro,Negro,Normal,f,375
NIF-ARG-LA -14,Ocean Breeze Japon,Sin Filtro,Rubio,Normal,t,148
NIF-ARG-LA -14,Gold Leaf Alemania,Sin Filtro,Rubio,Normal,f,405
NIF-ARG-LA -14,Urban Classic Reino,Sin Filtro,Negro,Normal,t,88
NIF-ARG-LA -14,Silver Lining Alemania,Con Filtro,Negro,Normal,t,473
NIF-ARG-LA -15,Silver Lining Chile,Sin Filtro,Negro,Normal,f,278
NIF-ARG-LA -15,Urban Classic Japon,Sin Filtro,Negro,Normal,f,204
NIF-ARG-LA -15,Urban Classic Chile,Sin Filtro,Negro,Normal,t,472
NIF-ARG-LA -15,Mountain Mist Reino,Sin Filtro,Negro,Normal,t,87
NIF-ARG-LA -15,Royal Blend Japon,Sin Filtro,Negro,Normal,f,226
NIF-ARG-LA -15,Highland Peak Argentina,Sin Filtro,Rubio,Normal,f,87
NIF-ARG-LA -15,Gold Leaf Alemania,Con Filtro,Rubio,Normal,t,408
NIF-ARG-LA -15,Gold Leaf Argentina,Con Filtro,Rubio,Normal,t,184
NIF-ARG-LA -15,Ocean Breeze Argentina,Sin Filtro,Rubio,Normal,f,58
NIF-ARG-LA -15,Pure Essence Chile,Con Filtro,Negro,Normal,t,129
NIF-ARG-LA -15,Pure Essence Japon,Sin Filtro,Rubio,Normal,f,145
NIF-ARG-LA -15,Gold Leaf Alemania,Sin Filtro,Negro,Normal,t,398
NIF-ARG-LA -15,Highland Peak Argentina,Con Filtro,Rubio,SuperLight,f,498
NIF-ARG-LA -15,Gold Leaf Chile,Sin Filtro,Negro,Normal,t,353
NIF-ARG-LA -15,Mountain Mist Alemania,Sin Filtro,Negro,Normal,f,208
NIF-ARG-LA -15,Ocean Breeze Japon,Sin Filtro,Negro,Normal,f,407
NIF-ARG-LA -15,Silver Lining Reino,Sin Filtro,Rubio,Normal,f,92
NIF-ARG-LA -15,Amber Haze Japon,Con Filtro,Rubio,SuperLight,f,107
NIF-ARG-LA -15,Royal Blend Alemania,Con Filtro,Negro,Normal,t,337
NIF-ARG-LA -15,Urban Classic Chile,Sin Filtro,Rubio,Normal,f,421
NIF-ARG-LA -15,Mountain Mist Reino,Sin Filtro,Negro,Normal,f,380
NIF-ARG-LA -15,Gold Leaf Argentina,Sin Filtro,Rubio,Normal,f,132
NIF-ARG-LA -15,Amber Haze Japon,Con Filtro,Rubio,Normal,t,224
NIF-ARG-MAR-1,Urban Classic Alemania,Con Filtro,Negro,Normal,t,229
NIF-ARG-MAR-1,Urban Classic Reino,Sin Filtro,Negro,Normal,f,80
NIF-ARG-MAR-1,Silver Lining Alemania,Sin Filtro,Negro,Normal,t,153
NIF-ARG-MAR-1,Pure Essence Japon,Sin Filtro,Rubio,Normal,f,53
NIF-ARG-MAR-1,Pure Essence Reino,Sin Filtro,Negro,Normal,f,452
NIF-ARG-MAR-1,Pure Essence Chile,Sin Filtro,Negro,Normal,f,229
NIF-ARG-MAR-1,Ocean Breeze Chile,Sin Filtro,Rubio,Normal,f,398
NIF-ARG-MAR-1,Pure Essence Chile,Sin Filtro,Negro,Normal,f,150
NIF-ARG-MAR-1,Amber Haze Alemania,Con Filtro,Rubio,Normal,t,214
NIF-ARG-MAR-1,Urban Classic Alemania,Con Filtro,Rubio,Normal,t,247
NIF-ARG-MAR-1,Amber Haze Alemania,Sin Filtro,Negro,Normal,t,212
NIF-ARG-MAR-1,Pure Essence Alemania,Con Filtro,Negro,Normal,f,366
NIF-ARG-MAR-1,Royal Blend Argentina,Con Filtro,Rubio,Light,f,177
NIF-ARG-MAR-1,Pure Essence Chile,Sin Filtro,Negro,Normal,f,214
NIF-ARG-MAR-1,Highland Peak Alemania,Sin Filtro,Rubio,Normal,t,192
NIF-ARG-MAR-1,Midnight Silk Japon,Sin Filtro,Negro,Normal,f,361
NIF-ARG-MAR-1,Silver Lining Alemania,Sin Filtro,Negro,Normal,f,478
NIF-ARG-MAR-1,Ocean Breeze Reino,Con Filtro,Rubio,UltraLight,f,100
NIF-ARG-MAR-1,Gold Leaf Reino,Sin Filtro,Rubio,Normal,f,158
NIF-ARG-MAR-1,Gold Leaf Chile,Sin Filtro,Negro,Normal,f,369
NIF-ARG-MAR-1,Mountain Mist Reino,Sin Filtro,Negro,Normal,f,394
NIF-ARG-MAR-1,Mountain Mist Argentina,Con Filtro,Negro,Light,f,232
NIF-ARG-MAR-1,Royal Blend Chile,Con Filtro,Rubio,SuperLight,f,360
NIF-ARG-MAR-1,Pure Essence Alemania,Sin Filtro,Rubio,Normal,t,350
NIF-ARG-MAR-1,Silver Lining Reino,Con Filtro,Negro,SuperLight,f,313
NIF-ARG-MAR-1,Ocean Breeze Reino,Con Filtro,Negro,Normal,t,369
NIF-ARG-MAR-1,Gold Leaf Argentina,Con Filtro,Rubio,Normal,t,105
NIF-ARG-MAR-1,Mountain Mist Chile,Sin Filtro,Rubio,Normal,f,399
NIF-ARG-MAR-1,Urban Classic Japon,Con Filtro,Rubio,Normal,t,234
NIF-ARG-MAR-2,Ocean Breeze Argentina,Sin Filtro,Negro,Normal,f,302
NIF-ARG-MAR-2,Midnight Silk Japon,Con Filtro,Negro,UltraLight,f,430
NIF-ARG-MAR-2,Midnight Silk Japon,Con Filtro,Rubio,Light,f,303
NIF-ARG-MAR-2,Ocean Breeze Chile,Con Filtro,Negro,Normal,f,439
NIF-ARG-MAR-2,Mountain Mist Chile,Sin Filtro,Rubio,Normal,f,371
NIF-ARG-MAR-2,Silver Lining Alemania,Sin Filtro,Negro,Normal,f,83
NIF-ARG-MAR-2,Pure Essence Reino,Sin Filtro,Rubio,Normal,f,103
NIF-ARG-MAR-2,Pure Essence Alemania,Con Filtro,Negro,Normal,f,122
NIF-ARG-MAR-2,Midnight Silk Alemania,Sin Filtro,Rubio,Normal,t,295
NIF-ARG-MAR-2,Gold Leaf Argentina,Con Filtro,Rubio,Normal,t,398
NIF-ARG-MAR-2,Ocean Breeze Chile,Sin Filtro,Negro,Normal,f,372
NIF-ARG-MAR-2,Royal Blend Alemania,Sin Filtro,Rubio,Normal,t,59
NIF-ARG-MAR-3,Pure Essence Reino,Con Filtro,Rubio,Normal,f,252
NIF-ARG-MAR-3,Midnight Silk Argentina,Sin Filtro,Negro,Normal,f,314
NIF-ARG-MAR-3,Mountain Mist Reino,Sin Filtro,Negro,Normal,f,353
NIF-ARG-MAR-3,Royal Blend Alemania,Sin Filtro,Rubio,Normal,t,65
NIF-ARG-MAR-3,Royal Blend Reino,Con Filtro,Negro,Normal,f,284
NIF-ARG-MAR-3,Ocean Breeze Japon,Sin Filtro,Rubio,Normal,t,452
NIF-ARG-MAR-3,Ocean Breeze Argentina,Con Filtro,Rubio,Normal,t,56
NIF-ARG-MAR-3,Highland Peak Japon,Sin Filtro,Rubio,Normal,t,381
NIF-ARG-MAR-3,Highland Peak Argentina,Con Filtro,Negro,Normal,t,184
NIF-ARG-MAR-3,Gold Leaf Reino,Con Filtro,Rubio,Normal,f,260
NIF-ARG-MAR-3,Mountain Mist Japon,Con Filtro,Rubio,Light,f,487
NIF-ARG-MAR-3,Ocean Breeze Argentina,Sin Filtro,Rubio,Normal,f,159
NIF-ARG-MAR-3,Royal Blend Alemania,Sin Filtro,Rubio,Normal,f,413
NIF-ARG-MAR-3,Urban Classic Argentina,Sin Filtro,Rubio,Normal,t,494
NIF-ARG-MAR-4,Highland Peak Japon,Con Filtro,Rubio,Normal,t,461
NIF-ARG-MAR-4,Pure Essence Chile,Sin Filtro,Negro,Normal,f,449
NIF-ARG-MAR-4,Urban Classic Reino,Con Filtro,Negro,Normal,t,57
NIF-ARG-MAR-4,Urban Classic Chile,Con Filtro,Negro,SuperLight,f,203
NIF-ARG-MAR-4,Gold Leaf Reino,Sin Filtro,Negro,Normal,f,360
NIF-ARG-MAR-4,Silver Lining Argentina,Con Filtro,Rubio,Normal,t,432
NIF-ARG-MAR-4,Ocean Breeze Reino,Sin Filtro,Negro,Normal,t,179
NIF-ARG-MAR-4,Urban Classic Alemania,Con Filtro,Rubio,Normal,t,115
NIF-ARG-MAR-4,Amber Haze Reino,Sin Filtro,Rubio,Normal,t,189
NIF-ARG-MAR-4,Gold Leaf Chile,Sin Filtro,Negro,Normal,f,88
NIF-ARG-MAR-4,Ocean Breeze Alemania,Sin Filtro,Rubio,Normal,t,131
NIF-ARG-MAR-4,Royal Blend Argentina,Con Filtro,Negro,SuperLight,f,73
NIF-ARG-MAR-4,Midnight Silk Alemania,Sin Filtro,Negro,Normal,f,298
NIF-ARG-MAR-4,Silver Lining Argentina,Con Filtro,Negro,Light,f,451
NIF-ARG-MAR-4,Mountain Mist Japon,Con Filtro,Rubio,Normal,t,82
NIF-ARG-MAR-4,Mountain Mist Reino,Sin Filtro,Rubio,Normal,f,66
NIF-ARG-MAR-4,Amber Haze Reino,Sin Filtro,Rubio,Normal,t,189
NIF-ARG-MAR-4,Midnight Silk Japon,Con Filtro,Negro,SuperLight,f,112
NIF-ARG-MAR-4,Pure Essence Argentina,Con Filtro,Rubio,Normal,t,398
NIF-ARG-MAR-4,Highland Peak Argentina,Sin Filtro,Rubio,Normal,f,392
NIF-ARG-MAR-4,Gold Leaf Alemania,Sin Filtro,Negro,Normal,f,168
NIF-ARG-MAR-4,Urban Classic Reino,Con Filtro,Negro,Normal,t,425
NIF-ARG-MAR-4,Midnight Silk Japon,Sin Filtro,Negro,Normal,f,134
NIF-ARG-MAR-4,Urban Classic Reino,Sin Filtro,Negro,Normal,t,455
NIF-ARG-MAR-5,Amber Haze Argentina,Con Filtro,Rubio,Light,f,65
NIF-ARG-MAR-5,Pure Essence Japon,Con Filtro,Negro,UltraLight,f,206
NIF-ARG-MAR-5,Royal Blend Chile,Sin Filtro,Negro,Normal,t,464
NIF-ARG-MAR-5,Highland Peak Chile,Sin Filtro,Negro,Normal,t,475
NIF-ARG-MAR-5,Pure Essence Alemania,Sin Filtro,Rubio,Normal,f,438
NIF-ARG-MAR-5,Royal Blend Japon,Sin Filtro,Rubio,Normal,t,156
NIF-ARG-MAR-5,Amber Haze Reino,Sin Filtro,Negro,Normal,t,261
NIF-ARG-MAR-5,Urban Classic Alemania,Sin Filtro,Rubio,Normal,f,128
NIF-ARG-MAR-5,Midnight Silk Alemania,Sin Filtro,Rubio,Normal,t,414
NIF-ARG-MAR-5,Mountain Mist Argentina,Sin Filtro,Negro,Normal,t,412
NIF-ARG-MAR-5,Amber Haze Alemania,Sin Filtro,Negro,Normal,t,289
NIF-ARG-MAR-5,Silver Lining Reino,Con Filtro,Negro,Normal,t,275
NIF-ARG-MAR-5,Ocean Breeze Chile,Con Filtro,Rubio,UltraLight,f,128
NIF-ARG-MAR-5,Royal Blend Reino,Con Filtro,Rubio,Normal,t,489
NIF-ARG-MAR-5,Amber Haze Chile,Sin Filtro,Rubio,Normal,t,119
NIF-ARG-MAR-5,Silver Lining Japon,Con Filtro,Rubio,Light,f,486
NIF-ARG-MAR-5,Silver Lining Alemania,Sin Filtro,Negro,Normal,f,366
NIF-ARG-MAR-5,Pure Essence Alemania,Con Filtro,Rubio,UltraLight,f,215
NIF-ARG-MAR-5,Ocean Breeze Chile,Con Filtro,Negro,Normal,t,180
NIF-ARG-MAR-6,Mountain Mist Alemania,Sin Filtro,Rubio,Normal,f,136
NIF-ARG-MAR-6,Mountain Mist Reino,Sin Filtro,Negro,Normal,t,469
NIF-ARG-MAR-6,Silver Lining Chile,Con Filtro,Rubio,Normal,t,372
NIF-ARG-MAR-6,Amber Haze Reino,Sin Filtro,Rubio,Normal,f,205
NIF-ARG-MAR-6,Amber Haze Reino,Sin Filtro,Rubio,Normal,t,478
NIF-ARG-MAR-6,Highland Peak Japon,Sin Filtro,Negro,Normal,t,69
NIF-ARG-MAR-6,Midnight Silk Reino,Con Filtro,Negro,Normal,t,115
NIF-ARG-MAR-6,Mountain Mist Chile,Sin Filtro,Rubio,Normal,f,417
NIF-ARG-MAR-6,Mountain Mist Alemania,Sin Filtro,Negro,Normal,t,436
NIF-ARG-MAR-6,Amber Haze Alemania,Con Filtro,Negro,Normal,f,419
NIF-ARG-MAR-6,Royal Blend Reino,Con Filtro,Negro,Normal,f,217
NIF-ARG-MAR-6,Ocean Breeze Reino,Con Filtro,Rubio,Normal,f,478
NIF-ARG-MAR-6,Midnight Silk Argentina,Sin Filtro,Rubio,Normal,t,352
NIF-ARG-MAR-6,Highland Peak Chile,Sin Filtro,Negro,Normal,t,366
NIF-ARG-MAR-6,Highland Peak Chile,Sin Filtro,Rubio,Normal,f,308
NIF-ARG-MAR-6,Silver Lining Japon,Con Filtro,Rubio,Normal,f,133
NIF-ARG-MAR-6,Ocean Breeze Chile,Con Filtro,Rubio,UltraLight,f,222
NIF-ARG-MAR-6,Midnight Silk Chile,Con Filtro,Rubio,Normal,t,471
NIF-ARG-MAR-6,Pure Essence Argentina,Sin Filtro,Rubio,Normal,t,496
NIF-ARG-MAR-6,Pure Essence Chile,Con Filtro,Rubio,Light,f,274
NIF-ARG-MAR-6,Pure Essence Reino,Sin Filtro,Negro,Normal,f,148
NIF-ARG-MAR-6,Silver Lining Alemania,Sin Filtro,Negro,Normal,f,287
NIF-ARG-MAR-6,Highland Peak Chile,Con Filtro,Negro,Normal,t,490
NIF-ARG-MAR-6,Silver Lining Reino,Con Filtro,Negro,Normal,t,271
NIF-ARG-MAR-6,Ocean Breeze Alemania,Con Filtro,Negro,UltraLight,f,324
NIF-ARG-MAR-6,Urban Classic Argentina,Con Filtro,Rubio,Normal,t,113
NIF-ARG-MAR-6,Urban Classic Argentina,Con Filtro,Negro,UltraLight,f,195
NIF-ARG-MAR-6,Highland Peak Argentina,Con Filtro,Negro,Normal,f,468
NIF-ARG-MAR-6,Royal Blend Reino,Con Filtro,Negro,Light,f,403
NIF-ARG-MAR-7,Gold Leaf Reino,Sin Filtro,Rubio,Normal,f,364
NIF-ARG-MAR-7,Royal Blend Alemania,Con Filtro,Negro,Light,f,139
NIF-ARG-MAR-7,Pure Essence Reino,Sin Filtro,Rubio,Normal,t,391
NIF-ARG-MAR-7,Silver Lining Alemania,Sin Filtro,Negro,Normal,t,73
NIF-ARG-MAR-7,Silver Lining Japon,Con Filtro,Negro,Normal,t,348
NIF-ARG-MAR-7,Pure Essence Chile,Con Filtro,Rubio,Light,f,59
NIF-ARG-MAR-7,Pure Essence Alemania,Sin Filtro,Negro,Normal,f,322
NIF-ARG-MAR-7,Amber Haze Chile,Con Filtro,Rubio,SuperLight,f,183
NIF-ARG-MAR-7,Royal Blend Argentina,Con Filtro,Rubio,UltraLight,f,439
NIF-ARG-MAR-7,Midnight Silk Alemania,Sin Filtro,Rubio,Normal,t,361
NIF-ARG-MAR-7,Gold Leaf Chile,Con Filtro,Rubio,Normal,t,112
NIF-ARG-MAR-7,Royal Blend Japon,Sin Filtro,Rubio,Normal,f,238
NIF-ARG-MAR-7,Silver Lining Argentina,Con Filtro,Rubio,Normal,t,166
NIF-ARG-MAR-7,Royal Blend Argentina,Con Filtro,Negro,Normal,t,457
NIF-ARG-MAR-7,Ocean Breeze Reino,Sin Filtro,Negro,Normal,t,163
NIF-ARG-MAR-7,Pure Essence Chile,Con Filtro,Rubio,Normal,t,476
NIF-ARG-MAR-7,Urban Classic Reino,Con Filtro,Rubio,Normal,t,147
NIF-ARG-MAR-7,Ocean Breeze Japon,Sin Filtro,Negro,Normal,f,168
NIF-ARG-MAR-7,Gold Leaf Chile,Sin Filtro,Rubio,Normal,t,256
NIF-ARG-MAR-7,Pure Essence Alemania,Sin Filtro,Rubio,Normal,t,341
NIF-ARG-MAR-7,Midnight Silk Japon,Sin Filtro,Negro,Normal,f,324
NIF-ARG-MAR-7,Urban Classic Reino,Con Filtro,Negro,Normal,t,373
NIF-ARG-MAR-7,Ocean Breeze Argentina,Con Filtro,Negro,Normal,t,280
NIF-ARG-MAR-7,Amber Haze Argentina,Sin Filtro,Negro,Normal,t,197
NIF-ARG-MAR-8,Highland Peak Japon,Con Filtro,Rubio,Light,f,347
NIF-ARG-MAR-8,Midnight Silk Reino,Sin Filtro,Rubio,Normal,t,439
NIF-ARG-MAR-8,Royal Blend Reino,Con Filtro,Rubio,Normal,t,117
NIF-ARG-MAR-8,Mountain Mist Alemania,Sin Filtro,Negro,Normal,f,156
NIF-ARG-MAR-8,Mountain Mist Alemania,Sin Filtro,Rubio,Normal,f,129
NIF-ARG-MAR-8,Ocean Breeze Japon,Sin Filtro,Rubio,Normal,t,54
NIF-ARG-MAR-8,Gold Leaf Alemania,Con Filtro,Negro,UltraLight,f,186
NIF-ARG-MAR-8,Amber Haze Argentina,Con Filtro,Rubio,Normal,t,385
NIF-ARG-MAR-8,Highland Peak Reino,Sin Filtro,Negro,Normal,f,123
NIF-ARG-MAR-8,Royal Blend Japon,Con Filtro,Negro,Normal,t,166
NIF-ARG-MAR-8,Midnight Silk Reino,Sin Filtro,Negro,Normal,f,192
NIF-ARG-MAR-8,Silver Lining Japon,Sin Filtro,Negro,Normal,f,296
NIF-ARG-MAR-8,Silver Lining Japon,Sin Filtro,Negro,Normal,f,73
NIF-ARG-MAR-8,Gold Leaf Argentina,Con Filtro,Rubio,Normal,t,155
NIF-ARG-MAR-8,Royal Blend Chile,Sin Filtro,Negro,Normal,f,424
NIF-ARG-MAR-8,Ocean Breeze Chile,Con Filtro,Rubio,Normal,t,443
NIF-ARG-MAR-8,Royal Blend Argentina,Con Filtro,Rubio,UltraLight,f,462
NIF-ARG-MAR-8,Urban Classic Japon,Con Filtro,Rubio,Light,f,142
NIF-ARG-MAR-8,Urban Classic Alemania,Sin Filtro,Negro,Normal,f,292
NIF-ARG-MAR-8,Royal Blend Reino,Con Filtro,Negro,SuperLight,f,473
NIF-ARG-MAR-8,Amber Haze Reino,Sin Filtro,Rubio,Normal,t,454
NIF-ARG-MAR-8,Royal Blend Alemania,Con Filtro,Negro,Normal,t,221
NIF-ARG-MAR-8,Highland Peak Alemania,Sin Filtro,Rubio,Normal,t,94
NIF-ARG-MAR-8,Mountain Mist Reino,Sin Filtro,Negro,Normal,t,263
NIF-ARG-MAR-8,Amber Haze Alemania,Con Filtro,Negro,Normal,f,494
NIF-ARG-MAR-8,Mountain Mist Reino,Sin Filtro,Negro,Normal,f,386
NIF-ARG-MAR-8,Gold Leaf Alemania,Sin Filtro,Negro,Normal,t,377
NIF-ARG-MAR-9,Ocean Breeze Chile,Con Filtro,Negro,Normal,t,478
NIF-ARG-MAR-9,Midnight Silk Argentina,Sin Filtro,Negro,Normal,t,194
NIF-ARG-MAR-9,Gold Leaf Argentina,Con Filtro,Rubio,Normal,t,372
NIF-ARG-MAR-9,Midnight Silk Alemania,Con Filtro,Negro,Normal,t,223
NIF-ARG-MAR-9,Midnight Silk Chile,Con Filtro,Rubio,Normal,t,443
NIF-ARG-MAR-9,Highland Peak Argentina,Con Filtro,Rubio,Normal,f,421
NIF-ARG-MAR-9,Silver Lining Reino,Con Filtro,Negro,Normal,t,349
NIF-ARG-MAR-9,Gold Leaf Alemania,Sin Filtro,Rubio,Normal,f,193
NIF-ARG-MAR-9,Silver Lining Argentina,Con Filtro,Negro,Normal,t,85
NIF-ARG-MAR-9,Midnight Silk Chile,Sin Filtro,Rubio,Normal,f,320
NIF-ARG-MAR-9,Midnight Silk Alemania,Sin Filtro,Negro,Normal,t,472
NIF-ARG-MAR-9,Amber Haze Chile,Sin Filtro,Negro,Normal,f,167
NIF-ARG-MAR-9,Amber Haze Japon,Sin Filtro,Rubio,Normal,t,430
NIF-ARG-MAR-9,Midnight Silk Chile,Con Filtro,Negro,Normal,t,166
NIF-ARG-MAR-9,Ocean Breeze Alemania,Con Filtro,Negro,SuperLight,f,72
NIF-ARG-MAR-9,Pure Essence Chile,Con Filtro,Negro,SuperLight,f,310
NIF-ARG-MAR-9,Royal Blend Japon,Sin Filtro,Rubio,Normal,t,119
NIF-ARG-MAR-9,Pure Essence Alemania,Sin Filtro,Rubio,Normal,t,165
NIF-ARG-MAR-9,Royal Blend Chile,Con Filtro,Rubio,Normal,t,493
NIF-ARG-MAR-9,Silver Lining Argentina,Con Filtro,Rubio,Normal,f,268
NIF-ARG-MAR-9,Midnight Silk Reino,Sin Filtro,Rubio,Normal,f,298
NIF-ARG-MAR-9,Royal Blend Alemania,Sin Filtro,Negro,Normal,t,496
NIF-ARG-MAR-9,Ocean Breeze Alemania,Sin Filtro,Negro,Normal,t,386
NIF-ARG-MAR-9,Amber Haze Chile,Sin Filtro,Rubio,Normal,f,193
NIF-ARG-MAR-9,Mountain Mist Alemania,Sin Filtro,Rubio,Normal,t,129
NIF-ARG-MAR-9,Highland Peak Alemania,Con Filtro,Rubio,Normal,f,419
NIF-ARG-MAR-10,Amber Haze Argentina,Sin Filtro,Negro,Normal,t,200
NIF-ARG-MAR-10,Ocean Breeze Alemania,Con Filtro,Negro,SuperLight,f,341
NIF-ARG-MAR-10,Urban Classic Chile,Sin Filtro,Negro,Normal,t,496
NIF-ARG-MAR-10,Silver Lining Argentina,Con Filtro,Negro,Light,f,377
NIF-ARG-MAR-10,Ocean Breeze Reino,Sin Filtro,Negro,Normal,t,345
NIF-ARG-MAR-10,Royal Blend Argentina,Sin Filtro,Negro,Normal,t,480
NIF-ARG-MAR-10,Amber Haze Alemania,Sin Filtro,Rubio,Normal,f,307
NIF-ARG-MAR-10,Amber Haze Reino,Sin Filtro,Negro,Normal,t,209
NIF-ARG-MAR-10,Amber Haze Reino,Sin Filtro,Rubio,Normal,t,395
NIF-ARG-MAR-10,Midnight Silk Reino,Sin Filtro,Rubio,Normal,f,113
NIF-ARG-MAR-10,Mountain Mist Argentina,Sin Filtro,Negro,Normal,t,55
NIF-ARG-MAR-10,Royal Blend Alemania,Con Filtro,Negro,Normal,t,301
NIF-ARG-MAR-10,Mountain Mist Alemania,Sin Filtro,Negro,Normal,f,310
NIF-ARG-MAR-11,Royal Blend Reino,Con Filtro,Negro,Normal,f,115
NIF-ARG-MAR-11,Highland Peak Reino,Sin Filtro,Rubio,Normal,t,439
NIF-ARG-MAR-11,Urban Classic Argentina,Sin Filtro,Rubio,Normal,f,172
NIF-ARG-MAR-11,Urban Classic Reino,Con Filtro,Negro,Normal,t,193
NIF-ARG-MAR-11,Pure Essence Argentina,Con Filtro,Rubio,UltraLight,f,384
NIF-ARG-MAR-11,Gold Leaf Argentina,Sin Filtro,Negro,Normal,f,169
NIF-ARG-MAR-11,Pure Essence Argentina,Sin Filtro,Rubio,Normal,t,475
NIF-ARG-MAR-11,Pure Essence Chile,Sin Filtro,Negro,Normal,f,166
NIF-ARG-MAR-11,Urban Classic Alemania,Sin Filtro,Rubio,Normal,t,229
NIF-ARG-MAR-11,Pure Essence Japon,Sin Filtro,Negro,Normal,t,372
NIF-ARG-MAR-11,Silver Lining Argentina,Con Filtro,Rubio,Normal,t,366
NIF-ARG-MAR-11,Midnight Silk Argentina,Sin Filtro,Negro,Normal,f,68
NIF-ARG-MAR-12,Amber Haze Argentina,Con Filtro,Negro,Normal,t,215
NIF-ARG-MAR-12,Royal Blend Reino,Con Filtro,Negro,Light,f,276
NIF-ARG-MAR-12,Royal Blend Alemania,Con Filtro,Negro,Normal,t,451
NIF-ARG-MAR-12,Royal Blend Reino,Con Filtro,Negro,SuperLight,f,241
NIF-ARG-MAR-12,Mountain Mist Japon,Con Filtro,Negro,Normal,t,393
NIF-ARG-MAR-12,Silver Lining Alemania,Sin Filtro,Negro,Normal,f,323
NIF-ARG-MAR-12,Mountain Mist Alemania,Sin Filtro,Rubio,Normal,t,467
NIF-ARG-MAR-12,Amber Haze Alemania,Con Filtro,Negro,Normal,f,452
NIF-ARG-MAR-12,Royal Blend Chile,Con Filtro,Rubio,Normal,t,78
NIF-ARG-MAR-12,Mountain Mist Reino,Sin Filtro,Negro,Normal,f,215
NIF-ARG-MAR-12,Amber Haze Reino,Sin Filtro,Negro,Normal,t,208
NIF-ARG-MAR-12,Mountain Mist Japon,Sin Filtro,Rubio,Normal,t,490
NIF-ARG-MAR-12,Royal Blend Chile,Con Filtro,Rubio,UltraLight,f,285
NIF-ARG-MAR-12,Gold Leaf Reino,Con Filtro,Negro,SuperLight,f,220
NIF-ARG-MAR-12,Highland Peak Chile,Sin Filtro,Negro,Normal,t,475
NIF-ARG-MAR-13,Ocean Breeze Reino,Sin Filtro,Negro,Normal,t,440
NIF-ARG-MAR-13,Pure Essence Alemania,Con Filtro,Negro,Normal,f,51
NIF-ARG-MAR-13,Amber Haze Chile,Con Filtro,Negro,Light,f,300
NIF-ARG-MAR-13,Amber Haze Japon,Con Filtro,Rubio,Normal,t,235
NIF-ARG-MAR-13,Pure Essence Chile,Con Filtro,Negro,SuperLight,f,412
NIF-ARG-MAR-13,Silver Lining Argentina,Sin Filtro,Negro,Normal,t,67
NIF-ARG-MAR-13,Silver Lining Japon,Con Filtro,Rubio,Normal,f,191
NIF-ARG-MAR-13,Highland Peak Alemania,Sin Filtro,Rubio,Normal,t,347
NIF-ARG-MAR-13,Ocean Breeze Chile,Con Filtro,Rubio,Normal,t,151
NIF-ARG-MAR-13,Silver Lining Argentina,Con Filtro,Rubio,Normal,f,454
NIF-ARG-MAR-13,Pure Essence Japon,Sin Filtro,Negro,Normal,f,105
NIF-ARG-MAR-13,Mountain Mist Japon,Con Filtro,Rubio,Normal,t,328
NIF-ARG-MAR-13,Ocean Breeze Alemania,Sin Filtro,Rubio,Normal,t,403
NIF-ARG-MAR-14,Silver Lining Japon,Sin Filtro,Rubio,Normal,f,434
NIF-ARG-MAR-14,Amber Haze Chile,Con Filtro,Rubio,Normal,t,82
NIF-ARG-MAR-14,Midnight Silk Argentina,Sin Filtro,Rubio,Normal,f,352
NIF-ARG-MAR-14,Ocean Breeze Alemania,Sin Filtro,Rubio,Normal,t,74
NIF-ARG-MAR-14,Amber Haze Alemania,Sin Filtro,Negro,Normal,t,190
NIF-ARG-MAR-14,Silver Lining Chile,Sin Filtro,Negro,Normal,f,255
NIF-ARG-MAR-14,Mountain Mist Alemania,Sin Filtro,Rubio,Normal,f,65
NIF-ARG-MAR-14,Ocean Breeze Chile,Con Filtro,Rubio,UltraLight,f,416
NIF-ARG-MAR-14,Mountain Mist Reino,Con Filtro,Negro,SuperLight,f,205
NIF-ARG-MAR-14,Midnight Silk Alemania,Con Filtro,Negro,Normal,t,500
NIF-ARG-MAR-14,Highland Peak Reino,Con Filtro,Negro,SuperLight,f,465
NIF-ARG-MAR-15,Ocean Breeze Alemania,Sin Filtro,Rubio,Normal,t,233
NIF-ARG-MAR-15,Amber Haze Chile,Sin Filtro,Rubio,Normal,t,199
NIF-ARG-MAR-15,Royal Blend Alemania,Sin Filtro,Rubio,Normal,f,266
NIF-ARG-MAR-15,Midnight Silk Japon,Con Filtro,Rubio,Light,f,216
NIF-ARG-MAR-15,Pure Essence Reino,Con Filtro,Rubio,Normal,f,437
NIF-ARG-MAR-15,Mountain Mist Reino,Sin Filtro,Negro,Normal,t,250
NIF-ARG-MAR-15,Silver Lining Argentina,Con Filtro,Negro,Light,f,272
NIF-ARG-MAR-15,Silver Lining Japon,Sin Filtro,Rubio,Normal,f,394
NIF-ARG-MAR-15,Gold Leaf Japon,Sin Filtro,Negro,Normal,f,180
NIF-ARG-MAR-15,Pure Essence Chile,Con Filtro,Negro,SuperLight,f,242
NIF-ARG-MAR-15,Ocean Breeze Argentina,Con Filtro,Rubio,Normal,t,157
NIF-ARG-MAR-15,Urban Classic Argentina,Sin Filtro,Negro,Normal,f,346
NIF-ARG-MAR-15,Gold Leaf Argentina,Con Filtro,Rubio,Normal,t,291
NIF-ARG-MAR-15,Highland Peak Chile,Con Filtro,Negro,Normal,t,218
NIF-ARG-MAR-15,Ocean Breeze Reino,Sin Filtro,Negro,Normal,t,183
NIF-ARG-MAR-15,Silver Lining Reino,Sin Filtro,Rubio,Normal,t,188
NIF-ARG-MAR-15,Gold Leaf Alemania,Sin Filtro,Negro,Normal,t,54
NIF-ARG-MAR-15,Gold Leaf Reino,Con Filtro,Negro,SuperLight,f,299
NIF-ARG-MAR-15,Urban Classic Alemania,Sin Filtro,Negro,Normal,f,488
NIF-ARG-MAR-15,Midnight Silk Reino,Sin Filtro,Rubio,Normal,t,218
NIF-ARG-MAR-15,Midnight Silk Argentina,Sin Filtro,Rubio,Normal,f,407
NIF-ARG-MAR-15,Amber Haze Reino,Sin Filtro,Negro,Normal,t,95
NIF-ARG-MAR-15,Urban Classic Japon,Sin Filtro,Rubio,Normal,t,345
NIF-ARG-MAR-15,Silver Lining Japon,Con Filtro,Negro,SuperLight,f,222
NIF-ARG-QUI-1,Mountain Mist Japon,Sin Filtro,Negro,Normal,t,251
NIF-ARG-QUI-1,Silver Lining Japon,Sin Filtro,Rubio,Normal,f,131
NIF-ARG-QUI-1,Amber Haze Reino,Sin Filtro,Rubio,Normal,t,370
NIF-ARG-QUI-1,Royal Blend Argentina,Con Filtro,Negro,Normal,t,116
NIF-ARG-QUI-1,Mountain Mist Japon,Sin Filtro,Rubio,Normal,t,342
NIF-ARG-QUI-1,Silver Lining Argentina,Con Filtro,Rubio,Normal,t,166
NIF-ARG-QUI-1,Highland Peak Reino,Con Filtro,Negro,SuperLight,f,225
NIF-ARG-QUI-1,Amber Haze Japon,Con Filtro,Rubio,Light,f,464
NIF-ARG-QUI-1,Mountain Mist Alemania,Sin Filtro,Negro,Normal,f,307
NIF-ARG-QUI-1,Royal Blend Reino,Con Filtro,Negro,Normal,f,341
NIF-ARG-QUI-1,Highland Peak Argentina,Sin Filtro,Rubio,Normal,f,192
NIF-ARG-QUI-1,Ocean Breeze Japon,Sin Filtro,Rubio,Normal,t,149
NIF-ARG-QUI-1,Ocean Breeze Alemania,Sin Filtro,Negro,Normal,t,349
NIF-ARG-QUI-1,Amber Haze Reino,Sin Filtro,Rubio,Normal,t,120
NIF-ARG-QUI-2,Royal Blend Argentina,Con Filtro,Negro,Normal,t,254
NIF-ARG-QUI-2,Pure Essence Japon,Sin Filtro,Negro,Normal,f,119
NIF-ARG-QUI-2,Royal Blend Argentina,Con Filtro,Negro,Light,f,62
NIF-ARG-QUI-2,Silver Lining Argentina,Con Filtro,Rubio,Normal,t,265
NIF-ARG-QUI-2,Royal Blend Alemania,Con Filtro,Negro,Normal,t,240
NIF-ARG-QUI-2,Highland Peak Alemania,Con Filtro,Rubio,UltraLight,f,161
NIF-ARG-QUI-2,Silver Lining Reino,Con Filtro,Negro,UltraLight,f,306
NIF-ARG-QUI-2,Mountain Mist Reino,Con Filtro,Rubio,Light,f,189
NIF-ARG-QUI-2,Mountain Mist Japon,Sin Filtro,Rubio,Normal,f,499
NIF-ARG-QUI-2,Ocean Breeze Reino,Con Filtro,Negro,Normal,t,268
NIF-ARG-QUI-2,Ocean Breeze Alemania,Sin Filtro,Negro,Normal,t,498
NIF-ARG-QUI-2,Urban Classic Japon,Sin Filtro,Rubio,Normal,t,131
NIF-ARG-QUI-2,Midnight Silk Reino,Sin Filtro,Rubio,Normal,f,199
NIF-ARG-QUI-2,Urban Classic Argentina,Sin Filtro,Negro,Normal,t,128
NIF-ARG-QUI-2,Royal Blend Argentina,Con Filtro,Negro,SuperLight,f,300
NIF-ARG-QUI-2,Silver Lining Argentina,Con Filtro,Rubio,Normal,f,184
NIF-ARG-QUI-2,Midnight Silk Japon,Sin Filtro,Rubio,Normal,f,237
NIF-ARG-QUI-2,Pure Essence Argentina,Con Filtro,Rubio,SuperLight,f,177
NIF-ARG-QUI-2,Pure Essence Argentina,Sin Filtro,Rubio,Normal,t,259
NIF-ARG-QUI-3,Pure Essence Japon,Sin Filtro,Rubio,Normal,t,235
NIF-ARG-QUI-3,Pure Essence Reino,Con Filtro,Negro,Normal,t,325
NIF-ARG-QUI-3,Mountain Mist Reino,Sin Filtro,Negro,Normal,f,414
NIF-ARG-QUI-3,Mountain Mist Argentina,Sin Filtro,Negro,Normal,f,184
NIF-ARG-QUI-3,Mountain Mist Japon,Sin Filtro,Negro,Normal,t,413
NIF-ARG-QUI-3,Gold Leaf Alemania,Sin Filtro,Rubio,Normal,f,87
NIF-ARG-QUI-3,Midnight Silk Argentina,Sin Filtro,Rubio,Normal,f,94
NIF-ARG-QUI-3,Ocean Breeze Argentina,Sin Filtro,Rubio,Normal,f,336
NIF-ARG-QUI-3,Royal Blend Chile,Con Filtro,Rubio,Normal,t,272
NIF-ARG-QUI-3,Royal Blend Reino,Con Filtro,Negro,Normal,f,158
NIF-ARG-QUI-3,Royal Blend Japon,Sin Filtro,Negro,Normal,f,341
NIF-ARG-QUI-3,Amber Haze Reino,Sin Filtro,Negro,Normal,t,96
NIF-ARG-QUI-3,Ocean Breeze Alemania,Con Filtro,Negro,Light,f,306
NIF-ARG-QUI-3,Mountain Mist Japon,Con Filtro,Negro,Normal,t,375
NIF-ARG-QUI-3,Silver Lining Chile,Sin Filtro,Rubio,Normal,t,478
NIF-ARG-QUI-3,Urban Classic Reino,Con Filtro,Negro,Normal,t,367
NIF-ARG-QUI-3,Amber Haze Chile,Sin Filtro,Negro,Normal,f,250
NIF-ARG-QUI-3,Midnight Silk Japon,Sin Filtro,Rubio,Normal,f,398
NIF-ARG-QUI-3,Mountain Mist Japon,Con Filtro,Rubio,Light,f,184
NIF-ARG-QUI-3,Midnight Silk Argentina,Sin Filtro,Negro,Normal,f,126
NIF-ARG-QUI-3,Mountain Mist Japon,Con Filtro,Negro,Normal,t,248
NIF-ARG-QUI-3,Silver Lining Alemania,Sin Filtro,Negro,Normal,t,208
NIF-ARG-QUI-3,Royal Blend Argentina,Con Filtro,Negro,Normal,t,150
NIF-ARG-QUI-3,Silver Lining Japon,Con Filtro,Negro,SuperLight,f,55
NIF-ARG-QUI-3,Gold Leaf Alemania,Sin Filtro,Rubio,Normal,f,254
NIF-ARG-QUI-3,Gold Leaf Chile,Sin Filtro,Negro,Normal,f,77
NIF-ARG-QUI-3,Gold Leaf Japon,Sin Filtro,Rubio,Normal,t,468
NIF-ARG-QUI-3,Urban Classic Argentina,Sin Filtro,Negro,Normal,f,317
NIF-ARG-QUI-4,Royal Blend Japon,Sin Filtro,Rubio,Normal,t,197
NIF-ARG-QUI-4,Royal Blend Chile,Con Filtro,Negro,Normal,t,231
NIF-ARG-QUI-4,Highland Peak Chile,Con Filtro,Negro,Normal,t,96
NIF-ARG-QUI-4,Gold Leaf Alemania,Sin Filtro,Negro,Normal,f,186
NIF-ARG-QUI-4,Urban Classic Reino,Sin Filtro,Rubio,Normal,f,136
NIF-ARG-QUI-4,Mountain Mist Argentina,Con Filtro,Negro,UltraLight,f,349
NIF-ARG-QUI-4,Royal Blend Japon,Sin Filtro,Rubio,Normal,t,433
NIF-ARG-QUI-4,Silver Lining Japon,Con Filtro,Negro,Normal,t,271
NIF-ARG-QUI-4,Mountain Mist Alemania,Sin Filtro,Negro,Normal,f,135
NIF-ARG-QUI-4,Midnight Silk Japon,Con Filtro,Rubio,Normal,t,476
NIF-ARG-QUI-4,Royal Blend Alemania,Sin Filtro,Rubio,Normal,t,153
NIF-ARG-QUI-4,Ocean Breeze Argentina,Con Filtro,Negro,Normal,t,418
NIF-ARG-QUI-4,Midnight Silk Japon,Sin Filtro,Negro,Normal,f,236
NIF-ARG-QUI-4,Royal Blend Chile,Con Filtro,Rubio,Normal,t,462
NIF-ARG-QUI-4,Midnight Silk Alemania,Con Filtro,Rubio,Normal,t,412
NIF-ARG-QUI-4,Amber Haze Chile,Con Filtro,Negro,Light,f,301
NIF-ARG-QUI-4,Highland Peak Alemania,Sin Filtro,Negro,Normal,f,224
NIF-ARG-QUI-4,Amber Haze Argentina,Con Filtro,Rubio,Light,f,435
NIF-ARG-QUI-4,Urban Classic Reino,Con Filtro,Rubio,Normal,t,154
NIF-ARG-QUI-4,Pure Essence Chile,Sin Filtro,Negro,Normal,f,374
NIF-ARG-QUI-4,Silver Lining Chile,Con Filtro,Rubio,Normal,t,69
NIF-ARG-QUI-4,Pure Essence Chile,Con Filtro,Rubio,Normal,t,496
NIF-ARG-QUI-4,Urban Classic Chile,Sin Filtro,Rubio,Normal,f,120
NIF-ARG-QUI-4,Royal Blend Reino,Con Filtro,Negro,Normal,f,215
NIF-ARG-QUI-4,Mountain Mist Japon,Con Filtro,Rubio,Light,f,316
NIF-ARG-QUI-4,Pure Essence Alemania,Con Filtro,Rubio,UltraLight,f,451
NIF-ARG-QUI-4,Mountain Mist Alemania,Sin Filtro,Rubio,Normal,t,258
NIF-ARG-QUI-5,Royal Blend Chile,Sin Filtro,Negro,Normal,f,359
NIF-ARG-QUI-5,Silver Lining Chile,Sin Filtro,Rubio,Normal,t,418
NIF-ARG-QUI-5,Mountain Mist Alemania,Sin Filtro,Negro,Normal,t,462
NIF-ARG-QUI-5,Mountain Mist Reino,Sin Filtro,Rubio,Normal,f,75
NIF-ARG-QUI-5,Highland Peak Reino,Con Filtro,Rubio,Normal,t,291
NIF-ARG-QUI-5,Urban Classic Japon,Con Filtro,Rubio,Normal,t,243
NIF-ARG-QUI-5,Ocean Breeze Alemania,Sin Filtro,Negro,Normal,t,146
NIF-ARG-QUI-5,Royal Blend Alemania,Sin Filtro,Negro,Normal,t,177
NIF-ARG-QUI-5,Royal Blend Chile,Con Filtro,Rubio,Normal,t,215
NIF-ARG-QUI-5,Urban Classic Argentina,Sin Filtro,Negro,Normal,f,242
NIF-ARG-QUI-5,Ocean Breeze Chile,Con Filtro,Rubio,Normal,t,238
NIF-ARG-QUI-5,Highland Peak Argentina,Con Filtro,Rubio,Normal,f,465
NIF-ARG-QUI-5,Pure Essence Argentina,Sin Filtro,Rubio,Normal,t,374
NIF-ARG-QUI-5,Royal Blend Japon,Con Filtro,Rubio,SuperLight,f,463
NIF-ARG-QUI-5,Highland Peak Argentina,Con Filtro,Negro,Normal,t,198
NIF-ARG-QUI-5,Urban Classic Japon,Sin Filtro,Rubio,Normal,t,443
NIF-ARG-QUI-5,Pure Essence Alemania,Sin Filtro,Rubio,Normal,t,223
NIF-ARG-QUI-5,Amber Haze Japon,Con Filtro,Rubio,SuperLight,f,99
NIF-ARG-QUI-5,Urban Classic Alemania,Con Filtro,Negro,Light,f,180
NIF-ARG-QUI-5,Pure Essence Argentina,Sin Filtro,Negro,Normal,f,297
NIF-ARG-QUI-5,Royal Blend Alemania,Con Filtro,Negro,Normal,t,206
NIF-ARG-QUI-5,Pure Essence Alemania,Sin Filtro,Rubio,Normal,f,290
NIF-ARG-QUI-5,Gold Leaf Alemania,Sin Filtro,Negro,Normal,t,258
NIF-ARG-QUI-5,Urban Classic Reino,Con Filtro,Negro,Normal,t,377
NIF-ARG-QUI-5,Urban Classic Reino,Con Filtro,Rubio,Normal,t,351
NIF-ARG-QUI-6,Royal Blend Argentina,Con Filtro,Rubio,Light,f,337
NIF-ARG-QUI-6,Midnight Silk Japon,Sin Filtro,Rubio,Normal,f,99
NIF-ARG-QUI-6,Ocean Breeze Argentina,Con Filtro,Negro,SuperLight,f,177
NIF-ARG-QUI-6,Pure Essence Japon,Con Filtro,Negro,Light,f,176
NIF-ARG-QUI-6,Amber Haze Alemania,Sin Filtro,Negro,Normal,t,314
NIF-ARG-QUI-6,Highland Peak Argentina,Con Filtro,Negro,Normal,t,348
NIF-ARG-QUI-6,Highland Peak Reino,Con Filtro,Rubio,Normal,t,131
NIF-ARG-QUI-6,Royal Blend Argentina,Con Filtro,Rubio,UltraLight,f,353
NIF-ARG-QUI-6,Amber Haze Japon,Con Filtro,Rubio,Normal,t,291
NIF-ARG-QUI-6,Royal Blend Reino,Con Filtro,Negro,Normal,f,57
NIF-ARG-QUI-6,Silver Lining Alemania,Sin Filtro,Rubio,Normal,f,156
NIF-ARG-QUI-6,Gold Leaf Reino,Con Filtro,Rubio,Normal,f,448
NIF-ARG-QUI-6,Pure Essence Argentina,Con Filtro,Rubio,UltraLight,f,279
NIF-ARG-QUI-6,Royal Blend Japon,Con Filtro,Negro,Normal,t,114
NIF-ARG-QUI-6,Urban Classic Japon,Con Filtro,Negro,Normal,t,173
NIF-ARG-QUI-6,Amber Haze Alemania,Con Filtro,Negro,Normal,f,360
NIF-ARG-QUI-6,Mountain Mist Japon,Con Filtro,Rubio,Normal,t,362
NIF-ARG-QUI-6,Silver Lining Chile,Con Filtro,Rubio,Normal,t,157
NIF-ARG-QUI-6,Pure Essence Japon,Sin Filtro,Negro,Normal,f,63
NIF-ARG-QUI-7,Highland Peak Reino,Con Filtro,Negro,SuperLight,f,339
NIF-ARG-QUI-7,Urban Classic Chile,Con Filtro,Negro,UltraLight,f,172
NIF-ARG-QUI-7,Ocean Breeze Chile,Con Filtro,Rubio,Normal,t,442
NIF-ARG-QUI-7,Gold Leaf Alemania,Con Filtro,Negro,Light,f,348
NIF-ARG-QUI-7,Gold Leaf Argentina,Sin Filtro,Rubio,Normal,f,421
NIF-ARG-QUI-7,Urban Classic Chile,Sin Filtro,Rubio,Normal,f,73
NIF-ARG-QUI-7,Ocean Breeze Argentina,Con Filtro,Negro,Normal,t,158
NIF-ARG-QUI-7,Highland Peak Alemania,Sin Filtro,Negro,Normal,f,472
NIF-ARG-QUI-7,Highland Peak Alemania,Sin Filtro,Rubio,Normal,t,238
NIF-ARG-QUI-7,Gold Leaf Reino,Con Filtro,Negro,Light,f,182
NIF-ARG-QUI-7,Urban Classic Alemania,Sin Filtro,Negro,Normal,f,500
NIF-ARG-QUI-8,Highland Peak Alemania,Con Filtro,Negro,UltraLight,f,59
NIF-ARG-QUI-8,Urban Classic Alemania,Con Filtro,Negro,Normal,t,233
NIF-ARG-QUI-8,Royal Blend Japon,Sin Filtro,Rubio,Normal,t,273
NIF-ARG-QUI-8,Amber Haze Reino,Sin Filtro,Rubio,Normal,t,181
NIF-ARG-QUI-8,Midnight Silk Japon,Con Filtro,Rubio,Normal,f,453
NIF-ARG-QUI-8,Royal Blend Argentina,Sin Filtro,Negro,Normal,f,371
NIF-ARG-QUI-8,Highland Peak Alemania,Sin Filtro,Negro,Normal,t,336
NIF-ARG-QUI-8,Urban Classic Japon,Con Filtro,Rubio,Normal,t,294
NIF-ARG-QUI-8,Silver Lining Reino,Con Filtro,Negro,Normal,t,264
NIF-ARG-QUI-8,Mountain Mist Chile,Sin Filtro,Rubio,Normal,f,162
NIF-ARG-QUI-8,Gold Leaf Chile,Sin Filtro,Negro,Normal,f,153
NIF-ARG-QUI-8,Urban Classic Chile,Con Filtro,Negro,UltraLight,f,181
NIF-ARG-QUI-8,Ocean Breeze Argentina,Sin Filtro,Negro,Normal,f,151
NIF-ARG-QUI-8,Mountain Mist Japon,Con Filtro,Rubio,Normal,t,146
NIF-ARG-QUI-8,Midnight Silk Chile,Con Filtro,Rubio,Normal,t,189
NIF-ARG-QUI-8,Ocean Breeze Reino,Sin Filtro,Negro,Normal,t,133
NIF-ARG-QUI-8,Gold Leaf Chile,Con Filtro,Rubio,Light,f,161
NIF-ARG-QUI-8,Amber Haze Alemania,Sin Filtro,Negro,Normal,t,150
NIF-ARG-QUI-8,Highland Peak Alemania,Sin Filtro,Negro,Normal,t,335
NIF-ARG-QUI-9,Gold Leaf Japon,Con Filtro,Rubio,UltraLight,f,91
NIF-ARG-QUI-9,Royal Blend Chile,Sin Filtro,Negro,Normal,t,171
NIF-ARG-QUI-9,Royal Blend Japon,Sin Filtro,Negro,Normal,t,388
NIF-ARG-QUI-9,Urban Classic Reino,Sin Filtro,Negro,Normal,t,430
NIF-ARG-QUI-9,Silver Lining Japon,Con Filtro,Negro,SuperLight,f,78
NIF-ARG-QUI-9,Silver Lining Chile,Con Filtro,Negro,SuperLight,f,354
NIF-ARG-QUI-9,Ocean Breeze Reino,Sin Filtro,Negro,Normal,f,483
NIF-ARG-QUI-9,Mountain Mist Alemania,Sin Filtro,Rubio,Normal,f,224
NIF-ARG-QUI-9,Midnight Silk Alemania,Con Filtro,Rubio,Normal,t,214
NIF-ARG-QUI-9,Pure Essence Alemania,Sin Filtro,Rubio,Normal,t,234
NIF-ARG-QUI-9,Gold Leaf Alemania,Sin Filtro,Rubio,Normal,f,170
NIF-ARG-QUI-9,Ocean Breeze Alemania,Sin Filtro,Rubio,Normal,t,64
NIF-ARG-QUI-9,Midnight Silk Alemania,Sin Filtro,Negro,Normal,t,352
NIF-ARG-QUI-9,Mountain Mist Japon,Sin Filtro,Rubio,Normal,t,252
NIF-ARG-QUI-9,Silver Lining Chile,Con Filtro,Negro,SuperLight,f,401
NIF-ARG-QUI-9,Mountain Mist Reino,Con Filtro,Rubio,UltraLight,f,423
NIF-ARG-QUI-9,Mountain Mist Argentina,Con Filtro,Rubio,Normal,t,347
NIF-ARG-QUI-9,Silver Lining Chile,Sin Filtro,Rubio,Normal,t,98
NIF-ARG-QUI-9,Urban Classic Alemania,Sin Filtro,Rubio,Normal,t,99
NIF-ARG-QUI-9,Amber Haze Japon,Sin Filtro,Negro,Normal,t,139
NIF-ARG-QUI-9,Pure Essence Reino,Sin Filtro,Negro,Normal,f,423
NIF-ARG-QUI-9,Mountain Mist Alemania,Sin Filtro,Negro,Normal,t,335
NIF-ARG-QUI-9,Royal Blend Alemania,Sin Filtro,Rubio,Normal,t,339
NIF-ARG-QUI-9,Highland Peak Reino,Con Filtro,Negro,SuperLight,f,69
NIF-ARG-QUI-9,Amber Haze Reino,Con Filtro,Rubio,Normal,t,426
NIF-ARG-QUI-9,Pure Essence Argentina,Con Filtro,Rubio,SuperLight,f,148
NIF-ARG-QUI-9,Silver Lining Reino,Sin Filtro,Negro,Normal,f,232
NIF-ARG-QUI-9,Silver Lining Alemania,Sin Filtro,Negro,Normal,t,56
NIF-ARG-QUI-9,Highland Peak Reino,Con Filtro,Negro,SuperLight,f,117
NIF-ARG-QUI-10,Midnight Silk Reino,Con Filtro,Negro,SuperLight,f,251
NIF-ARG-QUI-10,Mountain Mist Japon,Con Filtro,Negro,Normal,t,166
NIF-ARG-QUI-10,Highland Peak Chile,Sin Filtro,Rubio,Normal,f,327
NIF-ARG-QUI-10,Midnight Silk Reino,Sin Filtro,Rubio,Normal,t,211
NIF-ARG-QUI-10,Amber Haze Chile,Con Filtro,Negro,Light,f,205
NIF-ARG-QUI-10,Amber Haze Chile,Con Filtro,Rubio,Light,f,459
NIF-ARG-QUI-10,Highland Peak Reino,Con Filtro,Negro,SuperLight,f,491
NIF-ARG-QUI-10,Mountain Mist Argentina,Con Filtro,Rubio,Normal,t,403
NIF-ARG-QUI-10,Gold Leaf Japon,Con Filtro,Rubio,Normal,t,284
NIF-ARG-QUI-10,Pure Essence Reino,Sin Filtro,Rubio,Normal,f,183
NIF-ARG-QUI-10,Gold Leaf Reino,Sin Filtro,Negro,Normal,f,205
NIF-ARG-QUI-10,Silver Lining Alemania,Sin Filtro,Negro,Normal,f,174
NIF-ARG-QUI-10,Mountain Mist Reino,Sin Filtro,Negro,Normal,t,135
NIF-ARG-QUI-10,Midnight Silk Reino,Sin Filtro,Rubio,Normal,t,345
NIF-ARG-QUI-10,Urban Classic Argentina,Con Filtro,Rubio,SuperLight,f,58
NIF-ARG-QUI-10,Urban Classic Chile,Sin Filtro,Negro,Normal,f,143
NIF-ARG-QUI-10,Amber Haze Argentina,Con Filtro,Negro,Normal,t,407
NIF-ARG-QUI-10,Midnight Silk Alemania,Sin Filtro,Rubio,Normal,f,61
NIF-ARG-QUI-10,Mountain Mist Alemania,Sin Filtro,Negro,Normal,f,365
NIF-ARG-QUI-10,Mountain Mist Japon,Sin Filtro,Rubio,Normal,f,237
NIF-ARG-QUI-10,Gold Leaf Argentina,Sin Filtro,Negro,Normal,t,287
NIF-ARG-QUI-10,Royal Blend Chile,Sin Filtro,Negro,Normal,f,400
NIF-ARG-QUI-10,Royal Blend Argentina,Con Filtro,Negro,Normal,t,473
NIF-ARG-QUI-10,Ocean Breeze Argentina,Sin Filtro,Negro,Normal,f,52
NIF-ARG-QUI-10,Midnight Silk Argentina,Sin Filtro,Rubio,Normal,t,244
NIF-ARG-QUI-11,Highland Peak Reino,Con Filtro,Negro,SuperLight,f,177
NIF-ARG-QUI-11,Highland Peak Alemania,Sin Filtro,Negro,Normal,t,336
NIF-ARG-QUI-11,Gold Leaf Japon,Con Filtro,Rubio,Normal,t,458
NIF-ARG-QUI-11,Royal Blend Argentina,Con Filtro,Negro,Normal,t,159
NIF-ARG-QUI-11,Silver Lining Japon,Sin Filtro,Rubio,Normal,f,410
NIF-ARG-QUI-11,Mountain Mist Chile,Sin Filtro,Rubio,Normal,t,152
NIF-ARG-QUI-11,Pure Essence Reino,Con Filtro,Rubio,Normal,f,154
NIF-ARG-QUI-11,Silver Lining Alemania,Con Filtro,Negro,Normal,t,310
NIF-ARG-QUI-11,Ocean Breeze Argentina,Con Filtro,Rubio,Normal,t,223
NIF-ARG-QUI-11,Midnight Silk Chile,Con Filtro,Negro,UltraLight,f,102
NIF-ARG-QUI-11,Mountain Mist Japon,Con Filtro,Negro,Normal,t,283
NIF-ARG-QUI-11,Highland Peak Japon,Sin Filtro,Rubio,Normal,t,55
NIF-ARG-QUI-11,Mountain Mist Chile,Con Filtro,Negro,Normal,t,76
NIF-ARG-QUI-11,Amber Haze Alemania,Sin Filtro,Rubio,Normal,f,439
NIF-ARG-QUI-11,Silver Lining Chile,Con Filtro,Rubio,Normal,t,458
NIF-ARG-QUI-11,Royal Blend Reino,Con Filtro,Negro,Normal,t,136
NIF-ARG-QUI-11,Urban Classic Reino,Con Filtro,Rubio,Normal,f,276
NIF-ARG-QUI-11,Pure Essence Argentina,Sin Filtro,Negro,Normal,t,245
NIF-ARG-QUI-11,Urban Classic Argentina,Sin Filtro,Rubio,Normal,t,326
NIF-ARG-QUI-11,Ocean Breeze Chile,Sin Filtro,Negro,Normal,f,221
NIF-ARG-QUI-11,Highland Peak Reino,Con Filtro,Rubio,Normal,t,214
NIF-ARG-QUI-11,Urban Classic Japon,Con Filtro,Rubio,Normal,t,154
NIF-ARG-QUI-11,Mountain Mist Reino,Con Filtro,Rubio,SuperLight,f,124
NIF-ARG-QUI-11,Amber Haze Alemania,Sin Filtro,Rubio,Normal,f,442
NIF-ARG-QUI-11,Pure Essence Argentina,Con Filtro,Negro,Normal,t,435
NIF-ARG-QUI-11,Royal Blend Japon,Sin Filtro,Rubio,Normal,t,96
NIF-ARG-QUI-12,Ocean Breeze Reino,Con Filtro,Rubio,UltraLight,f,349
NIF-ARG-QUI-12,Gold Leaf Argentina,Con Filtro,Negro,Normal,t,206
NIF-ARG-QUI-12,Pure Essence Reino,Sin Filtro,Negro,Normal,f,261
NIF-ARG-QUI-12,Amber Haze Alemania,Sin Filtro,Rubio,Normal,f,149
NIF-ARG-QUI-12,Gold Leaf Chile,Sin Filtro,Negro,Normal,f,87
NIF-ARG-QUI-12,Amber Haze Argentina,Sin Filtro,Rubio,Normal,t,283
NIF-ARG-QUI-12,Ocean Breeze Chile,Con Filtro,Rubio,Normal,t,181
NIF-ARG-QUI-12,Gold Leaf Chile,Con Filtro,Rubio,Light,f,266
NIF-ARG-QUI-12,Midnight Silk Alemania,Con Filtro,Rubio,Normal,t,135
NIF-ARG-QUI-12,Pure Essence Reino,Con Filtro,Rubio,Normal,f,255
NIF-ARG-QUI-12,Midnight Silk Alemania,Sin Filtro,Rubio,Normal,t,86
NIF-ARG-QUI-12,Silver Lining Chile,Con Filtro,Negro,SuperLight,f,314
NIF-ARG-QUI-12,Midnight Silk Argentina,Sin Filtro,Rubio,Normal,t,425
NIF-ARG-QUI-12,Gold Leaf Chile,Con Filtro,Rubio,Normal,t,372
NIF-ARG-QUI-12,Ocean Breeze Argentina,Con Filtro,Negro,Normal,t,206
NIF-ARG-QUI-12,Highland Peak Japon,Sin Filtro,Rubio,Normal,f,250
NIF-ARG-QUI-12,Ocean Breeze Argentina,Con Filtro,Rubio,Normal,t,252
NIF-ARG-QUI-12,Amber Haze Reino,Sin Filtro,Rubio,Normal,t,68
NIF-ARG-QUI-12,Gold Leaf Chile,Sin Filtro,Negro,Normal,t,148
NIF-ARG-QUI-12,Midnight Silk Chile,Sin Filtro,Rubio,Normal,f,298
NIF-ARG-QUI-12,Pure Essence Chile,Sin Filtro,Negro,Normal,f,447
NIF-ARG-QUI-13,Royal Blend Alemania,Sin Filtro,Rubio,Normal,t,386
NIF-ARG-QUI-13,Silver Lining Argentina,Con Filtro,Rubio,Normal,f,356
NIF-ARG-QUI-13,Urban Classic Japon,Sin Filtro,Rubio,Normal,t,376
NIF-ARG-QUI-13,Mountain Mist Chile,Sin Filtro,Rubio,Normal,f,191
NIF-ARG-QUI-13,Silver Lining Argentina,Con Filtro,Negro,Light,f,332
NIF-ARG-QUI-13,Gold Leaf Alemania,Sin Filtro,Negro,Normal,f,99
NIF-ARG-QUI-13,Pure Essence Japon,Sin Filtro,Negro,Normal,f,307
NIF-ARG-QUI-13,Amber Haze Argentina,Sin Filtro,Negro,Normal,t,370
NIF-ARG-QUI-13,Ocean Breeze Argentina,Sin Filtro,Rubio,Normal,f,141
NIF-ARG-QUI-13,Highland Peak Alemania,Sin Filtro,Rubio,Normal,t,319
NIF-ARG-QUI-13,Highland Peak Reino,Con Filtro,Rubio,Normal,t,402
NIF-ARG-QUI-13,Midnight Silk Japon,Con Filtro,Rubio,Normal,t,222
NIF-ARG-QUI-13,Gold Leaf Chile,Con Filtro,Rubio,UltraLight,f,370
NIF-ARG-QUI-13,Highland Peak Argentina,Sin Filtro,Rubio,Normal,f,458
NIF-ARG-QUI-13,Gold Leaf Alemania,Sin Filtro,Rubio,Normal,f,499
NIF-ARG-QUI-13,Mountain Mist Chile,Sin Filtro,Negro,Normal,f,311
NIF-ARG-QUI-13,Royal Blend Alemania,Con Filtro,Negro,Normal,t,66
NIF-ARG-QUI-13,Ocean Breeze Alemania,Con Filtro,Negro,Light,f,407
NIF-ARG-QUI-13,Gold Leaf Argentina,Con Filtro,Rubio,Normal,t,404
NIF-ARG-QUI-13,Gold Leaf Alemania,Con Filtro,Rubio,Normal,t,52
NIF-ARG-QUI-13,Amber Haze Alemania,Con Filtro,Negro,Normal,f,255
NIF-ARG-QUI-13,Silver Lining Argentina,Con Filtro,Rubio,Normal,t,460
NIF-ARG-QUI-13,Gold Leaf Reino,Con Filtro,Negro,SuperLight,f,83
NIF-ARG-QUI-13,Ocean Breeze Alemania,Sin Filtro,Rubio,Normal,t,425
NIF-ARG-QUI-13,Royal Blend Reino,Con Filtro,Negro,Normal,f,470
NIF-ARG-QUI-13,Urban Classic Japon,Con Filtro,Negro,Normal,t,328
NIF-ARG-QUI-13,Ocean Breeze Chile,Con Filtro,Negro,Normal,t,203
NIF-ARG-QUI-13,Gold Leaf Reino,Con Filtro,Negro,SuperLight,f,253
NIF-ARG-QUI-14,Highland Peak Chile,Con Filtro,Negro,Normal,t,135
NIF-ARG-QUI-14,Silver Lining Reino,Con Filtro,Rubio,UltraLight,f,253
NIF-ARG-QUI-14,Gold Leaf Alemania,Sin Filtro,Negro,Normal,t,120
NIF-ARG-QUI-14,Ocean Breeze Alemania,Con Filtro,Negro,SuperLight,f,327
NIF-ARG-QUI-14,Mountain Mist Reino,Sin Filtro,Negro,Normal,t,473
NIF-ARG-QUI-14,Midnight Silk Argentina,Sin Filtro,Negro,Normal,f,124
NIF-ARG-QUI-14,Amber Haze Japon,Con Filtro,Rubio,Normal,t,73
NIF-ARG-QUI-14,Mountain Mist Japon,Con Filtro,Negro,Normal,t,488
NIF-ARG-QUI-14,Highland Peak Japon,Sin Filtro,Rubio,Normal,f,450
NIF-ARG-QUI-14,Silver Lining Argentina,Sin Filtro,Rubio,Normal,f,330
NIF-ARG-QUI-14,Silver Lining Reino,Con Filtro,Negro,Normal,t,293
NIF-ARG-QUI-14,Urban Classic Alemania,Con Filtro,Rubio,Normal,t,180
NIF-ARG-QUI-14,Amber Haze Japon,Con Filtro,Rubio,Normal,t,258
NIF-ARG-QUI-14,Amber Haze Argentina,Sin Filtro,Negro,Normal,t,350
NIF-ARG-QUI-14,Urban Classic Argentina,Con Filtro,Negro,UltraLight,f,104
NIF-ARG-QUI-14,Amber Haze Japon,Con Filtro,Rubio,SuperLight,f,222
NIF-ARG-QUI-14,Urban Classic Argentina,Sin Filtro,Negro,Normal,t,453
NIF-ARG-QUI-14,Highland Peak Alemania,Con Filtro,Negro,Normal,f,390
NIF-ARG-QUI-15,Highland Peak Alemania,Sin Filtro,Rubio,Normal,f,67
NIF-ARG-QUI-15,Silver Lining Japon,Con Filtro,Rubio,Normal,f,274
NIF-ARG-QUI-15,Amber Haze Reino,Sin Filtro,Rubio,Normal,t,361
NIF-ARG-QUI-15,Highland Peak Argentina,Sin Filtro,Rubio,Normal,f,226
NIF-ARG-QUI-15,Urban Classic Alemania,Sin Filtro,Negro,Normal,f,179
NIF-ARG-QUI-15,Pure Essence Reino,Sin Filtro,Negro,Normal,t,68
NIF-ARG-QUI-15,Gold Leaf Japon,Con Filtro,Rubio,Normal,t,295
NIF-ARG-QUI-15,Highland Peak Chile,Sin Filtro,Negro,Normal,t,118
NIF-ARG-QUI-15,Midnight Silk Reino,Sin Filtro,Negro,Normal,t,401
NIF-ARG-QUI-15,Highland Peak Chile,Con Filtro,Rubio,SuperLight,f,282
NIF-ARG-QUI-15,Ocean Breeze Argentina,Con Filtro,Negro,Normal,t,269
NIF-ARG-QUI-15,Ocean Breeze Reino,Sin Filtro,Rubio,Normal,f,119
NIF-ARG-QUI-15,Royal Blend Japon,Con Filtro,Negro,Normal,t,269
NIF-ARG-QUI-15,Ocean Breeze Reino,Sin Filtro,Negro,Normal,f,416
NIF-ARG-QUI-15,Mountain Mist Alemania,Sin Filtro,Negro,Normal,f,105
NIF-ARG-QUI-15,Urban Classic Chile,Sin Filtro,Negro,Normal,t,332
NIF-ARG-QUI-15,Ocean Breeze Alemania,Sin Filtro,Rubio,Normal,t,88
NIF-ARG-QUI-15,Midnight Silk Japon,Sin Filtro,Rubio,Normal,f,118
NIF-ARG-QUI-15,Urban Classic Argentina,Sin Filtro,Negro,Normal,f,409
NIF-ARG-QUI-15,Mountain Mist Japon,Con Filtro,Rubio,Normal,t,475
NIF-ARG-QUI-15,Midnight Silk Reino,Con Filtro,Negro,Normal,t,348
NIF-ARG-QUI-15,Gold Leaf Reino,Con Filtro,Negro,SuperLight,f,225
NIF-ARG-QUI-15,Royal Blend Chile,Con Filtro,Negro,Normal,t,94
NIF-ARG-QUI-15,Amber Haze Japon,Con Filtro,Rubio,Normal,t,162
NIF-ARG-QUI-15,Pure Essence Japon,Con Filtro,Negro,Light,f,162
NIF-ARG-QUI-15,Urban Classic Japon,Con Filtro,Negro,Normal,t,223
NIF-ARG-AVE-1,Gold Leaf Reino,Sin Filtro,Rubio,Normal,t,242
NIF-ARG-AVE-1,Ocean Breeze Reino,Con Filtro,Rubio,UltraLight,f,126
NIF-ARG-AVE-1,Highland Peak Japon,Sin Filtro,Rubio,Normal,t,500
NIF-ARG-AVE-1,Ocean Breeze Japon,Sin Filtro,Rubio,Normal,t,205
NIF-ARG-AVE-1,Silver Lining Alemania,Sin Filtro,Negro,Normal,f,435
NIF-ARG-AVE-1,Ocean Breeze Reino,Sin Filtro,Negro,Normal,t,405
NIF-ARG-AVE-1,Amber Haze Alemania,Sin Filtro,Negro,Normal,t,349
NIF-ARG-AVE-1,Amber Haze Argentina,Sin Filtro,Negro,Normal,t,266
NIF-ARG-AVE-1,Ocean Breeze Japon,Sin Filtro,Rubio,Normal,t,424
NIF-ARG-AVE-1,Ocean Breeze Chile,Con Filtro,Rubio,UltraLight,f,310
NIF-ARG-AVE-1,Amber Haze Japon,Con Filtro,Rubio,Normal,t,484
NIF-ARG-AVE-1,Midnight Silk Reino,Con Filtro,Negro,Normal,t,80
NIF-ARG-AVE-1,Amber Haze Chile,Con Filtro,Rubio,Normal,t,457
NIF-ARG-AVE-1,Midnight Silk Reino,Sin Filtro,Rubio,Normal,f,357
NIF-ARG-AVE-1,Pure Essence Argentina,Con Filtro,Rubio,Normal,t,313
NIF-ARG-AVE-1,Highland Peak Reino,Con Filtro,Negro,SuperLight,f,166
NIF-ARG-AVE-1,Amber Haze Reino,Con Filtro,Rubio,Normal,t,158
NIF-ARG-AVE-1,Urban Classic Reino,Con Filtro,Rubio,Normal,f,349
NIF-ARG-AVE-1,Urban Classic Chile,Sin Filtro,Rubio,Normal,f,103
NIF-ARG-AVE-1,Amber Haze Chile,Sin Filtro,Negro,Normal,f,97
NIF-ARG-AVE-1,Ocean Breeze Argentina,Con Filtro,Negro,Normal,t,77
NIF-ARG-AVE-1,Silver Lining Chile,Con Filtro,Rubio,Normal,f,112
NIF-ARG-AVE-1,Royal Blend Alemania,Sin Filtro,Rubio,Normal,f,95
NIF-ARG-AVE-1,Midnight Silk Chile,Con Filtro,Rubio,Normal,t,281
NIF-ARG-AVE-1,Urban Classic Argentina,Con Filtro,Rubio,Normal,t,315
NIF-ARG-AVE-1,Silver Lining Chile,Con Filtro,Rubio,Normal,t,404
NIF-ARG-AVE-1,Gold Leaf Alemania,Con Filtro,Negro,Light,f,247
NIF-ARG-AVE-2,Amber Haze Alemania,Con Filtro,Negro,Normal,f,54
NIF-ARG-AVE-2,Pure Essence Chile,Con Filtro,Rubio,Normal,t,365
NIF-ARG-AVE-2,Urban Classic Chile,Sin Filtro,Negro,Normal,t,170
NIF-ARG-AVE-2,Silver Lining Chile,Con Filtro,Rubio,Light,f,134
NIF-ARG-AVE-2,Highland Peak Japon,Con Filtro,Negro,Normal,f,97
NIF-ARG-AVE-2,Highland Peak Japon,Sin Filtro,Rubio,Normal,f,384
NIF-ARG-AVE-2,Highland Peak Alemania,Con Filtro,Negro,Normal,f,301
NIF-ARG-AVE-2,Urban Classic Japon,Sin Filtro,Rubio,Normal,f,58
NIF-ARG-AVE-2,Urban Classic Alemania,Sin Filtro,Negro,Normal,t,151
NIF-ARG-AVE-2,Urban Classic Chile,Con Filtro,Negro,UltraLight,f,441
NIF-ARG-AVE-2,Pure Essence Japon,Sin Filtro,Negro,Normal,t,144
NIF-ARG-AVE-2,Silver Lining Japon,Sin Filtro,Rubio,Normal,f,317
NIF-ARG-AVE-2,Royal Blend Alemania,Con Filtro,Negro,Light,f,50
NIF-ARG-AVE-2,Urban Classic Argentina,Con Filtro,Negro,Normal,f,421
NIF-ARG-AVE-2,Amber Haze Argentina,Sin Filtro,Rubio,Normal,f,227
NIF-ARG-AVE-2,Gold Leaf Chile,Sin Filtro,Rubio,Normal,f,113
NIF-ARG-AVE-2,Amber Haze Argentina,Sin Filtro,Negro,Normal,t,107
NIF-ARG-AVE-2,Silver Lining Japon,Sin Filtro,Rubio,Normal,f,261
NIF-ARG-AVE-2,Ocean Breeze Chile,Sin Filtro,Negro,Normal,f,189
NIF-ARG-AVE-2,Mountain Mist Japon,Con Filtro,Negro,Normal,t,159
NIF-ARG-AVE-3,Highland Peak Japon,Con Filtro,Rubio,Normal,t,109
NIF-ARG-AVE-3,Highland Peak Japon,Con Filtro,Rubio,Light,f,102
NIF-ARG-AVE-3,Amber Haze Argentina,Con Filtro,Negro,Normal,t,344
NIF-ARG-AVE-3,Urban Classic Chile,Sin Filtro,Negro,Normal,t,108
NIF-ARG-AVE-3,Highland Peak Reino,Sin Filtro,Rubio,Normal,t,218
NIF-ARG-AVE-3,Midnight Silk Japon,Con Filtro,Rubio,Normal,f,260
NIF-ARG-AVE-3,Royal Blend Chile,Sin Filtro,Rubio,Normal,t,167
NIF-ARG-AVE-3,Gold Leaf Alemania,Sin Filtro,Negro,Normal,t,206
NIF-ARG-AVE-3,Royal Blend Alemania,Sin Filtro,Rubio,Normal,f,205
NIF-ARG-AVE-3,Gold Leaf Japon,Sin Filtro,Rubio,Normal,t,441
NIF-ARG-AVE-3,Ocean Breeze Chile,Con Filtro,Rubio,UltraLight,f,244
NIF-ARG-AVE-3,Midnight Silk Alemania,Sin Filtro,Negro,Normal,t,407
NIF-ARG-AVE-3,Pure Essence Chile,Sin Filtro,Negro,Normal,f,405
NIF-ARG-AVE-3,Royal Blend Reino,Con Filtro,Negro,SuperLight,f,102
NIF-ARG-AVE-3,Mountain Mist Japon,Sin Filtro,Rubio,Normal,t,103
NIF-ARG-AVE-3,Pure Essence Argentina,Sin Filtro,Rubio,Normal,t,468
NIF-ARG-AVE-3,Royal Blend Reino,Con Filtro,Rubio,Normal,t,217
NIF-ARG-AVE-3,Amber Haze Japon,Sin Filtro,Rubio,Normal,f,233
NIF-ARG-AVE-3,Midnight Silk Argentina,Sin Filtro,Rubio,Normal,t,79
NIF-ARG-AVE-3,Silver Lining Alemania,Con Filtro,Negro,Normal,t,468
NIF-ARG-AVE-3,Amber Haze Reino,Sin Filtro,Negro,Normal,t,262
NIF-ARG-AVE-3,Mountain Mist Argentina,Sin Filtro,Negro,Normal,t,250
NIF-ARG-AVE-3,Royal Blend Argentina,Con Filtro,Negro,Light,f,332
NIF-ARG-AVE-3,Urban Classic Reino,Con Filtro,Negro,Normal,t,447
NIF-ARG-AVE-3,Gold Leaf Argentina,Sin Filtro,Rubio,Normal,f,318
NIF-ARG-AVE-4,Royal Blend Chile,Con Filtro,Rubio,UltraLight,f,357
NIF-ARG-AVE-4,Urban Classic Argentina,Sin Filtro,Negro,Normal,t,189
NIF-ARG-AVE-4,Gold Leaf Alemania,Sin Filtro,Rubio,Normal,f,362
NIF-ARG-AVE-4,Mountain Mist Alemania,Sin Filtro,Rubio,Normal,f,342
NIF-ARG-AVE-4,Amber Haze Japon,Sin Filtro,Rubio,Normal,f,62
NIF-ARG-AVE-4,Highland Peak Japon,Sin Filtro,Rubio,Normal,f,391
NIF-ARG-AVE-4,Highland Peak Reino,Con Filtro,Rubio,Normal,t,135
NIF-ARG-AVE-4,Gold Leaf Chile,Con Filtro,Rubio,Light,f,358
NIF-ARG-AVE-4,Silver Lining Japon,Con Filtro,Negro,UltraLight,f,346
NIF-ARG-AVE-4,Highland Peak Chile,Sin Filtro,Negro,Normal,t,78
NIF-ARG-AVE-4,Pure Essence Chile,Con Filtro,Rubio,Normal,t,367
NIF-ARG-AVE-4,Mountain Mist Chile,Sin Filtro,Rubio,Normal,f,492
NIF-ARG-AVE-4,Mountain Mist Argentina,Con Filtro,Negro,Light,f,287
NIF-ARG-AVE-4,Pure Essence Japon,Con Filtro,Negro,Light,f,161
NIF-ARG-AVE-4,Midnight Silk Argentina,Sin Filtro,Negro,Normal,t,142
NIF-ARG-AVE-4,Pure Essence Reino,Sin Filtro,Negro,Normal,t,380
NIF-ARG-AVE-4,Ocean Breeze Alemania,Con Filtro,Rubio,Light,f,434
NIF-ARG-AVE-5,Mountain Mist Chile,Sin Filtro,Rubio,Normal,t,249
NIF-ARG-AVE-5,Amber Haze Chile,Con Filtro,Negro,Light,f,488
NIF-ARG-AVE-5,Urban Classic Alemania,Con Filtro,Negro,Light,f,293
NIF-ARG-AVE-5,Highland Peak Chile,Con Filtro,Negro,Normal,t,357
NIF-ARG-AVE-5,Pure Essence Japon,Sin Filtro,Negro,Normal,f,313
NIF-ARG-AVE-5,Pure Essence Alemania,Sin Filtro,Rubio,Normal,t,402
NIF-ARG-AVE-5,Pure Essence Reino,Con Filtro,Negro,Normal,t,293
NIF-ARG-AVE-5,Mountain Mist Argentina,Sin Filtro,Negro,Normal,f,463
NIF-ARG-AVE-5,Highland Peak Argentina,Con Filtro,Negro,Normal,f,494
NIF-ARG-AVE-5,Mountain Mist Argentina,Con Filtro,Rubio,SuperLight,f,166
NIF-ARG-AVE-5,Highland Peak Chile,Con Filtro,Negro,Normal,f,316
NIF-ARG-AVE-5,Amber Haze Reino,Sin Filtro,Rubio,Normal,t,371
NIF-ARG-AVE-5,Urban Classic Argentina,Sin Filtro,Negro,Normal,t,408
NIF-ARG-AVE-5,Urban Classic Reino,Sin Filtro,Negro,Normal,f,324
NIF-ARG-AVE-5,Urban Classic Reino,Con Filtro,Negro,Normal,t,487
NIF-ARG-AVE-5,Highland Peak Reino,Con Filtro,Rubio,Normal,t,184
NIF-ARG-AVE-5,Urban Classic Japon,Con Filtro,Negro,SuperLight,f,288
NIF-ARG-AVE-6,Gold Leaf Japon,Con Filtro,Rubio,Normal,t,110
NIF-ARG-AVE-6,Midnight Silk Reino,Sin Filtro,Rubio,Normal,t,410
NIF-ARG-AVE-6,Mountain Mist Chile,Con Filtro,Rubio,Normal,t,245
NIF-ARG-AVE-6,Silver Lining Alemania,Sin Filtro,Negro,Normal,f,388
NIF-ARG-AVE-6,Ocean Breeze Japon,Con Filtro,Rubio,Normal,t,208
NIF-ARG-AVE-6,Silver Lining Argentina,Con Filtro,Rubio,Normal,t,59
NIF-ARG-AVE-6,Midnight Silk Alemania,Sin Filtro,Rubio,Normal,f,53
NIF-ARG-AVE-6,Pure Essence Argentina,Sin Filtro,Negro,Normal,f,385
NIF-ARG-AVE-6,Gold Leaf Reino,Sin Filtro,Negro,Normal,f,442
NIF-ARG-AVE-6,Gold Leaf Reino,Con Filtro,Rubio,Normal,t,166
NIF-ARG-AVE-6,Highland Peak Reino,Con Filtro,Rubio,Normal,t,382
NIF-ARG-AVE-6,Mountain Mist Reino,Sin Filtro,Negro,Normal,f,479
NIF-ARG-AVE-7,Pure Essence Alemania,Con Filtro,Negro,Normal,f,189
NIF-ARG-AVE-7,Amber Haze Chile,Con Filtro,Rubio,SuperLight,f,113
NIF-ARG-AVE-7,Midnight Silk Chile,Con Filtro,Rubio,Normal,t,304
NIF-ARG-AVE-7,Highland Peak Reino,Sin Filtro,Rubio,Normal,t,149
NIF-ARG-AVE-7,Amber Haze Argentina,Sin Filtro,Negro,Normal,t,82
NIF-ARG-AVE-7,Mountain Mist Chile,Sin Filtro,Rubio,Normal,t,218
NIF-ARG-AVE-7,Ocean Breeze Reino,Con Filtro,Rubio,UltraLight,f,330
NIF-ARG-AVE-7,Mountain Mist Chile,Con Filtro,Negro,Normal,t,314
NIF-ARG-AVE-7,Silver Lining Chile,Con Filtro,Rubio,Normal,f,246
NIF-ARG-AVE-7,Pure Essence Reino,Con Filtro,Negro,Normal,f,177
NIF-ARG-AVE-7,Gold Leaf Japon,Sin Filtro,Negro,Normal,t,50
NIF-ARG-AVE-7,Urban Classic Japon,Con Filtro,Negro,SuperLight,f,214
NIF-ARG-AVE-7,Midnight Silk Reino,Sin Filtro,Negro,Normal,t,195
NIF-ARG-AVE-7,Mountain Mist Argentina,Sin Filtro,Negro,Normal,f,283
NIF-ARG-AVE-7,Urban Classic Reino,Con Filtro,Negro,Normal,t,273
NIF-ARG-AVE-7,Ocean Breeze Alemania,Con Filtro,Negro,Light,f,191
NIF-ARG-AVE-7,Royal Blend Japon,Sin Filtro,Rubio,Normal,t,421
NIF-ARG-AVE-7,Pure Essence Reino,Con Filtro,Negro,Normal,t,288
NIF-ARG-AVE-7,Royal Blend Chile,Con Filtro,Rubio,SuperLight,f,110
NIF-ARG-AVE-8,Pure Essence Argentina,Con Filtro,Rubio,SuperLight,f,420
NIF-ARG-AVE-8,Silver Lining Alemania,Sin Filtro,Negro,Normal,f,176
NIF-ARG-AVE-8,Ocean Breeze Argentina,Con Filtro,Negro,Normal,t,325
NIF-ARG-AVE-8,Mountain Mist Alemania,Sin Filtro,Negro,Normal,f,371
NIF-ARG-AVE-8,Mountain Mist Reino,Sin Filtro,Rubio,Normal,f,93
NIF-ARG-AVE-8,Gold Leaf Japon,Sin Filtro,Negro,Normal,f,181
NIF-ARG-AVE-8,Ocean Breeze Japon,Sin Filtro,Negro,Normal,t,384
NIF-ARG-AVE-8,Amber Haze Japon,Con Filtro,Rubio,SuperLight,f,198
NIF-ARG-AVE-8,Urban Classic Chile,Sin Filtro,Negro,Normal,t,155
NIF-ARG-AVE-8,Royal Blend Japon,Sin Filtro,Rubio,Normal,t,247
NIF-ARG-AVE-8,Urban Classic Japon,Sin Filtro,Rubio,Normal,f,318
NIF-ARG-AVE-8,Gold Leaf Argentina,Sin Filtro,Negro,Normal,t,338
NIF-ARG-AVE-8,Amber Haze Alemania,Sin Filtro,Negro,Normal,t,176
NIF-ARG-AVE-8,Highland Peak Chile,Sin Filtro,Negro,Normal,t,393
NIF-ARG-AVE-8,Midnight Silk Japon,Sin Filtro,Rubio,Normal,f,364
NIF-ARG-AVE-8,Gold Leaf Alemania,Sin Filtro,Rubio,Normal,f,223
NIF-ARG-AVE-8,Amber Haze Chile,Sin Filtro,Rubio,Normal,t,210
NIF-ARG-AVE-8,Silver Lining Chile,Con Filtro,Rubio,Normal,t,199
NIF-ARG-AVE-8,Royal Blend Japon,Sin Filtro,Rubio,Normal,t,247
NIF-ARG-AVE-8,Pure Essence Alemania,Sin Filtro,Rubio,Normal,t,232
NIF-ARG-AVE-8,Silver Lining Chile,Sin Filtro,Rubio,Normal,t,435
NIF-ARG-AVE-8,Silver Lining Argentina,Sin Filtro,Negro,Normal,t,63
NIF-ARG-AVE-8,Highland Peak Argentina,Sin Filtro,Rubio,Normal,f,485
NIF-ARG-AVE-8,Silver Lining Japon,Con Filtro,Negro,UltraLight,f,169
NIF-ARG-AVE-8,Urban Classic Argentina,Sin Filtro,Negro,Normal,f,453
NIF-ARG-AVE-8,Amber Haze Alemania,Con Filtro,Negro,Normal,t,51
NIF-ARG-AVE-8,Ocean Breeze Alemania,Sin Filtro,Rubio,Normal,t,437
NIF-ARG-AVE-8,Midnight Silk Chile,Con Filtro,Rubio,Normal,t,354
NIF-ARG-AVE-8,Highland Peak Reino,Con Filtro,Negro,SuperLight,f,431
NIF-ARG-AVE-8,Urban Classic Chile,Sin Filtro,Rubio,Normal,f,279
NIF-ARG-AVE-9,Highland Peak Japon,Sin Filtro,Negro,Normal,t,226
NIF-ARG-AVE-9,Highland Peak Chile,Con Filtro,Negro,Normal,f,215
NIF-ARG-AVE-9,Mountain Mist Reino,Sin Filtro,Negro,Normal,f,192
NIF-ARG-AVE-9,Amber Haze Japon,Con Filtro,Rubio,Normal,t,71
NIF-ARG-AVE-9,Silver Lining Reino,Sin Filtro,Rubio,Normal,t,173
NIF-ARG-AVE-9,Amber Haze Argentina,Con Filtro,Rubio,Normal,t,493
NIF-ARG-AVE-9,Silver Lining Reino,Con Filtro,Negro,Normal,t,426
NIF-ARG-AVE-9,Amber Haze Japon,Sin Filtro,Rubio,Normal,f,454
NIF-ARG-AVE-9,Gold Leaf Japon,Con Filtro,Rubio,Normal,t,431
NIF-ARG-AVE-9,Silver Lining Japon,Con Filtro,Negro,Normal,t,160
NIF-ARG-AVE-9,Urban Classic Argentina,Con Filtro,Rubio,SuperLight,f,271
NIF-ARG-AVE-9,Mountain Mist Argentina,Con Filtro,Rubio,SuperLight,f,198
NIF-ARG-AVE-9,Highland Peak Reino,Sin Filtro,Rubio,Normal,t,498
NIF-ARG-AVE-9,Gold Leaf Argentina,Sin Filtro,Negro,Normal,t,146
NIF-ARG-AVE-9,Royal Blend Japon,Sin Filtro,Rubio,Normal,t,196
NIF-ARG-AVE-10,Pure Essence Argentina,Con Filtro,Rubio,Normal,t,450
NIF-ARG-AVE-10,Highland Peak Reino,Con Filtro,Rubio,Normal,t,63
NIF-ARG-AVE-10,Silver Lining Japon,Sin Filtro,Negro,Normal,f,286
NIF-ARG-AVE-10,Gold Leaf Reino,Con Filtro,Rubio,Normal,f,255
NIF-ARG-AVE-10,Amber Haze Japon,Con Filtro,Rubio,Normal,t,74
NIF-ARG-AVE-10,Amber Haze Reino,Con Filtro,Rubio,Normal,t,274
NIF-ARG-AVE-10,Gold Leaf Argentina,Con Filtro,Rubio,Normal,t,495
NIF-ARG-AVE-10,Urban Classic Alemania,Sin Filtro,Negro,Normal,f,319
NIF-ARG-AVE-10,Silver Lining Japon,Sin Filtro,Rubio,Normal,f,307
NIF-ARG-AVE-10,Amber Haze Chile,Con Filtro,Rubio,Normal,t,187
NIF-ARG-AVE-10,Royal Blend Argentina,Con Filtro,Negro,SuperLight,f,452
NIF-ARG-AVE-10,Highland Peak Argentina,Sin Filtro,Negro,Normal,f,190
NIF-ARG-AVE-10,Royal Blend Chile,Con Filtro,Negro,Normal,t,347
NIF-ARG-AVE-10,Gold Leaf Reino,Sin Filtro,Rubio,Normal,f,478
NIF-ARG-AVE-10,Urban Classic Reino,Con Filtro,Negro,Normal,t,77
NIF-ARG-AVE-10,Mountain Mist Reino,Sin Filtro,Negro,Normal,t,483
NIF-ARG-AVE-10,Midnight Silk Chile,Con Filtro,Rubio,Normal,t,409
NIF-ARG-AVE-10,Pure Essence Reino,Sin Filtro,Negro,Normal,f,289
NIF-ARG-AVE-10,Mountain Mist Chile,Con Filtro,Rubio,Normal,t,311
NIF-ARG-AVE-10,Silver Lining Japon,Con Filtro,Negro,Normal,t,296
NIF-ARG-AVE-10,Amber Haze Alemania,Con Filtro,Negro,Normal,f,225
NIF-ARG-AVE-10,Mountain Mist Japon,Sin Filtro,Rubio,Normal,t,408
NIF-ARG-AVE-10,Amber Haze Reino,Sin Filtro,Rubio,Normal,t,445
NIF-ARG-AVE-10,Urban Classic Alemania,Con Filtro,Rubio,Normal,t,339
NIF-ARG-AVE-11,Amber Haze Alemania,Con Filtro,Negro,Normal,f,94
NIF-ARG-AVE-11,Urban Classic Chile,Con Filtro,Negro,SuperLight,f,467
NIF-ARG-AVE-11,Urban Classic Reino,Con Filtro,Negro,Normal,t,384
NIF-ARG-AVE-11,Midnight Silk Argentina,Con Filtro,Rubio,Normal,f,117
NIF-ARG-AVE-11,Ocean Breeze Alemania,Sin Filtro,Rubio,Normal,t,310
NIF-ARG-AVE-11,Midnight Silk Reino,Sin Filtro,Rubio,Normal,f,500
NIF-ARG-AVE-11,Silver Lining Argentina,Con Filtro,Rubio,Normal,f,90
NIF-ARG-AVE-11,Mountain Mist Chile,Sin Filtro,Rubio,Normal,t,295
NIF-ARG-AVE-11,Amber Haze Japon,Con Filtro,Rubio,Normal,t,230
NIF-ARG-AVE-11,Mountain Mist Japon,Con Filtro,Rubio,Light,f,253
NIF-ARG-AVE-11,Pure Essence Reino,Sin Filtro,Negro,Normal,t,400
NIF-ARG-AVE-11,Silver Lining Alemania,Sin Filtro,Negro,Normal,t,174
NIF-ARG-AVE-11,Silver Lining Japon,Sin Filtro,Negro,Normal,f,183
NIF-ARG-AVE-11,Midnight Silk Alemania,Sin Filtro,Negro,Normal,f,93
NIF-ARG-AVE-11,Royal Blend Chile,Sin Filtro,Rubio,Normal,t,79
NIF-ARG-AVE-11,Highland Peak Argentina,Con Filtro,Negro,Normal,f,73
NIF-ARG-AVE-11,Highland Peak Chile,Con Filtro,Negro,Normal,t,467
NIF-ARG-AVE-11,Highland Peak Chile,Con Filtro,Negro,Normal,t,237
NIF-ARG-AVE-11,Mountain Mist Alemania,Sin Filtro,Negro,Normal,f,53
NIF-ARG-AVE-11,Urban Classic Japon,Sin Filtro,Rubio,Normal,t,346
NIF-ARG-AVE-11,Mountain Mist Reino,Sin Filtro,Rubio,Normal,f,192
NIF-ARG-AVE-11,Ocean Breeze Chile,Sin Filtro,Rubio,Normal,f,423
NIF-ARG-AVE-11,Highland Peak Chile,Con Filtro,Negro,Normal,t,427
NIF-ARG-AVE-11,Royal Blend Chile,Con Filtro,Negro,Normal,t,256
NIF-ARG-AVE-11,Ocean Breeze Chile,Sin Filtro,Negro,Normal,f,383
NIF-ARG-AVE-11,Gold Leaf Argentina,Con Filtro,Negro,Normal,t,278
NIF-ARG-AVE-11,Midnight Silk Alemania,Sin Filtro,Rubio,Normal,f,129
NIF-ARG-AVE-11,Urban Classic Chile,Sin Filtro,Negro,Normal,f,172
NIF-ARG-AVE-11,Silver Lining Chile,Con Filtro,Rubio,Normal,f,79
NIF-ARG-AVE-12,Ocean Breeze Chile,Con Filtro,Negro,Normal,t,382
NIF-ARG-AVE-12,Pure Essence Reino,Sin Filtro,Negro,Normal,f,117
NIF-ARG-AVE-12,Urban Classic Argentina,Sin Filtro,Rubio,Normal,t,110
NIF-ARG-AVE-12,Ocean Breeze Argentina,Con Filtro,Negro,SuperLight,f,286
NIF-ARG-AVE-12,Highland Peak Chile,Con Filtro,Negro,Normal,t,361
NIF-ARG-AVE-12,Silver Lining Alemania,Sin Filtro,Negro,Normal,t,215
NIF-ARG-AVE-12,Urban Classic Chile,Sin Filtro,Rubio,Normal,f,341
NIF-ARG-AVE-12,Amber Haze Alemania,Sin Filtro,Negro,Normal,t,67
NIF-ARG-AVE-12,Highland Peak Chile,Con Filtro,Rubio,SuperLight,f,284
NIF-ARG-AVE-12,Pure Essence Chile,Sin Filtro,Negro,Normal,f,281
NIF-ARG-AVE-12,Midnight Silk Reino,Sin Filtro,Negro,Normal,f,239
NIF-ARG-AVE-12,Pure Essence Reino,Con Filtro,Rubio,Normal,f,137
NIF-ARG-AVE-12,Mountain Mist Argentina,Sin Filtro,Negro,Normal,t,179
NIF-ARG-AVE-12,Pure Essence Chile,Con Filtro,Negro,Normal,t,414
NIF-ARG-AVE-12,Silver Lining Alemania,Sin Filtro,Negro,Normal,t,240
NIF-ARG-AVE-12,Pure Essence Chile,Con Filtro,Negro,SuperLight,f,321
NIF-ARG-AVE-12,Mountain Mist Alemania,Sin Filtro,Negro,Normal,t,128
NIF-ARG-AVE-12,Gold Leaf Reino,Sin Filtro,Rubio,Normal,f,150
NIF-ARG-AVE-12,Midnight Silk Chile,Con Filtro,Negro,Normal,t,60
NIF-ARG-AVE-13,Pure Essence Reino,Sin Filtro,Rubio,Normal,t,373
NIF-ARG-AVE-13,Highland Peak Reino,Sin Filtro,Rubio,Normal,t,451
NIF-ARG-AVE-13,Pure Essence Japon,Sin Filtro,Negro,Normal,f,247
NIF-ARG-AVE-13,Ocean Breeze Alemania,Sin Filtro,Negro,Normal,t,109
NIF-ARG-AVE-13,Ocean Breeze Chile,Con Filtro,Rubio,Normal,t,474
NIF-ARG-AVE-13,Ocean Breeze Japon,Sin Filtro,Rubio,Normal,t,307
NIF-ARG-AVE-13,Silver Lining Alemania,Con Filtro,Negro,Normal,t,251
NIF-ARG-AVE-13,Pure Essence Chile,Sin Filtro,Negro,Normal,f,323
NIF-ARG-AVE-13,Silver Lining Chile,Con Filtro,Rubio,Light,f,435
NIF-ARG-AVE-13,Midnight Silk Japon,Con Filtro,Rubio,Light,f,248
NIF-ARG-AVE-13,Silver Lining Argentina,Con Filtro,Rubio,Normal,t,162
NIF-ARG-AVE-13,Silver Lining Argentina,Con Filtro,Rubio,Normal,t,456
NIF-ARG-AVE-13,Amber Haze Argentina,Sin Filtro,Negro,Normal,t,58
NIF-ARG-AVE-13,Royal Blend Japon,Con Filtro,Negro,Normal,t,149
NIF-ARG-AVE-13,Urban Classic Reino,Con Filtro,Negro,Normal,t,431
NIF-ARG-AVE-13,Urban Classic Argentina,Sin Filtro,Negro,Normal,t,356
NIF-ARG-AVE-13,Ocean Breeze Chile,Con Filtro,Negro,Normal,t,308
NIF-ARG-AVE-13,Ocean Breeze Reino,Sin Filtro,Negro,Normal,t,370
NIF-ARG-AVE-13,Ocean Breeze Argentina,Sin Filtro,Rubio,Normal,f,119
NIF-ARG-AVE-13,Pure Essence Reino,Con Filtro,Negro,Normal,t,396
NIF-ARG-AVE-13,Mountain Mist Argentina,Con Filtro,Rubio,SuperLight,f,176
NIF-ARG-AVE-13,Silver Lining Alemania,Con Filtro,Negro,Normal,t,395
NIF-ARG-AVE-13,Highland Peak Reino,Con Filtro,Rubio,Normal,t,369
NIF-ARG-AVE-13,Urban Classic Chile,Sin Filtro,Rubio,Normal,f,372
NIF-ARG-AVE-13,Urban Classic Argentina,Con Filtro,Negro,Normal,f,242
NIF-ARG-AVE-13,Midnight Silk Japon,Sin Filtro,Rubio,Normal,f,339
NIF-ARG-AVE-14,Amber Haze Alemania,Con Filtro,Negro,Normal,f,388
NIF-ARG-AVE-14,Highland Peak Argentina,Con Filtro,Rubio,SuperLight,f,213
NIF-ARG-AVE-14,Midnight Silk Chile,Con Filtro,Rubio,Normal,t,460
NIF-ARG-AVE-14,Ocean Breeze Chile,Sin Filtro,Negro,Normal,t,286
NIF-ARG-AVE-14,Midnight Silk Chile,Con Filtro,Negro,Normal,t,65
NIF-ARG-AVE-14,Highland Peak Alemania,Sin Filtro,Negro,Normal,t,169
NIF-ARG-AVE-14,Silver Lining Alemania,Con Filtro,Negro,Normal,t,205
NIF-ARG-AVE-14,Mountain Mist Alemania,Sin Filtro,Rubio,Normal,f,436
NIF-ARG-AVE-14,Gold Leaf Argentina,Con Filtro,Rubio,Normal,t,319
NIF-ARG-AVE-14,Royal Blend Japon,Sin Filtro,Negro,Normal,f,185
NIF-ARG-AVE-14,Ocean Breeze Chile,Sin Filtro,Negro,Normal,f,197
NIF-ARG-AVE-14,Urban Classic Japon,Con Filtro,Rubio,Normal,t,455
NIF-ARG-AVE-14,Pure Essence Reino,Sin Filtro,Negro,Normal,f,198
NIF-ARG-AVE-14,Gold Leaf Reino,Sin Filtro,Negro,Normal,f,275
NIF-ARG-AVE-14,Midnight Silk Japon,Sin Filtro,Rubio,Normal,f,143
NIF-ARG-AVE-14,Mountain Mist Reino,Sin Filtro,Negro,Normal,t,447
NIF-ARG-AVE-14,Mountain Mist Alemania,Sin Filtro,Negro,Normal,f,109
NIF-ARG-AVE-14,Mountain Mist Reino,Con Filtro,Negro,SuperLight,f,255
NIF-ARG-AVE-14,Mountain Mist Chile,Con Filtro,Negro,Normal,t,166
NIF-ARG-AVE-14,Amber Haze Chile,Sin Filtro,Rubio,Normal,f,315
NIF-ARG-AVE-15,Royal Blend Chile,Sin Filtro,Rubio,Normal,t,235
NIF-ARG-AVE-15,Pure Essence Chile,Con Filtro,Negro,Normal,t,170
NIF-ARG-AVE-15,Pure Essence Japon,Sin Filtro,Negro,Normal,t,305
NIF-ARG-AVE-15,Ocean Breeze Japon,Con Filtro,Rubio,Normal,f,377
NIF-ARG-AVE-15,Royal Blend Argentina,Con Filtro,Negro,Light,f,57
NIF-ARG-AVE-15,Midnight Silk Chile,Con Filtro,Negro,Normal,t,208
NIF-ARG-AVE-15,Ocean Breeze Chile,Sin Filtro,Rubio,Normal,f,344
NIF-ARG-AVE-15,Amber Haze Japon,Con Filtro,Rubio,Normal,t,216
NIF-ARG-AVE-15,Urban Classic Chile,Sin Filtro,Negro,Normal,f,146
NIF-ARG-AVE-15,Ocean Breeze Japon,Sin Filtro,Rubio,Normal,t,235
NIF-ARG-AVE-15,Gold Leaf Alemania,Con Filtro,Negro,Light,f,494
NIF-ARG-AVE-15,Pure Essence Alemania,Sin Filtro,Rubio,Normal,t,354
NIF-ARG-AVE-15,Pure Essence Alemania,Sin Filtro,Rubio,Normal,f,480
NIF-ARG-AVE-15,Silver Lining Japon,Sin Filtro,Negro,Normal,f,350
NIF-ARG-AVE-15,Mountain Mist Alemania,Sin Filtro,Rubio,Normal,t,168
NIF-ARG-AVE-15,Ocean Breeze Japon,Sin Filtro,Negro,Normal,f,110
NIF-ARG-AVE-15,Ocean Breeze Japon,Sin Filtro,Negro,Normal,t,213
NIF-ARG-AVE-15,Highland Peak Reino,Con Filtro,Rubio,Normal,t,164
NIF-ARG-AVE-15,Amber Haze Japon,Con Filtro,Rubio,Light,f,200
NIF-ARG-AVE-15,Gold Leaf Chile,Sin Filtro,Negro,Normal,f,438
NIF-ARG-AVE-15,Urban Classic Alemania,Sin Filtro,Negro,Normal,f,370
NIF-ARG-AVE-15,Highland Peak Chile,Con Filtro,Negro,Normal,t,148
NIF-ARG-AVE-15,Royal Blend Chile,Con Filtro,Rubio,UltraLight,f,151
NIF-ARG-AVE-15,Amber Haze Argentina,Sin Filtro,Negro,Normal,t,161
NIF-ARG-AVE-15,Highland Peak Chile,Con Filtro,Negro,Normal,f,291
NIF-ARG-LAN-1,Royal Blend Japon,Sin Filtro,Rubio,Normal,f,98
NIF-ARG-LAN-1,Gold Leaf Reino,Sin Filtro,Rubio,Normal,f,499
NIF-ARG-LAN-1,Mountain Mist Argentina,Sin Filtro,Negro,Normal,t,460
NIF-ARG-LAN-1,Amber Haze Reino,Sin Filtro,Rubio,Normal,t,118
NIF-ARG-LAN-1,Highland Peak Japon,Con Filtro,Negro,Normal,f,433
NIF-ARG-LAN-1,Amber Haze Chile,Sin Filtro,Rubio,Normal,t,270
NIF-ARG-LAN-1,Royal Blend Alemania,Sin Filtro,Rubio,Normal,f,305
NIF-ARG-LAN-1,Urban Classic Japon,Con Filtro,Negro,Normal,f,68
NIF-ARG-LAN-1,Royal Blend Reino,Con Filtro,Rubio,Normal,t,425
NIF-ARG-LAN-1,Silver Lining Argentina,Con Filtro,Negro,Light,f,348
NIF-ARG-LAN-1,Royal Blend Reino,Con Filtro,Negro,Normal,f,488
NIF-ARG-LAN-1,Royal Blend Reino,Con Filtro,Rubio,Normal,t,120
NIF-ARG-LAN-1,Royal Blend Japon,Sin Filtro,Rubio,Normal,t,280
NIF-ARG-LAN-1,Silver Lining Reino,Sin Filtro,Negro,Normal,f,373
NIF-ARG-LAN-1,Highland Peak Reino,Con Filtro,Rubio,Normal,t,282
NIF-ARG-LAN-1,Silver Lining Reino,Sin Filtro,Rubio,Normal,t,332
NIF-ARG-LAN-1,Highland Peak Alemania,Sin Filtro,Rubio,Normal,f,295
NIF-ARG-LAN-2,Urban Classic Alemania,Sin Filtro,Rubio,Normal,f,195
NIF-ARG-LAN-2,Pure Essence Reino,Sin Filtro,Rubio,Normal,t,426
NIF-ARG-LAN-2,Pure Essence Chile,Con Filtro,Negro,Normal,t,401
NIF-ARG-LAN-2,Urban Classic Argentina,Sin Filtro,Negro,Normal,f,491
NIF-ARG-LAN-2,Midnight Silk Japon,Con Filtro,Rubio,Normal,t,168
NIF-ARG-LAN-2,Urban Classic Argentina,Sin Filtro,Negro,Normal,t,226
NIF-ARG-LAN-2,Royal Blend Japon,Con Filtro,Rubio,SuperLight,f,424
NIF-ARG-LAN-2,Ocean Breeze Argentina,Con Filtro,Negro,SuperLight,f,294
NIF-ARG-LAN-2,Gold Leaf Chile,Sin Filtro,Negro,Normal,t,184
NIF-ARG-LAN-2,Urban Classic Argentina,Con Filtro,Rubio,SuperLight,f,359
NIF-ARG-LAN-2,Ocean Breeze Japon,Sin Filtro,Rubio,Normal,t,100
NIF-ARG-LAN-2,Silver Lining Alemania,Sin Filtro,Negro,Normal,f,384
NIF-ARG-LAN-2,Highland Peak Chile,Sin Filtro,Rubio,Normal,f,194
NIF-ARG-LAN-2,Mountain Mist Alemania,Sin Filtro,Rubio,Normal,t,61
NIF-ARG-LAN-3,Midnight Silk Reino,Con Filtro,Negro,UltraLight,f,492
NIF-ARG-LAN-3,Ocean Breeze Reino,Sin Filtro,Negro,Normal,t,411
NIF-ARG-LAN-3,Urban Classic Japon,Con Filtro,Rubio,Light,f,260
NIF-ARG-LAN-3,Ocean Breeze Argentina,Con Filtro,Negro,SuperLight,f,394
NIF-ARG-LAN-3,Royal Blend Reino,Con Filtro,Negro,SuperLight,f,115
NIF-ARG-LAN-3,Royal Blend Chile,Sin Filtro,Negro,Normal,t,403
NIF-ARG-LAN-3,Silver Lining Argentina,Con Filtro,Negro,Normal,t,351
NIF-ARG-LAN-3,Royal Blend Argentina,Con Filtro,Negro,Light,f,399
NIF-ARG-LAN-3,Silver Lining Chile,Sin Filtro,Rubio,Normal,t,382
NIF-ARG-LAN-3,Mountain Mist Japon,Con Filtro,Negro,Normal,t,330
NIF-ARG-LAN-3,Amber Haze Reino,Sin Filtro,Rubio,Normal,t,284
NIF-ARG-LAN-4,Royal Blend Reino,Con Filtro,Negro,Normal,f,482
NIF-ARG-LAN-4,Midnight Silk Reino,Con Filtro,Negro,SuperLight,f,367
NIF-ARG-LAN-4,Ocean Breeze Reino,Con Filtro,Rubio,UltraLight,f,110
NIF-ARG-LAN-4,Urban Classic Chile,Con Filtro,Negro,SuperLight,f,258
NIF-ARG-LAN-4,Amber Haze Reino,Sin Filtro,Rubio,Normal,t,59
NIF-ARG-LAN-4,Gold Leaf Alemania,Sin Filtro,Negro,Normal,f,112
NIF-ARG-LAN-4,Urban Classic Japon,Sin Filtro,Negro,Normal,f,309
NIF-ARG-LAN-4,Royal Blend Argentina,Con Filtro,Negro,SuperLight,f,315
NIF-ARG-LAN-4,Highland Peak Argentina,Sin Filtro,Rubio,Normal,f,428
NIF-ARG-LAN-4,Midnight Silk Japon,Sin Filtro,Rubio,Normal,f,154
NIF-ARG-LAN-4,Gold Leaf Reino,Sin Filtro,Rubio,Normal,t,113
NIF-ARG-LAN-4,Gold Leaf Japon,Sin Filtro,Negro,Normal,t,293
NIF-ARG-LAN-4,Pure Essence Reino,Con Filtro,Negro,Normal,f,485
NIF-ARG-LAN-4,Royal Blend Chile,Sin Filtro,Negro,Normal,t,66
NIF-ARG-LAN-4,Amber Haze Alemania,Sin Filtro,Rubio,Normal,f,103
NIF-ARG-LAN-4,Royal Blend Alemania,Con Filtro,Negro,Normal,t,93
NIF-ARG-LAN-4,Amber Haze Argentina,Con Filtro,Rubio,Normal,t,145
NIF-ARG-LAN-4,Midnight Silk Chile,Con Filtro,Negro,UltraLight,f,431
NIF-ARG-LAN-4,Ocean Breeze Chile,Sin Filtro,Negro,Normal,f,176
NIF-ARG-LAN-4,Royal Blend Argentina,Con Filtro,Negro,Light,f,249
NIF-ARG-LAN-4,Midnight Silk Alemania,Sin Filtro,Negro,Normal,f,355
NIF-ARG-LAN-4,Mountain Mist Argentina,Sin Filtro,Negro,Normal,t,103
NIF-ARG-LAN-4,Midnight Silk Chile,Con Filtro,Rubio,Normal,t,441
NIF-ARG-LAN-4,Pure Essence Argentina,Con Filtro,Rubio,Normal,t,160
NIF-ARG-LAN-4,Urban Classic Chile,Sin Filtro,Rubio,Normal,f,163
NIF-ARG-LAN-5,Mountain Mist Chile,Sin Filtro,Negro,Normal,f,232
NIF-ARG-LAN-5,Silver Lining Reino,Con Filtro,Negro,Normal,t,76
NIF-ARG-LAN-5,Pure Essence Chile,Con Filtro,Rubio,Light,f,284
NIF-ARG-LAN-5,Highland Peak Japon,Sin Filtro,Rubio,Normal,f,271
NIF-ARG-LAN-5,Urban Classic Chile,Con Filtro,Negro,UltraLight,f,101
NIF-ARG-LAN-5,Royal Blend Reino,Sin Filtro,Rubio,Normal,t,453
NIF-ARG-LAN-5,Urban Classic Japon,Sin Filtro,Rubio,Normal,t,66
NIF-ARG-LAN-5,Royal Blend Japon,Sin Filtro,Rubio,Normal,t,272
NIF-ARG-LAN-5,Gold Leaf Argentina,Con Filtro,Rubio,Normal,t,423
NIF-ARG-LAN-5,Midnight Silk Argentina,Sin Filtro,Rubio,Normal,f,228
NIF-ARG-LAN-5,Highland Peak Argentina,Sin Filtro,Rubio,Normal,f,428
NIF-ARG-LAN-5,Amber Haze Japon,Con Filtro,Rubio,Light,f,491
NIF-ARG-LAN-5,Urban Classic Alemania,Sin Filtro,Rubio,Normal,t,283
NIF-ARG-LAN-5,Midnight Silk Japon,Sin Filtro,Rubio,Normal,f,355
NIF-ARG-LAN-5,Gold Leaf Argentina,Sin Filtro,Rubio,Normal,f,332
NIF-ARG-LAN-5,Mountain Mist Chile,Con Filtro,Negro,Normal,t,430
NIF-ARG-LAN-6,Mountain Mist Alemania,Sin Filtro,Negro,Normal,f,500
NIF-ARG-LAN-6,Amber Haze Chile,Sin Filtro,Rubio,Normal,f,130
NIF-ARG-LAN-6,Amber Haze Japon,Sin Filtro,Negro,Normal,t,216
NIF-ARG-LAN-6,Highland Peak Reino,Sin Filtro,Negro,Normal,t,119
NIF-ARG-LAN-6,Highland Peak Argentina,Con Filtro,Negro,Normal,t,57
NIF-ARG-LAN-6,Royal Blend Chile,Con Filtro,Rubio,Normal,t,264
NIF-ARG-LAN-6,Mountain Mist Reino,Sin Filtro,Negro,Normal,t,320
NIF-ARG-LAN-6,Amber Haze Reino,Sin Filtro,Rubio,Normal,t,379
NIF-ARG-LAN-6,Pure Essence Japon,Sin Filtro,Rubio,Normal,t,102
NIF-ARG-LAN-6,Ocean Breeze Alemania,Sin Filtro,Rubio,Normal,t,265
NIF-ARG-LAN-6,Mountain Mist Argentina,Con Filtro,Negro,UltraLight,f,108
NIF-ARG-LAN-6,Urban Classic Chile,Sin Filtro,Rubio,Normal,f,242
NIF-ARG-LAN-6,Pure Essence Japon,Sin Filtro,Negro,Normal,f,310
NIF-ARG-LAN-6,Midnight Silk Japon,Con Filtro,Rubio,Normal,t,235
NIF-ARG-LAN-6,Urban Classic Reino,Con Filtro,Negro,Normal,t,419
NIF-ARG-LAN-6,Urban Classic Alemania,Sin Filtro,Rubio,Normal,t,264
NIF-ARG-LAN-6,Urban Classic Argentina,Con Filtro,Negro,UltraLight,f,391
NIF-ARG-LAN-6,Royal Blend Argentina,Con Filtro,Negro,Normal,t,232
NIF-ARG-LAN-6,Amber Haze Reino,Sin Filtro,Negro,Normal,t,82
NIF-ARG-LAN-7,Midnight Silk Argentina,Sin Filtro,Rubio,Normal,t,473
NIF-ARG-LAN-7,Gold Leaf Alemania,Con Filtro,Negro,UltraLight,f,149
NIF-ARG-LAN-7,Highland Peak Argentina,Con Filtro,Negro,Normal,f,52
NIF-ARG-LAN-7,Ocean Breeze Japon,Sin Filtro,Rubio,Normal,t,346
NIF-ARG-LAN-7,Mountain Mist Argentina,Sin Filtro,Negro,Normal,t,83
NIF-ARG-LAN-7,Highland Peak Reino,Sin Filtro,Negro,Normal,f,121
NIF-ARG-LAN-7,Pure Essence Argentina,Sin Filtro,Rubio,Normal,t,196
NIF-ARG-LAN-7,Midnight Silk Japon,Con Filtro,Negro,SuperLight,f,110
NIF-ARG-LAN-7,Royal Blend Japon,Sin Filtro,Negro,Normal,t,139
NIF-ARG-LAN-7,Pure Essence Alemania,Con Filtro,Rubio,UltraLight,f,290
NIF-ARG-LAN-7,Amber Haze Japon,Con Filtro,Rubio,Normal,t,368
NIF-ARG-LAN-7,Royal Blend Argentina,Con Filtro,Rubio,Light,f,427
NIF-ARG-LAN-7,Ocean Breeze Alemania,Sin Filtro,Rubio,Normal,t,371
NIF-ARG-LAN-7,Silver Lining Japon,Con Filtro,Rubio,Light,f,209
NIF-ARG-LAN-7,Urban Classic Chile,Sin Filtro,Rubio,Normal,f,304
NIF-ARG-LAN-7,Silver Lining Japon,Con Filtro,Rubio,Normal,f,196
NIF-ARG-LAN-7,Amber Haze Reino,Con Filtro,Negro,Normal,t,145
NIF-ARG-LAN-7,Midnight Silk Chile,Con Filtro,Negro,Normal,f,390
NIF-ARG-LAN-7,Gold Leaf Chile,Sin Filtro,Rubio,Normal,t,264
NIF-ARG-LAN-7,Midnight Silk Alemania,Sin Filtro,Rubio,Normal,t,403
NIF-ARG-LAN-7,Urban Classic Reino,Con Filtro,Negro,Normal,t,109
NIF-ARG-LAN-7,Mountain Mist Chile,Sin Filtro,Rubio,Normal,f,408
NIF-ARG-LAN-7,Silver Lining Argentina,Con Filtro,Negro,Normal,t,171
NIF-ARG-LAN-7,Mountain Mist Argentina,Con Filtro,Negro,Light,f,121
NIF-ARG-LAN-8,Mountain Mist Japon,Con Filtro,Rubio,Normal,t,408
NIF-ARG-LAN-8,Urban Classic Japon,Sin Filtro,Negro,Normal,f,167
NIF-ARG-LAN-8,Gold Leaf Japon,Con Filtro,Rubio,Normal,t,424
NIF-ARG-LAN-8,Royal Blend Reino,Con Filtro,Rubio,Normal,t,392
NIF-ARG-LAN-8,Pure Essence Japon,Sin Filtro,Negro,Normal,f,262
NIF-ARG-LAN-8,Amber Haze Chile,Sin Filtro,Rubio,Normal,f,370
NIF-ARG-LAN-8,Gold Leaf Argentina,Con Filtro,Rubio,Normal,t,163
NIF-ARG-LAN-8,Amber Haze Reino,Sin Filtro,Rubio,Normal,t,333
NIF-ARG-LAN-8,Highland Peak Japon,Sin Filtro,Rubio,Normal,t,138
NIF-ARG-LAN-8,Royal Blend Reino,Sin Filtro,Rubio,Normal,t,447
NIF-ARG-LAN-8,Gold Leaf Chile,Sin Filtro,Negro,Normal,t,154
NIF-ARG-LAN-8,Mountain Mist Reino,Sin Filtro,Rubio,Normal,f,198
NIF-ARG-LAN-8,Mountain Mist Reino,Sin Filtro,Negro,Normal,t,264
NIF-ARG-LAN-9,Ocean Breeze Japon,Con Filtro,Rubio,Normal,f,463
NIF-ARG-LAN-9,Gold Leaf Chile,Sin Filtro,Rubio,Normal,t,458
NIF-ARG-LAN-9,Ocean Breeze Chile,Con Filtro,Negro,Normal,t,355
NIF-ARG-LAN-9,Royal Blend Chile,Sin Filtro,Rubio,Normal,t,332
NIF-ARG-LAN-9,Royal Blend Alemania,Con Filtro,Rubio,Normal,t,394
NIF-ARG-LAN-9,Pure Essence Alemania,Con Filtro,Rubio,UltraLight,f,291
NIF-ARG-LAN-9,Midnight Silk Reino,Con Filtro,Rubio,SuperLight,f,341
NIF-ARG-LAN-9,Amber Haze Argentina,Con Filtro,Rubio,Normal,t,409
NIF-ARG-LAN-9,Pure Essence Reino,Sin Filtro,Negro,Normal,t,257
NIF-ARG-LAN-9,Urban Classic Chile,Con Filtro,Negro,Normal,t,106
NIF-ARG-LAN-9,Silver Lining Reino,Con Filtro,Negro,Normal,t,129
NIF-ARG-LAN-9,Ocean Breeze Alemania,Sin Filtro,Negro,Normal,t,235
NIF-ARG-LAN-9,Pure Essence Reino,Con Filtro,Negro,Normal,f,118
NIF-ARG-LAN-9,Pure Essence Chile,Con Filtro,Rubio,Normal,t,399
NIF-ARG-LAN-9,Midnight Silk Chile,Con Filtro,Rubio,Normal,t,324
NIF-ARG-LAN-9,Midnight Silk Reino,Con Filtro,Negro,Normal,t,124
NIF-ARG-LAN-9,Amber Haze Reino,Sin Filtro,Rubio,Normal,t,365
NIF-ARG-LAN-9,Gold Leaf Alemania,Con Filtro,Negro,UltraLight,f,403
NIF-ARG-LAN-9,Ocean Breeze Chile,Sin Filtro,Negro,Normal,f,153
NIF-ARG-LAN-9,Gold Leaf Chile,Con Filtro,Rubio,Light,f,405
NIF-ARG-LAN-9,Highland Peak Alemania,Sin Filtro,Rubio,Normal,t,93
NIF-ARG-LAN-10,Pure Essence Alemania,Sin Filtro,Rubio,Normal,t,187
NIF-ARG-LAN-10,Urban Classic Japon,Con Filtro,Rubio,Normal,t,447
NIF-ARG-LAN-10,Amber Haze Argentina,Sin Filtro,Rubio,Normal,t,275
NIF-ARG-LAN-10,Midnight Silk Alemania,Sin Filtro,Rubio,Normal,f,355
NIF-ARG-LAN-10,Highland Peak Alemania,Con Filtro,Rubio,Normal,f,295
NIF-ARG-LAN-10,Urban Classic Argentina,Sin Filtro,Negro,Normal,f,445
NIF-ARG-LAN-10,Pure Essence Reino,Con Filtro,Negro,Normal,f,334
NIF-ARG-LAN-10,Ocean Breeze Chile,Sin Filtro,Negro,Normal,f,100
NIF-ARG-LAN-10,Silver Lining Chile,Con Filtro,Rubio,Normal,t,280
NIF-ARG-LAN-10,Ocean Breeze Japon,Sin Filtro,Rubio,Normal,t,462
NIF-ARG-LAN-10,Mountain Mist Reino,Sin Filtro,Negro,Normal,f,474
NIF-ARG-LAN-10,Gold Leaf Reino,Sin Filtro,Rubio,Normal,f,161
NIF-ARG-LAN-10,Midnight Silk Alemania,Con Filtro,Negro,Normal,t,436
NIF-ARG-LAN-10,Urban Classic Japon,Con Filtro,Negro,Normal,t,185
NIF-ARG-LAN-10,Amber Haze Japon,Con Filtro,Rubio,Light,f,227
NIF-ARG-LAN-10,Highland Peak Japon,Sin Filtro,Negro,Normal,t,118
NIF-ARG-LAN-10,Pure Essence Japon,Sin Filtro,Negro,Normal,f,349
NIF-ARG-LAN-10,Highland Peak Japon,Con Filtro,Rubio,Normal,t,99
NIF-ARG-LAN-10,Gold Leaf Reino,Con Filtro,Rubio,Normal,f,426
NIF-ARG-LAN-10,Highland Peak Reino,Sin Filtro,Negro,Normal,t,452
NIF-ARG-LAN-10,Midnight Silk Reino,Con Filtro,Negro,SuperLight,f,363
NIF-ARG-LAN-10,Pure Essence Japon,Sin Filtro,Negro,Normal,t,304
NIF-ARG-LAN-10,Ocean Breeze Japon,Con Filtro,Rubio,Normal,t,163
NIF-ARG-LAN-10,Mountain Mist Argentina,Con Filtro,Rubio,SuperLight,f,173
NIF-ARG-LAN-10,Mountain Mist Alemania,Sin Filtro,Rubio,Normal,f,425
NIF-ARG-LAN-10,Gold Leaf Japon,Sin Filtro,Negro,Normal,t,411
NIF-ARG-LAN-10,Royal Blend Japon,Sin Filtro,Rubio,Normal,t,162
NIF-ARG-LAN-10,Gold Leaf Alemania,Con Filtro,Rubio,Normal,t,480
NIF-ARG-LAN-10,Gold Leaf Argentina,Con Filtro,Negro,Normal,t,262
NIF-ARG-LAN-10,Silver Lining Chile,Sin Filtro,Rubio,Normal,t,218
NIF-ARG-LAN-11,Midnight Silk Chile,Con Filtro,Rubio,Normal,t,129
NIF-ARG-LAN-11,Amber Haze Alemania,Con Filtro,Negro,Normal,f,373
NIF-ARG-LAN-11,Gold Leaf Argentina,Con Filtro,Rubio,Normal,t,286
NIF-ARG-LAN-11,Midnight Silk Japon,Sin Filtro,Negro,Normal,f,162
NIF-ARG-LAN-11,Amber Haze Alemania,Sin Filtro,Negro,Normal,t,264
NIF-ARG-LAN-11,Amber Haze Chile,Sin Filtro,Rubio,Normal,f,169
NIF-ARG-LAN-11,Urban Classic Japon,Con Filtro,Negro,SuperLight,f,193
NIF-ARG-LAN-11,Royal Blend Argentina,Con Filtro,Negro,Normal,t,401
NIF-ARG-LAN-11,Mountain Mist Chile,Con Filtro,Negro,Normal,t,334
NIF-ARG-LAN-11,Midnight Silk Argentina,Sin Filtro,Negro,Normal,f,187
NIF-ARG-LAN-11,Ocean Breeze Reino,Con Filtro,Rubio,Normal,f,179
NIF-ARG-LAN-11,Royal Blend Reino,Sin Filtro,Rubio,Normal,t,76
NIF-ARG-LAN-12,Royal Blend Argentina,Sin Filtro,Negro,Normal,t,471
NIF-ARG-LAN-12,Mountain Mist Chile,Con Filtro,Negro,Normal,t,185
NIF-ARG-LAN-12,Gold Leaf Japon,Con Filtro,Rubio,Normal,t,379
NIF-ARG-LAN-12,Urban Classic Japon,Con Filtro,Negro,SuperLight,f,164
NIF-ARG-LAN-12,Mountain Mist Japon,Con Filtro,Negro,Normal,t,125
NIF-ARG-LAN-12,Urban Classic Argentina,Con Filtro,Rubio,Normal,t,447
NIF-ARG-LAN-12,Mountain Mist Chile,Sin Filtro,Rubio,Normal,f,242
NIF-ARG-LAN-12,Highland Peak Alemania,Con Filtro,Negro,Normal,f,268
NIF-ARG-LAN-12,Amber Haze Alemania,Sin Filtro,Negro,Normal,t,187
NIF-ARG-LAN-12,Royal Blend Reino,Con Filtro,Rubio,Normal,t,93
NIF-ARG-LAN-12,Gold Leaf Argentina,Sin Filtro,Rubio,Normal,f,448
NIF-ARG-LAN-12,Gold Leaf Alemania,Con Filtro,Negro,Light,f,130
NIF-ARG-LAN-12,Midnight Silk Japon,Sin Filtro,Rubio,Normal,f,176
NIF-ARG-LAN-12,Gold Leaf Reino,Sin Filtro,Rubio,Normal,f,355
NIF-ARG-LAN-12,Royal Blend Alemania,Sin Filtro,Rubio,Normal,t,418
NIF-ARG-LAN-12,Pure Essence Japon,Con Filtro,Negro,Normal,t,433
NIF-ARG-LAN-12,Royal Blend Reino,Con Filtro,Rubio,Normal,t,307
NIF-ARG-LAN-12,Urban Classic Japon,Con Filtro,Rubio,Normal,t,468
NIF-ARG-LAN-12,Ocean Breeze Japon,Sin Filtro,Rubio,Normal,t,210
NIF-ARG-LAN-12,Royal Blend Argentina,Con Filtro,Negro,Light,f,440
NIF-ARG-LAN-13,Pure Essence Argentina,Sin Filtro,Negro,Normal,t,386
NIF-ARG-LAN-13,Urban Classic Alemania,Sin Filtro,Rubio,Normal,f,289
NIF-ARG-LAN-13,Midnight Silk Reino,Con Filtro,Negro,UltraLight,f,185
NIF-ARG-LAN-13,Highland Peak Argentina,Sin Filtro,Negro,Normal,f,464
NIF-ARG-LAN-13,Urban Classic Alemania,Sin Filtro,Negro,Normal,t,436
NIF-ARG-LAN-13,Amber Haze Reino,Sin Filtro,Rubio,Normal,t,343
NIF-ARG-LAN-13,Highland Peak Chile,Con Filtro,Negro,Normal,t,383
NIF-ARG-LAN-13,Urban Classic Alemania,Con Filtro,Negro,Light,f,268
NIF-ARG-LAN-13,Gold Leaf Alemania,Sin Filtro,Negro,Normal,t,150
NIF-ARG-LAN-13,Royal Blend Alemania,Sin Filtro,Rubio,Normal,t,232
NIF-ARG-LAN-13,Midnight Silk Chile,Con Filtro,Negro,Normal,f,103
NIF-ARG-LAN-13,Gold Leaf Reino,Con Filtro,Rubio,Normal,f,299
NIF-ARG-LAN-13,Midnight Silk Reino,Con Filtro,Negro,SuperLight,f,448
NIF-ARG-LAN-13,Ocean Breeze Alemania,Sin Filtro,Rubio,Normal,t,80
NIF-ARG-LAN-13,Highland Peak Argentina,Sin Filtro,Negro,Normal,f,402
NIF-ARG-LAN-13,Amber Haze Chile,Con Filtro,Rubio,Normal,t,433
NIF-ARG-LAN-13,Highland Peak Argentina,Con Filtro,Negro,Normal,t,399
NIF-ARG-LAN-13,Urban Classic Argentina,Con Filtro,Negro,UltraLight,f,262
NIF-ARG-LAN-13,Gold Leaf Chile,Sin Filtro,Negro,Normal,f,50
NIF-ARG-LAN-13,Royal Blend Argentina,Con Filtro,Rubio,UltraLight,f,180
NIF-ARG-LAN-13,Mountain Mist Chile,Sin Filtro,Rubio,Normal,f,490
NIF-ARG-LAN-14,Ocean Breeze Argentina,Con Filtro,Negro,Normal,t,477
NIF-ARG-LAN-14,Ocean Breeze Alemania,Con Filtro,Rubio,Light,f,247
NIF-ARG-LAN-14,Urban Classic Argentina,Sin Filtro,Negro,Normal,f,314
NIF-ARG-LAN-14,Ocean Breeze Japon,Sin Filtro,Rubio,Normal,t,114
NIF-ARG-LAN-14,Ocean Breeze Alemania,Sin Filtro,Negro,Normal,t,67
NIF-ARG-LAN-14,Pure Essence Argentina,Con Filtro,Rubio,UltraLight,f,188
NIF-ARG-LAN-14,Midnight Silk Argentina,Sin Filtro,Rubio,Normal,t,53
NIF-ARG-LAN-14,Highland Peak Japon,Con Filtro,Negro,Normal,f,396
NIF-ARG-LAN-14,Pure Essence Reino,Con Filtro,Negro,Normal,t,243
NIF-ARG-LAN-14,Silver Lining Argentina,Con Filtro,Negro,Normal,t,390
NIF-ARG-LAN-14,Mountain Mist Chile,Sin Filtro,Rubio,Normal,t,291
NIF-ARG-LAN-14,Midnight Silk Reino,Sin Filtro,Rubio,Normal,f,470
NIF-ARG-LAN-14,Ocean Breeze Reino,Con Filtro,Rubio,Normal,f,244
NIF-ARG-LAN-15,Highland Peak Argentina,Sin Filtro,Rubio,Normal,f,162
NIF-ARG-LAN-15,Gold Leaf Alemania,Sin Filtro,Rubio,Normal,f,436
NIF-ARG-LAN-15,Silver Lining Japon,Con Filtro,Negro,SuperLight,f,439
NIF-ARG-LAN-15,Gold Leaf Chile,Sin Filtro,Negro,Normal,t,496
NIF-ARG-LAN-15,Silver Lining Alemania,Sin Filtro,Negro,Normal,t,74
NIF-ARG-LAN-15,Royal Blend Alemania,Con Filtro,Negro,Normal,t,98
NIF-ARG-LAN-15,Silver Lining Alemania,Sin Filtro,Negro,Normal,f,312
NIF-ARG-LAN-15,Midnight Silk Alemania,Sin Filtro,Rubio,Normal,t,494
NIF-ARG-LAN-15,Amber Haze Argentina,Con Filtro,Negro,Normal,t,147
NIF-ARG-LAN-15,Silver Lining Japon,Con Filtro,Rubio,Normal,f,481
NIF-ARG-LAN-15,Gold Leaf Argentina,Con Filtro,Rubio,Light,f,385
NIF-ARG-LAN-15,Midnight Silk Argentina,Sin Filtro,Negro,Normal,f,240
NIF-ARG-LAN-15,Royal Blend Reino,Con Filtro,Negro,Normal,f,439
NIF-ARG-LAN-15,Midnight Silk Chile,Sin Filtro,Rubio,Normal,f,268
NIF-ARG-LAN-15,Highland Peak Reino,Con Filtro,Rubio,Normal,t,374
NIF-ARG-LAN-15,Amber Haze Argentina,Sin Filtro,Rubio,Normal,f,399
NIF-ARG-LAN-15,Royal Blend Chile,Con Filtro,Rubio,SuperLight,f,243
NIF-ARG-LAN-15,Amber Haze Reino,Sin Filtro,Rubio,Normal,t,277
NIF-ARG-LAN-15,Highland Peak Argentina,Con Filtro,Rubio,SuperLight,f,214
NIF-ARG-LAN-15,Urban Classic Argentina,Sin Filtro,Negro,Normal,f,150
NIF-ARG-LAN-15,Midnight Silk Japon,Con Filtro,Rubio,Normal,t,218
NIF-ARG-LAN-15,Pure Essence Japon,Sin Filtro,Negro,Normal,t,353
NIF-ARG-LAN-15,Mountain Mist Argentina,Sin Filtro,Rubio,Normal,t,331
NIF-ARG-LAN-15,Gold Leaf Japon,Sin Filtro,Rubio,Normal,t,246
NIF-ARG-LAN-15,Ocean Breeze Argentina,Con Filtro,Rubio,Normal,t,118
NIF-ARG-LAN-15,Amber Haze Chile,Sin Filtro,Rubio,Normal,f,176
NIF-ARG-LAN-15,Royal Blend Chile,Con Filtro,Negro,Normal,t,144
NIF-ARG-LAN-15,Midnight Silk Argentina,Sin Filtro,Rubio,Normal,f,468
NIF-ARG-LAN-15,Mountain Mist Argentina,Sin Filtro,Negro,Normal,t,350
NIF-ARG-RIO-1,Ocean Breeze Japon,Sin Filtro,Rubio,Normal,t,176
NIF-ARG-RIO-1,Highland Peak Japon,Sin Filtro,Rubio,Normal,f,245
NIF-ARG-RIO-1,Ocean Breeze Chile,Sin Filtro,Negro,Normal,f,373
NIF-ARG-RIO-1,Urban Classic Japon,Con Filtro,Negro,Normal,t,392
NIF-ARG-RIO-1,Royal Blend Alemania,Con Filtro,Negro,Normal,t,464
NIF-ARG-RIO-1,Ocean Breeze Argentina,Con Filtro,Negro,SuperLight,f,147
NIF-ARG-RIO-1,Amber Haze Argentina,Con Filtro,Negro,SuperLight,f,415
NIF-ARG-RIO-1,Ocean Breeze Japon,Con Filtro,Rubio,Normal,f,151
NIF-ARG-RIO-1,Pure Essence Argentina,Con Filtro,Rubio,Normal,t,175
NIF-ARG-RIO-1,Silver Lining Japon,Con Filtro,Rubio,Normal,f,127
NIF-ARG-RIO-1,Highland Peak Alemania,Sin Filtro,Rubio,Normal,f,178
NIF-ARG-RIO-1,Gold Leaf Argentina,Con Filtro,Rubio,Normal,t,62
NIF-ARG-RIO-2,Gold Leaf Chile,Sin Filtro,Negro,Normal,f,118
NIF-ARG-RIO-2,Silver Lining Reino,Con Filtro,Negro,Normal,t,326
NIF-ARG-RIO-2,Amber Haze Japon,Sin Filtro,Rubio,Normal,f,96
NIF-ARG-RIO-2,Urban Classic Argentina,Sin Filtro,Negro,Normal,t,452
NIF-ARG-RIO-2,Highland Peak Alemania,Sin Filtro,Negro,Normal,t,196
NIF-ARG-RIO-2,Amber Haze Alemania,Con Filtro,Rubio,Normal,t,288
NIF-ARG-RIO-2,Gold Leaf Japon,Sin Filtro,Rubio,Normal,t,60
NIF-ARG-RIO-2,Mountain Mist Chile,Con Filtro,Rubio,Normal,t,483
NIF-ARG-RIO-2,Silver Lining Reino,Con Filtro,Negro,UltraLight,f,423
NIF-ARG-RIO-2,Mountain Mist Japon,Con Filtro,Negro,Normal,t,296
NIF-ARG-RIO-2,Royal Blend Alemania,Con Filtro,Negro,Light,f,373
NIF-ARG-RIO-3,Mountain Mist Argentina,Sin Filtro,Negro,Normal,t,246
NIF-ARG-RIO-3,Royal Blend Alemania,Con Filtro,Negro,Light,f,310
NIF-ARG-RIO-3,Gold Leaf Alemania,Con Filtro,Negro,Light,f,158
NIF-ARG-RIO-3,Mountain Mist Argentina,Sin Filtro,Negro,Normal,f,377
NIF-ARG-RIO-3,Amber Haze Reino,Sin Filtro,Rubio,Normal,t,156
NIF-ARG-RIO-3,Royal Blend Argentina,Con Filtro,Negro,Normal,t,413
NIF-ARG-RIO-3,Urban Classic Chile,Sin Filtro,Negro,Normal,f,194
NIF-ARG-RIO-3,Pure Essence Alemania,Sin Filtro,Rubio,Normal,t,141
NIF-ARG-RIO-3,Midnight Silk Chile,Con Filtro,Negro,Normal,f,317
NIF-ARG-RIO-3,Pure Essence Alemania,Sin Filtro,Negro,Normal,f,70
NIF-ARG-RIO-3,Midnight Silk Japon,Con Filtro,Negro,SuperLight,f,54
NIF-ARG-RIO-3,Amber Haze Reino,Sin Filtro,Negro,Normal,t,385
NIF-ARG-RIO-3,Ocean Breeze Japon,Con Filtro,Rubio,Normal,f,381
NIF-ARG-RIO-3,Gold Leaf Alemania,Con Filtro,Rubio,Normal,t,342
NIF-ARG-RIO-3,Urban Classic Reino,Con Filtro,Negro,Normal,t,196
NIF-ARG-RIO-3,Mountain Mist Chile,Con Filtro,Rubio,Normal,t,184
NIF-ARG-RIO-3,Royal Blend Chile,Con Filtro,Rubio,SuperLight,f,348
NIF-ARG-RIO-3,Highland Peak Japon,Sin Filtro,Rubio,Normal,t,278
NIF-ARG-RIO-3,Midnight Silk Japon,Sin Filtro,Rubio,Normal,f,208
NIF-ARG-RIO-3,Midnight Silk Japon,Sin Filtro,Negro,Normal,f,109
NIF-ARG-RIO-3,Midnight Silk Alemania,Sin Filtro,Negro,Normal,t,312
NIF-ARG-RIO-3,Ocean Breeze Alemania,Sin Filtro,Negro,Normal,t,189
NIF-ARG-RIO-3,Amber Haze Argentina,Con Filtro,Rubio,Light,f,385
NIF-ARG-RIO-3,Gold Leaf Reino,Sin Filtro,Negro,Normal,f,89
NIF-ARG-RIO-4,Mountain Mist Chile,Sin Filtro,Rubio,Normal,f,63
NIF-ARG-RIO-4,Mountain Mist Reino,Con Filtro,Rubio,Light,f,65
NIF-ARG-RIO-4,Midnight Silk Argentina,Con Filtro,Rubio,Normal,f,278
NIF-ARG-RIO-4,Amber Haze Japon,Con Filtro,Rubio,Normal,t,433
NIF-ARG-RIO-4,Highland Peak Argentina,Con Filtro,Rubio,SuperLight,f,389
NIF-ARG-RIO-4,Mountain Mist Reino,Sin Filtro,Negro,Normal,f,491
NIF-ARG-RIO-4,Royal Blend Alemania,Sin Filtro,Rubio,Normal,t,214
NIF-ARG-RIO-4,Pure Essence Argentina,Con Filtro,Rubio,Normal,t,236
NIF-ARG-RIO-4,Urban Classic Japon,Con Filtro,Rubio,Normal,t,477
NIF-ARG-RIO-4,Gold Leaf Alemania,Sin Filtro,Rubio,Normal,f,179
NIF-ARG-RIO-4,Royal Blend Chile,Sin Filtro,Negro,Normal,t,99
NIF-ARG-RIO-4,Ocean Breeze Japon,Sin Filtro,Rubio,Normal,t,363
NIF-ARG-RIO-4,Amber Haze Alemania,Sin Filtro,Rubio,Normal,f,201
NIF-ARG-RIO-4,Midnight Silk Argentina,Sin Filtro,Rubio,Normal,f,396
NIF-ARG-RIO-4,Mountain Mist Chile,Sin Filtro,Rubio,Normal,t,125
NIF-ARG-RIO-4,Highland Peak Chile,Con Filtro,Negro,Normal,t,334
NIF-ARG-RIO-4,Pure Essence Reino,Con Filtro,Negro,Normal,f,306
NIF-ARG-RIO-4,Midnight Silk Japon,Sin Filtro,Negro,Normal,f,366
NIF-ARG-RIO-4,Royal Blend Chile,Con Filtro,Rubio,UltraLight,f,52
NIF-ARG-RIO-4,Pure Essence Alemania,Sin Filtro,Negro,Normal,f,484
NIF-ARG-RIO-4,Gold Leaf Alemania,Sin Filtro,Negro,Normal,t,235
NIF-ARG-RIO-4,Highland Peak Reino,Con Filtro,Rubio,Normal,t,117
NIF-ARG-RIO-4,Midnight Silk Japon,Con Filtro,Rubio,Normal,t,357
NIF-ARG-RIO-4,Amber Haze Japon,Sin Filtro,Negro,Normal,t,86
NIF-ARG-RIO-4,Gold Leaf Japon,Con Filtro,Rubio,UltraLight,f,401
NIF-ARG-RIO-4,Ocean Breeze Reino,Con Filtro,Rubio,Normal,f,459
NIF-ARG-RIO-4,Silver Lining Reino,Sin Filtro,Rubio,Normal,f,137
NIF-ARG-RIO-4,Gold Leaf Japon,Con Filtro,Rubio,Normal,t,168
NIF-ARG-RIO-4,Mountain Mist Argentina,Con Filtro,Negro,UltraLight,f,117
NIF-ARG-RIO-5,Silver Lining Alemania,Con Filtro,Negro,Normal,t,233
NIF-ARG-RIO-5,Mountain Mist Alemania,Sin Filtro,Negro,Normal,f,135
NIF-ARG-RIO-5,Mountain Mist Alemania,Sin Filtro,Rubio,Normal,t,278
NIF-ARG-RIO-5,Highland Peak Reino,Con Filtro,Rubio,Normal,t,497
NIF-ARG-RIO-5,Ocean Breeze Reino,Con Filtro,Rubio,Normal,f,392
NIF-ARG-RIO-5,Mountain Mist Japon,Con Filtro,Negro,Normal,t,469
NIF-ARG-RIO-5,Highland Peak Alemania,Sin Filtro,Negro,Normal,t,165
NIF-ARG-RIO-5,Ocean Breeze Chile,Sin Filtro,Rubio,Normal,f,359
NIF-ARG-RIO-5,Mountain Mist Reino,Sin Filtro,Negro,Normal,t,395
NIF-ARG-RIO-5,Ocean Breeze Japon,Sin Filtro,Rubio,Normal,t,231
NIF-ARG-RIO-5,Amber Haze Argentina,Con Filtro,Rubio,Normal,t,218
NIF-ARG-RIO-5,Midnight Silk Reino,Con Filtro,Negro,Normal,t,466
NIF-ARG-RIO-5,Royal Blend Alemania,Con Filtro,Rubio,Normal,t,128
NIF-ARG-RIO-5,Silver Lining Chile,Con Filtro,Rubio,Normal,t,244
NIF-ARG-RIO-5,Silver Lining Argentina,Sin Filtro,Rubio,Normal,f,144
NIF-ARG-RIO-5,Pure Essence Chile,Con Filtro,Rubio,Light,f,417
NIF-ARG-RIO-6,Urban Classic Reino,Sin Filtro,Negro,Normal,f,331
NIF-ARG-RIO-6,Amber Haze Reino,Sin Filtro,Rubio,Normal,t,343
NIF-ARG-RIO-6,Royal Blend Alemania,Con Filtro,Negro,Normal,t,87
NIF-ARG-RIO-6,Royal Blend Alemania,Con Filtro,Rubio,Normal,t,236
NIF-ARG-RIO-6,Midnight Silk Chile,Con Filtro,Negro,Normal,t,75
NIF-ARG-RIO-6,Ocean Breeze Japon,Sin Filtro,Rubio,Normal,t,273
NIF-ARG-RIO-6,Silver Lining Japon,Sin Filtro,Rubio,Normal,f,428
NIF-ARG-RIO-6,Gold Leaf Reino,Con Filtro,Rubio,Normal,f,131
NIF-ARG-RIO-6,Ocean Breeze Alemania,Con Filtro,Rubio,Normal,t,200
NIF-ARG-RIO-6,Royal Blend Chile,Con Filtro,Rubio,Normal,t,479
NIF-ARG-RIO-6,Mountain Mist Chile,Sin Filtro,Rubio,Normal,f,489
NIF-ARG-RIO-6,Mountain Mist Chile,Sin Filtro,Rubio,Normal,t,166
NIF-ARG-RIO-6,Midnight Silk Alemania,Sin Filtro,Negro,Normal,t,135
NIF-ARG-RIO-6,Pure Essence Chile,Con Filtro,Rubio,Light,f,67
NIF-ARG-RIO-6,Amber Haze Japon,Sin Filtro,Negro,Normal,t,322
NIF-ARG-RIO-6,Urban Classic Chile,Sin Filtro,Negro,Normal,t,128
NIF-ARG-RIO-7,Royal Blend Argentina,Sin Filtro,Negro,Normal,f,496
NIF-ARG-RIO-7,Pure Essence Argentina,Con Filtro,Rubio,Normal,t,462
NIF-ARG-RIO-7,Silver Lining Chile,Sin Filtro,Rubio,Normal,t,398
NIF-ARG-RIO-7,Amber Haze Reino,Sin Filtro,Rubio,Normal,t,269
NIF-ARG-RIO-7,Mountain Mist Alemania,Sin Filtro,Rubio,Normal,t,241
NIF-ARG-RIO-7,Highland Peak Reino,Con Filtro,Negro,SuperLight,f,115
NIF-ARG-RIO-7,Pure Essence Reino,Con Filtro,Negro,Normal,f,80
NIF-ARG-RIO-7,Mountain Mist Chile,Sin Filtro,Rubio,Normal,t,268
NIF-ARG-RIO-7,Gold Leaf Reino,Con Filtro,Negro,Light,f,153
NIF-ARG-RIO-7,Royal Blend Alemania,Con Filtro,Negro,Normal,t,314
NIF-ARG-RIO-7,Highland Peak Reino,Sin Filtro,Negro,Normal,f,339
NIF-ARG-RIO-7,Ocean Breeze Argentina,Con Filtro,Negro,Normal,t,68
NIF-ARG-RIO-7,Gold Leaf Alemania,Sin Filtro,Rubio,Normal,f,313
NIF-ARG-RIO-7,Amber Haze Japon,Con Filtro,Rubio,Normal,t,95
NIF-ARG-RIO-7,Mountain Mist Argentina,Sin Filtro,Negro,Normal,f,475
NIF-ARG-RIO-7,Pure Essence Japon,Sin Filtro,Negro,Normal,f,380
NIF-ARG-RIO-7,Pure Essence Chile,Con Filtro,Negro,SuperLight,f,89
NIF-ARG-RIO-7,Gold Leaf Argentina,Sin Filtro,Negro,Normal,f,262
NIF-ARG-RIO-7,Royal Blend Alemania,Sin Filtro,Rubio,Normal,t,476
NIF-ARG-RIO-7,Amber Haze Chile,Sin Filtro,Negro,Normal,f,75
NIF-ARG-RIO-7,Midnight Silk Argentina,Sin Filtro,Negro,Normal,t,80
NIF-ARG-RIO-7,Royal Blend Japon,Sin Filtro,Rubio,Normal,t,269
NIF-ARG-RIO-7,Royal Blend Reino,Con Filtro,Negro,Normal,f,206
NIF-ARG-RIO-7,Mountain Mist Argentina,Con Filtro,Negro,Light,f,175
NIF-ARG-RIO-8,Ocean Breeze Chile,Con Filtro,Negro,Normal,t,84
NIF-ARG-RIO-8,Gold Leaf Reino,Con Filtro,Negro,Light,f,262
NIF-ARG-RIO-8,Silver Lining Alemania,Sin Filtro,Negro,Normal,f,129
NIF-ARG-RIO-8,Amber Haze Japon,Con Filtro,Rubio,Light,f,357
NIF-ARG-RIO-8,Pure Essence Reino,Sin Filtro,Rubio,Normal,f,476
NIF-ARG-RIO-8,Mountain Mist Reino,Con Filtro,Rubio,Light,f,490
NIF-ARG-RIO-8,Mountain Mist Argentina,Con Filtro,Rubio,SuperLight,f,152
NIF-ARG-RIO-8,Amber Haze Japon,Sin Filtro,Rubio,Normal,f,110
NIF-ARG-RIO-8,Royal Blend Japon,Sin Filtro,Negro,Normal,t,369
NIF-ARG-RIO-8,Urban Classic Argentina,Con Filtro,Rubio,SuperLight,f,60
NIF-ARG-RIO-8,Urban Classic Reino,Con Filtro,Rubio,Normal,f,259
NIF-ARG-RIO-8,Midnight Silk Alemania,Con Filtro,Rubio,Normal,t,339
NIF-ARG-RIO-8,Gold Leaf Japon,Sin Filtro,Rubio,Normal,t,77
NIF-ARG-RIO-8,Gold Leaf Argentina,Sin Filtro,Rubio,Normal,f,294
NIF-ARG-RIO-8,Ocean Breeze Argentina,Con Filtro,Negro,Normal,t,170
NIF-ARG-RIO-8,Amber Haze Reino,Sin Filtro,Negro,Normal,t,451
NIF-ARG-RIO-8,Amber Haze Alemania,Con Filtro,Rubio,Normal,t,235
NIF-ARG-RIO-8,Silver Lining Reino,Sin Filtro,Rubio,Normal,t,209
NIF-ARG-RIO-8,Highland Peak Japon,Sin Filtro,Negro,Normal,t,267
NIF-ARG-RIO-8,Silver Lining Argentina,Con Filtro,Negro,Normal,t,259
NIF-ARG-RIO-8,Urban Classic Reino,Sin Filtro,Negro,Normal,f,469
NIF-ARG-RIO-8,Pure Essence Alemania,Sin Filtro,Negro,Normal,f,191
NIF-ARG-RIO-8,Highland Peak Chile,Con Filtro,Negro,Normal,f,426
NIF-ARG-RIO-9,Urban Classic Argentina,Con Filtro,Rubio,Normal,t,72
NIF-ARG-RIO-9,Ocean Breeze Chile,Con Filtro,Negro,Normal,f,114
NIF-ARG-RIO-9,Ocean Breeze Japon,Con Filtro,Rubio,Normal,f,268
NIF-ARG-RIO-9,Midnight Silk Alemania,Sin Filtro,Negro,Normal,f,434
NIF-ARG-RIO-9,Ocean Breeze Argentina,Con Filtro,Rubio,Light,f,474
NIF-ARG-RIO-9,Amber Haze Chile,Sin Filtro,Rubio,Normal,f,286
NIF-ARG-RIO-9,Gold Leaf Alemania,Con Filtro,Rubio,Normal,t,94
NIF-ARG-RIO-9,Midnight Silk Reino,Con Filtro,Rubio,SuperLight,f,118
NIF-ARG-RIO-9,Royal Blend Japon,Con Filtro,Rubio,SuperLight,f,286
NIF-ARG-RIO-9,Gold Leaf Japon,Con Filtro,Negro,SuperLight,f,175
NIF-ARG-RIO-9,Amber Haze Chile,Sin Filtro,Rubio,Normal,t,172
NIF-ARG-RIO-9,Amber Haze Alemania,Con Filtro,Negro,Normal,f,156
NIF-ARG-RIO-9,Pure Essence Argentina,Sin Filtro,Negro,Normal,t,99
NIF-ARG-RIO-9,Royal Blend Alemania,Sin Filtro,Rubio,Normal,t,229
NIF-ARG-RIO-9,Amber Haze Reino,Con Filtro,Rubio,Normal,t,400
NIF-ARG-RIO-9,Pure Essence Chile,Con Filtro,Rubio,SuperLight,f,499
NIF-ARG-RIO-9,Mountain Mist Chile,Sin Filtro,Rubio,Normal,t,87
NIF-ARG-RIO-9,Mountain Mist Argentina,Con Filtro,Negro,Light,f,109
NIF-ARG-RIO-9,Silver Lining Japon,Con Filtro,Negro,Normal,t,114
NIF-ARG-RIO-9,Royal Blend Reino,Sin Filtro,Rubio,Normal,t,118
NIF-ARG-RIO-10,Midnight Silk Alemania,Sin Filtro,Rubio,Normal,t,204
NIF-ARG-RIO-10,Ocean Breeze Japon,Sin Filtro,Rubio,Normal,t,300
NIF-ARG-RIO-10,Amber Haze Alemania,Con Filtro,Negro,Normal,f,158
NIF-ARG-RIO-10,Silver Lining Chile,Sin Filtro,Negro,Normal,f,158
NIF-ARG-RIO-10,Midnight Silk Alemania,Sin Filtro,Rubio,Normal,f,363
NIF-ARG-RIO-10,Midnight Silk Japon,Con Filtro,Negro,UltraLight,f,453
NIF-ARG-RIO-10,Mountain Mist Japon,Con Filtro,Rubio,Light,f,61
NIF-ARG-RIO-10,Silver Lining Reino,Con Filtro,Negro,Normal,t,227
NIF-ARG-RIO-10,Mountain Mist Argentina,Sin Filtro,Rubio,Normal,t,304
NIF-ARG-RIO-10,Pure Essence Argentina,Sin Filtro,Negro,Normal,f,145
NIF-ARG-RIO-11,Royal Blend Reino,Con Filtro,Negro,SuperLight,f,206
NIF-ARG-RIO-11,Royal Blend Alemania,Sin Filtro,Rubio,Normal,f,172
NIF-ARG-RIO-11,Amber Haze Argentina,Con Filtro,Rubio,Light,f,133
NIF-ARG-RIO-11,Amber Haze Japon,Sin Filtro,Rubio,Normal,f,398
NIF-ARG-RIO-11,Ocean Breeze Japon,Sin Filtro,Rubio,Normal,t,343
NIF-ARG-RIO-11,Gold Leaf Reino,Con Filtro,Negro,SuperLight,f,187
NIF-ARG-RIO-11,Ocean Breeze Argentina,Con Filtro,Rubio,Light,f,304
NIF-ARG-RIO-11,Pure Essence Argentina,Sin Filtro,Rubio,Normal,t,466
NIF-ARG-RIO-11,Highland Peak Reino,Con Filtro,Rubio,Normal,t,195
NIF-ARG-RIO-11,Ocean Breeze Japon,Sin Filtro,Negro,Normal,f,472
NIF-ARG-RIO-11,Mountain Mist Reino,Con Filtro,Rubio,UltraLight,f,101
NIF-ARG-RIO-11,Ocean Breeze Alemania,Con Filtro,Negro,UltraLight,f,90
NIF-ARG-RIO-11,Midnight Silk Reino,Con Filtro,Negro,Normal,t,274
NIF-ARG-RIO-11,Amber Haze Chile,Con Filtro,Rubio,SuperLight,f,115
NIF-ARG-RIO-11,Amber Haze Reino,Sin Filtro,Rubio,Normal,t,232
NIF-ARG-RIO-11,Midnight Silk Argentina,Sin Filtro,Rubio,Normal,f,313
NIF-ARG-RIO-11,Royal Blend Reino,Sin Filtro,Rubio,Normal,f,115
NIF-ARG-RIO-11,Silver Lining Reino,Sin Filtro,Negro,Normal,f,425
NIF-ARG-RIO-11,Mountain Mist Japon,Con Filtro,Rubio,Normal,t,135
NIF-ARG-RIO-11,Pure Essence Argentina,Sin Filtro,Negro,Normal,f,54
NIF-ARG-RIO-11,Pure Essence Reino,Con Filtro,Rubio,Normal,f,135
NIF-ARG-RIO-11,Urban Classic Japon,Sin Filtro,Rubio,Normal,t,159
NIF-ARG-RIO-11,Silver Lining Argentina,Con Filtro,Rubio,Normal,f,422
NIF-ARG-RIO-11,Urban Classic Chile,Sin Filtro,Rubio,Normal,f,282
NIF-ARG-RIO-11,Midnight Silk Reino,Sin Filtro,Rubio,Normal,t,271
NIF-ARG-RIO-11,Urban Classic Reino,Con Filtro,Rubio,Normal,t,153
NIF-ARG-RIO-11,Ocean Breeze Chile,Con Filtro,Negro,Normal,t,193
NIF-ARG-RIO-12,Pure Essence Chile,Sin Filtro,Negro,Normal,f,180
NIF-ARG-RIO-12,Pure Essence Alemania,Sin Filtro,Rubio,Normal,f,330
NIF-ARG-RIO-12,Mountain Mist Argentina,Sin Filtro,Negro,Normal,t,348
NIF-ARG-RIO-12,Amber Haze Chile,Sin Filtro,Negro,Normal,f,385
NIF-ARG-RIO-12,Midnight Silk Chile,Con Filtro,Negro,Normal,f,287
NIF-ARG-RIO-12,Highland Peak Japon,Sin Filtro,Negro,Normal,t,74
NIF-ARG-RIO-12,Mountain Mist Alemania,Sin Filtro,Rubio,Normal,f,196
NIF-ARG-RIO-12,Amber Haze Alemania,Sin Filtro,Negro,Normal,t,195
NIF-ARG-RIO-12,Ocean Breeze Argentina,Con Filtro,Negro,Normal,t,289
NIF-ARG-RIO-12,Silver Lining Reino,Sin Filtro,Rubio,Normal,f,348
NIF-ARG-RIO-12,Ocean Breeze Alemania,Con Filtro,Rubio,Normal,t,406
NIF-ARG-RIO-12,Gold Leaf Reino,Con Filtro,Negro,SuperLight,f,225
NIF-ARG-RIO-12,Highland Peak Alemania,Sin Filtro,Negro,Normal,f,283
NIF-ARG-RIO-12,Pure Essence Reino,Sin Filtro,Rubio,Normal,t,459
NIF-ARG-RIO-12,Amber Haze Reino,Con Filtro,Negro,Normal,t,149
NIF-ARG-RIO-12,Ocean Breeze Argentina,Con Filtro,Rubio,Normal,t,171
NIF-ARG-RIO-12,Midnight Silk Reino,Sin Filtro,Rubio,Normal,f,150
NIF-ARG-RIO-12,Urban Classic Reino,Sin Filtro,Rubio,Normal,f,383
NIF-ARG-RIO-13,Urban Classic Japon,Con Filtro,Negro,SuperLight,f,139
NIF-ARG-RIO-13,Urban Classic Reino,Sin Filtro,Negro,Normal,f,382
NIF-ARG-RIO-13,Pure Essence Japon,Sin Filtro,Rubio,Normal,f,479
NIF-ARG-RIO-13,Highland Peak Reino,Sin Filtro,Rubio,Normal,t,277
NIF-ARG-RIO-13,Amber Haze Alemania,Con Filtro,Negro,Normal,f,432
NIF-ARG-RIO-13,Ocean Breeze Reino,Sin Filtro,Negro,Normal,t,113
NIF-ARG-RIO-13,Mountain Mist Japon,Con Filtro,Negro,Normal,t,358
NIF-ARG-RIO-13,Gold Leaf Argentina,Con Filtro,Negro,Normal,t,461
NIF-ARG-RIO-13,Midnight Silk Chile,Con Filtro,Rubio,Normal,t,459
NIF-ARG-RIO-13,Highland Peak Chile,Con Filtro,Negro,Normal,f,392
NIF-ARG-RIO-13,Ocean Breeze Reino,Con Filtro,Rubio,Normal,f,72
NIF-ARG-RIO-14,Silver Lining Reino,Sin Filtro,Rubio,Normal,f,174
NIF-ARG-RIO-14,Mountain Mist Japon,Sin Filtro,Rubio,Normal,f,488
NIF-ARG-RIO-14,Gold Leaf Reino,Con Filtro,Negro,SuperLight,f,470
NIF-ARG-RIO-14,Amber Haze Argentina,Con Filtro,Negro,Normal,t,267
NIF-ARG-RIO-14,Gold Leaf Alemania,Con Filtro,Rubio,Normal,t,262
NIF-ARG-RIO-14,Gold Leaf Reino,Con Filtro,Rubio,Normal,f,345
NIF-ARG-RIO-14,Ocean Breeze Alemania,Sin Filtro,Negro,Normal,t,337
NIF-ARG-RIO-14,Urban Classic Reino,Con Filtro,Negro,Normal,t,182
NIF-ARG-RIO-14,Gold Leaf Alemania,Sin Filtro,Rubio,Normal,f,347
NIF-ARG-RIO-14,Midnight Silk Japon,Con Filtro,Rubio,Normal,t,149
NIF-ARG-RIO-14,Ocean Breeze Chile,Con Filtro,Negro,Normal,f,495
NIF-ARG-RIO-14,Gold Leaf Reino,Con Filtro,Rubio,Normal,f,465
NIF-ARG-RIO-14,Royal Blend Argentina,Con Filtro,Negro,Light,f,121
NIF-ARG-RIO-14,Ocean Breeze Chile,Sin Filtro,Rubio,Normal,f,480
NIF-ARG-RIO-14,Ocean Breeze Argentina,Con Filtro,Rubio,Normal,t,312
NIF-ARG-RIO-14,Highland Peak Alemania,Sin Filtro,Negro,Normal,t,158
NIF-ARG-RIO-14,Gold Leaf Reino,Con Filtro,Rubio,Normal,t,301
NIF-ARG-RIO-14,Amber Haze Japon,Sin Filtro,Rubio,Normal,f,413
NIF-ARG-RIO-14,Pure Essence Alemania,Sin Filtro,Rubio,Normal,t,315
NIF-ARG-RIO-15,Pure Essence Reino,Con Filtro,Rubio,Normal,f,321
NIF-ARG-RIO-15,Highland Peak Alemania,Con Filtro,Negro,UltraLight,f,398
NIF-ARG-RIO-15,Highland Peak Chile,Con Filtro,Rubio,SuperLight,f,222
NIF-ARG-RIO-15,Gold Leaf Reino,Con Filtro,Negro,Light,f,216
NIF-ARG-RIO-15,Amber Haze Argentina,Con Filtro,Negro,Normal,t,301
NIF-ARG-RIO-15,Gold Leaf Chile,Sin Filtro,Negro,Normal,t,463
NIF-ARG-RIO-15,Royal Blend Japon,Sin Filtro,Negro,Normal,t,299
NIF-ARG-RIO-15,Highland Peak Japon,Con Filtro,Rubio,Light,f,189
NIF-ARG-RIO-15,Silver Lining Reino,Con Filtro,Negro,SuperLight,f,151
NIF-ARG-RIO-15,Midnight Silk Chile,Con Filtro,Negro,Normal,t,231
NIF-ARG-RIO-15,Gold Leaf Alemania,Con Filtro,Rubio,Normal,t,439
NIF-ARG-RIO-15,Highland Peak Japon,Con Filtro,Rubio,Normal,t,53
NIF-ARG-RIO-15,Royal Blend Alemania,Sin Filtro,Negro,Normal,t,359
NIF-ARG-RIO-15,Pure Essence Reino,Sin Filtro,Rubio,Normal,t,277
NIF-ARG-RIO-15,Royal Blend Reino,Con Filtro,Negro,Normal,t,188
NIF-ARG-RIO-15,Urban Classic Japon,Sin Filtro,Rubio,Normal,f,272
NIF-ARG-RIO-15,Royal Blend Alemania,Con Filtro,Rubio,Normal,t,68
NIF-ARG-RIO-15,Highland Peak Argentina,Sin Filtro,Rubio,Normal,f,229
NIF-ARG-RIO-15,Mountain Mist Alemania,Sin Filtro,Rubio,Normal,t,355
NIF-ARG-RIO-15,Amber Haze Chile,Con Filtro,Rubio,Normal,t,452
NIF-ARG-RIO-15,Urban Classic Reino,Sin Filtro,Negro,Normal,t,472
NIF-ARG-RIO-15,Royal Blend Japon,Sin Filtro,Negro,Normal,f,321
NIF-ARG-RIO-15,Highland Peak Argentina,Sin Filtro,Rubio,Normal,f,54
NIF-ARG-RIO-15,Silver Lining Japon,Con Filtro,Negro,Normal,t,497
NIF-ARG-RIO-15,Royal Blend Reino,Con Filtro,Negro,Normal,f,129
NIF-ARG-RIO-15,Pure Essence Reino,Sin Filtro,Negro,Normal,f,472
NIF-ARG-RIO-15,Gold Leaf Argentina,Con Filtro,Rubio,Normal,t,399
NIF-ARG-RIO-15,Amber Haze Chile,Con Filtro,Negro,Light,f,214
NIF-ARG-RIO-15,Amber Haze Japon,Con Filtro,Rubio,Normal,t,154
NIF-ARG-RIO-15,Midnight Silk Argentina,Sin Filtro,Rubio,Normal,t,393
NIF-ARG-VIL-1,Mountain Mist Argentina,Sin Filtro,Negro,Normal,t,363
NIF-ARG-VIL-1,Gold Leaf Japon,Con Filtro,Rubio,Normal,t,459
NIF-ARG-VIL-1,Urban Classic Alemania,Sin Filtro,Negro,Normal,f,284
NIF-ARG-VIL-1,Royal Blend Alemania,Con Filtro,Negro,Normal,t,324
NIF-ARG-VIL-1,Gold Leaf Argentina,Sin Filtro,Rubio,Normal,t,264
NIF-ARG-VIL-1,Midnight Silk Chile,Con Filtro,Negro,Normal,t,90
NIF-ARG-VIL-1,Gold Leaf Japon,Con Filtro,Negro,SuperLight,f,156
NIF-ARG-VIL-1,Ocean Breeze Chile,Con Filtro,Negro,Normal,t,460
NIF-ARG-VIL-1,Gold Leaf Alemania,Sin Filtro,Rubio,Normal,f,169
NIF-ARG-VIL-1,Royal Blend Chile,Con Filtro,Rubio,Normal,t,467
NIF-ARG-VIL-1,Royal Blend Japon,Sin Filtro,Negro,Normal,f,93
NIF-ARG-VIL-2,Royal Blend Chile,Con Filtro,Rubio,SuperLight,f,89
NIF-ARG-VIL-2,Pure Essence Argentina,Sin Filtro,Rubio,Normal,t,157
NIF-ARG-VIL-2,Mountain Mist Alemania,Sin Filtro,Negro,Normal,t,355
NIF-ARG-VIL-2,Gold Leaf Chile,Con Filtro,Rubio,Normal,t,180
NIF-ARG-VIL-2,Midnight Silk Japon,Con Filtro,Negro,SuperLight,f,355
NIF-ARG-VIL-2,Midnight Silk Argentina,Sin Filtro,Negro,Normal,t,195
NIF-ARG-VIL-2,Royal Blend Japon,Sin Filtro,Rubio,Normal,f,426
NIF-ARG-VIL-2,Gold Leaf Japon,Con Filtro,Rubio,Normal,t,231
NIF-ARG-VIL-2,Pure Essence Alemania,Sin Filtro,Rubio,Normal,t,466
NIF-ARG-VIL-2,Highland Peak Reino,Sin Filtro,Negro,Normal,t,170
NIF-ARG-VIL-3,Urban Classic Argentina,Sin Filtro,Rubio,Normal,f,279
NIF-ARG-VIL-3,Royal Blend Japon,Sin Filtro,Negro,Normal,t,214
NIF-ARG-VIL-3,Silver Lining Alemania,Sin Filtro,Negro,Normal,f,172
NIF-ARG-VIL-3,Highland Peak Chile,Con Filtro,Negro,Normal,t,157
NIF-ARG-VIL-3,Midnight Silk Argentina,Sin Filtro,Rubio,Normal,f,377
NIF-ARG-VIL-3,Gold Leaf Japon,Con Filtro,Negro,SuperLight,f,244
NIF-ARG-VIL-3,Silver Lining Argentina,Con Filtro,Negro,Normal,t,365
NIF-ARG-VIL-3,Urban Classic Japon,Sin Filtro,Rubio,Normal,f,170
NIF-ARG-VIL-3,Highland Peak Argentina,Con Filtro,Negro,Normal,t,386
NIF-ARG-VIL-3,Midnight Silk Reino,Con Filtro,Negro,Normal,t,327
NIF-ARG-VIL-4,Pure Essence Japon,Sin Filtro,Negro,Normal,f,132
NIF-ARG-VIL-4,Royal Blend Japon,Sin Filtro,Negro,Normal,t,422
NIF-ARG-VIL-4,Gold Leaf Alemania,Sin Filtro,Negro,Normal,f,98
NIF-ARG-VIL-4,Royal Blend Alemania,Sin Filtro,Rubio,Normal,t,486
NIF-ARG-VIL-4,Gold Leaf Alemania,Sin Filtro,Rubio,Normal,f,62
NIF-ARG-VIL-4,Silver Lining Alemania,Sin Filtro,Negro,Normal,t,65
NIF-ARG-VIL-4,Highland Peak Reino,Con Filtro,Negro,SuperLight,f,378
NIF-ARG-VIL-4,Silver Lining Alemania,Con Filtro,Negro,Normal,t,465
NIF-ARG-VIL-4,Silver Lining Chile,Sin Filtro,Rubio,Normal,t,410
NIF-ARG-VIL-4,Amber Haze Argentina,Sin Filtro,Rubio,Normal,t,173
NIF-ARG-VIL-4,Mountain Mist Chile,Sin Filtro,Rubio,Normal,f,269
NIF-ARG-VIL-4,Gold Leaf Japon,Con Filtro,Negro,SuperLight,f,309
NIF-ARG-VIL-4,Amber Haze Japon,Con Filtro,Rubio,SuperLight,f,94
NIF-ARG-VIL-4,Midnight Silk Japon,Sin Filtro,Rubio,Normal,f,452
NIF-ARG-VIL-4,Midnight Silk Chile,Con Filtro,Negro,UltraLight,f,248
NIF-ARG-VIL-4,Highland Peak Japon,Con Filtro,Rubio,Light,f,134
NIF-ARG-VIL-4,Urban Classic Japon,Sin Filtro,Rubio,Normal,t,170
NIF-ARG-VIL-4,Silver Lining Chile,Con Filtro,Rubio,Normal,f,323
NIF-ARG-VIL-4,Ocean Breeze Alemania,Con Filtro,Rubio,Light,f,109
NIF-ARG-VIL-4,Urban Classic Chile,Sin Filtro,Negro,Normal,t,332
NIF-ARG-VIL-4,Mountain Mist Alemania,Sin Filtro,Negro,Normal,f,255
NIF-ARG-VIL-4,Midnight Silk Chile,Con Filtro,Rubio,Normal,t,133
NIF-ARG-VIL-4,Royal Blend Alemania,Sin Filtro,Rubio,Normal,t,233
NIF-ARG-VIL-4,Gold Leaf Japon,Con Filtro,Rubio,Normal,t,490
NIF-ARG-VIL-4,Gold Leaf Argentina,Con Filtro,Negro,Normal,t,366
NIF-ARG-VIL-4,Silver Lining Alemania,Sin Filtro,Negro,Normal,t,339
NIF-ARG-VIL-4,Amber Haze Chile,Sin Filtro,Rubio,Normal,t,449
NIF-ARG-VIL-5,Silver Lining Reino,Con Filtro,Negro,UltraLight,f,106
NIF-ARG-VIL-5,Silver Lining Alemania,Con Filtro,Negro,Normal,t,228
NIF-ARG-VIL-5,Pure Essence Reino,Con Filtro,Negro,Normal,f,466
NIF-ARG-VIL-5,Highland Peak Argentina,Sin Filtro,Negro,Normal,f,272
NIF-ARG-VIL-5,Midnight Silk Argentina,Sin Filtro,Rubio,Normal,t,353
NIF-ARG-VIL-5,Royal Blend Japon,Sin Filtro,Rubio,Normal,t,55
NIF-ARG-VIL-5,Mountain Mist Reino,Con Filtro,Rubio,SuperLight,f,256
NIF-ARG-VIL-5,Mountain Mist Alemania,Sin Filtro,Rubio,Normal,f,361
NIF-ARG-VIL-5,Royal Blend Chile,Sin Filtro,Negro,Normal,f,433
NIF-ARG-VIL-5,Pure Essence Japon,Sin Filtro,Negro,Normal,f,277
NIF-ARG-VIL-5,Highland Peak Chile,Con Filtro,Rubio,Normal,f,303
NIF-ARG-VIL-5,Mountain Mist Argentina,Con Filtro,Rubio,SuperLight,f,373
NIF-ARG-VIL-5,Highland Peak Chile,Con Filtro,Negro,Light,f,397
NIF-ARG-VIL-5,Urban Classic Reino,Con Filtro,Rubio,Normal,t,490
NIF-ARG-VIL-6,Midnight Silk Argentina,Sin Filtro,Negro,Normal,f,105
NIF-ARG-VIL-6,Ocean Breeze Alemania,Con Filtro,Negro,SuperLight,f,208
NIF-ARG-VIL-6,Urban Classic Chile,Con Filtro,Negro,SuperLight,f,296
NIF-ARG-VIL-6,Midnight Silk Japon,Sin Filtro,Negro,Normal,f,153
NIF-ARG-VIL-6,Gold Leaf Argentina,Con Filtro,Rubio,Normal,t,442
NIF-ARG-VIL-6,Midnight Silk Chile,Con Filtro,Rubio,Normal,t,206
NIF-ARG-VIL-6,Ocean Breeze Reino,Sin Filtro,Negro,Normal,t,365
NIF-ARG-VIL-6,Midnight Silk Argentina,Sin Filtro,Negro,Normal,t,262
NIF-ARG-VIL-6,Silver Lining Japon,Sin Filtro,Rubio,Normal,f,343
NIF-ARG-VIL-6,Pure Essence Argentina,Con Filtro,Rubio,UltraLight,f,172
NIF-ARG-VIL-6,Ocean Breeze Reino,Sin Filtro,Negro,Normal,t,208
NIF-ARG-VIL-6,Mountain Mist Chile,Sin Filtro,Rubio,Normal,f,172
NIF-ARG-VIL-7,Highland Peak Argentina,Con Filtro,Negro,Normal,t,328
NIF-ARG-VIL-7,Pure Essence Reino,Sin Filtro,Rubio,Normal,t,116
NIF-ARG-VIL-7,Gold Leaf Alemania,Con Filtro,Rubio,Normal,t,324
NIF-ARG-VIL-7,Midnight Silk Chile,Con Filtro,Negro,Normal,t,155
NIF-ARG-VIL-7,Pure Essence Alemania,Sin Filtro,Rubio,Normal,t,231
NIF-ARG-VIL-7,Midnight Silk Alemania,Sin Filtro,Negro,Normal,t,58
NIF-ARG-VIL-7,Gold Leaf Reino,Sin Filtro,Rubio,Normal,f,124
NIF-ARG-VIL-7,Amber Haze Japon,Con Filtro,Rubio,SuperLight,f,284
NIF-ARG-VIL-7,Amber Haze Chile,Sin Filtro,Rubio,Normal,f,73
NIF-ARG-VIL-7,Royal Blend Argentina,Con Filtro,Rubio,UltraLight,f,287
NIF-ARG-VIL-7,Urban Classic Alemania,Con Filtro,Negro,Normal,t,235
NIF-ARG-VIL-7,Urban Classic Reino,Sin Filtro,Negro,Normal,f,443
NIF-ARG-VIL-7,Royal Blend Reino,Con Filtro,Negro,Normal,f,321
NIF-ARG-VIL-7,Silver Lining Reino,Sin Filtro,Negro,Normal,f,369
NIF-ARG-VIL-7,Mountain Mist Chile,Sin Filtro,Rubio,Normal,t,278
NIF-ARG-VIL-7,Ocean Breeze Chile,Sin Filtro,Rubio,Normal,f,409
NIF-ARG-VIL-7,Pure Essence Japon,Sin Filtro,Negro,Normal,f,157
NIF-ARG-VIL-7,Gold Leaf Alemania,Sin Filtro,Rubio,Normal,f,193
NIF-ARG-VIL-8,Highland Peak Chile,Sin Filtro,Rubio,Normal,f,366
NIF-ARG-VIL-8,Pure Essence Reino,Sin Filtro,Rubio,Normal,t,444
NIF-ARG-VIL-8,Pure Essence Alemania,Sin Filtro,Rubio,Normal,t,77
NIF-ARG-VIL-8,Gold Leaf Argentina,Sin Filtro,Negro,Normal,t,232
NIF-ARG-VIL-8,Mountain Mist Argentina,Sin Filtro,Negro,Normal,t,269
NIF-ARG-VIL-8,Pure Essence Alemania,Con Filtro,Rubio,UltraLight,f,55
NIF-ARG-VIL-8,Mountain Mist Chile,Sin Filtro,Negro,Normal,f,154
NIF-ARG-VIL-8,Ocean Breeze Chile,Con Filtro,Rubio,Normal,t,98
NIF-ARG-VIL-8,Amber Haze Alemania,Sin Filtro,Negro,Normal,t,338
NIF-ARG-VIL-8,Gold Leaf Reino,Con Filtro,Negro,Light,f,454
NIF-ARG-VIL-8,Midnight Silk Argentina,Sin Filtro,Negro,Normal,f,193
NIF-ARG-VIL-8,Mountain Mist Reino,Sin Filtro,Negro,Normal,f,217
NIF-ARG-VIL-8,Silver Lining Reino,Sin Filtro,Negro,Normal,f,98
NIF-ARG-VIL-8,Silver Lining Chile,Con Filtro,Rubio,Light,f,65
NIF-ARG-VIL-8,Silver Lining Chile,Sin Filtro,Rubio,Normal,t,100
NIF-ARG-VIL-9,Ocean Breeze Alemania,Sin Filtro,Negro,Normal,t,403
NIF-ARG-VIL-9,Amber Haze Japon,Con Filtro,Rubio,Normal,t,323
NIF-ARG-VIL-9,Highland Peak Reino,Con Filtro,Rubio,Normal,t,158
NIF-ARG-VIL-9,Amber Haze Japon,Sin Filtro,Negro,Normal,t,127
NIF-ARG-VIL-9,Midnight Silk Reino,Con Filtro,Negro,SuperLight,f,439
NIF-ARG-VIL-9,Pure Essence Japon,Sin Filtro,Negro,Normal,f,399
NIF-ARG-VIL-9,Amber Haze Alemania,Con Filtro,Rubio,Normal,t,234
NIF-ARG-VIL-9,Ocean Breeze Argentina,Con Filtro,Negro,Normal,t,135
NIF-ARG-VIL-9,Royal Blend Argentina,Sin Filtro,Negro,Normal,t,178
NIF-ARG-VIL-9,Midnight Silk Alemania,Sin Filtro,Negro,Normal,t,386
NIF-ARG-VIL-9,Ocean Breeze Reino,Sin Filtro,Rubio,Normal,f,260
NIF-ARG-VIL-9,Urban Classic Alemania,Sin Filtro,Rubio,Normal,f,273
NIF-ARG-VIL-9,Gold Leaf Reino,Sin Filtro,Negro,Normal,f,436
NIF-ARG-VIL-9,Silver Lining Reino,Sin Filtro,Negro,Normal,f,94
NIF-ARG-VIL-9,Silver Lining Chile,Con Filtro,Negro,Normal,t,279
NIF-ARG-VIL-9,Silver Lining Reino,Con Filtro,Rubio,UltraLight,f,104
NIF-ARG-VIL-9,Royal Blend Alemania,Con Filtro,Negro,Normal,t,281
NIF-ARG-VIL-9,Amber Haze Argentina,Sin Filtro,Rubio,Normal,f,446
NIF-ARG-VIL-9,Highland Peak Argentina,Sin Filtro,Rubio,Normal,f,102
NIF-ARG-VIL-9,Midnight Silk Reino,Con Filtro,Negro,Normal,t,170
NIF-ARG-VIL-9,Mountain Mist Reino,Con Filtro,Rubio,UltraLight,f,380
NIF-ARG-VIL-9,Royal Blend Reino,Con Filtro,Negro,Normal,t,124
NIF-ARG-VIL-9,Ocean Breeze Alemania,Sin Filtro,Rubio,Normal,t,194
NIF-ARG-VIL-9,Urban Classic Reino,Sin Filtro,Negro,Normal,t,365
NIF-ARG-VIL-9,Midnight Silk Argentina,Sin Filtro,Rubio,Normal,f,359
NIF-ARG-VIL-9,Gold Leaf Argentina,Sin Filtro,Negro,Normal,t,276
NIF-ARG-VIL-9,Pure Essence Argentina,Sin Filtro,Rubio,Normal,t,235
NIF-ARG-VIL-9,Urban Classic Alemania,Sin Filtro,Negro,Normal,f,443
NIF-ARG-VIL-10,Pure Essence Argentina,Con Filtro,Negro,Normal,t,350
NIF-ARG-VIL-10,Amber Haze Reino,Sin Filtro,Rubio,Normal,t,145
NIF-ARG-VIL-10,Amber Haze Japon,Sin Filtro,Negro,Normal,t,54
NIF-ARG-VIL-10,Pure Essence Chile,Sin Filtro,Rubio,Normal,f,432
NIF-ARG-VIL-10,Mountain Mist Argentina,Sin Filtro,Negro,Normal,t,225
NIF-ARG-VIL-10,Urban Classic Japon,Con Filtro,Rubio,Light,f,260
NIF-ARG-VIL-10,Gold Leaf Alemania,Con Filtro,Rubio,Normal,t,160
NIF-ARG-VIL-10,Gold Leaf Argentina,Con Filtro,Rubio,Normal,t,304
NIF-ARG-VIL-10,Mountain Mist Argentina,Sin Filtro,Negro,Normal,t,202
NIF-ARG-VIL-10,Mountain Mist Japon,Sin Filtro,Rubio,Normal,f,172
NIF-ARG-VIL-10,Ocean Breeze Argentina,Con Filtro,Negro,Normal,t,461
NIF-ARG-VIL-10,Urban Classic Japon,Sin Filtro,Rubio,Normal,t,101
NIF-ARG-VIL-10,Pure Essence Japon,Con Filtro,Negro,Light,f,64
NIF-ARG-VIL-10,Amber Haze Japon,Sin Filtro,Rubio,Normal,f,113
NIF-ARG-VIL-10,Pure Essence Reino,Sin Filtro,Negro,Normal,t,132
NIF-ARG-VIL-10,Pure Essence Alemania,Sin Filtro,Rubio,Normal,t,380
NIF-ARG-VIL-11,Highland Peak Japon,Con Filtro,Negro,Normal,f,282
NIF-ARG-VIL-11,Highland Peak Japon,Sin Filtro,Negro,Normal,f,380
NIF-ARG-VIL-11,Silver Lining Japon,Sin Filtro,Rubio,Normal,f,289
NIF-ARG-VIL-11,Gold Leaf Chile,Sin Filtro,Negro,Normal,t,497
NIF-ARG-VIL-11,Royal Blend Chile,Sin Filtro,Negro,Normal,f,102
NIF-ARG-VIL-11,Midnight Silk Argentina,Sin Filtro,Negro,Normal,f,115
NIF-ARG-VIL-11,Pure Essence Alemania,Con Filtro,Rubio,UltraLight,f,442
NIF-ARG-VIL-11,Highland Peak Alemania,Sin Filtro,Rubio,Normal,f,166
NIF-ARG-VIL-11,Gold Leaf Argentina,Con Filtro,Rubio,Normal,t,342
NIF-ARG-VIL-11,Silver Lining Alemania,Sin Filtro,Negro,Normal,f,243
NIF-ARG-VIL-11,Mountain Mist Argentina,Sin Filtro,Negro,Normal,t,453
NIF-ARG-VIL-11,Midnight Silk Japon,Con Filtro,Rubio,Light,f,307
NIF-ARG-VIL-11,Silver Lining Japon,Sin Filtro,Negro,Normal,f,90
NIF-ARG-VIL-11,Highland Peak Japon,Con Filtro,Rubio,Light,f,135
NIF-ARG-VIL-11,Urban Classic Alemania,Sin Filtro,Negro,Normal,f,146
NIF-ARG-VIL-11,Amber Haze Japon,Con Filtro,Rubio,Normal,t,106
NIF-ARG-VIL-11,Highland Peak Chile,Con Filtro,Negro,Normal,f,113
NIF-ARG-VIL-11,Silver Lining Alemania,Con Filtro,Negro,Normal,t,65
NIF-ARG-VIL-11,Amber Haze Alemania,Con Filtro,Negro,Normal,f,250
NIF-ARG-VIL-11,Silver Lining Reino,Sin Filtro,Rubio,Normal,f,127
NIF-ARG-VIL-11,Ocean Breeze Argentina,Con Filtro,Negro,SuperLight,f,164
NIF-ARG-VIL-11,Midnight Silk Japon,Con Filtro,Rubio,Normal,t,375
NIF-ARG-VIL-11,Silver Lining Chile,Con Filtro,Rubio,Light,f,406
NIF-ARG-VIL-11,Pure Essence Japon,Sin Filtro,Negro,Normal,t,149
NIF-ARG-VIL-11,Urban Classic Japon,Sin Filtro,Rubio,Normal,t,315
NIF-ARG-VIL-11,Gold Leaf Japon,Con Filtro,Rubio,Normal,f,441
NIF-ARG-VIL-11,Gold Leaf Chile,Sin Filtro,Negro,Normal,f,302
NIF-ARG-VIL-12,Urban Classic Alemania,Sin Filtro,Rubio,Normal,t,149
NIF-ARG-VIL-12,Highland Peak Reino,Con Filtro,Rubio,Normal,t,480
NIF-ARG-VIL-12,Amber Haze Chile,Con Filtro,Rubio,SuperLight,f,57
NIF-ARG-VIL-12,Gold Leaf Japon,Con Filtro,Rubio,Normal,t,105
NIF-ARG-VIL-12,Midnight Silk Japon,Con Filtro,Rubio,Light,f,204
NIF-ARG-VIL-12,Mountain Mist Japon,Sin Filtro,Negro,Normal,t,416
NIF-ARG-VIL-12,Urban Classic Chile,Con Filtro,Negro,Normal,t,129
NIF-ARG-VIL-12,Midnight Silk Reino,Con Filtro,Negro,Normal,t,471
NIF-ARG-VIL-12,Midnight Silk Argentina,Sin Filtro,Rubio,Normal,f,365
NIF-ARG-VIL-12,Royal Blend Japon,Sin Filtro,Rubio,Normal,t,102
NIF-ARG-VIL-12,Gold Leaf Reino,Con Filtro,Negro,Light,f,214
NIF-ARG-VIL-12,Ocean Breeze Alemania,Sin Filtro,Rubio,Normal,t,492
NIF-ARG-VIL-12,Amber Haze Chile,Sin Filtro,Negro,Normal,f,327
NIF-ARG-VIL-12,Highland Peak Alemania,Con Filtro,Negro,Normal,f,200
NIF-ARG-VIL-12,Pure Essence Argentina,Con Filtro,Rubio,Normal,t,447
NIF-ARG-VIL-12,Gold Leaf Chile,Sin Filtro,Negro,Normal,f,418
NIF-ARG-VIL-12,Highland Peak Alemania,Con Filtro,Rubio,SuperLight,f,247
NIF-ARG-VIL-12,Silver Lining Argentina,Con Filtro,Negro,Normal,t,385
NIF-ARG-VIL-12,Pure Essence Reino,Sin Filtro,Negro,Normal,f,354
NIF-ARG-VIL-13,Highland Peak Chile,Con Filtro,Rubio,Normal,f,252
NIF-ARG-VIL-13,Royal Blend Chile,Con Filtro,Rubio,SuperLight,f,381
NIF-ARG-VIL-13,Mountain Mist Chile,Sin Filtro,Rubio,Normal,f,227
NIF-ARG-VIL-13,Ocean Breeze Chile,Sin Filtro,Rubio,Normal,f,395
NIF-ARG-VIL-13,Gold Leaf Argentina,Sin Filtro,Negro,Normal,f,84
NIF-ARG-VIL-13,Midnight Silk Reino,Sin Filtro,Rubio,Normal,t,64
NIF-ARG-VIL-13,Gold Leaf Reino,Con Filtro,Negro,SuperLight,f,395
NIF-ARG-VIL-13,Midnight Silk Argentina,Sin Filtro,Rubio,Normal,t,91
NIF-ARG-VIL-13,Pure Essence Japon,Sin Filtro,Negro,Normal,f,490
NIF-ARG-VIL-13,Silver Lining Argentina,Con Filtro,Negro,Normal,t,317
NIF-ARG-VIL-13,Midnight Silk Argentina,Sin Filtro,Negro,Normal,f,77
NIF-ARG-VIL-13,Urban Classic Alemania,Sin Filtro,Rubio,Normal,t,212
NIF-ARG-VIL-13,Silver Lining Argentina,Con Filtro,Rubio,Normal,t,184
NIF-ARG-VIL-13,Highland Peak Japon,Sin Filtro,Rubio,Normal,f,222
NIF-ARG-VIL-13,Amber Haze Argentina,Con Filtro,Negro,Normal,t,393
NIF-ARG-VIL-13,Mountain Mist Chile,Sin Filtro,Rubio,Normal,f,418
NIF-ARG-VIL-13,Silver Lining Chile,Sin Filtro,Rubio,Normal,t,426
NIF-ARG-VIL-13,Pure Essence Reino,Sin Filtro,Rubio,Normal,f,320
NIF-ARG-VIL-13,Royal Blend Reino,Con Filtro,Rubio,Normal,t,102
NIF-ARG-VIL-13,Mountain Mist Chile,Con Filtro,Negro,Normal,t,218
NIF-ARG-VIL-13,Pure Essence Chile,Sin Filtro,Rubio,Normal,f,145
NIF-ARG-VIL-13,Midnight Silk Argentina,Sin Filtro,Negro,Normal,t,146
NIF-ARG-VIL-13,Pure Essence Argentina,Con Filtro,Rubio,Normal,t,285
NIF-ARG-VIL-13,Royal Blend Japon,Sin Filtro,Rubio,Normal,t,87
NIF-ARG-VIL-13,Midnight Silk Chile,Con Filtro,Negro,UltraLight,f,91
NIF-ARG-VIL-13,Urban Classic Argentina,Con Filtro,Rubio,SuperLight,f,162
NIF-ARG-VIL-13,Mountain Mist Reino,Con Filtro,Rubio,UltraLight,f,203
NIF-ARG-VIL-14,Highland Peak Reino,Sin Filtro,Rubio,Normal,t,366
NIF-ARG-VIL-14,Pure Essence Argentina,Sin Filtro,Rubio,Normal,t,469
NIF-ARG-VIL-14,Mountain Mist Chile,Sin Filtro,Negro,Normal,f,244
NIF-ARG-VIL-14,Pure Essence Chile,Sin Filtro,Negro,Normal,f,105
NIF-ARG-VIL-14,Gold Leaf Japon,Con Filtro,Rubio,Normal,t,219
NIF-ARG-VIL-14,Urban Classic Chile,Sin Filtro,Rubio,Normal,f,271
NIF-ARG-VIL-14,Highland Peak Chile,Con Filtro,Negro,Normal,f,107
NIF-ARG-VIL-14,Midnight Silk Alemania,Sin Filtro,Negro,Normal,t,251
NIF-ARG-VIL-14,Silver Lining Argentina,Con Filtro,Rubio,Normal,t,179
NIF-ARG-VIL-14,Gold Leaf Reino,Con Filtro,Rubio,Normal,f,424
NIF-ARG-VIL-14,Urban Classic Argentina,Sin Filtro,Rubio,Normal,t,310
NIF-ARG-VIL-14,Highland Peak Argentina,Con Filtro,Rubio,SuperLight,f,175
NIF-ARG-VIL-14,Silver Lining Argentina,Sin Filtro,Rubio,Normal,f,385
NIF-ARG-VIL-14,Highland Peak Alemania,Con Filtro,Negro,UltraLight,f,186
NIF-ARG-VIL-14,Midnight Silk Alemania,Sin Filtro,Negro,Normal,f,478
NIF-ARG-VIL-14,Mountain Mist Argentina,Sin Filtro,Negro,Normal,f,188
NIF-ARG-VIL-14,Pure Essence Reino,Sin Filtro,Rubio,Normal,f,437
NIF-ARG-VIL-14,Gold Leaf Alemania,Con Filtro,Negro,Light,f,410
NIF-ARG-VIL-14,Gold Leaf Argentina,Con Filtro,Rubio,Light,f,71
NIF-ARG-VIL-14,Midnight Silk Alemania,Sin Filtro,Rubio,Normal,t,481
NIF-ARG-VIL-14,Mountain Mist Reino,Con Filtro,Rubio,Light,f,276
NIF-ARG-VIL-14,Royal Blend Reino,Con Filtro,Rubio,Normal,t,460
NIF-ARG-VIL-15,Ocean Breeze Reino,Sin Filtro,Negro,Normal,f,74
NIF-ARG-VIL-15,Highland Peak Alemania,Con Filtro,Rubio,SuperLight,f,157
NIF-ARG-VIL-15,Midnight Silk Reino,Con Filtro,Negro,Normal,t,76
NIF-ARG-VIL-15,Gold Leaf Alemania,Con Filtro,Negro,UltraLight,f,251
NIF-ARG-VIL-15,Highland Peak Japon,Sin Filtro,Rubio,Normal,t,186
NIF-ARG-VIL-15,Ocean Breeze Japon,Sin Filtro,Rubio,Normal,t,476
NIF-ARG-VIL-15,Urban Classic Reino,Con Filtro,Negro,Normal,t,264
NIF-ARG-VIL-15,Mountain Mist Reino,Con Filtro,Rubio,UltraLight,f,400
NIF-ARG-VIL-15,Midnight Silk Argentina,Sin Filtro,Negro,Normal,f,362
NIF-ARG-VIL-15,Urban Classic Reino,Con Filtro,Negro,Normal,t,292
NIF-ARG-VIL-15,Mountain Mist Reino,Sin Filtro,Negro,Normal,f,292
NIF-ARG-VIL-15,Silver Lining Argentina,Con Filtro,Rubio,Normal,t,90
NIF-ARG-VIL-15,Highland Peak Chile,Sin Filtro,Negro,Normal,t,64
NIF-ARG-VIL-15,Highland Peak Argentina,Sin Filtro,Negro,Normal,f,299
NIF-ARG-VIL-15,Silver Lining Argentina,Con Filtro,Rubio,Normal,f,106
NIF-ARG-VIL-15,Pure Essence Alemania,Con Filtro,Negro,Normal,f,497
NIF-ARG-VIL-15,Gold Leaf Japon,Sin Filtro,Negro,Normal,f,186
NIF-ARG-VIL-15,Amber Haze Alemania,Con Filtro,Negro,Normal,f,74
NIF-ARG-VIL-15,Amber Haze Reino,Con Filtro,Rubio,Normal,t,306
NIF-ARG-VIL-15,Mountain Mist Argentina,Sin Filtro,Negro,Normal,t,428
NIF-ARG-VIL-15,Pure Essence Reino,Sin Filtro,Negro,Normal,t,124
NIF-ARG-VIL-15,Ocean Breeze Chile,Sin Filtro,Negro,Normal,f,408
NIF-ARG-VIL-15,Amber Haze Chile,Sin Filtro,Rubio,Normal,t,291
NIF-ARG-VIL-15,Ocean Breeze Chile,Sin Filtro,Negro,Normal,f,372
NIF-ARG-CAR-1,Gold Leaf Chile,Sin Filtro,Negro,Normal,f,210
NIF-ARG-CAR-1,Pure Essence Argentina,Sin Filtro,Rubio,Normal,t,350
NIF-ARG-CAR-1,Highland Peak Alemania,Con Filtro,Rubio,SuperLight,f,122
NIF-ARG-CAR-1,Urban Classic Reino,Sin Filtro,Negro,Normal,f,471
NIF-ARG-CAR-1,Pure Essence Alemania,Con Filtro,Rubio,UltraLight,f,403
NIF-ARG-CAR-1,Midnight Silk Japon,Sin Filtro,Rubio,Normal,f,89
NIF-ARG-CAR-1,Silver Lining Argentina,Con Filtro,Rubio,Normal,t,264
NIF-ARG-CAR-1,Mountain Mist Argentina,Sin Filtro,Negro,Normal,t,353
NIF-ARG-CAR-1,Mountain Mist Argentina,Sin Filtro,Rubio,Normal,t,313
NIF-ARG-CAR-1,Ocean Breeze Japon,Sin Filtro,Rubio,Normal,t,412
NIF-ARG-CAR-1,Royal Blend Japon,Sin Filtro,Negro,Normal,t,193
NIF-ARG-CAR-1,Amber Haze Argentina,Con Filtro,Rubio,Normal,t,80
NIF-ARG-CAR-1,Silver Lining Chile,Sin Filtro,Rubio,Normal,t,132
NIF-ARG-CAR-1,Royal Blend Argentina,Con Filtro,Negro,Light,f,374
NIF-ARG-CAR-1,Midnight Silk Alemania,Sin Filtro,Rubio,Normal,t,392
NIF-ARG-CAR-1,Amber Haze Argentina,Sin Filtro,Negro,Normal,t,214
NIF-ARG-CAR-1,Midnight Silk Chile,Con Filtro,Rubio,Normal,t,238
NIF-ARG-CAR-1,Gold Leaf Reino,Sin Filtro,Rubio,Normal,f,493
NIF-ARG-CAR-1,Gold Leaf Alemania,Con Filtro,Negro,Light,f,53
NIF-ARG-CAR-1,Midnight Silk Argentina,Sin Filtro,Negro,Normal,t,217
NIF-ARG-CAR-1,Highland Peak Japon,Sin Filtro,Negro,Normal,t,299
NIF-ARG-CAR-1,Urban Classic Argentina,Sin Filtro,Negro,Normal,f,484
NIF-ARG-CAR-1,Ocean Breeze Japon,Sin Filtro,Negro,Normal,t,337
NIF-ARG-CAR-2,Mountain Mist Alemania,Sin Filtro,Rubio,Normal,f,196
NIF-ARG-CAR-2,Royal Blend Argentina,Con Filtro,Negro,Normal,t,217
NIF-ARG-CAR-2,Pure Essence Chile,Con Filtro,Rubio,Normal,t,353
NIF-ARG-CAR-2,Highland Peak Argentina,Con Filtro,Negro,Normal,f,327
NIF-ARG-CAR-2,Urban Classic Japon,Sin Filtro,Negro,Normal,f,266
NIF-ARG-CAR-2,Amber Haze Alemania,Con Filtro,Negro,Normal,t,165
NIF-ARG-CAR-2,Pure Essence Chile,Con Filtro,Rubio,SuperLight,f,484
NIF-ARG-CAR-2,Midnight Silk Japon,Con Filtro,Rubio,Normal,t,276
NIF-ARG-CAR-2,Silver Lining Alemania,Con Filtro,Negro,Normal,t,142
NIF-ARG-CAR-2,Gold Leaf Reino,Con Filtro,Rubio,Normal,f,409
NIF-ARG-CAR-2,Royal Blend Chile,Sin Filtro,Negro,Normal,t,439
NIF-ARG-CAR-2,Ocean Breeze Alemania,Sin Filtro,Rubio,Normal,t,237
NIF-ARG-CAR-2,Midnight Silk Japon,Sin Filtro,Negro,Normal,f,95
NIF-ARG-CAR-2,Midnight Silk Alemania,Sin Filtro,Negro,Normal,t,330
NIF-ARG-CAR-2,Mountain Mist Argentina,Sin Filtro,Rubio,Normal,t,309
NIF-ARG-CAR-2,Gold Leaf Japon,Sin Filtro,Negro,Normal,t,344
NIF-ARG-CAR-2,Midnight Silk Reino,Con Filtro,Negro,UltraLight,f,59
NIF-ARG-CAR-2,Silver Lining Argentina,Con Filtro,Rubio,Normal,t,170
NIF-ARG-CAR-2,Ocean Breeze Chile,Sin Filtro,Negro,Normal,f,265
NIF-ARG-CAR-2,Midnight Silk Chile,Con Filtro,Rubio,Normal,t,181
NIF-ARG-CAR-2,Ocean Breeze Japon,Sin Filtro,Rubio,Normal,t,254
NIF-ARG-CAR-2,Silver Lining Argentina,Con Filtro,Rubio,Normal,f,445
NIF-ARG-CAR-2,Urban Classic Argentina,Sin Filtro,Rubio,Normal,f,349
NIF-ARG-CAR-2,Mountain Mist Japon,Sin Filtro,Rubio,Normal,t,275
NIF-ARG-CAR-2,Ocean Breeze Japon,Sin Filtro,Rubio,Normal,t,230
NIF-ARG-CAR-2,Ocean Breeze Alemania,Con Filtro,Negro,Light,f,333
NIF-ARG-CAR-2,Silver Lining Chile,Con Filtro,Rubio,Normal,t,70
NIF-ARG-CAR-2,Silver Lining Reino,Con Filtro,Negro,Normal,t,418
NIF-ARG-CAR-3,Royal Blend Reino,Con Filtro,Rubio,Normal,t,477
NIF-ARG-CAR-3,Gold Leaf Japon,Con Filtro,Rubio,Normal,t,409
NIF-ARG-CAR-3,Royal Blend Japon,Con Filtro,Rubio,SuperLight,f,89
NIF-ARG-CAR-3,Highland Peak Reino,Sin Filtro,Negro,Normal,t,50
NIF-ARG-CAR-3,Royal Blend Argentina,Con Filtro,Rubio,Light,f,137
NIF-ARG-CAR-3,Royal Blend Argentina,Sin Filtro,Negro,Normal,f,381
NIF-ARG-CAR-3,Gold Leaf Reino,Sin Filtro,Negro,Normal,f,417
NIF-ARG-CAR-3,Midnight Silk Alemania,Con Filtro,Rubio,Normal,t,341
NIF-ARG-CAR-3,Royal Blend Japon,Sin Filtro,Rubio,Normal,t,319
NIF-ARG-CAR-3,Gold Leaf Reino,Con Filtro,Negro,SuperLight,f,362
NIF-ARG-CAR-3,Mountain Mist Reino,Con Filtro,Rubio,Light,f,383
NIF-ARG-CAR-3,Mountain Mist Argentina,Sin Filtro,Negro,Normal,t,199
NIF-ARG-CAR-3,Highland Peak Reino,Con Filtro,Negro,SuperLight,f,405
NIF-ARG-CAR-3,Pure Essence Argentina,Sin Filtro,Negro,Normal,t,260
NIF-ARG-CAR-3,Urban Classic Argentina,Con Filtro,Rubio,SuperLight,f,209
NIF-ARG-CAR-3,Ocean Breeze Alemania,Sin Filtro,Rubio,Normal,t,177
NIF-ARG-CAR-3,Royal Blend Alemania,Sin Filtro,Rubio,Normal,t,419
NIF-ARG-CAR-3,Royal Blend Argentina,Con Filtro,Negro,Normal,t,253
NIF-ARG-CAR-3,Urban Classic Alemania,Con Filtro,Rubio,Normal,t,158
NIF-ARG-CAR-3,Mountain Mist Japon,Sin Filtro,Rubio,Normal,f,202
NIF-ARG-CAR-3,Pure Essence Japon,Con Filtro,Negro,Light,f,207
NIF-ARG-CAR-3,Midnight Silk Argentina,Sin Filtro,Negro,Normal,t,464
NIF-ARG-CAR-3,Highland Peak Japon,Sin Filtro,Rubio,Normal,t,325
NIF-ARG-CAR-4,Ocean Breeze Argentina,Con Filtro,Rubio,Normal,t,470
NIF-ARG-CAR-4,Royal Blend Japon,Sin Filtro,Rubio,Normal,f,290
NIF-ARG-CAR-4,Gold Leaf Alemania,Sin Filtro,Rubio,Normal,f,163
NIF-ARG-CAR-4,Amber Haze Argentina,Con Filtro,Negro,Normal,t,97
NIF-ARG-CAR-4,Royal Blend Argentina,Sin Filtro,Negro,Normal,f,169
NIF-ARG-CAR-4,Urban Classic Alemania,Con Filtro,Negro,Light,f,443
NIF-ARG-CAR-4,Amber Haze Japon,Sin Filtro,Rubio,Normal,f,124
NIF-ARG-CAR-4,Mountain Mist Argentina,Sin Filtro,Negro,Normal,t,263
NIF-ARG-CAR-4,Ocean Breeze Argentina,Con Filtro,Rubio,Light,f,209
NIF-ARG-CAR-4,Pure Essence Japon,Sin Filtro,Negro,Normal,f,448
NIF-ARG-CAR-4,Mountain Mist Reino,Sin Filtro,Negro,Normal,t,398
NIF-ARG-CAR-4,Mountain Mist Japon,Con Filtro,Negro,Normal,t,422
NIF-ARG-CAR-4,Gold Leaf Reino,Sin Filtro,Negro,Normal,f,241
NIF-ARG-CAR-4,Midnight Silk Reino,Con Filtro,Negro,SuperLight,f,180
NIF-ARG-CAR-4,Mountain Mist Argentina,Sin Filtro,Rubio,Normal,t,491
NIF-ARG-CAR-4,Mountain Mist Japon,Con Filtro,Negro,Normal,t,109
NIF-ARG-CAR-4,Mountain Mist Alemania,Sin Filtro,Rubio,Normal,t,116
NIF-ARG-CAR-4,Midnight Silk Alemania,Con Filtro,Negro,Normal,t,298
NIF-ARG-CAR-5,Urban Classic Argentina,Con Filtro,Rubio,SuperLight,f,391
NIF-ARG-CAR-5,Silver Lining Argentina,Con Filtro,Negro,Normal,t,349
NIF-ARG-CAR-5,Midnight Silk Japon,Con Filtro,Negro,UltraLight,f,107
NIF-ARG-CAR-5,Urban Classic Reino,Con Filtro,Negro,Normal,t,54
NIF-ARG-CAR-5,Pure Essence Alemania,Sin Filtro,Rubio,Normal,f,439
NIF-ARG-CAR-5,Mountain Mist Chile,Sin Filtro,Rubio,Normal,t,282
NIF-ARG-CAR-5,Gold Leaf Alemania,Sin Filtro,Rubio,Normal,f,52
NIF-ARG-CAR-5,Ocean Breeze Chile,Sin Filtro,Negro,Normal,f,132
NIF-ARG-CAR-5,Gold Leaf Alemania,Sin Filtro,Negro,Normal,f,408
NIF-ARG-CAR-5,Gold Leaf Alemania,Sin Filtro,Negro,Normal,t,286
NIF-ARG-CAR-5,Mountain Mist Argentina,Sin Filtro,Negro,Normal,t,211
NIF-ARG-CAR-5,Mountain Mist Alemania,Sin Filtro,Negro,Normal,f,163
NIF-ARG-CAR-5,Royal Blend Argentina,Con Filtro,Rubio,Light,f,164
NIF-ARG-CAR-5,Royal Blend Chile,Sin Filtro,Negro,Normal,t,144
NIF-ARG-CAR-5,Mountain Mist Chile,Sin Filtro,Rubio,Normal,f,454
NIF-ARG-CAR-5,Highland Peak Japon,Sin Filtro,Negro,Normal,f,191
NIF-ARG-CAR-5,Highland Peak Alemania,Con Filtro,Rubio,UltraLight,f,122
NIF-ARG-CAR-5,Urban Classic Japon,Sin Filtro,Rubio,Normal,t,267
NIF-ARG-CAR-5,Urban Classic Reino,Con Filtro,Rubio,Normal,t,211
NIF-ARG-CAR-5,Midnight Silk Argentina,Sin Filtro,Rubio,Normal,f,239
NIF-ARG-CAR-5,Mountain Mist Argentina,Con Filtro,Rubio,SuperLight,f,231
NIF-ARG-CAR-5,Royal Blend Japon,Sin Filtro,Rubio,Normal,f,470
NIF-ARG-CAR-5,Amber Haze Argentina,Con Filtro,Rubio,Normal,t,55
NIF-ARG-CAR-5,Pure Essence Chile,Con Filtro,Rubio,Light,f,317
NIF-ARG-CAR-5,Midnight Silk Alemania,Sin Filtro,Rubio,Normal,f,235
NIF-ARG-CAR-6,Pure Essence Argentina,Con Filtro,Negro,Normal,t,410
NIF-ARG-CAR-6,Amber Haze Japon,Con Filtro,Rubio,Normal,t,348
NIF-ARG-CAR-6,Gold Leaf Alemania,Con Filtro,Negro,UltraLight,f,242
NIF-ARG-CAR-6,Pure Essence Chile,Sin Filtro,Negro,Normal,f,232
NIF-ARG-CAR-6,Mountain Mist Reino,Con Filtro,Rubio,UltraLight,f,155
NIF-ARG-CAR-6,Highland Peak Chile,Con Filtro,Negro,Normal,t,260
NIF-ARG-CAR-6,Highland Peak Chile,Con Filtro,Negro,Normal,f,175
NIF-ARG-CAR-6,Mountain Mist Japon,Con Filtro,Rubio,Light,f,451
NIF-ARG-CAR-6,Midnight Silk Argentina,Con Filtro,Rubio,Normal,f,342
NIF-ARG-CAR-6,Royal Blend Alemania,Con Filtro,Rubio,Normal,t,142
NIF-ARG-CAR-6,Royal Blend Reino,Con Filtro,Negro,SuperLight,f,287
NIF-ARG-CAR-7,Silver Lining Japon,Con Filtro,Negro,Normal,t,380
NIF-ARG-CAR-7,Urban Classic Chile,Con Filtro,Negro,SuperLight,f,427
NIF-ARG-CAR-7,Gold Leaf Reino,Con Filtro,Rubio,Normal,f,489
NIF-ARG-CAR-7,Pure Essence Japon,Sin Filtro,Negro,Normal,t,57
NIF-ARG-CAR-7,Ocean Breeze Argentina,Sin Filtro,Rubio,Normal,f,316
NIF-ARG-CAR-7,Gold Leaf Japon,Con Filtro,Rubio,UltraLight,f,331
NIF-ARG-CAR-7,Midnight Silk Chile,Con Filtro,Negro,UltraLight,f,387
NIF-ARG-CAR-7,Silver Lining Argentina,Con Filtro,Rubio,Normal,f,358
NIF-ARG-CAR-7,Gold Leaf Alemania,Sin Filtro,Negro,Normal,t,86
NIF-ARG-CAR-7,Ocean Breeze Argentina,Con Filtro,Negro,SuperLight,f,274
NIF-ARG-CAR-7,Ocean Breeze Chile,Sin Filtro,Negro,Normal,f,192
NIF-ARG-CAR-7,Mountain Mist Japon,Con Filtro,Negro,Normal,t,57
NIF-ARG-CAR-7,Gold Leaf Argentina,Con Filtro,Rubio,Normal,t,479
NIF-ARG-CAR-7,Gold Leaf Chile,Sin Filtro,Negro,Normal,t,355
NIF-ARG-CAR-7,Urban Classic Argentina,Con Filtro,Negro,Normal,f,240
NIF-ARG-CAR-8,Highland Peak Japon,Sin Filtro,Rubio,Normal,f,284
NIF-ARG-CAR-8,Highland Peak Japon,Con Filtro,Negro,Normal,f,403
NIF-ARG-CAR-8,Midnight Silk Reino,Con Filtro,Negro,SuperLight,f,119
NIF-ARG-CAR-8,Pure Essence Chile,Sin Filtro,Negro,Normal,f,261
NIF-ARG-CAR-8,Amber Haze Chile,Sin Filtro,Negro,Normal,f,160
NIF-ARG-CAR-8,Mountain Mist Argentina,Sin Filtro,Negro,Normal,t,149
NIF-ARG-CAR-8,Mountain Mist Japon,Con Filtro,Negro,Normal,t,459
NIF-ARG-CAR-8,Royal Blend Alemania,Sin Filtro,Rubio,Normal,t,217
NIF-ARG-CAR-8,Highland Peak Chile,Con Filtro,Negro,Normal,t,138
NIF-ARG-CAR-8,Midnight Silk Alemania,Sin Filtro,Rubio,Normal,t,107
NIF-ARG-CAR-8,Silver Lining Alemania,Con Filtro,Negro,Normal,t,475
NIF-ARG-CAR-8,Royal Blend Chile,Sin Filtro,Negro,Normal,t,484
NIF-ARG-CAR-8,Pure Essence Alemania,Sin Filtro,Rubio,Normal,f,151
NIF-ARG-CAR-8,Gold Leaf Reino,Con Filtro,Rubio,Normal,t,298
NIF-ARG-CAR-9,Highland Peak Alemania,Sin Filtro,Rubio,Normal,t,58
NIF-ARG-CAR-9,Silver Lining Alemania,Sin Filtro,Negro,Normal,f,291
NIF-ARG-CAR-9,Pure Essence Chile,Con Filtro,Rubio,Normal,t,238
NIF-ARG-CAR-9,Gold Leaf Japon,Sin Filtro,Negro,Normal,t,268
NIF-ARG-CAR-9,Amber Haze Reino,Sin Filtro,Rubio,Normal,f,88
NIF-ARG-CAR-9,Amber Haze Alemania,Sin Filtro,Rubio,Normal,f,224
NIF-ARG-CAR-9,Royal Blend Argentina,Con Filtro,Negro,SuperLight,f,67
NIF-ARG-CAR-9,Mountain Mist Alemania,Sin Filtro,Rubio,Normal,t,398
NIF-ARG-CAR-9,Ocean Breeze Reino,Con Filtro,Rubio,Normal,f,264
NIF-ARG-CAR-9,Mountain Mist Argentina,Sin Filtro,Negro,Normal,t,460
NIF-ARG-CAR-9,Pure Essence Argentina,Con Filtro,Rubio,SuperLight,f,309
NIF-ARG-CAR-9,Ocean Breeze Alemania,Con Filtro,Negro,SuperLight,f,460
NIF-ARG-CAR-9,Royal Blend Argentina,Con Filtro,Rubio,UltraLight,f,211
NIF-ARG-CAR-9,Highland Peak Chile,Sin Filtro,Negro,Normal,t,357
NIF-ARG-CAR-9,Silver Lining Chile,Con Filtro,Rubio,Light,f,72
NIF-ARG-CAR-9,Midnight Silk Argentina,Sin Filtro,Negro,Normal,t,361
NIF-ARG-CAR-9,Gold Leaf Alemania,Sin Filtro,Rubio,Normal,f,417
NIF-ARG-CAR-9,Midnight Silk Reino,Sin Filtro,Negro,Normal,f,159
NIF-ARG-CAR-9,Gold Leaf Japon,Con Filtro,Rubio,Normal,t,292
NIF-ARG-CAR-9,Midnight Silk Japon,Sin Filtro,Rubio,Normal,f,401
NIF-ARG-CAR-9,Highland Peak Argentina,Sin Filtro,Rubio,Normal,f,190
NIF-ARG-CAR-9,Mountain Mist Alemania,Con Filtro,Negro,Normal,t,464
NIF-ARG-CAR-9,Ocean Breeze Chile,Sin Filtro,Rubio,Normal,f,236
NIF-ARG-CAR-10,Ocean Breeze Alemania,Con Filtro,Negro,UltraLight,f,125
NIF-ARG-CAR-10,Ocean Breeze Japon,Con Filtro,Rubio,Normal,t,212
NIF-ARG-CAR-10,Highland Peak Reino,Sin Filtro,Negro,Normal,t,318
NIF-ARG-CAR-10,Silver Lining Japon,Sin Filtro,Negro,Normal,f,191
NIF-ARG-CAR-10,Urban Classic Alemania,Sin Filtro,Negro,Normal,f,287
NIF-ARG-CAR-10,Gold Leaf Argentina,Sin Filtro,Negro,Normal,t,124
NIF-ARG-CAR-10,Silver Lining Japon,Sin Filtro,Rubio,Normal,f,338
NIF-ARG-CAR-10,Amber Haze Chile,Sin Filtro,Rubio,Normal,t,286
NIF-ARG-CAR-10,Highland Peak Chile,Con Filtro,Negro,Normal,f,328
NIF-ARG-CAR-10,Ocean Breeze Argentina,Con Filtro,Rubio,Light,f,406
NIF-ARG-CAR-10,Gold Leaf Reino,Con Filtro,Rubio,Normal,t,352
NIF-ARG-CAR-10,Ocean Breeze Chile,Con Filtro,Negro,Normal,t,459
NIF-ARG-CAR-10,Royal Blend Reino,Con Filtro,Rubio,Normal,t,315
NIF-ARG-CAR-10,Highland Peak Alemania,Sin Filtro,Negro,Normal,t,161
NIF-ARG-CAR-10,Pure Essence Alemania,Sin Filtro,Negro,Normal,f,335
NIF-ARG-CAR-11,Silver Lining Alemania,Con Filtro,Negro,Normal,t,58
NIF-ARG-CAR-11,Urban Classic Chile,Sin Filtro,Negro,Normal,f,134
NIF-ARG-CAR-11,Urban Classic Alemania,Sin Filtro,Rubio,Normal,t,280
NIF-ARG-CAR-11,Highland Peak Japon,Con Filtro,Negro,Normal,f,485
NIF-ARG-CAR-11,Silver Lining Japon,Con Filtro,Rubio,Normal,f,132
NIF-ARG-CAR-11,Royal Blend Reino,Con Filtro,Negro,Normal,t,456
NIF-ARG-CAR-11,Silver Lining Chile,Con Filtro,Negro,SuperLight,f,321
NIF-ARG-CAR-11,Royal Blend Argentina,Con Filtro,Negro,Light,f,385
NIF-ARG-CAR-11,Highland Peak Alemania,Con Filtro,Rubio,Normal,f,496
NIF-ARG-CAR-11,Ocean Breeze Chile,Con Filtro,Negro,Normal,t,115
NIF-ARG-CAR-11,Pure Essence Argentina,Sin Filtro,Negro,Normal,t,452
NIF-ARG-CAR-11,Mountain Mist Reino,Sin Filtro,Negro,Normal,f,82
NIF-ARG-CAR-11,Silver Lining Reino,Sin Filtro,Negro,Normal,f,251
NIF-ARG-CAR-11,Pure Essence Argentina,Con Filtro,Rubio,Normal,t,140
NIF-ARG-CAR-11,Midnight Silk Reino,Sin Filtro,Rubio,Normal,t,124
NIF-ARG-CAR-11,Royal Blend Japon,Sin Filtro,Rubio,Normal,t,352
NIF-ARG-CAR-11,Amber Haze Alemania,Sin Filtro,Negro,Normal,t,184
NIF-ARG-CAR-11,Gold Leaf Chile,Sin Filtro,Rubio,Normal,f,68
NIF-ARG-CAR-11,Urban Classic Alemania,Sin Filtro,Rubio,Normal,f,414
NIF-ARG-CAR-11,Silver Lining Argentina,Con Filtro,Negro,Normal,t,372
NIF-ARG-CAR-11,Urban Classic Chile,Sin Filtro,Rubio,Normal,f,217
NIF-ARG-CAR-11,Ocean Breeze Reino,Sin Filtro,Negro,Normal,f,385
NIF-ARG-CAR-11,Ocean Breeze Argentina,Sin Filtro,Rubio,Normal,f,432
NIF-ARG-CAR-11,Ocean Breeze Reino,Sin Filtro,Negro,Normal,t,209
NIF-ARG-CAR-11,Royal Blend Reino,Con Filtro,Negro,Light,f,330
NIF-ARG-CAR-11,Ocean Breeze Reino,Sin Filtro,Rubio,Normal,f,490
NIF-ARG-CAR-11,Mountain Mist Alemania,Sin Filtro,Rubio,Normal,f,209
NIF-ARG-CAR-12,Silver Lining Japon,Con Filtro,Negro,UltraLight,f,98
NIF-ARG-CAR-12,Mountain Mist Alemania,Sin Filtro,Negro,Normal,t,97
NIF-ARG-CAR-12,Urban Classic Reino,Con Filtro,Negro,Normal,t,129
NIF-ARG-CAR-12,Amber Haze Japon,Con Filtro,Rubio,Normal,t,486
NIF-ARG-CAR-12,Pure Essence Japon,Sin Filtro,Rubio,Normal,f,130
NIF-ARG-CAR-12,Pure Essence Reino,Sin Filtro,Negro,Normal,f,69
NIF-ARG-CAR-12,Amber Haze Alemania,Sin Filtro,Rubio,Normal,t,316
NIF-ARG-CAR-12,Urban Classic Alemania,Sin Filtro,Negro,Normal,f,298
NIF-ARG-CAR-12,Midnight Silk Reino,Con Filtro,Rubio,SuperLight,f,348
NIF-ARG-CAR-12,Amber Haze Chile,Sin Filtro,Negro,Normal,f,178
NIF-ARG-CAR-12,Highland Peak Japon,Con Filtro,Rubio,Light,f,170
NIF-ARG-CAR-12,Royal Blend Chile,Sin Filtro,Negro,Normal,f,60
NIF-ARG-CAR-12,Gold Leaf Alemania,Sin Filtro,Negro,Normal,t,430
NIF-ARG-CAR-12,Silver Lining Alemania,Sin Filtro,Rubio,Normal,f,315
NIF-ARG-CAR-12,Amber Haze Alemania,Con Filtro,Negro,Normal,t,246
NIF-ARG-CAR-12,Midnight Silk Chile,Sin Filtro,Rubio,Normal,f,399
NIF-ARG-CAR-12,Amber Haze Chile,Con Filtro,Rubio,Light,f,343
NIF-ARG-CAR-12,Highland Peak Japon,Sin Filtro,Rubio,Normal,f,56
NIF-ARG-CAR-12,Gold Leaf Alemania,Sin Filtro,Rubio,Normal,f,215
NIF-ARG-CAR-12,Midnight Silk Reino,Con Filtro,Negro,Normal,t,388
NIF-ARG-CAR-12,Pure Essence Alemania,Sin Filtro,Rubio,Normal,t,153
NIF-ARG-CAR-13,Silver Lining Argentina,Con Filtro,Rubio,Normal,t,344
NIF-ARG-CAR-13,Amber Haze Japon,Con Filtro,Rubio,Normal,t,284
NIF-ARG-CAR-13,Royal Blend Alemania,Con Filtro,Rubio,Normal,t,220
NIF-ARG-CAR-13,Urban Classic Reino,Con Filtro,Negro,Normal,t,475
NIF-ARG-CAR-13,Royal Blend Reino,Con Filtro,Negro,Light,f,137
NIF-ARG-CAR-13,Pure Essence Reino,Con Filtro,Negro,Normal,t,338
NIF-ARG-CAR-13,Silver Lining Argentina,Sin Filtro,Rubio,Normal,f,305
NIF-ARG-CAR-13,Ocean Breeze Chile,Sin Filtro,Rubio,Normal,f,456
NIF-ARG-CAR-13,Gold Leaf Reino,Con Filtro,Rubio,Normal,t,420
NIF-ARG-CAR-13,Highland Peak Argentina,Con Filtro,Rubio,Normal,f,216
NIF-ARG-CAR-13,Silver Lining Chile,Con Filtro,Negro,Normal,t,129
NIF-ARG-CAR-13,Mountain Mist Argentina,Sin Filtro,Negro,Normal,t,403
NIF-ARG-CAR-13,Silver Lining Japon,Con Filtro,Rubio,Normal,f,104
NIF-ARG-CAR-13,Gold Leaf Chile,Sin Filtro,Rubio,Normal,f,442
NIF-ARG-CAR-13,Amber Haze Reino,Sin Filtro,Rubio,Normal,f,283
NIF-ARG-CAR-13,Midnight Silk Japon,Con Filtro,Rubio,Normal,f,319
NIF-ARG-CAR-13,Midnight Silk Chile,Con Filtro,Negro,Normal,t,185
NIF-ARG-CAR-13,Urban Classic Japon,Sin Filtro,Rubio,Normal,t,232
NIF-ARG-CAR-13,Gold Leaf Reino,Con Filtro,Negro,Light,f,427
NIF-ARG-CAR-13,Silver Lining Alemania,Sin Filtro,Negro,Normal,f,306
NIF-ARG-CAR-13,Pure Essence Reino,Sin Filtro,Negro,Normal,f,124
NIF-ARG-CAR-13,Ocean Breeze Japon,Sin Filtro,Negro,Normal,f,391
NIF-ARG-CAR-13,Amber Haze Argentina,Sin Filtro,Rubio,Normal,t,124
NIF-ARG-CAR-13,Ocean Breeze Argentina,Con Filtro,Negro,Normal,t,116
NIF-ARG-CAR-13,Gold Leaf Japon,Sin Filtro,Rubio,Normal,t,138
NIF-ARG-CAR-13,Ocean Breeze Reino,Con Filtro,Negro,Normal,t,102
NIF-ARG-CAR-13,Mountain Mist Argentina,Sin Filtro,Rubio,Normal,t,89
NIF-ARG-CAR-13,Amber Haze Argentina,Sin Filtro,Rubio,Normal,f,56
NIF-ARG-CAR-13,Mountain Mist Chile,Sin Filtro,Rubio,Normal,f,126
NIF-ARG-CAR-14,Highland Peak Argentina,Sin Filtro,Rubio,Normal,f,472
NIF-ARG-CAR-14,Highland Peak Alemania,Con Filtro,Negro,Normal,f,487
NIF-ARG-CAR-14,Gold Leaf Alemania,Sin Filtro,Rubio,Normal,f,407
NIF-ARG-CAR-14,Pure Essence Japon,Con Filtro,Negro,Light,f,355
NIF-ARG-CAR-14,Pure Essence Argentina,Con Filtro,Rubio,UltraLight,f,373
NIF-ARG-CAR-14,Royal Blend Chile,Con Filtro,Rubio,Normal,t,290
NIF-ARG-CAR-14,Urban Classic Alemania,Sin Filtro,Negro,Normal,t,399
NIF-ARG-CAR-14,Ocean Breeze Reino,Sin Filtro,Negro,Normal,t,197
NIF-ARG-CAR-14,Royal Blend Japon,Sin Filtro,Negro,Normal,f,435
NIF-ARG-CAR-14,Urban Classic Japon,Sin Filtro,Negro,Normal,f,79
NIF-ARG-CAR-14,Royal Blend Alemania,Sin Filtro,Rubio,Normal,t,387
NIF-ARG-CAR-14,Gold Leaf Japon,Con Filtro,Negro,SuperLight,f,303
NIF-ARG-CAR-14,Royal Blend Alemania,Con Filtro,Negro,Normal,t,138
NIF-ARG-CAR-14,Ocean Breeze Alemania,Con Filtro,Negro,Light,f,133
NIF-ARG-CAR-14,Amber Haze Alemania,Con Filtro,Negro,Normal,f,462
NIF-ARG-CAR-14,Mountain Mist Argentina,Sin Filtro,Negro,Normal,t,249
NIF-ARG-CAR-14,Midnight Silk Japon,Con Filtro,Negro,SuperLight,f,113
NIF-ARG-CAR-14,Ocean Breeze Alemania,Sin Filtro,Negro,Normal,t,398
NIF-ARG-CAR-14,Ocean Breeze Reino,Sin Filtro,Negro,Normal,t,157
NIF-ARG-CAR-14,Amber Haze Reino,Sin Filtro,Rubio,Normal,t,159
NIF-ARG-CAR-14,Gold Leaf Japon,Sin Filtro,Rubio,Normal,t,490
NIF-ARG-CAR-14,Gold Leaf Japon,Con Filtro,Rubio,Normal,t,260
NIF-ARG-CAR-14,Ocean Breeze Chile,Sin Filtro,Negro,Normal,f,424
NIF-ARG-CAR-14,Pure Essence Reino,Con Filtro,Rubio,Normal,f,323
NIF-ARG-CAR-14,Gold Leaf Chile,Sin Filtro,Rubio,Normal,t,193
NIF-ARG-CAR-14,Ocean Breeze Japon,Con Filtro,Rubio,Normal,f,52
NIF-ARG-CAR-14,Midnight Silk Argentina,Sin Filtro,Negro,Normal,f,77
NIF-ARG-CAR-14,Mountain Mist Argentina,Sin Filtro,Negro,Normal,f,56
NIF-ARG-CAR-14,Pure Essence Alemania,Sin Filtro,Negro,Normal,f,223
NIF-ARG-CAR-15,Gold Leaf Argentina,Con Filtro,Rubio,Light,f,297
NIF-ARG-CAR-15,Royal Blend Alemania,Con Filtro,Negro,Normal,t,74
NIF-ARG-CAR-15,Urban Classic Chile,Sin Filtro,Negro,Normal,t,283
NIF-ARG-CAR-15,Ocean Breeze Chile,Con Filtro,Rubio,UltraLight,f,138
NIF-ARG-CAR-15,Ocean Breeze Chile,Sin Filtro,Negro,Normal,f,134
NIF-ARG-CAR-15,Urban Classic Reino,Con Filtro,Rubio,Normal,t,251
NIF-ARG-CAR-15,Pure Essence Chile,Con Filtro,Rubio,Normal,t,90
NIF-ARG-CAR-15,Ocean Breeze Alemania,Con Filtro,Rubio,Normal,t,381
NIF-ARG-CAR-15,Highland Peak Chile,Con Filtro,Negro,Normal,f,121
NIF-ARG-CAR-15,Silver Lining Argentina,Con Filtro,Negro,Light,f,113
NIF-ARG-CAR-15,Mountain Mist Reino,Sin Filtro,Negro,Normal,t,226
NIF-ARG-CAR-15,Amber Haze Chile,Con Filtro,Rubio,SuperLight,f,56
NIF-ARG-CAR-15,Mountain Mist Argentina,Sin Filtro,Negro,Normal,t,268
NIF-ARG-CAR-15,Urban Classic Reino,Sin Filtro,Negro,Normal,f,330
NIF-ARG-CAR-15,Ocean Breeze Alemania,Sin Filtro,Negro,Normal,t,417
NIF-ARG-CAR-15,Ocean Breeze Japon,Con Filtro,Rubio,Normal,f,499
NIF-ARG-CAR-15,Gold Leaf Chile,Sin Filtro,Negro,Normal,t,126
NIF-ARG-CAR-15,Gold Leaf Chile,Con Filtro,Rubio,UltraLight,f,126
NIF-ARG-CAR-15,Highland Peak Chile,Con Filtro,Rubio,Normal,f,131
NIF-ARG-CAR-15,Urban Classic Chile,Con Filtro,Negro,UltraLight,f,363
NIF-ARG-CAR-15,Pure Essence Alemania,Sin Filtro,Rubio,Normal,t,316
NIF-ARG-CAR-15,Royal Blend Reino,Con Filtro,Negro,SuperLight,f,146
NIF-ARG-CAR-15,Pure Essence Alemania,Sin Filtro,Rubio,Normal,t,158
NIF-ARG-CAR-15,Highland Peak Reino,Sin Filtro,Negro,Normal,t,112
NIF-ARG-CAR-15,Urban Classic Reino,Con Filtro,Rubio,Normal,f,363
NIF-ARG-CAR-15,Highland Peak Argentina,Sin Filtro,Rubio,Normal,f,179
NIF-ARG-CAR-15,Silver Lining Reino,Con Filtro,Negro,Normal,t,123
NIF-ARG-CAR-15,Highland Peak Reino,Con Filtro,Negro,SuperLight,f,469
NIF-ARG-CAR-15,Silver Lining Japon,Con Filtro,Rubio,Normal,f,449
NIF-ARG-CAR-15,Mountain Mist Chile,Sin Filtro,Rubio,Normal,t,339
NIF-ARG-ALT-1,Urban Classic Chile,Con Filtro,Negro,UltraLight,f,361
NIF-ARG-ALT-1,Pure Essence Japon,Sin Filtro,Negro,Normal,t,414
NIF-ARG-ALT-1,Midnight Silk Argentina,Sin Filtro,Negro,Normal,f,363
NIF-ARG-ALT-1,Ocean Breeze Japon,Sin Filtro,Rubio,Normal,t,390
NIF-ARG-ALT-1,Midnight Silk Argentina,Sin Filtro,Rubio,Normal,t,193
NIF-ARG-ALT-1,Silver Lining Argentina,Con Filtro,Rubio,Normal,t,159
NIF-ARG-ALT-1,Urban Classic Alemania,Sin Filtro,Rubio,Normal,t,278
NIF-ARG-ALT-1,Gold Leaf Alemania,Sin Filtro,Rubio,Normal,f,301
NIF-ARG-ALT-1,Midnight Silk Chile,Con Filtro,Rubio,Normal,t,173
NIF-ARG-ALT-1,Royal Blend Chile,Con Filtro,Rubio,Normal,t,223
NIF-ARG-ALT-1,Amber Haze Japon,Con Filtro,Rubio,SuperLight,f,260
NIF-ARG-ALT-2,Ocean Breeze Reino,Sin Filtro,Negro,Normal,t,243
NIF-ARG-ALT-2,Amber Haze Reino,Sin Filtro,Rubio,Normal,t,305
NIF-ARG-ALT-2,Silver Lining Chile,Con Filtro,Negro,SuperLight,f,125
NIF-ARG-ALT-2,Ocean Breeze Chile,Sin Filtro,Negro,Normal,f,160
NIF-ARG-ALT-2,Silver Lining Alemania,Con Filtro,Negro,Normal,t,355
NIF-ARG-ALT-2,Highland Peak Argentina,Sin Filtro,Rubio,Normal,f,213
NIF-ARG-ALT-2,Silver Lining Argentina,Con Filtro,Negro,Light,f,436
NIF-ARG-ALT-2,Highland Peak Argentina,Con Filtro,Negro,Normal,t,479
NIF-ARG-ALT-2,Amber Haze Japon,Con Filtro,Rubio,Light,f,294
NIF-ARG-ALT-2,Amber Haze Argentina,Con Filtro,Negro,Normal,t,434
NIF-ARG-ALT-2,Mountain Mist Argentina,Sin Filtro,Rubio,Normal,t,298
NIF-ARG-ALT-2,Ocean Breeze Chile,Con Filtro,Negro,Normal,t,333
NIF-ARG-ALT-2,Highland Peak Chile,Con Filtro,Negro,Normal,t,175
NIF-ARG-ALT-2,Urban Classic Reino,Sin Filtro,Negro,Normal,t,475
NIF-ARG-ALT-2,Amber Haze Chile,Sin Filtro,Negro,Normal,f,58
NIF-ARG-ALT-2,Gold Leaf Japon,Sin Filtro,Rubio,Normal,t,69
NIF-ARG-ALT-2,Gold Leaf Reino,Sin Filtro,Rubio,Normal,t,408
NIF-ARG-ALT-2,Silver Lining Reino,Con Filtro,Negro,SuperLight,f,474
NIF-ARG-ALT-2,Royal Blend Reino,Con Filtro,Rubio,Normal,t,70
NIF-ARG-ALT-2,Highland Peak Reino,Sin Filtro,Negro,Normal,t,392
NIF-ARG-ALT-2,Urban Classic Chile,Sin Filtro,Rubio,Normal,f,88
NIF-ARG-ALT-2,Ocean Breeze Alemania,Sin Filtro,Negro,Normal,t,130
NIF-ARG-ALT-2,Mountain Mist Alemania,Sin Filtro,Negro,Normal,t,161
NIF-ARG-ALT-2,Silver Lining Japon,Sin Filtro,Negro,Normal,f,478
NIF-ARG-ALT-2,Ocean Breeze Chile,Sin Filtro,Negro,Normal,f,345
NIF-ARG-ALT-2,Ocean Breeze Chile,Con Filtro,Rubio,UltraLight,f,91
NIF-ARG-ALT-2,Ocean Breeze Japon,Sin Filtro,Rubio,Normal,t,256
NIF-ARG-ALT-2,Amber Haze Argentina,Con Filtro,Negro,Normal,t,346
NIF-ARG-ALT-3,Highland Peak Chile,Con Filtro,Negro,Normal,f,298
NIF-ARG-ALT-3,Mountain Mist Chile,Sin Filtro,Rubio,Normal,t,139
NIF-ARG-ALT-3,Gold Leaf Reino,Con Filtro,Rubio,Normal,f,214
NIF-ARG-ALT-3,Amber Haze Alemania,Sin Filtro,Negro,Normal,t,344
NIF-ARG-ALT-3,Ocean Breeze Alemania,Sin Filtro,Rubio,Normal,t,204
NIF-ARG-ALT-3,Urban Classic Japon,Con Filtro,Negro,Normal,t,61
NIF-ARG-ALT-3,Mountain Mist Argentina,Sin Filtro,Negro,Normal,t,443
NIF-ARG-ALT-3,Royal Blend Japon,Sin Filtro,Negro,Normal,t,286
NIF-ARG-ALT-3,Midnight Silk Chile,Con Filtro,Negro,UltraLight,f,250
NIF-ARG-ALT-3,Ocean Breeze Reino,Sin Filtro,Negro,Normal,t,360
NIF-ARG-ALT-3,Royal Blend Japon,Sin Filtro,Rubio,Normal,t,169
NIF-ARG-ALT-3,Midnight Silk Reino,Con Filtro,Negro,Normal,t,472
NIF-ARG-ALT-3,Pure Essence Argentina,Con Filtro,Rubio,Normal,t,213
NIF-ARG-ALT-4,Ocean Breeze Chile,Con Filtro,Negro,Normal,t,338
NIF-ARG-ALT-4,Pure Essence Reino,Sin Filtro,Negro,Normal,f,375
NIF-ARG-ALT-4,Royal Blend Chile,Con Filtro,Rubio,SuperLight,f,297
NIF-ARG-ALT-4,Pure Essence Alemania,Con Filtro,Negro,Normal,f,197
NIF-ARG-ALT-4,Silver Lining Chile,Con Filtro,Negro,SuperLight,f,445
NIF-ARG-ALT-4,Silver Lining Argentina,Con Filtro,Negro,Normal,t,203
NIF-ARG-ALT-4,Pure Essence Japon,Con Filtro,Negro,Light,f,340
NIF-ARG-ALT-4,Pure Essence Argentina,Sin Filtro,Rubio,Normal,t,329
NIF-ARG-ALT-4,Midnight Silk Argentina,Sin Filtro,Negro,Normal,t,190
NIF-ARG-ALT-4,Silver Lining Reino,Con Filtro,Negro,UltraLight,f,344
NIF-ARG-ALT-4,Highland Peak Argentina,Sin Filtro,Rubio,Normal,f,497
NIF-ARG-ALT-4,Ocean Breeze Reino,Con Filtro,Negro,Normal,t,472
NIF-ARG-ALT-4,Gold Leaf Chile,Sin Filtro,Rubio,Normal,f,389
NIF-ARG-ALT-4,Silver Lining Alemania,Sin Filtro,Negro,Normal,t,490
NIF-ARG-ALT-4,Urban Classic Reino,Sin Filtro,Rubio,Normal,f,394
NIF-ARG-ALT-4,Highland Peak Japon,Sin Filtro,Rubio,Normal,f,167
NIF-ARG-ALT-4,Highland Peak Reino,Con Filtro,Rubio,Normal,t,345
NIF-ARG-ALT-4,Silver Lining Argentina,Con Filtro,Rubio,Normal,t,445
NIF-ARG-ALT-4,Midnight Silk Argentina,Sin Filtro,Rubio,Normal,f,430
NIF-ARG-ALT-4,Mountain Mist Chile,Sin Filtro,Rubio,Normal,f,261
NIF-ARG-ALT-4,Royal Blend Japon,Sin Filtro,Negro,Normal,f,98
NIF-ARG-ALT-4,Highland Peak Chile,Con Filtro,Negro,Normal,t,196
NIF-ARG-ALT-4,Royal Blend Reino,Con Filtro,Negro,Normal,f,56
NIF-ARG-ALT-4,Highland Peak Reino,Sin Filtro,Negro,Normal,t,67
NIF-ARG-ALT-4,Midnight Silk Alemania,Sin Filtro,Negro,Normal,t,192
NIF-ARG-ALT-4,Ocean Breeze Japon,Sin Filtro,Rubio,Normal,t,262
NIF-ARG-ALT-4,Gold Leaf Reino,Con Filtro,Rubio,Normal,t,106
NIF-ARG-ALT-4,Ocean Breeze Alemania,Sin Filtro,Rubio,Normal,t,380
NIF-ARG-ALT-4,Midnight Silk Argentina,Sin Filtro,Rubio,Normal,t,112
NIF-ARG-ALT-4,Ocean Breeze Japon,Sin Filtro,Rubio,Normal,t,105
NIF-ARG-ALT-5,Amber Haze Chile,Sin Filtro,Rubio,Normal,f,288
NIF-ARG-ALT-5,Silver Lining Chile,Con Filtro,Rubio,Light,f,324
NIF-ARG-ALT-5,Silver Lining Reino,Con Filtro,Negro,Normal,t,392
NIF-ARG-ALT-5,Royal Blend Alemania,Con Filtro,Negro,Normal,t,166
NIF-ARG-ALT-5,Ocean Breeze Alemania,Sin Filtro,Negro,Normal,t,67
NIF-ARG-ALT-5,Highland Peak Alemania,Con Filtro,Rubio,UltraLight,f,223
NIF-ARG-ALT-5,Amber Haze Chile,Sin Filtro,Rubio,Normal,t,390
NIF-ARG-ALT-5,Highland Peak Chile,Con Filtro,Negro,Normal,t,178
NIF-ARG-ALT-5,Ocean Breeze Chile,Con Filtro,Rubio,Normal,t,103
NIF-ARG-ALT-5,Amber Haze Argentina,Con Filtro,Negro,SuperLight,f,402
NIF-ARG-ALT-5,Silver Lining Argentina,Con Filtro,Rubio,Normal,t,339
NIF-ARG-ALT-5,Amber Haze Reino,Sin Filtro,Rubio,Normal,f,483
NIF-ARG-ALT-5,Ocean Breeze Reino,Sin Filtro,Negro,Normal,t,118
NIF-ARG-ALT-5,Pure Essence Japon,Sin Filtro,Negro,Normal,f,361
NIF-ARG-ALT-5,Royal Blend Reino,Sin Filtro,Rubio,Normal,f,154
NIF-ARG-ALT-5,Silver Lining Argentina,Con Filtro,Rubio,Normal,t,482
NIF-ARG-ALT-5,Mountain Mist Alemania,Sin Filtro,Negro,Normal,f,191
NIF-ARG-ALT-5,Urban Classic Japon,Con Filtro,Negro,SuperLight,f,73
NIF-ARG-ALT-5,Highland Peak Chile,Con Filtro,Rubio,SuperLight,f,298
NIF-ARG-ALT-5,Silver Lining Chile,Sin Filtro,Negro,Normal,f,123
NIF-ARG-ALT-5,Pure Essence Japon,Sin Filtro,Negro,Normal,t,334
NIF-ARG-ALT-5,Urban Classic Japon,Con Filtro,Negro,Normal,t,384
NIF-ARG-ALT-5,Silver Lining Alemania,Sin Filtro,Negro,Normal,f,463
NIF-ARG-ALT-5,Silver Lining Argentina,Con Filtro,Rubio,Normal,t,208
NIF-ARG-ALT-5,Royal Blend Japon,Sin Filtro,Negro,Normal,t,120
NIF-ARG-ALT-6,Gold Leaf Reino,Sin Filtro,Rubio,Normal,f,256
NIF-ARG-ALT-6,Midnight Silk Japon,Con Filtro,Rubio,Normal,f,170
NIF-ARG-ALT-6,Royal Blend Reino,Sin Filtro,Rubio,Normal,t,335
NIF-ARG-ALT-6,Silver Lining Reino,Sin Filtro,Negro,Normal,f,238
NIF-ARG-ALT-6,Midnight Silk Alemania,Sin Filtro,Rubio,Normal,t,337
NIF-ARG-ALT-6,Pure Essence Chile,Sin Filtro,Negro,Normal,f,247
NIF-ARG-ALT-6,Amber Haze Argentina,Con Filtro,Rubio,Light,f,102
NIF-ARG-ALT-6,Ocean Breeze Chile,Con Filtro,Negro,Normal,f,345
NIF-ARG-ALT-6,Silver Lining Alemania,Sin Filtro,Negro,Normal,f,425
NIF-ARG-ALT-6,Gold Leaf Japon,Sin Filtro,Rubio,Normal,t,52
NIF-ARG-ALT-7,Midnight Silk Reino,Sin Filtro,Rubio,Normal,t,379
NIF-ARG-ALT-7,Pure Essence Japon,Con Filtro,Negro,UltraLight,f,373
NIF-ARG-ALT-7,Amber Haze Argentina,Con Filtro,Negro,Normal,t,154
NIF-ARG-ALT-7,Mountain Mist Alemania,Sin Filtro,Negro,Normal,f,376
NIF-ARG-ALT-7,Highland Peak Chile,Con Filtro,Negro,Normal,t,249
NIF-ARG-ALT-7,Pure Essence Japon,Con Filtro,Negro,Light,f,400
NIF-ARG-ALT-7,Pure Essence Chile,Sin Filtro,Negro,Normal,f,267
NIF-ARG-ALT-7,Pure Essence Argentina,Sin Filtro,Rubio,Normal,t,483
NIF-ARG-ALT-7,Royal Blend Chile,Con Filtro,Rubio,SuperLight,f,141
NIF-ARG-ALT-7,Royal Blend Japon,Sin Filtro,Negro,Normal,t,366
NIF-ARG-ALT-7,Silver Lining Japon,Con Filtro,Rubio,Light,f,85
NIF-ARG-ALT-7,Amber Haze Japon,Sin Filtro,Negro,Normal,t,184
NIF-ARG-ALT-7,Amber Haze Chile,Sin Filtro,Rubio,Normal,f,208
NIF-ARG-ALT-7,Mountain Mist Chile,Con Filtro,Negro,Normal,t,340
NIF-ARG-ALT-7,Gold Leaf Argentina,Sin Filtro,Negro,Normal,f,396
NIF-ARG-ALT-7,Midnight Silk Japon,Sin Filtro,Rubio,Normal,f,84
NIF-ARG-ALT-7,Silver Lining Japon,Con Filtro,Negro,SuperLight,f,463
NIF-ARG-ALT-8,Gold Leaf Reino,Con Filtro,Rubio,Normal,f,481
NIF-ARG-ALT-8,Highland Peak Chile,Con Filtro,Negro,Normal,f,56
NIF-ARG-ALT-8,Silver Lining Chile,Con Filtro,Negro,SuperLight,f,117
NIF-ARG-ALT-8,Silver Lining Argentina,Con Filtro,Negro,Normal,t,257
NIF-ARG-ALT-8,Silver Lining Reino,Con Filtro,Negro,UltraLight,f,437
NIF-ARG-ALT-8,Ocean Breeze Reino,Sin Filtro,Negro,Normal,t,243
NIF-ARG-ALT-8,Gold Leaf Reino,Con Filtro,Rubio,Normal,t,420
NIF-ARG-ALT-8,Ocean Breeze Reino,Sin Filtro,Negro,Normal,t,367
NIF-ARG-ALT-8,Midnight Silk Argentina,Sin Filtro,Rubio,Normal,t,282
NIF-ARG-ALT-8,Mountain Mist Alemania,Sin Filtro,Negro,Normal,t,333
NIF-ARG-ALT-8,Pure Essence Reino,Con Filtro,Rubio,Normal,f,448
NIF-ARG-ALT-8,Pure Essence Alemania,Con Filtro,Rubio,UltraLight,f,182
NIF-ARG-ALT-8,Amber Haze Argentina,Con Filtro,Rubio,Light,f,158
NIF-ARG-ALT-8,Pure Essence Alemania,Sin Filtro,Rubio,Normal,t,163
NIF-ARG-ALT-8,Midnight Silk Reino,Sin Filtro,Rubio,Normal,f,196
NIF-ARG-ALT-8,Silver Lining Chile,Sin Filtro,Negro,Normal,f,364
NIF-ARG-ALT-8,Midnight Silk Argentina,Sin Filtro,Rubio,Normal,t,96
NIF-ARG-ALT-8,Pure Essence Argentina,Con Filtro,Rubio,Normal,t,138
NIF-ARG-ALT-8,Pure Essence Chile,Sin Filtro,Negro,Normal,f,406
NIF-ARG-ALT-8,Gold Leaf Argentina,Sin Filtro,Rubio,Normal,t,313
NIF-ARG-ALT-8,Royal Blend Chile,Con Filtro,Rubio,Normal,t,358
NIF-ARG-ALT-8,Midnight Silk Japon,Sin Filtro,Negro,Normal,f,50
NIF-ARG-ALT-8,Midnight Silk Alemania,Sin Filtro,Negro,Normal,f,68
NIF-ARG-ALT-8,Ocean Breeze Argentina,Con Filtro,Negro,Normal,t,328
NIF-ARG-ALT-8,Royal Blend Argentina,Con Filtro,Negro,SuperLight,f,129
NIF-ARG-ALT-9,Pure Essence Argentina,Con Filtro,Negro,Normal,t,274
NIF-ARG-ALT-9,Urban Classic Argentina,Con Filtro,Negro,Normal,f,254
NIF-ARG-ALT-9,Highland Peak Argentina,Sin Filtro,Rubio,Normal,f,469
NIF-ARG-ALT-9,Urban Classic Chile,Sin Filtro,Rubio,Normal,f,412
NIF-ARG-ALT-9,Pure Essence Chile,Con Filtro,Negro,Normal,t,177
NIF-ARG-ALT-9,Midnight Silk Japon,Sin Filtro,Rubio,Normal,f,387
NIF-ARG-ALT-9,Ocean Breeze Alemania,Con Filtro,Negro,UltraLight,f,175
NIF-ARG-ALT-9,Silver Lining Argentina,Con Filtro,Negro,Normal,t,437
NIF-ARG-ALT-9,Pure Essence Alemania,Sin Filtro,Rubio,Normal,t,300
NIF-ARG-ALT-9,Highland Peak Alemania,Sin Filtro,Rubio,Normal,t,452
NIF-ARG-ALT-9,Amber Haze Alemania,Sin Filtro,Negro,Normal,t,192
NIF-ARG-ALT-9,Silver Lining Japon,Sin Filtro,Rubio,Normal,f,446
NIF-ARG-ALT-9,Royal Blend Alemania,Con Filtro,Negro,Normal,t,184
NIF-ARG-ALT-9,Mountain Mist Reino,Sin Filtro,Negro,Normal,f,168
NIF-ARG-ALT-9,Midnight Silk Alemania,Sin Filtro,Negro,Normal,f,132
NIF-ARG-ALT-9,Royal Blend Chile,Con Filtro,Rubio,UltraLight,f,366
NIF-ARG-ALT-9,Amber Haze Reino,Con Filtro,Negro,Normal,t,216
NIF-ARG-ALT-9,Urban Classic Alemania,Con Filtro,Negro,Normal,t,333
NIF-ARG-ALT-9,Gold Leaf Chile,Sin Filtro,Negro,Normal,f,494
NIF-ARG-ALT-9,Highland Peak Chile,Con Filtro,Rubio,SuperLight,f,442
NIF-ARG-ALT-9,Ocean Breeze Argentina,Con Filtro,Negro,Normal,t,90
NIF-ARG-ALT-9,Royal Blend Argentina,Con Filtro,Rubio,Light,f,357
NIF-ARG-ALT-9,Pure Essence Alemania,Con Filtro,Rubio,UltraLight,f,52
NIF-ARG-ALT-9,Amber Haze Chile,Sin Filtro,Rubio,Normal,t,197
NIF-ARG-ALT-9,Gold Leaf Argentina,Con Filtro,Rubio,Normal,t,64
NIF-ARG-ALT-9,Amber Haze Chile,Sin Filtro,Rubio,Normal,f,446
NIF-ARG-ALT-10,Midnight Silk Argentina,Sin Filtro,Negro,Normal,f,496
NIF-ARG-ALT-10,Amber Haze Argentina,Con Filtro,Negro,Normal,t,329
NIF-ARG-ALT-10,Ocean Breeze Japon,Con Filtro,Rubio,Normal,t,374
NIF-ARG-ALT-10,Highland Peak Reino,Con Filtro,Rubio,Normal,t,324
NIF-ARG-ALT-10,Urban Classic Argentina,Con Filtro,Negro,Normal,f,449
NIF-ARG-ALT-10,Mountain Mist Alemania,Sin Filtro,Negro,Normal,f,372
NIF-ARG-ALT-10,Amber Haze Chile,Con Filtro,Rubio,SuperLight,f,445
NIF-ARG-ALT-10,Royal Blend Alemania,Con Filtro,Rubio,Normal,t,131
NIF-ARG-ALT-10,Highland Peak Chile,Con Filtro,Negro,Normal,t,317
NIF-ARG-ALT-10,Urban Classic Japon,Con Filtro,Negro,SuperLight,f,205
NIF-ARG-ALT-10,Royal Blend Alemania,Sin Filtro,Rubio,Normal,t,461
NIF-ARG-ALT-10,Ocean Breeze Argentina,Con Filtro,Negro,SuperLight,f,100
NIF-ARG-ALT-10,Urban Classic Argentina,Con Filtro,Rubio,Normal,t,349
NIF-ARG-ALT-10,Silver Lining Japon,Sin Filtro,Negro,Normal,f,255
NIF-ARG-ALT-10,Urban Classic Argentina,Sin Filtro,Negro,Normal,f,435
NIF-ARG-ALT-10,Royal Blend Japon,Sin Filtro,Rubio,Normal,t,145
NIF-ARG-ALT-10,Urban Classic Chile,Sin Filtro,Rubio,Normal,f,396
NIF-ARG-ALT-10,Ocean Breeze Argentina,Con Filtro,Rubio,Normal,t,244
NIF-ARG-ALT-10,Silver Lining Chile,Con Filtro,Rubio,Normal,t,215
NIF-ARG-ALT-11,Urban Classic Reino,Con Filtro,Negro,Normal,t,337
NIF-ARG-ALT-11,Silver Lining Argentina,Sin Filtro,Negro,Normal,t,425
NIF-ARG-ALT-11,Mountain Mist Reino,Con Filtro,Negro,SuperLight,f,175
NIF-ARG-ALT-11,Silver Lining Reino,Con Filtro,Negro,UltraLight,f,88
NIF-ARG-ALT-11,Highland Peak Chile,Sin Filtro,Negro,Normal,t,164
NIF-ARG-ALT-11,Pure Essence Reino,Sin Filtro,Rubio,Normal,t,227
NIF-ARG-ALT-11,Silver Lining Japon,Con Filtro,Rubio,Normal,f,208
NIF-ARG-ALT-11,Silver Lining Argentina,Con Filtro,Negro,Normal,t,447
NIF-ARG-ALT-11,Pure Essence Japon,Sin Filtro,Negro,Normal,t,325
NIF-ARG-ALT-11,Highland Peak Reino,Con Filtro,Negro,SuperLight,f,370
NIF-ARG-ALT-11,Mountain Mist Argentina,Con Filtro,Negro,UltraLight,f,404
NIF-ARG-ALT-11,Royal Blend Alemania,Sin Filtro,Rubio,Normal,t,428
NIF-ARG-ALT-11,Pure Essence Japon,Sin Filtro,Rubio,Normal,f,336
NIF-ARG-ALT-11,Midnight Silk Japon,Con Filtro,Negro,SuperLight,f,428
NIF-ARG-ALT-11,Royal Blend Chile,Con Filtro,Rubio,Normal,t,212
NIF-ARG-ALT-11,Ocean Breeze Japon,Sin Filtro,Rubio,Normal,t,297
NIF-ARG-ALT-11,Midnight Silk Argentina,Sin Filtro,Rubio,Normal,f,433
NIF-ARG-ALT-11,Amber Haze Alemania,Con Filtro,Negro,Normal,f,393
NIF-ARG-ALT-11,Pure Essence Chile,Sin Filtro,Negro,Normal,f,154
NIF-ARG-ALT-11,Midnight Silk Chile,Con Filtro,Rubio,Normal,t,417
NIF-ARG-ALT-11,Gold Leaf Japon,Sin Filtro,Negro,Normal,f,390
NIF-ARG-ALT-11,Gold Leaf Chile,Con Filtro,Rubio,UltraLight,f,224
NIF-ARG-ALT-11,Highland Peak Argentina,Sin Filtro,Rubio,Normal,f,78
NIF-ARG-ALT-11,Silver Lining Reino,Sin Filtro,Rubio,Normal,t,400
NIF-ARG-ALT-11,Ocean Breeze Japon,Con Filtro,Rubio,Normal,t,407
NIF-ARG-ALT-12,Gold Leaf Reino,Sin Filtro,Rubio,Normal,f,203
NIF-ARG-ALT-12,Urban Classic Japon,Con Filtro,Negro,Normal,t,198
NIF-ARG-ALT-12,Midnight Silk Alemania,Sin Filtro,Rubio,Normal,t,485
NIF-ARG-ALT-12,Amber Haze Reino,Sin Filtro,Rubio,Normal,t,199
NIF-ARG-ALT-12,Royal Blend Reino,Con Filtro,Rubio,Normal,t,62
NIF-ARG-ALT-12,Gold Leaf Alemania,Con Filtro,Rubio,Normal,t,260
NIF-ARG-ALT-12,Pure Essence Alemania,Sin Filtro,Rubio,Normal,t,134
NIF-ARG-ALT-12,Amber Haze Argentina,Sin Filtro,Rubio,Normal,f,109
NIF-ARG-ALT-12,Amber Haze Japon,Con Filtro,Rubio,SuperLight,f,72
NIF-ARG-ALT-12,Gold Leaf Argentina,Con Filtro,Rubio,Normal,t,477
NIF-ARG-ALT-12,Silver Lining Argentina,Con Filtro,Rubio,Normal,t,497
NIF-ARG-ALT-12,Highland Peak Argentina,Sin Filtro,Rubio,Normal,f,273
NIF-ARG-ALT-12,Midnight Silk Argentina,Sin Filtro,Negro,Normal,t,302
NIF-ARG-ALT-12,Highland Peak Alemania,Con Filtro,Rubio,Normal,f,56
NIF-ARG-ALT-12,Midnight Silk Alemania,Con Filtro,Rubio,Normal,t,96
NIF-ARG-ALT-12,Urban Classic Japon,Con Filtro,Negro,Normal,f,297
NIF-ARG-ALT-12,Highland Peak Reino,Sin Filtro,Rubio,Normal,t,373
NIF-ARG-ALT-12,Urban Classic Reino,Con Filtro,Negro,Normal,t,149
NIF-ARG-ALT-12,Royal Blend Japon,Con Filtro,Rubio,SuperLight,f,253
NIF-ARG-ALT-13,Urban Classic Japon,Sin Filtro,Rubio,Normal,t,302
NIF-ARG-ALT-13,Mountain Mist Alemania,Sin Filtro,Negro,Normal,f,377
NIF-ARG-ALT-13,Royal Blend Reino,Sin Filtro,Rubio,Normal,t,88
NIF-ARG-ALT-13,Highland Peak Alemania,Con Filtro,Rubio,SuperLight,f,104
NIF-ARG-ALT-13,Gold Leaf Chile,Con Filtro,Rubio,Light,f,60
NIF-ARG-ALT-13,Midnight Silk Japon,Sin Filtro,Rubio,Normal,f,373
NIF-ARG-ALT-13,Pure Essence Japon,Sin Filtro,Rubio,Normal,t,333
NIF-ARG-ALT-13,Urban Classic Japon,Sin Filtro,Rubio,Normal,f,165
NIF-ARG-ALT-13,Mountain Mist Argentina,Con Filtro,Rubio,Normal,t,171
NIF-ARG-ALT-13,Amber Haze Argentina,Sin Filtro,Negro,Normal,t,474
NIF-ARG-ALT-13,Silver Lining Chile,Con Filtro,Negro,SuperLight,f,331
NIF-ARG-ALT-13,Urban Classic Reino,Con Filtro,Negro,Normal,t,320
NIF-ARG-ALT-13,Pure Essence Argentina,Con Filtro,Negro,Normal,t,438
NIF-ARG-ALT-13,Silver Lining Reino,Sin Filtro,Rubio,Normal,f,131
NIF-ARG-ALT-13,Midnight Silk Chile,Sin Filtro,Rubio,Normal,f,122
NIF-ARG-ALT-13,Urban Classic Argentina,Con Filtro,Rubio,Normal,t,341
NIF-ARG-ALT-13,Amber Haze Argentina,Con Filtro,Negro,Normal,t,143
NIF-ARG-ALT-13,Mountain Mist Argentina,Con Filtro,Rubio,SuperLight,f,281
NIF-ARG-ALT-13,Silver Lining Argentina,Con Filtro,Rubio,Normal,t,362
NIF-ARG-ALT-13,Gold Leaf Alemania,Sin Filtro,Rubio,Normal,f,239
NIF-ARG-ALT-13,Pure Essence Japon,Sin Filtro,Negro,Normal,f,407
NIF-ARG-ALT-13,Urban Classic Reino,Sin Filtro,Negro,Normal,f,448
NIF-ARG-ALT-13,Mountain Mist Alemania,Sin Filtro,Rubio,Normal,t,153
NIF-ARG-ALT-14,Silver Lining Alemania,Sin Filtro,Negro,Normal,f,284
NIF-ARG-ALT-14,Silver Lining Argentina,Sin Filtro,Rubio,Normal,f,107
NIF-ARG-ALT-14,Pure Essence Chile,Con Filtro,Negro,Normal,t,319
NIF-ARG-ALT-14,Midnight Silk Alemania,Sin Filtro,Rubio,Normal,t,183
NIF-ARG-ALT-14,Pure Essence Chile,Sin Filtro,Rubio,Normal,f,391
NIF-ARG-ALT-14,Ocean Breeze Japon,Sin Filtro,Negro,Normal,t,292
NIF-ARG-ALT-14,Ocean Breeze Alemania,Con Filtro,Negro,SuperLight,f,321
NIF-ARG-ALT-14,Amber Haze Alemania,Sin Filtro,Rubio,Normal,f,73
NIF-ARG-ALT-14,Mountain Mist Japon,Con Filtro,Negro,Normal,t,106
NIF-ARG-ALT-14,Amber Haze Alemania,Sin Filtro,Rubio,Normal,t,272
NIF-ARG-ALT-14,Gold Leaf Japon,Con Filtro,Negro,SuperLight,f,337
NIF-ARG-ALT-14,Highland Peak Argentina,Sin Filtro,Rubio,Normal,f,270
NIF-ARG-ALT-14,Midnight Silk Reino,Con Filtro,Negro,SuperLight,f,344
NIF-ARG-ALT-14,Urban Classic Argentina,Con Filtro,Rubio,Normal,t,259
NIF-ARG-ALT-14,Mountain Mist Japon,Con Filtro,Negro,Normal,t,135
NIF-ARG-ALT-14,Midnight Silk Chile,Con Filtro,Negro,Normal,t,283
NIF-ARG-ALT-14,Urban Classic Reino,Con Filtro,Rubio,Normal,t,171
NIF-ARG-ALT-14,Urban Classic Alemania,Sin Filtro,Negro,Normal,t,84
NIF-ARG-ALT-14,Midnight Silk Argentina,Sin Filtro,Negro,Normal,f,457
NIF-ARG-ALT-14,Urban Classic Chile,Con Filtro,Negro,SuperLight,f,315
NIF-ARG-ALT-14,Highland Peak Japon,Sin Filtro,Rubio,Normal,t,498
NIF-ARG-ALT-15,Urban Classic Argentina,Con Filtro,Negro,UltraLight,f,328
NIF-ARG-ALT-15,Midnight Silk Chile,Con Filtro,Rubio,Normal,t,368
NIF-ARG-ALT-15,Pure Essence Reino,Sin Filtro,Negro,Normal,f,248
NIF-ARG-ALT-15,Midnight Silk Japon,Sin Filtro,Rubio,Normal,f,211
NIF-ARG-ALT-15,Amber Haze Reino,Sin Filtro,Negro,Normal,t,346
NIF-ARG-ALT-15,Highland Peak Alemania,Con Filtro,Rubio,Normal,f,255
NIF-ARG-ALT-15,Highland Peak Reino,Sin Filtro,Rubio,Normal,t,369
NIF-ARG-ALT-15,Royal Blend Argentina,Con Filtro,Rubio,UltraLight,f,262
NIF-ARG-ALT-15,Pure Essence Chile,Con Filtro,Negro,Normal,t,104
NIF-ARG-ALT-15,Gold Leaf Chile,Sin Filtro,Negro,Normal,f,151
NIF-ARG-ALT-15,Pure Essence Chile,Con Filtro,Rubio,SuperLight,f,337
NIF-ARG-ALT-15,Royal Blend Japon,Sin Filtro,Rubio,Normal,t,473
NIF-ARG-ALT-15,Ocean Breeze Reino,Sin Filtro,Negro,Normal,f,426
NIF-ARG-ALT-15,Midnight Silk Reino,Con Filtro,Rubio,SuperLight,f,497
NIF-ARG-ALT-15,Pure Essence Reino,Con Filtro,Negro,Normal,t,147
NIF-ARG-ALT-15,Royal Blend Reino,Sin Filtro,Rubio,Normal,f,232
NIF-ARG-JES-1,Ocean Breeze Argentina,Con Filtro,Negro,SuperLight,f,376
NIF-ARG-JES-1,Mountain Mist Chile,Con Filtro,Rubio,Normal,t,202
NIF-ARG-JES-1,Ocean Breeze Argentina,Con Filtro,Rubio,Normal,t,413
NIF-ARG-JES-1,Royal Blend Argentina,Con Filtro,Negro,SuperLight,f,353
NIF-ARG-JES-1,Gold Leaf Alemania,Con Filtro,Negro,UltraLight,f,278
NIF-ARG-JES-1,Midnight Silk Argentina,Sin Filtro,Rubio,Normal,t,64
NIF-ARG-JES-1,Amber Haze Argentina,Con Filtro,Negro,Normal,t,368
NIF-ARG-JES-1,Amber Haze Alemania,Sin Filtro,Negro,Normal,t,329
NIF-ARG-JES-1,Mountain Mist Alemania,Sin Filtro,Negro,Normal,f,236
NIF-ARG-JES-1,Gold Leaf Reino,Con Filtro,Negro,Light,f,240
NIF-ARG-JES-1,Highland Peak Alemania,Con Filtro,Negro,Normal,f,115
NIF-ARG-JES-1,Ocean Breeze Chile,Con Filtro,Rubio,Normal,t,268
NIF-ARG-JES-2,Urban Classic Argentina,Sin Filtro,Negro,Normal,t,150
NIF-ARG-JES-2,Silver Lining Reino,Con Filtro,Negro,Normal,t,174
NIF-ARG-JES-2,Midnight Silk Japon,Sin Filtro,Rubio,Normal,f,114
NIF-ARG-JES-2,Mountain Mist Alemania,Sin Filtro,Negro,Normal,f,459
NIF-ARG-JES-2,Silver Lining Japon,Sin Filtro,Rubio,Normal,f,328
NIF-ARG-JES-2,Royal Blend Japon,Sin Filtro,Rubio,Normal,t,417
NIF-ARG-JES-2,Pure Essence Argentina,Con Filtro,Rubio,UltraLight,f,459
NIF-ARG-JES-2,Silver Lining Chile,Con Filtro,Rubio,Light,f,159
NIF-ARG-JES-2,Midnight Silk Argentina,Con Filtro,Rubio,Normal,f,251
NIF-ARG-JES-2,Royal Blend Alemania,Sin Filtro,Negro,Normal,t,158
NIF-ARG-JES-2,Royal Blend Alemania,Con Filtro,Negro,Normal,t,490
NIF-ARG-JES-2,Pure Essence Reino,Sin Filtro,Rubio,Normal,f,50
NIF-ARG-JES-2,Mountain Mist Japon,Con Filtro,Negro,Normal,t,415
NIF-ARG-JES-2,Midnight Silk Alemania,Con Filtro,Negro,Normal,t,84
NIF-ARG-JES-2,Pure Essence Reino,Sin Filtro,Negro,Normal,f,200
NIF-ARG-JES-2,Royal Blend Chile,Con Filtro,Rubio,Normal,t,334
NIF-ARG-JES-2,Pure Essence Japon,Sin Filtro,Rubio,Normal,t,184
NIF-ARG-JES-2,Highland Peak Argentina,Sin Filtro,Rubio,Normal,f,406
NIF-ARG-JES-2,Royal Blend Argentina,Con Filtro,Negro,Normal,t,163
NIF-ARG-JES-2,Royal Blend Chile,Sin Filtro,Negro,Normal,t,279
NIF-ARG-JES-3,Silver Lining Alemania,Sin Filtro,Rubio,Normal,f,442
NIF-ARG-JES-3,Pure Essence Chile,Con Filtro,Rubio,SuperLight,f,421
NIF-ARG-JES-3,Gold Leaf Reino,Con Filtro,Negro,Light,f,150
NIF-ARG-JES-3,Urban Classic Chile,Sin Filtro,Negro,Normal,f,185
NIF-ARG-JES-3,Urban Classic Reino,Sin Filtro,Negro,Normal,f,472
NIF-ARG-JES-3,Ocean Breeze Alemania,Con Filtro,Negro,Light,f,215
NIF-ARG-JES-3,Ocean Breeze Japon,Sin Filtro,Rubio,Normal,t,453
NIF-ARG-JES-3,Mountain Mist Japon,Con Filtro,Negro,Normal,t,129
NIF-ARG-JES-3,Highland Peak Chile,Con Filtro,Negro,Normal,f,274
NIF-ARG-JES-3,Silver Lining Reino,Con Filtro,Negro,Normal,t,253
NIF-ARG-JES-3,Highland Peak Alemania,Sin Filtro,Rubio,Normal,f,499
NIF-ARG-JES-3,Urban Classic Japon,Con Filtro,Negro,Normal,f,353
NIF-ARG-JES-3,Amber Haze Argentina,Sin Filtro,Negro,Normal,t,62
NIF-ARG-JES-3,Ocean Breeze Alemania,Con Filtro,Negro,UltraLight,f,380
NIF-ARG-JES-4,Mountain Mist Japon,Con Filtro,Rubio,Normal,t,279
NIF-ARG-JES-4,Pure Essence Japon,Con Filtro,Negro,Normal,t,308
NIF-ARG-JES-4,Midnight Silk Japon,Con Filtro,Negro,UltraLight,f,446
NIF-ARG-JES-4,Amber Haze Japon,Con Filtro,Rubio,Normal,t,379
NIF-ARG-JES-4,Highland Peak Reino,Con Filtro,Negro,SuperLight,f,242
NIF-ARG-JES-4,Highland Peak Reino,Sin Filtro,Negro,Normal,t,300
NIF-ARG-JES-4,Pure Essence Alemania,Sin Filtro,Rubio,Normal,t,91
NIF-ARG-JES-4,Highland Peak Chile,Con Filtro,Rubio,SuperLight,f,258
NIF-ARG-JES-4,Silver Lining Chile,Con Filtro,Negro,SuperLight,f,322
NIF-ARG-JES-4,Pure Essence Chile,Con Filtro,Rubio,SuperLight,f,432
NIF-ARG-JES-4,Silver Lining Alemania,Con Filtro,Negro,Normal,t,378
NIF-ARG-JES-4,Ocean Breeze Chile,Con Filtro,Negro,Normal,t,129
NIF-ARG-JES-4,Silver Lining Alemania,Con Filtro,Negro,Normal,t,276
NIF-ARG-JES-4,Midnight Silk Alemania,Con Filtro,Negro,Normal,t,177
NIF-ARG-JES-4,Urban Classic Chile,Sin Filtro,Rubio,Normal,t,190
NIF-ARG-JES-4,Mountain Mist Reino,Con Filtro,Rubio,SuperLight,f,355
NIF-ARG-JES-4,Highland Peak Reino,Con Filtro,Negro,SuperLight,f,282
NIF-ARG-JES-4,Pure Essence Argentina,Con Filtro,Rubio,Normal,t,374
NIF-ARG-JES-4,Amber Haze Reino,Sin Filtro,Rubio,Normal,t,243
NIF-ARG-JES-4,Pure Essence Alemania,Con Filtro,Negro,Normal,f,103
NIF-ARG-JES-4,Highland Peak Argentina,Sin Filtro,Rubio,Normal,f,197
NIF-ARG-JES-4,Royal Blend Alemania,Con Filtro,Rubio,Normal,t,244
NIF-ARG-JES-4,Pure Essence Japon,Sin Filtro,Rubio,Normal,t,256
NIF-ARG-JES-4,Urban Classic Reino,Sin Filtro,Negro,Normal,f,263
NIF-ARG-JES-4,Ocean Breeze Japon,Con Filtro,Rubio,Normal,f,396
NIF-ARG-JES-4,Amber Haze Chile,Sin Filtro,Rubio,Normal,f,89
NIF-ARG-JES-4,Pure Essence Chile,Con Filtro,Negro,Normal,t,420
NIF-ARG-JES-5,Urban Classic Argentina,Sin Filtro,Rubio,Normal,t,424
NIF-ARG-JES-5,Amber Haze Reino,Sin Filtro,Negro,Normal,t,70
NIF-ARG-JES-5,Amber Haze Chile,Con Filtro,Rubio,Light,f,332
NIF-ARG-JES-5,Midnight Silk Chile,Con Filtro,Rubio,Normal,t,273
NIF-ARG-JES-5,Silver Lining Alemania,Con Filtro,Negro,Normal,t,318
NIF-ARG-JES-5,Highland Peak Argentina,Sin Filtro,Rubio,Normal,f,84
NIF-ARG-JES-5,Pure Essence Reino,Con Filtro,Rubio,Normal,f,74
NIF-ARG-JES-5,Royal Blend Alemania,Con Filtro,Rubio,Normal,t,108
NIF-ARG-JES-5,Midnight Silk Argentina,Sin Filtro,Rubio,Normal,f,307
NIF-ARG-JES-5,Royal Blend Chile,Con Filtro,Rubio,Normal,t,443
NIF-ARG-JES-5,Silver Lining Reino,Con Filtro,Negro,UltraLight,f,183
NIF-ARG-JES-5,Pure Essence Argentina,Con Filtro,Rubio,UltraLight,f,212
NIF-ARG-JES-5,Mountain Mist Japon,Con Filtro,Rubio,Normal,t,421
NIF-ARG-JES-5,Highland Peak Alemania,Con Filtro,Rubio,SuperLight,f,69
NIF-ARG-JES-5,Gold Leaf Reino,Sin Filtro,Negro,Normal,f,207
NIF-ARG-JES-5,Mountain Mist Argentina,Con Filtro,Rubio,Normal,t,313
NIF-ARG-JES-5,Pure Essence Argentina,Con Filtro,Negro,Normal,t,53
NIF-ARG-JES-5,Mountain Mist Japon,Con Filtro,Negro,Normal,t,192
NIF-ARG-JES-5,Midnight Silk Chile,Con Filtro,Negro,Normal,t,447
NIF-ARG-JES-5,Ocean Breeze Argentina,Con Filtro,Negro,Normal,t,265
NIF-ARG-JES-5,Pure Essence Reino,Sin Filtro,Negro,Normal,f,360
NIF-ARG-JES-5,Amber Haze Alemania,Sin Filtro,Rubio,Normal,f,217
NIF-ARG-JES-5,Silver Lining Argentina,Sin Filtro,Negro,Normal,t,335
NIF-ARG-JES-5,Mountain Mist Reino,Con Filtro,Rubio,UltraLight,f,160
NIF-ARG-JES-6,Amber Haze Japon,Sin Filtro,Negro,Normal,t,423
NIF-ARG-JES-6,Gold Leaf Chile,Sin Filtro,Negro,Normal,f,433
NIF-ARG-JES-6,Gold Leaf Argentina,Con Filtro,Rubio,Normal,t,351
NIF-ARG-JES-6,Midnight Silk Reino,Con Filtro,Negro,Normal,t,210
NIF-ARG-JES-6,Royal Blend Japon,Sin Filtro,Rubio,Normal,t,249
NIF-ARG-JES-6,Midnight Silk Reino,Con Filtro,Rubio,SuperLight,f,283
NIF-ARG-JES-6,Ocean Breeze Reino,Sin Filtro,Negro,Normal,f,331
NIF-ARG-JES-6,Highland Peak Reino,Sin Filtro,Rubio,Normal,t,257
NIF-ARG-JES-6,Ocean Breeze Reino,Sin Filtro,Negro,Normal,t,216
NIF-ARG-JES-6,Royal Blend Reino,Con Filtro,Rubio,Normal,t,205
NIF-ARG-JES-6,Pure Essence Japon,Sin Filtro,Rubio,Normal,t,437
NIF-ARG-JES-6,Gold Leaf Argentina,Sin Filtro,Negro,Normal,t,338
NIF-ARG-JES-6,Highland Peak Reino,Con Filtro,Rubio,Normal,t,376
NIF-ARG-JES-6,Pure Essence Argentina,Con Filtro,Rubio,SuperLight,f,473
NIF-ARG-JES-6,Urban Classic Argentina,Sin Filtro,Rubio,Normal,t,61
NIF-ARG-JES-6,Amber Haze Argentina,Con Filtro,Rubio,Normal,t,213
NIF-ARG-JES-7,Gold Leaf Argentina,Sin Filtro,Negro,Normal,f,131
NIF-ARG-JES-7,Midnight Silk Alemania,Sin Filtro,Negro,Normal,t,459
NIF-ARG-JES-7,Amber Haze Argentina,Sin Filtro,Rubio,Normal,t,255
NIF-ARG-JES-7,Royal Blend Chile,Con Filtro,Rubio,Normal,t,314
NIF-ARG-JES-7,Royal Blend Reino,Sin Filtro,Rubio,Normal,t,80
NIF-ARG-JES-7,Urban Classic Reino,Sin Filtro,Negro,Normal,f,459
NIF-ARG-JES-7,Pure Essence Chile,Sin Filtro,Negro,Normal,f,362
NIF-ARG-JES-7,Gold Leaf Reino,Con Filtro,Negro,Light,f,476
NIF-ARG-JES-7,Silver Lining Japon,Con Filtro,Rubio,Normal,f,249
NIF-ARG-JES-7,Royal Blend Japon,Sin Filtro,Negro,Normal,t,430
NIF-ARG-JES-7,Highland Peak Chile,Con Filtro,Rubio,SuperLight,f,208
NIF-ARG-JES-7,Midnight Silk Japon,Con Filtro,Rubio,Light,f,112
NIF-ARG-JES-7,Highland Peak Alemania,Sin Filtro,Negro,Normal,t,133
NIF-ARG-JES-7,Urban Classic Alemania,Con Filtro,Negro,Light,f,274
NIF-ARG-JES-8,Silver Lining Reino,Con Filtro,Negro,Normal,t,463
NIF-ARG-JES-8,Royal Blend Alemania,Sin Filtro,Negro,Normal,t,401
NIF-ARG-JES-8,Urban Classic Japon,Sin Filtro,Rubio,Normal,t,104
NIF-ARG-JES-8,Amber Haze Japon,Con Filtro,Rubio,Light,f,145
NIF-ARG-JES-8,Ocean Breeze Japon,Sin Filtro,Rubio,Normal,t,218
NIF-ARG-JES-8,Royal Blend Japon,Sin Filtro,Negro,Normal,t,249
NIF-ARG-JES-8,Mountain Mist Reino,Con Filtro,Rubio,Light,f,197
NIF-ARG-JES-8,Amber Haze Chile,Con Filtro,Rubio,Light,f,125
NIF-ARG-JES-8,Urban Classic Japon,Sin Filtro,Negro,Normal,f,339
NIF-ARG-JES-8,Ocean Breeze Alemania,Con Filtro,Negro,SuperLight,f,224
NIF-ARG-JES-8,Amber Haze Reino,Sin Filtro,Rubio,Normal,t,446
NIF-ARG-JES-9,Silver Lining Alemania,Sin Filtro,Negro,Normal,t,60
NIF-ARG-JES-9,Midnight Silk Reino,Con Filtro,Negro,Normal,t,147
NIF-ARG-JES-9,Royal Blend Chile,Sin Filtro,Negro,Normal,t,231
NIF-ARG-JES-9,Ocean Breeze Alemania,Con Filtro,Negro,UltraLight,f,81
NIF-ARG-JES-9,Royal Blend Argentina,Con Filtro,Rubio,Light,f,491
NIF-ARG-JES-9,Pure Essence Argentina,Sin Filtro,Rubio,Normal,t,467
NIF-ARG-JES-9,Pure Essence Alemania,Sin Filtro,Rubio,Normal,f,475
NIF-ARG-JES-9,Mountain Mist Japon,Con Filtro,Negro,Normal,t,365
NIF-ARG-JES-9,Gold Leaf Reino,Con Filtro,Rubio,Normal,t,119
NIF-ARG-JES-9,Pure Essence Argentina,Con Filtro,Negro,Normal,t,422
NIF-ARG-JES-9,Gold Leaf Argentina,Sin Filtro,Negro,Normal,t,345
NIF-ARG-JES-9,Amber Haze Reino,Con Filtro,Rubio,Normal,t,426
NIF-ARG-JES-9,Pure Essence Alemania,Sin Filtro,Rubio,Normal,t,463
NIF-ARG-JES-9,Urban Classic Japon,Con Filtro,Rubio,Light,f,93
NIF-ARG-JES-9,Midnight Silk Alemania,Sin Filtro,Rubio,Normal,t,82
NIF-ARG-JES-9,Mountain Mist Argentina,Con Filtro,Negro,UltraLight,f,425
NIF-ARG-JES-9,Urban Classic Japon,Sin Filtro,Rubio,Normal,f,291
NIF-ARG-JES-9,Urban Classic Chile,Sin Filtro,Rubio,Normal,f,201
NIF-ARG-JES-9,Midnight Silk Chile,Sin Filtro,Rubio,Normal,f,428
NIF-ARG-JES-9,Midnight Silk Argentina,Sin Filtro,Negro,Normal,t,275
NIF-ARG-JES-9,Silver Lining Chile,Con Filtro,Negro,SuperLight,f,109
NIF-ARG-JES-10,Midnight Silk Reino,Con Filtro,Negro,Normal,t,159
NIF-ARG-JES-10,Silver Lining Argentina,Con Filtro,Rubio,Normal,t,271
NIF-ARG-JES-10,Silver Lining Chile,Sin Filtro,Rubio,Normal,t,105
NIF-ARG-JES-10,Highland Peak Argentina,Sin Filtro,Rubio,Normal,f,298
NIF-ARG-JES-10,Mountain Mist Argentina,Con Filtro,Rubio,SuperLight,f,180
NIF-ARG-JES-10,Midnight Silk Argentina,Sin Filtro,Negro,Normal,t,218
NIF-ARG-JES-10,Urban Classic Argentina,Sin Filtro,Rubio,Normal,f,151
NIF-ARG-JES-10,Silver Lining Alemania,Con Filtro,Negro,Normal,t,113
NIF-ARG-JES-10,Ocean Breeze Alemania,Con Filtro,Negro,Light,f,296
NIF-ARG-JES-10,Mountain Mist Alemania,Sin Filtro,Negro,Normal,f,55
NIF-ARG-JES-10,Gold Leaf Reino,Sin Filtro,Negro,Normal,f,126
NIF-ARG-JES-10,Pure Essence Reino,Con Filtro,Negro,Normal,t,178
NIF-ARG-JES-10,Highland Peak Alemania,Sin Filtro,Negro,Normal,t,381
NIF-ARG-JES-10,Pure Essence Argentina,Sin Filtro,Negro,Normal,f,145
NIF-ARG-JES-10,Pure Essence Argentina,Con Filtro,Rubio,Normal,t,284
NIF-ARG-JES-10,Midnight Silk Chile,Con Filtro,Rubio,Normal,t,460
NIF-ARG-JES-10,Pure Essence Chile,Sin Filtro,Negro,Normal,f,248
NIF-ARG-JES-10,Ocean Breeze Reino,Sin Filtro,Negro,Normal,f,327
NIF-ARG-JES-10,Pure Essence Alemania,Sin Filtro,Negro,Normal,f,309
NIF-ARG-JES-10,Ocean Breeze Argentina,Con Filtro,Rubio,Normal,t,180
NIF-ARG-JES-10,Midnight Silk Japon,Sin Filtro,Rubio,Normal,f,455
NIF-ARG-JES-10,Silver Lining Argentina,Con Filtro,Rubio,Normal,f,93
NIF-ARG-JES-10,Royal Blend Alemania,Sin Filtro,Rubio,Normal,t,300
NIF-ARG-JES-10,Midnight Silk Chile,Con Filtro,Negro,Normal,t,445
NIF-ARG-JES-11,Royal Blend Japon,Sin Filtro,Negro,Normal,t,285
NIF-ARG-JES-11,Pure Essence Argentina,Con Filtro,Rubio,SuperLight,f,448
NIF-ARG-JES-11,Midnight Silk Alemania,Sin Filtro,Negro,Normal,f,265
NIF-ARG-JES-11,Highland Peak Japon,Sin Filtro,Rubio,Normal,t,217
NIF-ARG-JES-11,Urban Classic Alemania,Con Filtro,Negro,Normal,t,258
NIF-ARG-JES-11,Urban Classic Alemania,Sin Filtro,Rubio,Normal,f,152
NIF-ARG-JES-11,Midnight Silk Alemania,Sin Filtro,Rubio,Normal,t,253
NIF-ARG-JES-11,Amber Haze Alemania,Sin Filtro,Rubio,Normal,t,58
NIF-ARG-JES-11,Amber Haze Argentina,Sin Filtro,Rubio,Normal,t,311
NIF-ARG-JES-11,Silver Lining Reino,Sin Filtro,Rubio,Normal,f,402
NIF-ARG-JES-12,Silver Lining Reino,Con Filtro,Negro,Normal,t,245
NIF-ARG-JES-12,Pure Essence Alemania,Con Filtro,Negro,Normal,f,483
NIF-ARG-JES-12,Amber Haze Alemania,Con Filtro,Negro,Normal,f,298
NIF-ARG-JES-12,Pure Essence Reino,Sin Filtro,Negro,Normal,t,442
NIF-ARG-JES-12,Ocean Breeze Reino,Sin Filtro,Rubio,Normal,f,409
NIF-ARG-JES-12,Amber Haze Chile,Con Filtro,Rubio,Normal,t,340
NIF-ARG-JES-12,Pure Essence Reino,Sin Filtro,Rubio,Normal,t,167
NIF-ARG-JES-12,Urban Classic Japon,Con Filtro,Negro,Normal,t,474
NIF-ARG-JES-12,Urban Classic Japon,Con Filtro,Rubio,Light,f,290
NIF-ARG-JES-12,Royal Blend Argentina,Con Filtro,Negro,Light,f,450
NIF-ARG-JES-12,Pure Essence Argentina,Sin Filtro,Negro,Normal,f,52
NIF-ARG-JES-12,Royal Blend Reino,Con Filtro,Rubio,Normal,t,289
NIF-ARG-JES-12,Pure Essence Argentina,Con Filtro,Negro,Normal,t,304
NIF-ARG-JES-12,Ocean Breeze Reino,Sin Filtro,Negro,Normal,t,301
NIF-ARG-JES-13,Gold Leaf Chile,Con Filtro,Rubio,Normal,t,206
NIF-ARG-JES-13,Highland Peak Argentina,Con Filtro,Negro,Normal,t,198
NIF-ARG-JES-13,Highland Peak Japon,Con Filtro,Rubio,Light,f,476
NIF-ARG-JES-13,Silver Lining Argentina,Con Filtro,Rubio,Normal,t,205
NIF-ARG-JES-13,Silver Lining Alemania,Sin Filtro,Negro,Normal,t,409
NIF-ARG-JES-13,Mountain Mist Chile,Sin Filtro,Rubio,Normal,f,152
NIF-ARG-JES-13,Mountain Mist Alemania,Sin Filtro,Rubio,Normal,t,452
NIF-ARG-JES-13,Ocean Breeze Argentina,Con Filtro,Negro,SuperLight,f,283
NIF-ARG-JES-13,Highland Peak Reino,Sin Filtro,Rubio,Normal,t,277
NIF-ARG-JES-13,Amber Haze Japon,Con Filtro,Rubio,Normal,t,448
NIF-ARG-JES-13,Gold Leaf Reino,Sin Filtro,Rubio,Normal,f,81
NIF-ARG-JES-13,Pure Essence Alemania,Sin Filtro,Rubio,Normal,f,278
NIF-ARG-JES-13,Gold Leaf Chile,Con Filtro,Rubio,Light,f,200
NIF-ARG-JES-13,Midnight Silk Chile,Con Filtro,Negro,Normal,f,93
NIF-ARG-JES-13,Urban Classic Alemania,Sin Filtro,Negro,Normal,f,214
NIF-ARG-JES-13,Mountain Mist Japon,Sin Filtro,Negro,Normal,t,155
NIF-ARG-JES-13,Gold Leaf Argentina,Con Filtro,Rubio,Light,f,107
NIF-ARG-JES-13,Ocean Breeze Japon,Sin Filtro,Negro,Normal,t,226
NIF-ARG-JES-13,Royal Blend Alemania,Sin Filtro,Rubio,Normal,t,151
NIF-ARG-JES-13,Midnight Silk Alemania,Sin Filtro,Rubio,Normal,t,422
NIF-ARG-JES-13,Silver Lining Reino,Sin Filtro,Rubio,Normal,t,258
NIF-ARG-JES-13,Mountain Mist Japon,Sin Filtro,Rubio,Normal,f,189
NIF-ARG-JES-13,Midnight Silk Argentina,Sin Filtro,Rubio,Normal,t,252
NIF-ARG-JES-13,Amber Haze Japon,Con Filtro,Rubio,Normal,t,464
NIF-ARG-JES-13,Silver Lining Reino,Con Filtro,Negro,UltraLight,f,81
NIF-ARG-JES-13,Amber Haze Argentina,Con Filtro,Rubio,Normal,t,106
NIF-ARG-JES-13,Silver Lining Alemania,Con Filtro,Negro,Normal,t,192
NIF-ARG-JES-13,Gold Leaf Alemania,Sin Filtro,Negro,Normal,f,481
NIF-ARG-JES-13,Royal Blend Argentina,Con Filtro,Negro,SuperLight,f,110
NIF-ARG-JES-13,Silver Lining Chile,Con Filtro,Rubio,Normal,t,241
NIF-ARG-JES-14,Urban Classic Alemania,Sin Filtro,Rubio,Normal,t,145
NIF-ARG-JES-14,Amber Haze Alemania,Sin Filtro,Rubio,Normal,f,181
NIF-ARG-JES-14,Silver Lining Alemania,Sin Filtro,Negro,Normal,f,55
NIF-ARG-JES-14,Ocean Breeze Japon,Sin Filtro,Rubio,Normal,t,239
NIF-ARG-JES-14,Urban Classic Chile,Sin Filtro,Negro,Normal,t,443
NIF-ARG-JES-14,Gold Leaf Argentina,Sin Filtro,Rubio,Normal,t,276
NIF-ARG-JES-14,Midnight Silk Chile,Con Filtro,Negro,Normal,f,481
NIF-ARG-JES-14,Ocean Breeze Chile,Con Filtro,Negro,Normal,t,415
NIF-ARG-JES-14,Amber Haze Chile,Con Filtro,Rubio,Normal,t,437
NIF-ARG-JES-14,Silver Lining Japon,Sin Filtro,Rubio,Normal,f,339
NIF-ARG-JES-14,Mountain Mist Argentina,Con Filtro,Negro,UltraLight,f,389
NIF-ARG-JES-14,Royal Blend Reino,Con Filtro,Negro,Normal,t,446
NIF-ARG-JES-14,Silver Lining Argentina,Con Filtro,Negro,Normal,t,163
NIF-ARG-JES-14,Silver Lining Alemania,Sin Filtro,Negro,Normal,t,189
NIF-ARG-JES-14,Ocean Breeze Argentina,Sin Filtro,Negro,Normal,f,103
NIF-ARG-JES-14,Pure Essence Japon,Con Filtro,Negro,Normal,t,88
NIF-ARG-JES-14,Urban Classic Chile,Con Filtro,Negro,UltraLight,f,351
NIF-ARG-JES-15,Silver Lining Chile,Con Filtro,Rubio,Normal,f,237
NIF-ARG-JES-15,Amber Haze Reino,Sin Filtro,Rubio,Normal,t,124
NIF-ARG-JES-15,Mountain Mist Japon,Sin Filtro,Rubio,Normal,f,110
NIF-ARG-JES-15,Urban Classic Japon,Con Filtro,Rubio,Normal,t,296
NIF-ARG-JES-15,Royal Blend Reino,Con Filtro,Negro,SuperLight,f,351
NIF-ARG-JES-15,Urban Classic Japon,Con Filtro,Negro,Normal,f,300
NIF-ARG-JES-15,Ocean Breeze Argentina,Con Filtro,Rubio,Normal,t,61
NIF-ARG-JES-15,Ocean Breeze Reino,Sin Filtro,Negro,Normal,t,496
NIF-ARG-JES-15,Urban Classic Reino,Sin Filtro,Rubio,Normal,f,251
NIF-ARG-JES-15,Urban Classic Alemania,Con Filtro,Negro,Light,f,371
NIF-ARG-JES-15,Pure Essence Argentina,Sin Filtro,Rubio,Normal,t,411
NIF-ARG-JES-15,Gold Leaf Alemania,Sin Filtro,Negro,Normal,t,265
NIF-ARG-JES-15,Silver Lining Japon,Con Filtro,Negro,UltraLight,f,127
NIF-ARG-JES-15,Highland Peak Chile,Con Filtro,Rubio,Normal,f,194
NIF-ARG-JES-15,Royal Blend Argentina,Con Filtro,Rubio,Light,f,498
NIF-ARG-JES-15,Amber Haze Alemania,Sin Filtro,Rubio,Normal,f,378
NIF-ARG-JES-15,Ocean Breeze Japon,Sin Filtro,Rubio,Normal,t,349
NIF-ARG-JES-15,Midnight Silk Chile,Con Filtro,Negro,Normal,f,316
NIF-ARG-JES-15,Royal Blend Argentina,Con Filtro,Rubio,UltraLight,f,70
NIF-ARG-JES-15,Urban Classic Chile,Sin Filtro,Rubio,Normal,f,92
NIF-REI-CRO-1,Mountain Mist Argentina,Sin Filtro,Negro,Normal,t,177
NIF-REI-CRO-1,Amber Haze Japon,Sin Filtro,Rubio,Normal,f,466
NIF-REI-CRO-1,Ocean Breeze Argentina,Sin Filtro,Rubio,Normal,f,333
NIF-REI-CRO-1,Ocean Breeze Japon,Sin Filtro,Rubio,Normal,t,469
NIF-REI-CRO-1,Royal Blend Japon,Sin Filtro,Negro,Normal,t,481
NIF-REI-CRO-1,Urban Classic Japon,Con Filtro,Negro,Normal,f,69
NIF-REI-CRO-1,Midnight Silk Japon,Sin Filtro,Rubio,Normal,f,116
NIF-REI-CRO-1,Gold Leaf Alemania,Sin Filtro,Rubio,Normal,f,64
NIF-REI-CRO-1,Mountain Mist Argentina,Sin Filtro,Rubio,Normal,t,205
NIF-REI-CRO-1,Ocean Breeze Japon,Sin Filtro,Negro,Normal,t,281
NIF-REI-CRO-1,Gold Leaf Japon,Con Filtro,Rubio,UltraLight,f,456
NIF-REI-CRO-1,Urban Classic Argentina,Sin Filtro,Negro,Normal,t,132
NIF-REI-CRO-1,Amber Haze Japon,Sin Filtro,Rubio,Normal,f,476
NIF-REI-CRO-1,Amber Haze Alemania,Con Filtro,Negro,Normal,f,57
NIF-REI-CRO-1,Pure Essence Argentina,Con Filtro,Rubio,Normal,t,282
NIF-REI-CRO-1,Ocean Breeze Alemania,Con Filtro,Rubio,Normal,t,165
NIF-REI-CRO-1,Silver Lining Chile,Sin Filtro,Rubio,Normal,t,302
NIF-REI-CRO-1,Silver Lining Reino,Con Filtro,Negro,UltraLight,f,321
NIF-REI-CRO-1,Highland Peak Japon,Con Filtro,Negro,Normal,f,411
NIF-REI-CRO-1,Pure Essence Reino,Con Filtro,Negro,Normal,f,297
NIF-REI-CRO-1,Midnight Silk Japon,Sin Filtro,Negro,Normal,f,350
NIF-REI-CRO-2,Silver Lining Japon,Con Filtro,Rubio,Light,f,249
NIF-REI-CRO-2,Pure Essence Reino,Sin Filtro,Negro,Normal,t,247
NIF-REI-CRO-2,Royal Blend Alemania,Sin Filtro,Rubio,Normal,t,131
NIF-REI-CRO-2,Gold Leaf Argentina,Sin Filtro,Negro,Normal,t,76
NIF-REI-CRO-2,Silver Lining Reino,Sin Filtro,Negro,Normal,f,240
NIF-REI-CRO-2,Midnight Silk Alemania,Con Filtro,Negro,Normal,t,161
NIF-REI-CRO-2,Amber Haze Japon,Con Filtro,Rubio,Light,f,234
NIF-REI-CRO-2,Urban Classic Alemania,Con Filtro,Negro,Normal,t,143
NIF-REI-CRO-2,Ocean Breeze Alemania,Con Filtro,Rubio,Normal,t,437
NIF-REI-CRO-2,Midnight Silk Alemania,Sin Filtro,Rubio,Normal,t,138
NIF-REI-CRO-2,Silver Lining Reino,Sin Filtro,Rubio,Normal,f,116
NIF-REI-CRO-2,Midnight Silk Reino,Con Filtro,Rubio,SuperLight,f,483
NIF-REI-CRO-2,Royal Blend Japon,Sin Filtro,Negro,Normal,f,171
NIF-REI-CRO-2,Urban Classic Reino,Sin Filtro,Negro,Normal,t,346
NIF-REI-CRO-2,Midnight Silk Chile,Con Filtro,Negro,UltraLight,f,424
NIF-REI-CRO-2,Pure Essence Chile,Con Filtro,Negro,Normal,t,245
NIF-REI-CRO-2,Royal Blend Japon,Sin Filtro,Rubio,Normal,t,146
NIF-REI-CRO-2,Pure Essence Chile,Sin Filtro,Rubio,Normal,f,105
NIF-REI-CRO-2,Ocean Breeze Argentina,Con Filtro,Negro,Normal,t,224
NIF-REI-CRO-2,Highland Peak Chile,Con Filtro,Negro,Normal,t,483
NIF-REI-CRO-2,Midnight Silk Japon,Con Filtro,Rubio,Normal,t,232
NIF-REI-CRO-2,Ocean Breeze Reino,Sin Filtro,Rubio,Normal,f,316
NIF-REI-CRO-2,Amber Haze Alemania,Sin Filtro,Rubio,Normal,f,301
NIF-REI-CRO-2,Royal Blend Japon,Sin Filtro,Rubio,Normal,t,325
NIF-REI-CRO-2,Royal Blend Argentina,Con Filtro,Rubio,UltraLight,f,340
NIF-REI-CRO-2,Royal Blend Chile,Con Filtro,Negro,Normal,t,274
NIF-REI-CRO-2,Gold Leaf Argentina,Con Filtro,Rubio,Normal,t,209
NIF-REI-CRO-2,Silver Lining Alemania,Sin Filtro,Negro,Normal,f,427
NIF-REI-CRO-2,Ocean Breeze Argentina,Con Filtro,Rubio,Light,f,196
NIF-REI-CRO-2,Royal Blend Reino,Con Filtro,Negro,Normal,f,470
NIF-REI-CRO-3,Silver Lining Argentina,Con Filtro,Negro,Normal,t,471
NIF-REI-CRO-3,Gold Leaf Chile,Sin Filtro,Negro,Normal,t,252
NIF-REI-CRO-3,Ocean Breeze Reino,Sin Filtro,Negro,Normal,t,392
NIF-REI-CRO-3,Pure Essence Japon,Con Filtro,Negro,UltraLight,f,197
NIF-REI-CRO-3,Silver Lining Japon,Con Filtro,Rubio,Light,f,470
NIF-REI-CRO-3,Silver Lining Chile,Con Filtro,Negro,SuperLight,f,346
NIF-REI-CRO-3,Silver Lining Reino,Con Filtro,Negro,UltraLight,f,416
NIF-REI-CRO-3,Urban Classic Reino,Con Filtro,Negro,Normal,t,353
NIF-REI-CRO-3,Pure Essence Chile,Con Filtro,Negro,Normal,t,339
NIF-REI-CRO-3,Amber Haze Alemania,Sin Filtro,Negro,Normal,t,345
NIF-REI-CRO-3,Mountain Mist Japon,Sin Filtro,Rubio,Normal,f,61
NIF-REI-CRO-3,Ocean Breeze Reino,Con Filtro,Rubio,Normal,f,365
NIF-REI-CRO-3,Ocean Breeze Japon,Sin Filtro,Rubio,Normal,t,110
NIF-REI-CRO-3,Gold Leaf Japon,Sin Filtro,Rubio,Normal,t,246
NIF-REI-CRO-3,Amber Haze Argentina,Sin Filtro,Negro,Normal,t,433
NIF-REI-CRO-3,Pure Essence Argentina,Con Filtro,Rubio,Normal,t,379
NIF-REI-CRO-3,Highland Peak Reino,Sin Filtro,Rubio,Normal,t,149
NIF-REI-CRO-3,Silver Lining Argentina,Sin Filtro,Negro,Normal,t,366
NIF-REI-CRO-3,Ocean Breeze Reino,Con Filtro,Rubio,UltraLight,f,345
NIF-REI-CRO-3,Royal Blend Japon,Sin Filtro,Negro,Normal,t,244
NIF-REI-CRO-3,Midnight Silk Argentina,Sin Filtro,Rubio,Normal,t,490
NIF-REI-CRO-3,Silver Lining Reino,Con Filtro,Negro,Normal,t,175
NIF-REI-CRO-3,Gold Leaf Chile,Sin Filtro,Negro,Normal,f,238
NIF-REI-CRO-3,Urban Classic Alemania,Sin Filtro,Negro,Normal,f,65
NIF-REI-CRO-4,Highland Peak Chile,Con Filtro,Negro,Light,f,81
NIF-REI-CRO-4,Ocean Breeze Japon,Sin Filtro,Rubio,Normal,t,330
NIF-REI-CRO-4,Silver Lining Alemania,Sin Filtro,Negro,Normal,f,190
NIF-REI-CRO-4,Silver Lining Chile,Con Filtro,Rubio,Light,f,69
NIF-REI-CRO-4,Royal Blend Alemania,Sin Filtro,Negro,Normal,t,430
NIF-REI-CRO-4,Ocean Breeze Argentina,Sin Filtro,Rubio,Normal,f,87
NIF-REI-CRO-4,Ocean Breeze Argentina,Con Filtro,Negro,Normal,t,268
NIF-REI-CRO-4,Urban Classic Reino,Sin Filtro,Rubio,Normal,f,462
NIF-REI-CRO-4,Mountain Mist Chile,Sin Filtro,Rubio,Normal,f,204
NIF-REI-CRO-4,Midnight Silk Chile,Con Filtro,Negro,UltraLight,f,316
NIF-REI-CRO-4,Silver Lining Argentina,Con Filtro,Rubio,Normal,f,294
NIF-REI-CRO-4,Ocean Breeze Argentina,Con Filtro,Rubio,Normal,t,129
NIF-REI-CRO-4,Silver Lining Alemania,Sin Filtro,Negro,Normal,t,344
NIF-REI-CRO-4,Gold Leaf Japon,Sin Filtro,Rubio,Normal,t,115
NIF-REI-CRO-4,Pure Essence Chile,Con Filtro,Rubio,Light,f,182
NIF-REI-CRO-4,Urban Classic Chile,Sin Filtro,Negro,Normal,f,371
NIF-REI-CRO-4,Amber Haze Alemania,Sin Filtro,Negro,Normal,t,414
NIF-REI-CRO-4,Midnight Silk Japon,Sin Filtro,Negro,Normal,f,481
NIF-REI-CRO-4,Ocean Breeze Alemania,Sin Filtro,Negro,Normal,t,180
NIF-REI-CRO-4,Amber Haze Argentina,Con Filtro,Negro,Normal,t,375
NIF-REI-CRO-4,Urban Classic Argentina,Sin Filtro,Rubio,Normal,f,198
NIF-REI-CRO-4,Midnight Silk Japon,Con Filtro,Rubio,Normal,t,207
NIF-REI-CRO-4,Ocean Breeze Chile,Con Filtro,Rubio,Normal,t,127
NIF-REI-CRO-4,Urban Classic Chile,Sin Filtro,Rubio,Normal,f,233
NIF-REI-CRO-4,Gold Leaf Reino,Sin Filtro,Negro,Normal,f,177
NIF-REI-CRO-4,Highland Peak Chile,Con Filtro,Negro,Normal,t,365
NIF-REI-CRO-4,Midnight Silk Argentina,Sin Filtro,Rubio,Normal,f,487
NIF-REI-CRO-4,Ocean Breeze Japon,Con Filtro,Rubio,Normal,f,167
NIF-REI-CRO-5,Ocean Breeze Reino,Sin Filtro,Negro,Normal,t,456
NIF-REI-CRO-5,Pure Essence Japon,Sin Filtro,Negro,Normal,t,197
NIF-REI-CRO-5,Midnight Silk Japon,Sin Filtro,Negro,Normal,f,300
NIF-REI-CRO-5,Midnight Silk Argentina,Con Filtro,Rubio,Normal,f,391
NIF-REI-CRO-5,Highland Peak Alemania,Sin Filtro,Negro,Normal,t,250
NIF-REI-CRO-5,Pure Essence Reino,Con Filtro,Rubio,Normal,f,453
NIF-REI-CRO-5,Gold Leaf Japon,Sin Filtro,Negro,Normal,t,262
NIF-REI-CRO-5,Urban Classic Alemania,Sin Filtro,Negro,Normal,f,382
NIF-REI-CRO-5,Silver Lining Alemania,Sin Filtro,Negro,Normal,f,288
NIF-REI-CRO-5,Gold Leaf Reino,Con Filtro,Rubio,Normal,t,482
NIF-REI-CRO-5,Midnight Silk Chile,Con Filtro,Negro,Normal,t,56
NIF-REI-CRO-5,Midnight Silk Alemania,Sin Filtro,Negro,Normal,t,317
NIF-REI-CRO-5,Royal Blend Reino,Con Filtro,Negro,Light,f,497
NIF-REI-CRO-5,Urban Classic Argentina,Sin Filtro,Negro,Normal,t,469
NIF-REI-CRO-5,Urban Classic Chile,Sin Filtro,Rubio,Normal,f,131
NIF-REI-CRO-5,Urban Classic Argentina,Con Filtro,Rubio,Normal,t,108
NIF-REI-CRO-5,Pure Essence Japon,Sin Filtro,Rubio,Normal,f,298
NIF-REI-CRO-5,Mountain Mist Argentina,Con Filtro,Rubio,Normal,t,413
NIF-REI-CRO-5,Silver Lining Argentina,Con Filtro,Rubio,Normal,t,154
NIF-REI-CRO-5,Highland Peak Chile,Con Filtro,Negro,Normal,t,146
NIF-REI-CRO-5,Highland Peak Argentina,Con Filtro,Rubio,Normal,f,156
NIF-REI-CRO-5,Urban Classic Alemania,Sin Filtro,Negro,Normal,f,421
NIF-REI-CRO-5,Royal Blend Argentina,Sin Filtro,Negro,Normal,f,476
NIF-REI-CRO-5,Pure Essence Alemania,Con Filtro,Negro,Normal,f,488
NIF-REI-CRO-6,Ocean Breeze Argentina,Con Filtro,Rubio,Light,f,499
NIF-REI-CRO-6,Pure Essence Alemania,Sin Filtro,Rubio,Normal,t,354
NIF-REI-CRO-6,Mountain Mist Alemania,Sin Filtro,Negro,Normal,t,226
NIF-REI-CRO-6,Amber Haze Argentina,Con Filtro,Rubio,Light,f,482
NIF-REI-CRO-6,Mountain Mist Reino,Sin Filtro,Negro,Normal,t,396
NIF-REI-CRO-6,Midnight Silk Argentina,Sin Filtro,Negro,Normal,t,108
NIF-REI-CRO-6,Pure Essence Argentina,Con Filtro,Rubio,Normal,t,175
NIF-REI-CRO-6,Midnight Silk Japon,Con Filtro,Negro,SuperLight,f,176
NIF-REI-CRO-6,Highland Peak Reino,Sin Filtro,Rubio,Normal,t,134
NIF-REI-CRO-6,Highland Peak Japon,Con Filtro,Rubio,Light,f,199
NIF-REI-CRO-6,Midnight Silk Chile,Con Filtro,Negro,Normal,f,196
NIF-REI-CRO-6,Midnight Silk Alemania,Sin Filtro,Rubio,Normal,t,499
NIF-REI-CRO-7,Mountain Mist Reino,Sin Filtro,Negro,Normal,f,316
NIF-REI-CRO-7,Pure Essence Japon,Con Filtro,Negro,Light,f,182
NIF-REI-CRO-7,Silver Lining Alemania,Sin Filtro,Negro,Normal,f,118
NIF-REI-CRO-7,Pure Essence Chile,Con Filtro,Negro,Normal,t,498
NIF-REI-CRO-7,Amber Haze Japon,Con Filtro,Rubio,Normal,t,346
NIF-REI-CRO-7,Amber Haze Chile,Con Filtro,Rubio,Normal,t,326
NIF-REI-CRO-7,Urban Classic Chile,Con Filtro,Negro,UltraLight,f,471
NIF-REI-CRO-7,Royal Blend Reino,Con Filtro,Negro,Light,f,200
NIF-REI-CRO-7,Gold Leaf Japon,Sin Filtro,Rubio,Normal,t,264
NIF-REI-CRO-7,Urban Classic Reino,Sin Filtro,Negro,Normal,t,256
NIF-REI-CRO-7,Royal Blend Chile,Con Filtro,Rubio,Normal,t,348
NIF-REI-CRO-7,Amber Haze Argentina,Con Filtro,Rubio,Light,f,447
NIF-REI-CRO-7,Pure Essence Reino,Sin Filtro,Rubio,Normal,f,344
NIF-REI-CRO-7,Urban Classic Japon,Sin Filtro,Negro,Normal,f,346
NIF-REI-CRO-8,Ocean Breeze Reino,Sin Filtro,Negro,Normal,t,332
NIF-REI-CRO-8,Urban Classic Reino,Con Filtro,Rubio,Normal,f,472
NIF-REI-CRO-8,Pure Essence Argentina,Sin Filtro,Rubio,Normal,t,183
NIF-REI-CRO-8,Midnight Silk Argentina,Sin Filtro,Rubio,Normal,f,157
NIF-REI-CRO-8,Mountain Mist Reino,Sin Filtro,Rubio,Normal,f,448
NIF-REI-CRO-8,Amber Haze Japon,Sin Filtro,Rubio,Normal,f,50
NIF-REI-CRO-8,Silver Lining Reino,Con Filtro,Negro,Normal,t,395
NIF-REI-CRO-8,Gold Leaf Reino,Con Filtro,Rubio,Normal,f,223
NIF-REI-CRO-8,Midnight Silk Chile,Con Filtro,Negro,Normal,f,349
NIF-REI-CRO-8,Silver Lining Alemania,Sin Filtro,Negro,Normal,f,106
NIF-REI-CRO-8,Highland Peak Reino,Con Filtro,Negro,SuperLight,f,384
NIF-REI-CRO-8,Amber Haze Chile,Con Filtro,Rubio,Normal,t,123
NIF-REI-CRO-8,Gold Leaf Alemania,Sin Filtro,Rubio,Normal,f,153
NIF-REI-CRO-8,Silver Lining Japon,Con Filtro,Negro,Normal,t,119
NIF-REI-CRO-8,Royal Blend Alemania,Con Filtro,Rubio,Normal,t,209
NIF-REI-CRO-8,Amber Haze Japon,Sin Filtro,Negro,Normal,t,313
NIF-REI-CRO-8,Urban Classic Japon,Con Filtro,Negro,Normal,t,373
NIF-REI-CRO-8,Midnight Silk Alemania,Sin Filtro,Rubio,Normal,f,76
NIF-REI-CRO-8,Pure Essence Reino,Con Filtro,Negro,Normal,f,176
NIF-REI-CRO-8,Royal Blend Alemania,Con Filtro,Negro,Normal,t,367
NIF-REI-CRO-8,Ocean Breeze Alemania,Sin Filtro,Negro,Normal,t,215
NIF-REI-CRO-8,Mountain Mist Chile,Con Filtro,Negro,Normal,t,338
NIF-REI-CRO-8,Urban Classic Alemania,Con Filtro,Negro,Normal,t,113
NIF-REI-CRO-8,Highland Peak Alemania,Con Filtro,Rubio,UltraLight,f,301
NIF-REI-CRO-8,Ocean Breeze Argentina,Con Filtro,Negro,SuperLight,f,124
NIF-REI-CRO-8,Ocean Breeze Argentina,Con Filtro,Rubio,Light,f,379
NIF-REI-CRO-8,Gold Leaf Argentina,Sin Filtro,Negro,Normal,f,340
NIF-REI-CRO-8,Highland Peak Japon,Con Filtro,Rubio,Light,f,108
NIF-REI-CRO-8,Urban Classic Chile,Sin Filtro,Rubio,Normal,f,370
NIF-REI-CRO-8,Amber Haze Alemania,Sin Filtro,Negro,Normal,t,453
NIF-REI-CRO-9,Royal Blend Reino,Con Filtro,Negro,Normal,f,143
NIF-REI-CRO-9,Silver Lining Alemania,Sin Filtro,Negro,Normal,t,431
NIF-REI-CRO-9,Gold Leaf Japon,Con Filtro,Negro,SuperLight,f,310
NIF-REI-CRO-9,Midnight Silk Argentina,Sin Filtro,Negro,Normal,f,298
NIF-REI-CRO-9,Midnight Silk Alemania,Con Filtro,Rubio,Normal,t,352
NIF-REI-CRO-9,Silver Lining Argentina,Sin Filtro,Negro,Normal,t,290
NIF-REI-CRO-9,Silver Lining Reino,Sin Filtro,Rubio,Normal,t,244
NIF-REI-CRO-9,Urban Classic Alemania,Sin Filtro,Rubio,Normal,t,489
NIF-REI-CRO-9,Ocean Breeze Argentina,Con Filtro,Rubio,Normal,t,83
NIF-REI-CRO-9,Midnight Silk Argentina,Sin Filtro,Rubio,Normal,f,264
NIF-REI-CRO-9,Amber Haze Japon,Sin Filtro,Rubio,Normal,t,90
NIF-REI-CRO-10,Urban Classic Argentina,Con Filtro,Negro,Normal,f,285
NIF-REI-CRO-10,Silver Lining Chile,Con Filtro,Rubio,Normal,f,123
NIF-REI-CRO-10,Mountain Mist Chile,Sin Filtro,Rubio,Normal,f,88
NIF-REI-CRO-10,Gold Leaf Chile,Con Filtro,Rubio,Light,f,307
NIF-REI-CRO-10,Mountain Mist Alemania,Sin Filtro,Negro,Normal,t,264
NIF-REI-CRO-10,Highland Peak Reino,Sin Filtro,Rubio,Normal,t,172
NIF-REI-CRO-10,Highland Peak Argentina,Con Filtro,Negro,Normal,f,148
NIF-REI-CRO-10,Gold Leaf Reino,Sin Filtro,Rubio,Normal,f,486
NIF-REI-CRO-10,Pure Essence Chile,Con Filtro,Negro,Normal,t,85
NIF-REI-CRO-10,Highland Peak Chile,Con Filtro,Rubio,SuperLight,f,440
NIF-REI-CRO-10,Mountain Mist Chile,Sin Filtro,Rubio,Normal,t,346
NIF-REI-CRO-10,Silver Lining Reino,Con Filtro,Negro,SuperLight,f,104
NIF-REI-CRO-10,Mountain Mist Reino,Con Filtro,Negro,SuperLight,f,310
NIF-REI-CRO-10,Amber Haze Reino,Sin Filtro,Rubio,Normal,f,94
NIF-REI-CRO-10,Midnight Silk Chile,Con Filtro,Rubio,Normal,t,454
NIF-REI-CRO-10,Gold Leaf Reino,Con Filtro,Rubio,Normal,f,143
NIF-REI-CRO-10,Silver Lining Japon,Sin Filtro,Negro,Normal,f,72
NIF-REI-CRO-10,Highland Peak Japon,Sin Filtro,Negro,Normal,t,209
NIF-REI-CRO-10,Royal Blend Japon,Sin Filtro,Rubio,Normal,t,239
NIF-REI-CRO-10,Mountain Mist Japon,Con Filtro,Rubio,Normal,t,157
NIF-REI-CRO-10,Amber Haze Alemania,Sin Filtro,Negro,Normal,t,95
NIF-REI-CRO-10,Gold Leaf Chile,Sin Filtro,Negro,Normal,t,324
NIF-REI-CRO-10,Pure Essence Argentina,Sin Filtro,Rubio,Normal,t,141
NIF-REI-CRO-10,Silver Lining Alemania,Sin Filtro,Negro,Normal,t,449
NIF-REI-CRO-10,Royal Blend Reino,Con Filtro,Negro,Normal,t,108
NIF-REI-CRO-10,Midnight Silk Alemania,Sin Filtro,Negro,Normal,t,405
NIF-REI-CRO-10,Silver Lining Alemania,Sin Filtro,Negro,Normal,t,135
NIF-REI-CRO-11,Urban Classic Japon,Sin Filtro,Rubio,Normal,f,373
NIF-REI-CRO-11,Gold Leaf Reino,Con Filtro,Rubio,Normal,f,500
NIF-REI-CRO-11,Gold Leaf Japon,Sin Filtro,Negro,Normal,t,181
NIF-REI-CRO-11,Gold Leaf Argentina,Con Filtro,Rubio,Normal,t,172
NIF-REI-CRO-11,Midnight Silk Japon,Con Filtro,Rubio,Light,f,444
NIF-REI-CRO-11,Mountain Mist Argentina,Con Filtro,Negro,UltraLight,f,215
NIF-REI-CRO-11,Royal Blend Chile,Con Filtro,Rubio,UltraLight,f,219
NIF-REI-CRO-11,Ocean Breeze Alemania,Sin Filtro,Rubio,Normal,t,207
NIF-REI-CRO-11,Midnight Silk Japon,Sin Filtro,Rubio,Normal,f,293
NIF-REI-CRO-11,Amber Haze Chile,Sin Filtro,Rubio,Normal,f,384
NIF-REI-CRO-11,Urban Classic Reino,Con Filtro,Negro,Normal,t,123
NIF-REI-CRO-12,Highland Peak Argentina,Sin Filtro,Rubio,Normal,f,250
NIF-REI-CRO-12,Ocean Breeze Chile,Con Filtro,Rubio,Normal,t,182
NIF-REI-CRO-12,Ocean Breeze Japon,Sin Filtro,Rubio,Normal,t,407
NIF-REI-CRO-12,Silver Lining Alemania,Con Filtro,Negro,Normal,t,55
NIF-REI-CRO-12,Mountain Mist Japon,Con Filtro,Rubio,Light,f,431
NIF-REI-CRO-12,Urban Classic Reino,Con Filtro,Negro,Normal,t,112
NIF-REI-CRO-12,Mountain Mist Japon,Sin Filtro,Negro,Normal,t,127
NIF-REI-CRO-12,Ocean Breeze Japon,Sin Filtro,Rubio,Normal,t,120
NIF-REI-CRO-12,Urban Classic Japon,Con Filtro,Negro,SuperLight,f,474
NIF-REI-CRO-12,Mountain Mist Argentina,Con Filtro,Rubio,Normal,t,242
NIF-REI-CRO-12,Gold Leaf Japon,Con Filtro,Rubio,Normal,t,66
NIF-REI-CRO-12,Highland Peak Alemania,Con Filtro,Rubio,SuperLight,f,444
NIF-REI-CRO-12,Ocean Breeze Alemania,Sin Filtro,Rubio,Normal,t,111
NIF-REI-CRO-12,Royal Blend Alemania,Sin Filtro,Rubio,Normal,f,208
NIF-REI-CRO-12,Ocean Breeze Alemania,Sin Filtro,Rubio,Normal,t,128
NIF-REI-CRO-12,Pure Essence Japon,Sin Filtro,Negro,Normal,t,102
NIF-REI-CRO-12,Highland Peak Argentina,Sin Filtro,Negro,Normal,f,76
NIF-REI-CRO-12,Amber Haze Reino,Sin Filtro,Negro,Normal,t,233
NIF-REI-CRO-12,Urban Classic Argentina,Con Filtro,Rubio,Normal,t,302
NIF-REI-CRO-12,Amber Haze Alemania,Sin Filtro,Negro,Normal,t,407
NIF-REI-CRO-12,Amber Haze Japon,Sin Filtro,Negro,Normal,t,394
NIF-REI-CRO-12,Gold Leaf Argentina,Con Filtro,Rubio,Light,f,75
NIF-REI-CRO-12,Mountain Mist Argentina,Sin Filtro,Negro,Normal,t,276
NIF-REI-CRO-12,Gold Leaf Japon,Sin Filtro,Rubio,Normal,t,153
NIF-REI-CRO-12,Gold Leaf Chile,Sin Filtro,Rubio,Normal,f,376
NIF-REI-CRO-12,Amber Haze Argentina,Con Filtro,Rubio,Normal,t,164
NIF-REI-CRO-12,Mountain Mist Argentina,Sin Filtro,Negro,Normal,t,115
NIF-REI-CRO-12,Urban Classic Argentina,Con Filtro,Rubio,Normal,t,325
NIF-REI-CRO-12,Urban Classic Chile,Sin Filtro,Rubio,Normal,f,189
NIF-REI-CRO-12,Highland Peak Chile,Con Filtro,Negro,Light,f,276
NIF-REI-CRO-13,Ocean Breeze Argentina,Con Filtro,Rubio,Light,f,333
NIF-REI-CRO-13,Highland Peak Japon,Sin Filtro,Rubio,Normal,f,195
NIF-REI-CRO-13,Amber Haze Chile,Sin Filtro,Rubio,Normal,f,341
NIF-REI-CRO-13,Silver Lining Reino,Con Filtro,Negro,SuperLight,f,175
NIF-REI-CRO-13,Ocean Breeze Alemania,Sin Filtro,Negro,Normal,t,399
NIF-REI-CRO-13,Pure Essence Alemania,Con Filtro,Rubio,UltraLight,f,225
NIF-REI-CRO-13,Royal Blend Chile,Sin Filtro,Negro,Normal,t,286
NIF-REI-CRO-13,Royal Blend Reino,Sin Filtro,Rubio,Normal,t,166
NIF-REI-CRO-13,Gold Leaf Alemania,Sin Filtro,Negro,Normal,t,230
NIF-REI-CRO-13,Silver Lining Chile,Con Filtro,Rubio,Light,f,411
NIF-REI-CRO-13,Amber Haze Reino,Con Filtro,Rubio,Normal,t,55
NIF-REI-CRO-13,Amber Haze Argentina,Sin Filtro,Negro,Normal,t,363
NIF-REI-CRO-13,Pure Essence Argentina,Sin Filtro,Negro,Normal,t,144
NIF-REI-CRO-14,Mountain Mist Reino,Con Filtro,Negro,SuperLight,f,187
NIF-REI-CRO-14,Mountain Mist Japon,Con Filtro,Negro,Normal,t,348
NIF-REI-CRO-14,Amber Haze Alemania,Sin Filtro,Negro,Normal,t,447
NIF-REI-CRO-14,Royal Blend Japon,Sin Filtro,Negro,Normal,t,56
NIF-REI-CRO-14,Ocean Breeze Reino,Sin Filtro,Negro,Normal,t,180
NIF-REI-CRO-14,Royal Blend Reino,Con Filtro,Rubio,Normal,t,323
NIF-REI-CRO-14,Ocean Breeze Alemania,Con Filtro,Negro,Light,f,443
NIF-REI-CRO-14,Midnight Silk Chile,Con Filtro,Negro,Normal,t,251
NIF-REI-CRO-14,Highland Peak Alemania,Sin Filtro,Rubio,Normal,f,429
NIF-REI-CRO-14,Silver Lining Japon,Con Filtro,Rubio,Normal,f,330
NIF-REI-CRO-14,Mountain Mist Alemania,Sin Filtro,Negro,Normal,f,73
NIF-REI-CRO-14,Amber Haze Chile,Sin Filtro,Rubio,Normal,f,55
NIF-REI-CRO-14,Urban Classic Japon,Con Filtro,Negro,Normal,t,170
NIF-REI-CRO-14,Silver Lining Chile,Con Filtro,Negro,Normal,t,263
NIF-REI-CRO-14,Gold Leaf Chile,Sin Filtro,Rubio,Normal,t,93
NIF-REI-CRO-14,Silver Lining Reino,Sin Filtro,Rubio,Normal,f,336
NIF-REI-CRO-14,Amber Haze Argentina,Sin Filtro,Negro,Normal,t,277
NIF-REI-CRO-14,Ocean Breeze Alemania,Con Filtro,Negro,SuperLight,f,103
NIF-REI-CRO-14,Midnight Silk Chile,Con Filtro,Negro,Normal,t,164
NIF-REI-CRO-14,Ocean Breeze Argentina,Con Filtro,Negro,SuperLight,f,295
NIF-REI-CRO-14,Urban Classic Argentina,Sin Filtro,Negro,Normal,f,467
NIF-REI-CRO-14,Midnight Silk Japon,Sin Filtro,Rubio,Normal,f,438
NIF-REI-CRO-14,Gold Leaf Alemania,Sin Filtro,Negro,Normal,f,351
NIF-REI-CRO-14,Amber Haze Reino,Con Filtro,Negro,Normal,t,275
NIF-REI-CRO-14,Ocean Breeze Reino,Sin Filtro,Negro,Normal,t,495
NIF-REI-CRO-14,Highland Peak Alemania,Con Filtro,Negro,Normal,f,447
NIF-REI-CRO-14,Mountain Mist Reino,Sin Filtro,Negro,Normal,f,380
NIF-REI-CRO-14,Amber Haze Chile,Con Filtro,Rubio,Light,f,341
NIF-REI-CRO-15,Amber Haze Alemania,Con Filtro,Negro,Normal,t,339
NIF-REI-CRO-15,Pure Essence Chile,Con Filtro,Negro,Normal,t,104
NIF-REI-CRO-15,Highland Peak Alemania,Sin Filtro,Negro,Normal,t,265
NIF-REI-CRO-15,Highland Peak Alemania,Con Filtro,Negro,Normal,f,389
NIF-REI-CRO-15,Royal Blend Argentina,Con Filtro,Negro,Light,f,239
NIF-REI-CRO-15,Urban Classic Argentina,Sin Filtro,Negro,Normal,t,80
NIF-REI-CRO-15,Amber Haze Reino,Sin Filtro,Negro,Normal,t,367
NIF-REI-CRO-15,Royal Blend Chile,Sin Filtro,Negro,Normal,f,437
NIF-REI-CRO-15,Urban Classic Argentina,Sin Filtro,Rubio,Normal,f,125
NIF-REI-CRO-15,Mountain Mist Japon,Con Filtro,Rubio,Light,f,231
NIF-REI-CRO-15,Mountain Mist Japon,Con Filtro,Rubio,Normal,t,293
NIF-REI-CRO-15,Midnight Silk Alemania,Sin Filtro,Negro,Normal,f,152
NIF-REI-CRO-15,Royal Blend Chile,Con Filtro,Negro,Normal,t,348
NIF-REI-CRO-15,Ocean Breeze Chile,Sin Filtro,Negro,Normal,t,354
NIF-REI-CRO-15,Gold Leaf Alemania,Sin Filtro,Rubio,Normal,f,202
NIF-REI-CRO-15,Mountain Mist Reino,Sin Filtro,Negro,Normal,f,486
NIF-REI-CRO-15,Urban Classic Chile,Sin Filtro,Rubio,Normal,f,93
NIF-REI-BAR-1,Silver Lining Reino,Con Filtro,Negro,Normal,t,200
NIF-REI-BAR-1,Urban Classic Argentina,Con Filtro,Rubio,Normal,t,197
NIF-REI-BAR-1,Urban Classic Argentina,Con Filtro,Negro,UltraLight,f,444
NIF-REI-BAR-1,Midnight Silk Chile,Con Filtro,Negro,Normal,t,170
NIF-REI-BAR-1,Highland Peak Reino,Sin Filtro,Rubio,Normal,t,348
NIF-REI-BAR-1,Pure Essence Reino,Sin Filtro,Negro,Normal,f,123
NIF-REI-BAR-1,Highland Peak Japon,Sin Filtro,Rubio,Normal,f,413
NIF-REI-BAR-1,Midnight Silk Argentina,Sin Filtro,Negro,Normal,t,473
NIF-REI-BAR-1,Amber Haze Chile,Sin Filtro,Rubio,Normal,t,252
NIF-REI-BAR-1,Amber Haze Argentina,Sin Filtro,Rubio,Normal,f,357
NIF-REI-BAR-1,Gold Leaf Alemania,Sin Filtro,Rubio,Normal,f,410
NIF-REI-BAR-1,Royal Blend Reino,Con Filtro,Negro,Normal,t,106
NIF-REI-BAR-1,Silver Lining Reino,Con Filtro,Negro,Normal,t,275
NIF-REI-BAR-1,Ocean Breeze Chile,Con Filtro,Negro,Normal,t,362
NIF-REI-BAR-1,Pure Essence Alemania,Sin Filtro,Negro,Normal,f,407
NIF-REI-BAR-1,Urban Classic Chile,Sin Filtro,Negro,Normal,t,56
NIF-REI-BAR-1,Ocean Breeze Reino,Sin Filtro,Negro,Normal,f,116
NIF-REI-BAR-1,Silver Lining Japon,Con Filtro,Negro,UltraLight,f,322
NIF-REI-BAR-1,Amber Haze Chile,Con Filtro,Negro,Light,f,365
NIF-REI-BAR-1,Ocean Breeze Argentina,Con Filtro,Negro,Normal,t,181
NIF-REI-BAR-1,Mountain Mist Argentina,Con Filtro,Negro,UltraLight,f,118
NIF-REI-BAR-2,Amber Haze Reino,Sin Filtro,Negro,Normal,t,133
NIF-REI-BAR-2,Gold Leaf Argentina,Sin Filtro,Negro,Normal,f,315
NIF-REI-BAR-2,Highland Peak Argentina,Sin Filtro,Rubio,Normal,f,372
NIF-REI-BAR-2,Gold Leaf Alemania,Sin Filtro,Rubio,Normal,f,374
NIF-REI-BAR-2,Amber Haze Chile,Sin Filtro,Rubio,Normal,t,70
NIF-REI-BAR-2,Gold Leaf Argentina,Con Filtro,Rubio,Normal,t,266
NIF-REI-BAR-2,Ocean Breeze Japon,Sin Filtro,Negro,Normal,t,321
NIF-REI-BAR-2,Mountain Mist Alemania,Sin Filtro,Negro,Normal,t,486
NIF-REI-BAR-2,Highland Peak Japon,Con Filtro,Rubio,Light,f,66
NIF-REI-BAR-2,Ocean Breeze Reino,Sin Filtro,Negro,Normal,t,474
NIF-REI-BAR-2,Midnight Silk Japon,Con Filtro,Negro,UltraLight,f,476
NIF-REI-BAR-2,Amber Haze Japon,Con Filtro,Rubio,Normal,t,155
NIF-REI-BAR-2,Ocean Breeze Reino,Sin Filtro,Negro,Normal,t,238
NIF-REI-BAR-2,Midnight Silk Reino,Con Filtro,Rubio,SuperLight,f,194
NIF-REI-BAR-2,Pure Essence Alemania,Sin Filtro,Negro,Normal,f,169
NIF-REI-BAR-2,Mountain Mist Japon,Con Filtro,Rubio,Normal,t,65
NIF-REI-BAR-3,Urban Classic Chile,Sin Filtro,Negro,Normal,t,368
NIF-REI-BAR-3,Pure Essence Argentina,Con Filtro,Rubio,Normal,t,444
NIF-REI-BAR-3,Silver Lining Alemania,Sin Filtro,Negro,Normal,f,431
NIF-REI-BAR-3,Royal Blend Argentina,Con Filtro,Negro,SuperLight,f,264
NIF-REI-BAR-3,Silver Lining Reino,Con Filtro,Negro,Normal,t,242
NIF-REI-BAR-3,Highland Peak Chile,Con Filtro,Negro,Normal,f,106
NIF-REI-BAR-3,Urban Classic Reino,Con Filtro,Rubio,Normal,t,395
NIF-REI-BAR-3,Highland Peak Chile,Con Filtro,Negro,Normal,t,145
NIF-REI-BAR-3,Amber Haze Japon,Sin Filtro,Rubio,Normal,f,57
NIF-REI-BAR-3,Highland Peak Argentina,Sin Filtro,Negro,Normal,f,122
NIF-REI-BAR-3,Pure Essence Japon,Sin Filtro,Negro,Normal,f,251
NIF-REI-BAR-3,Silver Lining Reino,Con Filtro,Negro,Normal,t,393
NIF-REI-BAR-3,Gold Leaf Reino,Con Filtro,Negro,SuperLight,f,424
NIF-REI-BAR-3,Amber Haze Chile,Con Filtro,Rubio,Normal,t,369
NIF-REI-BAR-3,Amber Haze Chile,Con Filtro,Negro,Light,f,55
NIF-REI-BAR-3,Amber Haze Alemania,Sin Filtro,Negro,Normal,t,425
NIF-REI-BAR-3,Highland Peak Japon,Sin Filtro,Rubio,Normal,t,194
NIF-REI-BAR-3,Midnight Silk Alemania,Sin Filtro,Rubio,Normal,t,479
NIF-REI-BAR-3,Amber Haze Reino,Sin Filtro,Rubio,Normal,f,338
NIF-REI-BAR-3,Royal Blend Reino,Sin Filtro,Rubio,Normal,t,394
NIF-REI-BAR-3,Urban Classic Chile,Sin Filtro,Negro,Normal,f,452
NIF-REI-BAR-3,Highland Peak Argentina,Sin Filtro,Negro,Normal,f,447
NIF-REI-BAR-3,Mountain Mist Alemania,Sin Filtro,Negro,Normal,t,124
NIF-REI-BAR-3,Gold Leaf Japon,Sin Filtro,Negro,Normal,t,348
NIF-REI-BAR-3,Silver Lining Argentina,Con Filtro,Rubio,Normal,t,496
NIF-REI-BAR-3,Silver Lining Japon,Con Filtro,Rubio,Light,f,333
NIF-REI-BAR-3,Gold Leaf Argentina,Con Filtro,Rubio,Normal,t,499
NIF-REI-BAR-4,Highland Peak Chile,Con Filtro,Rubio,Normal,f,193
NIF-REI-BAR-4,Highland Peak Argentina,Sin Filtro,Rubio,Normal,f,322
NIF-REI-BAR-4,Midnight Silk Alemania,Con Filtro,Negro,Normal,t,339
NIF-REI-BAR-4,Pure Essence Argentina,Sin Filtro,Negro,Normal,f,309
NIF-REI-BAR-4,Pure Essence Reino,Con Filtro,Negro,Normal,f,454
NIF-REI-BAR-4,Pure Essence Alemania,Sin Filtro,Rubio,Normal,t,215
NIF-REI-BAR-4,Midnight Silk Reino,Sin Filtro,Rubio,Normal,t,216
NIF-REI-BAR-4,Silver Lining Alemania,Sin Filtro,Negro,Normal,f,66
NIF-REI-BAR-4,Urban Classic Chile,Con Filtro,Negro,UltraLight,f,140
NIF-REI-BAR-4,Mountain Mist Chile,Sin Filtro,Rubio,Normal,t,127
NIF-REI-BAR-4,Ocean Breeze Alemania,Con Filtro,Rubio,Light,f,221
NIF-REI-BAR-5,Highland Peak Reino,Con Filtro,Negro,SuperLight,f,337
NIF-REI-BAR-5,Ocean Breeze Japon,Sin Filtro,Rubio,Normal,t,130
NIF-REI-BAR-5,Ocean Breeze Argentina,Sin Filtro,Negro,Normal,f,313
NIF-REI-BAR-5,Mountain Mist Argentina,Sin Filtro,Negro,Normal,t,369
NIF-REI-BAR-5,Pure Essence Japon,Sin Filtro,Rubio,Normal,t,239
NIF-REI-BAR-5,Pure Essence Chile,Sin Filtro,Negro,Normal,f,178
NIF-REI-BAR-5,Silver Lining Chile,Sin Filtro,Rubio,Normal,t,120
NIF-REI-BAR-5,Gold Leaf Reino,Sin Filtro,Negro,Normal,f,165
NIF-REI-BAR-5,Royal Blend Argentina,Con Filtro,Negro,Light,f,496
NIF-REI-BAR-5,Mountain Mist Reino,Sin Filtro,Negro,Normal,t,343
NIF-REI-BAR-5,Gold Leaf Japon,Sin Filtro,Rubio,Normal,t,84
NIF-REI-BAR-5,Midnight Silk Japon,Con Filtro,Negro,SuperLight,f,111
NIF-REI-BAR-5,Urban Classic Alemania,Con Filtro,Negro,Normal,t,226
NIF-REI-BAR-5,Mountain Mist Argentina,Con Filtro,Negro,Light,f,464
NIF-REI-BAR-5,Gold Leaf Alemania,Sin Filtro,Rubio,Normal,f,222
NIF-REI-BAR-5,Amber Haze Alemania,Sin Filtro,Rubio,Normal,f,187
NIF-REI-BAR-5,Highland Peak Japon,Sin Filtro,Negro,Normal,t,72
NIF-REI-BAR-5,Midnight Silk Chile,Con Filtro,Negro,Normal,t,195
NIF-REI-BAR-5,Gold Leaf Reino,Con Filtro,Rubio,Normal,f,190
NIF-REI-BAR-5,Mountain Mist Alemania,Sin Filtro,Negro,Normal,f,108
NIF-REI-BAR-5,Highland Peak Reino,Con Filtro,Rubio,Normal,t,267
NIF-REI-BAR-5,Urban Classic Argentina,Con Filtro,Rubio,Normal,t,354
NIF-REI-BAR-5,Midnight Silk Japon,Sin Filtro,Rubio,Normal,f,215
NIF-REI-BAR-5,Urban Classic Argentina,Sin Filtro,Negro,Normal,f,88
NIF-REI-BAR-5,Royal Blend Argentina,Con Filtro,Rubio,UltraLight,f,254
NIF-REI-BAR-6,Royal Blend Reino,Con Filtro,Negro,Normal,t,63
NIF-REI-BAR-6,Mountain Mist Argentina,Con Filtro,Rubio,SuperLight,f,479
NIF-REI-BAR-6,Amber Haze Japon,Con Filtro,Rubio,Normal,t,167
NIF-REI-BAR-6,Highland Peak Reino,Con Filtro,Rubio,Normal,t,100
NIF-REI-BAR-6,Pure Essence Reino,Sin Filtro,Negro,Normal,f,360
NIF-REI-BAR-6,Mountain Mist Argentina,Sin Filtro,Negro,Normal,t,205
NIF-REI-BAR-6,Ocean Breeze Argentina,Sin Filtro,Rubio,Normal,f,448
NIF-REI-BAR-6,Highland Peak Chile,Sin Filtro,Negro,Normal,t,355
NIF-REI-BAR-6,Mountain Mist Argentina,Con Filtro,Negro,Light,f,357
NIF-REI-BAR-6,Amber Haze Argentina,Sin Filtro,Negro,Normal,t,374
NIF-REI-BAR-6,Urban Classic Reino,Con Filtro,Negro,Normal,t,373
NIF-REI-BAR-6,Ocean Breeze Japon,Sin Filtro,Rubio,Normal,t,263
NIF-REI-BAR-6,Midnight Silk Argentina,Sin Filtro,Negro,Normal,t,127
NIF-REI-BAR-6,Highland Peak Alemania,Sin Filtro,Negro,Normal,f,93
NIF-REI-BAR-6,Amber Haze Argentina,Con Filtro,Negro,Normal,t,213
NIF-REI-BAR-6,Mountain Mist Japon,Sin Filtro,Rubio,Normal,f,440
NIF-REI-BAR-6,Midnight Silk Argentina,Sin Filtro,Rubio,Normal,f,95
NIF-REI-BAR-6,Royal Blend Chile,Con Filtro,Rubio,Normal,t,397
NIF-REI-BAR-6,Amber Haze Alemania,Con Filtro,Negro,Normal,t,444
NIF-REI-BAR-6,Highland Peak Japon,Sin Filtro,Rubio,Normal,f,159
NIF-REI-BAR-6,Mountain Mist Chile,Sin Filtro,Rubio,Normal,f,359
NIF-REI-BAR-6,Gold Leaf Japon,Sin Filtro,Rubio,Normal,t,136
NIF-REI-BAR-6,Midnight Silk Chile,Con Filtro,Rubio,Normal,t,225
NIF-REI-BAR-7,Highland Peak Chile,Con Filtro,Negro,Normal,t,273
NIF-REI-BAR-7,Ocean Breeze Reino,Sin Filtro,Negro,Normal,t,483
NIF-REI-BAR-7,Gold Leaf Chile,Sin Filtro,Rubio,Normal,f,265
NIF-REI-BAR-7,Silver Lining Reino,Con Filtro,Rubio,UltraLight,f,461
NIF-REI-BAR-7,Amber Haze Chile,Con Filtro,Rubio,SuperLight,f,340
NIF-REI-BAR-7,Ocean Breeze Chile,Sin Filtro,Negro,Normal,t,411
NIF-REI-BAR-7,Pure Essence Chile,Con Filtro,Rubio,Normal,t,181
NIF-REI-BAR-7,Highland Peak Argentina,Sin Filtro,Rubio,Normal,f,52
NIF-REI-BAR-7,Urban Classic Argentina,Con Filtro,Negro,UltraLight,f,185
NIF-REI-BAR-7,Mountain Mist Japon,Con Filtro,Rubio,Light,f,301
NIF-REI-BAR-7,Amber Haze Reino,Con Filtro,Negro,Normal,t,353
NIF-REI-BAR-7,Amber Haze Reino,Sin Filtro,Rubio,Normal,t,327
NIF-REI-BAR-7,Amber Haze Alemania,Con Filtro,Negro,Normal,f,210
NIF-REI-BAR-7,Gold Leaf Chile,Sin Filtro,Negro,Normal,t,492
NIF-REI-BAR-7,Pure Essence Reino,Con Filtro,Rubio,Normal,f,500
NIF-REI-BAR-7,Gold Leaf Japon,Sin Filtro,Negro,Normal,f,242
NIF-REI-BAR-7,Pure Essence Chile,Con Filtro,Negro,Normal,t,191
NIF-REI-BAR-7,Amber Haze Japon,Con Filtro,Rubio,Normal,t,459
NIF-REI-BAR-7,Silver Lining Chile,Con Filtro,Rubio,Normal,f,98
NIF-REI-BAR-8,Silver Lining Argentina,Con Filtro,Negro,Normal,t,141
NIF-REI-BAR-8,Gold Leaf Argentina,Sin Filtro,Rubio,Normal,f,305
NIF-REI-BAR-8,Pure Essence Argentina,Sin Filtro,Negro,Normal,f,346
NIF-REI-BAR-8,Silver Lining Japon,Con Filtro,Negro,UltraLight,f,424
NIF-REI-BAR-8,Silver Lining Reino,Con Filtro,Rubio,UltraLight,f,207
NIF-REI-BAR-8,Pure Essence Japon,Sin Filtro,Negro,Normal,t,242
NIF-REI-BAR-8,Amber Haze Reino,Con Filtro,Negro,Normal,t,177
NIF-REI-BAR-8,Urban Classic Japon,Sin Filtro,Rubio,Normal,t,254
NIF-REI-BAR-8,Gold Leaf Japon,Sin Filtro,Negro,Normal,f,467
NIF-REI-BAR-8,Silver Lining Chile,Con Filtro,Rubio,Normal,t,284
NIF-REI-BAR-8,Amber Haze Reino,Sin Filtro,Rubio,Normal,t,59
NIF-REI-BAR-8,Royal Blend Alemania,Sin Filtro,Negro,Normal,t,80
NIF-REI-BAR-8,Mountain Mist Japon,Con Filtro,Negro,Normal,t,125
NIF-REI-BAR-8,Royal Blend Japon,Sin Filtro,Rubio,Normal,t,430
NIF-REI-BAR-8,Urban Classic Alemania,Sin Filtro,Negro,Normal,f,116
NIF-REI-BAR-8,Amber Haze Reino,Sin Filtro,Rubio,Normal,f,466
NIF-REI-BAR-8,Ocean Breeze Reino,Sin Filtro,Negro,Normal,t,426
NIF-REI-BAR-8,Urban Classic Alemania,Sin Filtro,Negro,Normal,t,231
NIF-REI-BAR-8,Mountain Mist Japon,Sin Filtro,Rubio,Normal,f,359
NIF-REI-BAR-8,Mountain Mist Chile,Con Filtro,Rubio,Normal,t,289
NIF-REI-BAR-8,Silver Lining Chile,Con Filtro,Negro,SuperLight,f,269
NIF-REI-BAR-8,Gold Leaf Argentina,Sin Filtro,Rubio,Normal,t,95
NIF-REI-BAR-8,Amber Haze Reino,Sin Filtro,Rubio,Normal,t,53
NIF-REI-BAR-9,Midnight Silk Reino,Sin Filtro,Negro,Normal,t,415
NIF-REI-BAR-9,Highland Peak Chile,Con Filtro,Rubio,Normal,f,269
NIF-REI-BAR-9,Urban Classic Argentina,Con Filtro,Rubio,Normal,t,425
NIF-REI-BAR-9,Ocean Breeze Alemania,Con Filtro,Rubio,Light,f,321
NIF-REI-BAR-9,Highland Peak Japon,Sin Filtro,Negro,Normal,t,376
NIF-REI-BAR-9,Mountain Mist Reino,Sin Filtro,Negro,Normal,t,127
NIF-REI-BAR-9,Royal Blend Japon,Sin Filtro,Negro,Normal,f,465
NIF-REI-BAR-9,Silver Lining Chile,Con Filtro,Rubio,Normal,f,97
NIF-REI-BAR-9,Urban Classic Argentina,Sin Filtro,Negro,Normal,f,453
NIF-REI-BAR-9,Royal Blend Alemania,Sin Filtro,Rubio,Normal,t,318
NIF-REI-BAR-9,Gold Leaf Japon,Sin Filtro,Negro,Normal,t,474
NIF-REI-BAR-9,Highland Peak Alemania,Sin Filtro,Negro,Normal,t,201
NIF-REI-BAR-9,Silver Lining Japon,Sin Filtro,Rubio,Normal,f,78
NIF-REI-BAR-9,Midnight Silk Reino,Con Filtro,Rubio,SuperLight,f,286
NIF-REI-BAR-9,Mountain Mist Japon,Con Filtro,Negro,Normal,t,325
NIF-REI-BAR-9,Amber Haze Japon,Sin Filtro,Negro,Normal,t,73
NIF-REI-BAR-9,Amber Haze Japon,Sin Filtro,Rubio,Normal,f,130
NIF-REI-BAR-10,Silver Lining Japon,Sin Filtro,Rubio,Normal,f,101
NIF-REI-BAR-10,Mountain Mist Alemania,Sin Filtro,Rubio,Normal,f,387
NIF-REI-BAR-10,Ocean Breeze Japon,Sin Filtro,Rubio,Normal,t,463
NIF-REI-BAR-10,Gold Leaf Alemania,Con Filtro,Negro,UltraLight,f,100
NIF-REI-BAR-10,Royal Blend Alemania,Sin Filtro,Rubio,Normal,t,470
NIF-REI-BAR-10,Highland Peak Argentina,Sin Filtro,Rubio,Normal,f,484
NIF-REI-BAR-10,Midnight Silk Alemania,Sin Filtro,Rubio,Normal,f,337
NIF-REI-BAR-10,Highland Peak Alemania,Sin Filtro,Negro,Normal,t,59
NIF-REI-BAR-10,Royal Blend Alemania,Sin Filtro,Rubio,Normal,f,371
NIF-REI-BAR-10,Ocean Breeze Alemania,Sin Filtro,Negro,Normal,t,106
NIF-REI-BAR-10,Midnight Silk Alemania,Sin Filtro,Negro,Normal,t,321
NIF-REI-BAR-10,Midnight Silk Argentina,Sin Filtro,Negro,Normal,f,398
NIF-REI-BAR-10,Ocean Breeze Alemania,Con Filtro,Rubio,Normal,t,254
NIF-REI-BAR-10,Midnight Silk Chile,Con Filtro,Rubio,Normal,t,284
NIF-REI-BAR-10,Midnight Silk Alemania,Con Filtro,Negro,Normal,t,436
NIF-REI-BAR-10,Royal Blend Alemania,Con Filtro,Negro,Normal,t,420
NIF-REI-BAR-10,Amber Haze Argentina,Con Filtro,Negro,Normal,t,360
NIF-REI-BAR-10,Highland Peak Alemania,Con Filtro,Rubio,UltraLight,f,142
NIF-REI-BAR-10,Ocean Breeze Reino,Sin Filtro,Negro,Normal,t,181
NIF-REI-BAR-10,Royal Blend Chile,Sin Filtro,Rubio,Normal,t,254
NIF-REI-BAR-10,Mountain Mist Argentina,Sin Filtro,Rubio,Normal,t,421
NIF-REI-BAR-10,Silver Lining Alemania,Con Filtro,Negro,Normal,t,252
NIF-REI-BAR-10,Urban Classic Japon,Sin Filtro,Rubio,Normal,t,265
NIF-REI-BAR-11,Mountain Mist Argentina,Sin Filtro,Negro,Normal,f,158
NIF-REI-BAR-11,Highland Peak Argentina,Sin Filtro,Rubio,Normal,f,351
NIF-REI-BAR-11,Gold Leaf Argentina,Sin Filtro,Rubio,Normal,t,185
NIF-REI-BAR-11,Mountain Mist Reino,Con Filtro,Negro,SuperLight,f,170
NIF-REI-BAR-11,Gold Leaf Chile,Sin Filtro,Negro,Normal,f,415
NIF-REI-BAR-11,Highland Peak Argentina,Sin Filtro,Negro,Normal,f,180
NIF-REI-BAR-11,Highland Peak Chile,Con Filtro,Negro,Normal,t,136
NIF-REI-BAR-11,Highland Peak Argentina,Con Filtro,Rubio,SuperLight,f,77
NIF-REI-BAR-11,Gold Leaf Japon,Sin Filtro,Negro,Normal,f,354
NIF-REI-BAR-11,Silver Lining Chile,Con Filtro,Rubio,Light,f,433
NIF-REI-BAR-11,Royal Blend Chile,Sin Filtro,Rubio,Normal,t,426
NIF-REI-BAR-11,Midnight Silk Reino,Sin Filtro,Rubio,Normal,t,121
NIF-REI-BAR-11,Highland Peak Alemania,Sin Filtro,Rubio,Normal,f,334
NIF-REI-BAR-11,Amber Haze Reino,Sin Filtro,Rubio,Normal,t,492
NIF-REI-BAR-11,Amber Haze Chile,Con Filtro,Rubio,Light,f,441
NIF-REI-BAR-11,Silver Lining Alemania,Sin Filtro,Negro,Normal,f,164
NIF-REI-BAR-11,Highland Peak Chile,Con Filtro,Rubio,Normal,f,119
NIF-REI-BAR-11,Midnight Silk Chile,Con Filtro,Rubio,Normal,t,369
NIF-REI-BAR-11,Midnight Silk Reino,Con Filtro,Rubio,SuperLight,f,427
NIF-REI-BAR-11,Royal Blend Japon,Sin Filtro,Rubio,Normal,t,349
NIF-REI-BAR-11,Silver Lining Alemania,Con Filtro,Negro,Normal,t,279
NIF-REI-BAR-11,Midnight Silk Japon,Sin Filtro,Rubio,Normal,f,423
NIF-REI-BAR-11,Midnight Silk Alemania,Sin Filtro,Rubio,Normal,t,123
NIF-REI-BAR-11,Gold Leaf Japon,Con Filtro,Rubio,Normal,t,430
NIF-REI-BAR-11,Ocean Breeze Chile,Sin Filtro,Negro,Normal,f,255
NIF-REI-BAR-11,Ocean Breeze Japon,Sin Filtro,Negro,Normal,t,463
NIF-REI-BAR-12,Urban Classic Japon,Con Filtro,Negro,Normal,f,207
NIF-REI-BAR-12,Ocean Breeze Japon,Sin Filtro,Rubio,Normal,t,496
NIF-REI-BAR-12,Midnight Silk Chile,Con Filtro,Negro,Normal,f,275
NIF-REI-BAR-12,Silver Lining Reino,Con Filtro,Negro,UltraLight,f,405
NIF-REI-BAR-12,Silver Lining Alemania,Con Filtro,Negro,Normal,t,270
NIF-REI-BAR-12,Silver Lining Japon,Con Filtro,Negro,SuperLight,f,121
NIF-REI-BAR-12,Gold Leaf Alemania,Sin Filtro,Negro,Normal,f,458
NIF-REI-BAR-12,Midnight Silk Japon,Con Filtro,Rubio,Light,f,278
NIF-REI-BAR-12,Urban Classic Argentina,Sin Filtro,Negro,Normal,t,390
NIF-REI-BAR-12,Urban Classic Chile,Con Filtro,Negro,UltraLight,f,103
NIF-REI-BAR-12,Mountain Mist Japon,Con Filtro,Rubio,Normal,t,412
NIF-REI-BAR-12,Gold Leaf Chile,Con Filtro,Rubio,Light,f,132
NIF-REI-BAR-12,Mountain Mist Reino,Sin Filtro,Rubio,Normal,f,296
NIF-REI-BAR-12,Royal Blend Japon,Con Filtro,Rubio,SuperLight,f,345
NIF-REI-BAR-12,Silver Lining Argentina,Con Filtro,Rubio,Normal,t,230
NIF-REI-BAR-12,Ocean Breeze Reino,Sin Filtro,Negro,Normal,t,129
NIF-REI-BAR-12,Silver Lining Alemania,Sin Filtro,Negro,Normal,t,467
NIF-REI-BAR-12,Urban Classic Reino,Con Filtro,Rubio,Normal,t,412
NIF-REI-BAR-12,Urban Classic Japon,Con Filtro,Negro,Normal,t,182
NIF-REI-BAR-12,Urban Classic Argentina,Con Filtro,Negro,Normal,f,76
NIF-REI-BAR-12,Mountain Mist Reino,Con Filtro,Rubio,SuperLight,f,93
NIF-REI-BAR-12,Ocean Breeze Reino,Sin Filtro,Rubio,Normal,f,262
NIF-REI-BAR-12,Midnight Silk Chile,Con Filtro,Rubio,Normal,t,486
NIF-REI-BAR-12,Silver Lining Reino,Con Filtro,Negro,SuperLight,f,92
NIF-REI-BAR-12,Amber Haze Japon,Sin Filtro,Rubio,Normal,f,203
NIF-REI-BAR-12,Amber Haze Argentina,Con Filtro,Negro,Normal,t,313
NIF-REI-BAR-12,Gold Leaf Chile,Sin Filtro,Negro,Normal,f,185
NIF-REI-BAR-12,Silver Lining Argentina,Con Filtro,Rubio,Normal,t,415
NIF-REI-BAR-12,Royal Blend Chile,Sin Filtro,Negro,Normal,f,87
NIF-REI-BAR-12,Urban Classic Chile,Sin Filtro,Rubio,Normal,f,166
NIF-REI-BAR-13,Silver Lining Chile,Con Filtro,Rubio,Normal,f,267
NIF-REI-BAR-13,Ocean Breeze Reino,Sin Filtro,Negro,Normal,t,263
NIF-REI-BAR-13,Gold Leaf Reino,Con Filtro,Rubio,Normal,t,158
NIF-REI-BAR-13,Highland Peak Reino,Sin Filtro,Negro,Normal,t,57
NIF-REI-BAR-13,Gold Leaf Reino,Con Filtro,Rubio,Normal,f,177
NIF-REI-BAR-13,Highland Peak Japon,Sin Filtro,Negro,Normal,t,207
NIF-REI-BAR-13,Ocean Breeze Alemania,Con Filtro,Negro,SuperLight,f,169
NIF-REI-BAR-13,Silver Lining Japon,Con Filtro,Negro,UltraLight,f,233
NIF-REI-BAR-13,Pure Essence Chile,Sin Filtro,Negro,Normal,f,144
NIF-REI-BAR-13,Midnight Silk Reino,Sin Filtro,Rubio,Normal,t,222
NIF-REI-BAR-13,Silver Lining Chile,Sin Filtro,Negro,Normal,f,70
NIF-REI-BAR-13,Pure Essence Argentina,Con Filtro,Rubio,Normal,t,208
NIF-REI-BAR-13,Highland Peak Japon,Sin Filtro,Rubio,Normal,f,298
NIF-REI-BAR-13,Silver Lining Japon,Sin Filtro,Rubio,Normal,f,135
NIF-REI-BAR-13,Mountain Mist Reino,Sin Filtro,Negro,Normal,t,489
NIF-REI-BAR-13,Midnight Silk Japon,Sin Filtro,Rubio,Normal,f,301
NIF-REI-BAR-13,Mountain Mist Chile,Sin Filtro,Rubio,Normal,t,74
NIF-REI-BAR-13,Urban Classic Reino,Con Filtro,Negro,Normal,t,106
NIF-REI-BAR-13,Gold Leaf Chile,Sin Filtro,Rubio,Normal,t,259
NIF-REI-BAR-13,Highland Peak Japon,Con Filtro,Negro,Normal,f,388
NIF-REI-BAR-14,Urban Classic Reino,Sin Filtro,Rubio,Normal,f,472
NIF-REI-BAR-14,Silver Lining Japon,Sin Filtro,Rubio,Normal,f,377
NIF-REI-BAR-14,Urban Classic Alemania,Sin Filtro,Rubio,Normal,t,302
NIF-REI-BAR-14,Amber Haze Alemania,Sin Filtro,Rubio,Normal,f,338
NIF-REI-BAR-14,Pure Essence Reino,Sin Filtro,Rubio,Normal,f,123
NIF-REI-BAR-14,Ocean Breeze Alemania,Sin Filtro,Rubio,Normal,t,369
NIF-REI-BAR-14,Pure Essence Japon,Sin Filtro,Negro,Normal,t,443
NIF-REI-BAR-14,Mountain Mist Chile,Sin Filtro,Rubio,Normal,t,384
NIF-REI-BAR-14,Ocean Breeze Japon,Con Filtro,Rubio,Normal,t,431
NIF-REI-BAR-14,Mountain Mist Reino,Con Filtro,Negro,SuperLight,f,488
NIF-REI-BAR-14,Amber Haze Chile,Con Filtro,Rubio,SuperLight,f,340
NIF-REI-BAR-14,Royal Blend Reino,Con Filtro,Negro,Normal,t,98
NIF-REI-BAR-14,Silver Lining Chile,Con Filtro,Rubio,Normal,t,144
NIF-REI-BAR-14,Urban Classic Argentina,Con Filtro,Rubio,Normal,t,89
NIF-REI-BAR-14,Amber Haze Japon,Con Filtro,Rubio,Normal,t,273
NIF-REI-BAR-14,Gold Leaf Chile,Con Filtro,Rubio,Light,f,444
NIF-REI-BAR-15,Silver Lining Japon,Con Filtro,Negro,Normal,t,364
NIF-REI-BAR-15,Mountain Mist Chile,Sin Filtro,Rubio,Normal,f,209
NIF-REI-BAR-15,Highland Peak Reino,Con Filtro,Negro,SuperLight,f,240
NIF-REI-BAR-15,Ocean Breeze Alemania,Sin Filtro,Negro,Normal,t,352
NIF-REI-BAR-15,Urban Classic Argentina,Sin Filtro,Negro,Normal,f,342
NIF-REI-BAR-15,Silver Lining Chile,Con Filtro,Rubio,Light,f,248
NIF-REI-BAR-15,Silver Lining Argentina,Sin Filtro,Negro,Normal,t,206
NIF-REI-BAR-15,Highland Peak Argentina,Sin Filtro,Rubio,Normal,f,272
NIF-REI-BAR-15,Mountain Mist Reino,Sin Filtro,Rubio,Normal,f,335
NIF-REI-BAR-15,Pure Essence Chile,Con Filtro,Negro,Normal,t,384
NIF-REI-BAR-15,Mountain Mist Alemania,Con Filtro,Negro,Normal,t,146
NIF-REI-BAR-15,Mountain Mist Reino,Con Filtro,Rubio,UltraLight,f,247
NIF-REI-BAR-15,Silver Lining Argentina,Con Filtro,Negro,Normal,t,350
NIF-REI-BAR-15,Gold Leaf Chile,Con Filtro,Rubio,Light,f,254
NIF-REI-BAR-15,Midnight Silk Argentina,Sin Filtro,Rubio,Normal,t,83
NIF-REI-BAR-15,Ocean Breeze Reino,Con Filtro,Rubio,Normal,f,107
NIF-REI-BAR-15,Pure Essence Alemania,Sin Filtro,Rubio,Normal,f,376
NIF-REI-BAR-15,Silver Lining Japon,Sin Filtro,Rubio,Normal,f,192
NIF-REI-BAR-15,Pure Essence Alemania,Sin Filtro,Rubio,Normal,t,440
NIF-REI-BAR-15,Urban Classic Chile,Sin Filtro,Negro,Normal,f,309
NIF-REI-BAR-15,Midnight Silk Japon,Sin Filtro,Rubio,Normal,f,305
NIF-REI-EAL-1,Highland Peak Chile,Con Filtro,Negro,Normal,t,163
NIF-REI-EAL-1,Highland Peak Argentina,Sin Filtro,Rubio,Normal,f,191
NIF-REI-EAL-1,Mountain Mist Chile,Sin Filtro,Rubio,Normal,f,333
NIF-REI-EAL-1,Urban Classic Chile,Sin Filtro,Rubio,Normal,f,247
NIF-REI-EAL-1,Highland Peak Argentina,Con Filtro,Rubio,Normal,f,329
NIF-REI-EAL-1,Gold Leaf Alemania,Sin Filtro,Rubio,Normal,f,486
NIF-REI-EAL-1,Pure Essence Chile,Con Filtro,Rubio,SuperLight,f,377
NIF-REI-EAL-1,Urban Classic Argentina,Sin Filtro,Negro,Normal,f,405
NIF-REI-EAL-1,Gold Leaf Argentina,Sin Filtro,Negro,Normal,f,234
NIF-REI-EAL-1,Highland Peak Japon,Sin Filtro,Negro,Normal,t,89
NIF-REI-EAL-1,Midnight Silk Japon,Sin Filtro,Negro,Normal,f,54
NIF-REI-EAL-1,Royal Blend Alemania,Con Filtro,Negro,Normal,t,212
NIF-REI-EAL-1,Gold Leaf Chile,Con Filtro,Rubio,Light,f,272
NIF-REI-EAL-1,Mountain Mist Reino,Con Filtro,Negro,SuperLight,f,238
NIF-REI-EAL-1,Gold Leaf Reino,Sin Filtro,Negro,Normal,f,272
NIF-REI-EAL-1,Mountain Mist Reino,Con Filtro,Rubio,UltraLight,f,175
NIF-REI-EAL-1,Silver Lining Chile,Sin Filtro,Negro,Normal,f,139
NIF-REI-EAL-1,Royal Blend Reino,Con Filtro,Negro,Normal,f,106
NIF-REI-EAL-1,Pure Essence Chile,Con Filtro,Negro,SuperLight,f,114
NIF-REI-EAL-1,Mountain Mist Alemania,Sin Filtro,Negro,Normal,f,491
NIF-REI-EAL-1,Highland Peak Chile,Con Filtro,Rubio,SuperLight,f,187
NIF-REI-EAL-1,Urban Classic Reino,Con Filtro,Negro,Normal,t,212
NIF-REI-EAL-1,Ocean Breeze Alemania,Sin Filtro,Rubio,Normal,t,498
NIF-REI-EAL-1,Royal Blend Japon,Con Filtro,Rubio,SuperLight,f,273
NIF-REI-EAL-1,Amber Haze Japon,Sin Filtro,Rubio,Normal,t,494
NIF-REI-EAL-1,Silver Lining Chile,Con Filtro,Rubio,Normal,f,66
NIF-REI-EAL-1,Midnight Silk Alemania,Sin Filtro,Negro,Normal,t,78
NIF-REI-EAL-1,Royal Blend Alemania,Con Filtro,Rubio,Normal,t,475
NIF-REI-EAL-1,Urban Classic Reino,Sin Filtro,Negro,Normal,f,286
NIF-REI-EAL-1,Midnight Silk Alemania,Sin Filtro,Negro,Normal,t,196
NIF-REI-EAL-2,Pure Essence Reino,Con Filtro,Rubio,Normal,f,334
NIF-REI-EAL-2,Pure Essence Chile,Con Filtro,Rubio,Normal,t,88
NIF-REI-EAL-2,Urban Classic Alemania,Con Filtro,Negro,Normal,t,328
NIF-REI-EAL-2,Amber Haze Chile,Sin Filtro,Negro,Normal,f,55
NIF-REI-EAL-2,Silver Lining Reino,Con Filtro,Negro,Normal,t,417
NIF-REI-EAL-2,Mountain Mist Chile,Sin Filtro,Rubio,Normal,f,164
NIF-REI-EAL-2,Pure Essence Reino,Sin Filtro,Negro,Normal,f,135
NIF-REI-EAL-2,Pure Essence Chile,Sin Filtro,Rubio,Normal,f,197
NIF-REI-EAL-2,Mountain Mist Japon,Con Filtro,Rubio,Light,f,91
NIF-REI-EAL-2,Royal Blend Argentina,Sin Filtro,Negro,Normal,t,143
NIF-REI-EAL-2,Royal Blend Alemania,Sin Filtro,Rubio,Normal,t,249
NIF-REI-EAL-2,Gold Leaf Alemania,Sin Filtro,Rubio,Normal,f,175
NIF-REI-EAL-2,Ocean Breeze Japon,Con Filtro,Rubio,Normal,f,428
NIF-REI-EAL-2,Royal Blend Japon,Con Filtro,Rubio,SuperLight,f,401
NIF-REI-EAL-2,Ocean Breeze Japon,Sin Filtro,Rubio,Normal,t,246
NIF-REI-EAL-2,Silver Lining Argentina,Con Filtro,Rubio,Normal,t,92
NIF-REI-EAL-2,Amber Haze Alemania,Sin Filtro,Rubio,Normal,f,242
NIF-REI-EAL-2,Highland Peak Reino,Sin Filtro,Negro,Normal,t,210
NIF-REI-EAL-2,Mountain Mist Argentina,Sin Filtro,Negro,Normal,t,191
NIF-REI-EAL-2,Royal Blend Chile,Con Filtro,Rubio,Normal,t,329
NIF-REI-EAL-2,Highland Peak Chile,Con Filtro,Negro,Light,f,189
NIF-REI-EAL-2,Urban Classic Argentina,Sin Filtro,Rubio,Normal,f,489
NIF-REI-EAL-3,Urban Classic Alemania,Con Filtro,Negro,Normal,t,185
NIF-REI-EAL-3,Royal Blend Argentina,Con Filtro,Negro,SuperLight,f,171
NIF-REI-EAL-3,Urban Classic Alemania,Sin Filtro,Negro,Normal,t,328
NIF-REI-EAL-3,Royal Blend Alemania,Con Filtro,Rubio,Normal,t,214
NIF-REI-EAL-3,Pure Essence Argentina,Con Filtro,Rubio,Normal,t,135
NIF-REI-EAL-3,Ocean Breeze Chile,Con Filtro,Rubio,UltraLight,f,191
NIF-REI-EAL-3,Ocean Breeze Reino,Con Filtro,Rubio,Normal,f,271
NIF-REI-EAL-3,Mountain Mist Argentina,Con Filtro,Rubio,Normal,t,307
NIF-REI-EAL-3,Silver Lining Chile,Con Filtro,Rubio,Normal,t,343
NIF-REI-EAL-3,Ocean Breeze Chile,Sin Filtro,Negro,Normal,f,178
NIF-REI-EAL-3,Ocean Breeze Argentina,Con Filtro,Negro,Normal,t,120
NIF-REI-EAL-3,Silver Lining Alemania,Sin Filtro,Negro,Normal,f,147
NIF-REI-EAL-3,Mountain Mist Argentina,Sin Filtro,Negro,Normal,t,498
NIF-REI-EAL-4,Urban Classic Japon,Con Filtro,Rubio,Normal,t,425
NIF-REI-EAL-4,Ocean Breeze Alemania,Con Filtro,Rubio,Normal,t,304
NIF-REI-EAL-4,Silver Lining Japon,Sin Filtro,Negro,Normal,f,96
NIF-REI-EAL-4,Highland Peak Japon,Sin Filtro,Negro,Normal,t,316
NIF-REI-EAL-4,Royal Blend Reino,Con Filtro,Negro,Normal,f,58
NIF-REI-EAL-4,Gold Leaf Japon,Con Filtro,Negro,SuperLight,f,358
NIF-REI-EAL-4,Silver Lining Reino,Con Filtro,Negro,SuperLight,f,262
NIF-REI-EAL-4,Mountain Mist Argentina,Con Filtro,Negro,Light,f,205
NIF-REI-EAL-4,Amber Haze Alemania,Con Filtro,Negro,Normal,t,454
NIF-REI-EAL-4,Royal Blend Argentina,Con Filtro,Negro,SuperLight,f,151
NIF-REI-EAL-4,Amber Haze Japon,Con Filtro,Rubio,Normal,t,64
NIF-REI-EAL-4,Gold Leaf Japon,Con Filtro,Rubio,Normal,f,148
NIF-REI-EAL-4,Amber Haze Argentina,Con Filtro,Negro,Normal,t,453
NIF-REI-EAL-5,Midnight Silk Argentina,Sin Filtro,Negro,Normal,t,155
NIF-REI-EAL-5,Highland Peak Argentina,Sin Filtro,Negro,Normal,f,474
NIF-REI-EAL-5,Mountain Mist Chile,Con Filtro,Rubio,Normal,t,284
NIF-REI-EAL-5,Midnight Silk Japon,Con Filtro,Negro,SuperLight,f,340
NIF-REI-EAL-5,Silver Lining Argentina,Con Filtro,Negro,Normal,t,397
NIF-REI-EAL-5,Urban Classic Alemania,Sin Filtro,Rubio,Normal,f,219
NIF-REI-EAL-5,Ocean Breeze Reino,Sin Filtro,Rubio,Normal,f,53
NIF-REI-EAL-5,Highland Peak Japon,Sin Filtro,Negro,Normal,f,478
NIF-REI-EAL-5,Midnight Silk Japon,Con Filtro,Rubio,Normal,f,450
NIF-REI-EAL-5,Highland Peak Reino,Sin Filtro,Rubio,Normal,t,428
NIF-REI-EAL-5,Gold Leaf Chile,Sin Filtro,Negro,Normal,f,240
NIF-REI-EAL-5,Amber Haze Chile,Sin Filtro,Rubio,Normal,f,290
NIF-REI-EAL-5,Royal Blend Argentina,Sin Filtro,Negro,Normal,t,92
NIF-REI-EAL-5,Amber Haze Argentina,Con Filtro,Negro,Normal,t,116
NIF-REI-EAL-5,Amber Haze Chile,Con Filtro,Rubio,Normal,t,479
NIF-REI-EAL-5,Highland Peak Argentina,Sin Filtro,Negro,Normal,f,250
NIF-REI-EAL-5,Amber Haze Argentina,Sin Filtro,Rubio,Normal,t,500
NIF-REI-EAL-5,Pure Essence Chile,Con Filtro,Negro,Normal,t,226
NIF-REI-EAL-5,Urban Classic Japon,Sin Filtro,Rubio,Normal,t,346
NIF-REI-EAL-5,Silver Lining Japon,Con Filtro,Negro,Normal,t,466
NIF-REI-EAL-5,Amber Haze Argentina,Con Filtro,Negro,Normal,t,108
NIF-REI-EAL-5,Urban Classic Argentina,Sin Filtro,Rubio,Normal,f,152
NIF-REI-EAL-5,Amber Haze Japon,Sin Filtro,Negro,Normal,t,386
NIF-REI-EAL-5,Highland Peak Reino,Con Filtro,Rubio,Normal,t,359
NIF-REI-EAL-5,Ocean Breeze Argentina,Con Filtro,Negro,Normal,t,476
NIF-REI-EAL-5,Urban Classic Argentina,Sin Filtro,Negro,Normal,f,476
NIF-REI-EAL-6,Mountain Mist Japon,Con Filtro,Rubio,Normal,t,498
NIF-REI-EAL-6,Mountain Mist Chile,Sin Filtro,Rubio,Normal,f,219
NIF-REI-EAL-6,Gold Leaf Reino,Con Filtro,Rubio,Normal,t,70
NIF-REI-EAL-6,Midnight Silk Alemania,Sin Filtro,Rubio,Normal,t,270
NIF-REI-EAL-6,Gold Leaf Alemania,Con Filtro,Negro,UltraLight,f,79
NIF-REI-EAL-6,Urban Classic Reino,Sin Filtro,Rubio,Normal,f,152
NIF-REI-EAL-6,Urban Classic Chile,Sin Filtro,Rubio,Normal,f,360
NIF-REI-EAL-6,Mountain Mist Alemania,Sin Filtro,Rubio,Normal,f,114
NIF-REI-EAL-6,Gold Leaf Chile,Sin Filtro,Rubio,Normal,f,65
NIF-REI-EAL-6,Highland Peak Reino,Sin Filtro,Rubio,Normal,t,390
NIF-REI-EAL-6,Ocean Breeze Alemania,Con Filtro,Negro,SuperLight,f,478
NIF-REI-EAL-6,Midnight Silk Japon,Con Filtro,Rubio,Light,f,94
NIF-REI-EAL-6,Ocean Breeze Reino,Sin Filtro,Negro,Normal,t,462
NIF-REI-EAL-6,Silver Lining Chile,Con Filtro,Negro,SuperLight,f,426
NIF-REI-EAL-7,Pure Essence Chile,Con Filtro,Rubio,Normal,t,246
NIF-REI-EAL-7,Silver Lining Chile,Con Filtro,Rubio,Normal,t,206
NIF-REI-EAL-7,Urban Classic Japon,Con Filtro,Negro,Normal,t,134
NIF-REI-EAL-7,Gold Leaf Reino,Sin Filtro,Rubio,Normal,f,259
NIF-REI-EAL-7,Mountain Mist Japon,Con Filtro,Rubio,Normal,t,166
NIF-REI-EAL-7,Highland Peak Chile,Sin Filtro,Negro,Normal,t,57
NIF-REI-EAL-7,Amber Haze Japon,Con Filtro,Rubio,Light,f,53
NIF-REI-EAL-7,Gold Leaf Argentina,Con Filtro,Rubio,Light,f,348
NIF-REI-EAL-7,Midnight Silk Japon,Con Filtro,Rubio,Normal,f,175
NIF-REI-EAL-7,Gold Leaf Chile,Con Filtro,Rubio,UltraLight,f,213
NIF-REI-EAL-7,Silver Lining Japon,Sin Filtro,Rubio,Normal,f,214
NIF-REI-EAL-7,Gold Leaf Argentina,Con Filtro,Rubio,Normal,t,93
NIF-REI-EAL-7,Urban Classic Japon,Sin Filtro,Negro,Normal,f,290
NIF-REI-EAL-7,Silver Lining Argentina,Sin Filtro,Rubio,Normal,f,152
NIF-REI-EAL-7,Amber Haze Chile,Sin Filtro,Rubio,Normal,f,379
NIF-REI-EAL-8,Midnight Silk Argentina,Sin Filtro,Rubio,Normal,f,54
NIF-REI-EAL-8,Urban Classic Japon,Con Filtro,Rubio,Normal,t,449
NIF-REI-EAL-8,Pure Essence Japon,Sin Filtro,Negro,Normal,t,500
NIF-REI-EAL-8,Gold Leaf Alemania,Con Filtro,Negro,UltraLight,f,87
NIF-REI-EAL-8,Silver Lining Reino,Sin Filtro,Rubio,Normal,t,294
NIF-REI-EAL-8,Royal Blend Reino,Con Filtro,Negro,Normal,t,168
NIF-REI-EAL-8,Amber Haze Chile,Con Filtro,Rubio,Light,f,312
NIF-REI-EAL-8,Midnight Silk Reino,Con Filtro,Negro,SuperLight,f,294
NIF-REI-EAL-8,Midnight Silk Chile,Con Filtro,Negro,Normal,t,348
NIF-REI-EAL-8,Amber Haze Chile,Con Filtro,Negro,Light,f,65
NIF-REI-EAL-8,Urban Classic Argentina,Sin Filtro,Rubio,Normal,f,275
NIF-REI-EAL-8,Royal Blend Chile,Sin Filtro,Negro,Normal,t,214
NIF-REI-EAL-9,Urban Classic Japon,Sin Filtro,Rubio,Normal,f,288
NIF-REI-EAL-9,Amber Haze Reino,Sin Filtro,Rubio,Normal,t,154
NIF-REI-EAL-9,Pure Essence Japon,Con Filtro,Negro,Normal,t,290
NIF-REI-EAL-9,Ocean Breeze Japon,Con Filtro,Rubio,Normal,f,374
NIF-REI-EAL-9,Gold Leaf Chile,Con Filtro,Rubio,Normal,t,309
NIF-REI-EAL-9,Amber Haze Chile,Con Filtro,Rubio,Light,f,196
NIF-REI-EAL-9,Mountain Mist Argentina,Sin Filtro,Negro,Normal,f,468
NIF-REI-EAL-9,Highland Peak Japon,Con Filtro,Rubio,Light,f,443
NIF-REI-EAL-9,Urban Classic Japon,Sin Filtro,Rubio,Normal,t,413
NIF-REI-EAL-9,Silver Lining Alemania,Sin Filtro,Rubio,Normal,f,314
NIF-REI-EAL-9,Royal Blend Reino,Con Filtro,Rubio,Normal,t,432
NIF-REI-EAL-9,Midnight Silk Alemania,Sin Filtro,Rubio,Normal,t,202
NIF-REI-EAL-9,Royal Blend Reino,Sin Filtro,Rubio,Normal,f,247
NIF-REI-EAL-9,Amber Haze Reino,Con Filtro,Negro,Normal,t,314
NIF-REI-EAL-9,Mountain Mist Argentina,Sin Filtro,Negro,Normal,t,80
NIF-REI-EAL-9,Amber Haze Alemania,Con Filtro,Negro,Normal,t,246
NIF-REI-EAL-9,Midnight Silk Chile,Con Filtro,Rubio,Normal,t,339
NIF-REI-EAL-10,Pure Essence Chile,Con Filtro,Negro,SuperLight,f,208
NIF-REI-EAL-10,Pure Essence Reino,Sin Filtro,Rubio,Normal,f,97
NIF-REI-EAL-10,Midnight Silk Reino,Sin Filtro,Rubio,Normal,t,255
NIF-REI-EAL-10,Highland Peak Alemania,Sin Filtro,Rubio,Normal,t,132
NIF-REI-EAL-10,Ocean Breeze Argentina,Con Filtro,Negro,SuperLight,f,361
NIF-REI-EAL-10,Highland Peak Reino,Con Filtro,Rubio,Normal,t,84
NIF-REI-EAL-10,Royal Blend Chile,Sin Filtro,Negro,Normal,t,53
NIF-REI-EAL-10,Mountain Mist Japon,Sin Filtro,Rubio,Normal,f,304
NIF-REI-EAL-10,Midnight Silk Chile,Con Filtro,Negro,Normal,t,336
NIF-REI-EAL-10,Highland Peak Alemania,Con Filtro,Rubio,Normal,f,86
NIF-REI-EAL-10,Midnight Silk Argentina,Sin Filtro,Rubio,Normal,t,328
NIF-REI-EAL-10,Royal Blend Argentina,Con Filtro,Rubio,UltraLight,f,477
NIF-REI-EAL-10,Royal Blend Chile,Con Filtro,Rubio,Normal,t,319
NIF-REI-EAL-10,Silver Lining Alemania,Sin Filtro,Negro,Normal,t,328
NIF-REI-EAL-11,Royal Blend Alemania,Con Filtro,Negro,Normal,t,414
NIF-REI-EAL-11,Mountain Mist Japon,Con Filtro,Rubio,Light,f,251
NIF-REI-EAL-11,Gold Leaf Alemania,Sin Filtro,Rubio,Normal,f,184
NIF-REI-EAL-11,Ocean Breeze Alemania,Sin Filtro,Negro,Normal,t,354
NIF-REI-EAL-11,Silver Lining Japon,Sin Filtro,Rubio,Normal,f,60
NIF-REI-EAL-11,Pure Essence Argentina,Sin Filtro,Rubio,Normal,t,103
NIF-REI-EAL-11,Gold Leaf Alemania,Con Filtro,Negro,Light,f,313
NIF-REI-EAL-11,Highland Peak Argentina,Con Filtro,Negro,Normal,f,492
NIF-REI-EAL-11,Gold Leaf Alemania,Sin Filtro,Rubio,Normal,f,340
NIF-REI-EAL-11,Silver Lining Chile,Con Filtro,Negro,Normal,t,261
NIF-REI-EAL-11,Amber Haze Alemania,Con Filtro,Negro,Normal,f,314
NIF-REI-EAL-12,Midnight Silk Chile,Con Filtro,Negro,Normal,f,434
NIF-REI-EAL-12,Royal Blend Alemania,Con Filtro,Rubio,Normal,t,210
NIF-REI-EAL-12,Highland Peak Chile,Con Filtro,Negro,Normal,t,58
NIF-REI-EAL-12,Gold Leaf Alemania,Con Filtro,Rubio,Normal,t,306
NIF-REI-EAL-12,Amber Haze Chile,Con Filtro,Rubio,Normal,t,367
NIF-REI-EAL-12,Amber Haze Reino,Con Filtro,Rubio,Normal,t,91
NIF-REI-EAL-12,Amber Haze Argentina,Sin Filtro,Negro,Normal,t,132
NIF-REI-EAL-12,Pure Essence Chile,Con Filtro,Rubio,Normal,t,133
NIF-REI-EAL-12,Amber Haze Reino,Sin Filtro,Negro,Normal,t,207
NIF-REI-EAL-12,Silver Lining Japon,Sin Filtro,Negro,Normal,f,200
NIF-REI-EAL-13,Urban Classic Argentina,Sin Filtro,Rubio,Normal,f,409
NIF-REI-EAL-13,Gold Leaf Reino,Con Filtro,Rubio,Normal,t,246
NIF-REI-EAL-13,Urban Classic Argentina,Con Filtro,Rubio,SuperLight,f,490
NIF-REI-EAL-13,Midnight Silk Argentina,Sin Filtro,Negro,Normal,f,423
NIF-REI-EAL-13,Royal Blend Chile,Con Filtro,Rubio,SuperLight,f,381
NIF-REI-EAL-13,Pure Essence Alemania,Con Filtro,Negro,Normal,f,440
NIF-REI-EAL-13,Urban Classic Japon,Con Filtro,Rubio,Light,f,166
NIF-REI-EAL-13,Mountain Mist Reino,Sin Filtro,Negro,Normal,t,294
NIF-REI-EAL-13,Midnight Silk Chile,Con Filtro,Rubio,Normal,t,305
NIF-REI-EAL-13,Midnight Silk Japon,Sin Filtro,Rubio,Normal,f,155
NIF-REI-EAL-13,Urban Classic Chile,Sin Filtro,Rubio,Normal,t,324
NIF-REI-EAL-14,Gold Leaf Alemania,Con Filtro,Negro,Light,f,201
NIF-REI-EAL-14,Silver Lining Chile,Con Filtro,Negro,SuperLight,f,478
NIF-REI-EAL-14,Pure Essence Chile,Sin Filtro,Rubio,Normal,f,53
NIF-REI-EAL-14,Pure Essence Reino,Sin Filtro,Negro,Normal,t,482
NIF-REI-EAL-14,Ocean Breeze Argentina,Con Filtro,Negro,SuperLight,f,169
NIF-REI-EAL-14,Gold Leaf Chile,Sin Filtro,Rubio,Normal,t,229
NIF-REI-EAL-14,Royal Blend Reino,Con Filtro,Negro,Normal,t,472
NIF-REI-EAL-14,Highland Peak Chile,Sin Filtro,Negro,Normal,t,50
NIF-REI-EAL-14,Midnight Silk Reino,Sin Filtro,Rubio,Normal,t,227
NIF-REI-EAL-14,Pure Essence Reino,Sin Filtro,Rubio,Normal,f,59
NIF-REI-EAL-14,Gold Leaf Japon,Sin Filtro,Rubio,Normal,t,237
NIF-REI-EAL-14,Urban Classic Argentina,Con Filtro,Negro,Normal,f,297
NIF-REI-EAL-14,Highland Peak Chile,Con Filtro,Negro,Light,f,298
NIF-REI-EAL-14,Royal Blend Chile,Con Filtro,Rubio,Normal,t,445
NIF-REI-EAL-14,Silver Lining Alemania,Con Filtro,Negro,Normal,t,262
NIF-REI-EAL-14,Urban Classic Chile,Con Filtro,Negro,SuperLight,f,98
NIF-REI-EAL-15,Ocean Breeze Reino,Sin Filtro,Rubio,Normal,f,289
NIF-REI-EAL-15,Mountain Mist Japon,Con Filtro,Negro,Normal,t,68
NIF-REI-EAL-15,Midnight Silk Reino,Con Filtro,Negro,Normal,t,417
NIF-REI-EAL-15,Ocean Breeze Japon,Sin Filtro,Rubio,Normal,t,488
NIF-REI-EAL-15,Amber Haze Alemania,Sin Filtro,Negro,Normal,t,142
NIF-REI-EAL-15,Silver Lining Reino,Con Filtro,Negro,SuperLight,f,419
NIF-REI-EAL-15,Urban Classic Reino,Con Filtro,Rubio,Normal,t,263
NIF-REI-EAL-15,Midnight Silk Reino,Sin Filtro,Negro,Normal,t,217
NIF-REI-EAL-15,Pure Essence Japon,Sin Filtro,Negro,Normal,f,90
NIF-REI-EAL-15,Mountain Mist Japon,Sin Filtro,Negro,Normal,t,355
NIF-REI-EAL-15,Highland Peak Reino,Sin Filtro,Negro,Normal,t,182
NIF-REI-EAL-15,Ocean Breeze Alemania,Con Filtro,Negro,SuperLight,f,455
NIF-REI-EAL-15,Gold Leaf Japon,Con Filtro,Rubio,Normal,f,432
NIF-REI-EAL-15,Highland Peak Argentina,Sin Filtro,Rubio,Normal,f,275
NIF-REI-EAL-15,Royal Blend Argentina,Con Filtro,Rubio,Light,f,59
NIF-REI-EAL-15,Royal Blend Japon,Sin Filtro,Negro,Normal,t,390
NIF-REI-EAL-15,Highland Peak Argentina,Con Filtro,Rubio,SuperLight,f,389
NIF-REI-EAL-15,Gold Leaf Chile,Sin Filtro,Negro,Normal,f,255
NIF-REI-EAL-15,Urban Classic Alemania,Con Filtro,Rubio,Normal,t,149
NIF-REI-EAL-15,Mountain Mist Argentina,Sin Filtro,Negro,Normal,t,129
NIF-REI-BRO-1,Gold Leaf Reino,Sin Filtro,Rubio,Normal,f,398
NIF-REI-BRO-1,Urban Classic Argentina,Con Filtro,Rubio,Normal,t,174
NIF-REI-BRO-1,Highland Peak Alemania,Con Filtro,Rubio,UltraLight,f,235
NIF-REI-BRO-1,Mountain Mist Reino,Sin Filtro,Negro,Normal,f,293
NIF-REI-BRO-1,Mountain Mist Reino,Sin Filtro,Rubio,Normal,f,500
NIF-REI-BRO-1,Royal Blend Argentina,Sin Filtro,Negro,Normal,f,173
NIF-REI-BRO-1,Royal Blend Reino,Sin Filtro,Rubio,Normal,f,405
NIF-REI-BRO-1,Amber Haze Chile,Con Filtro,Rubio,Light,f,367
NIF-REI-BRO-1,Pure Essence Chile,Con Filtro,Negro,SuperLight,f,237
NIF-REI-BRO-1,Royal Blend Chile,Sin Filtro,Negro,Normal,t,496
NIF-REI-BRO-1,Mountain Mist Chile,Con Filtro,Negro,Normal,t,421
NIF-REI-BRO-1,Royal Blend Argentina,Con Filtro,Negro,Normal,t,209
NIF-REI-BRO-1,Urban Classic Reino,Con Filtro,Negro,Normal,t,290
NIF-REI-BRO-1,Silver Lining Reino,Con Filtro,Negro,Normal,t,58
NIF-REI-BRO-1,Urban Classic Reino,Con Filtro,Rubio,Normal,t,467
NIF-REI-BRO-1,Gold Leaf Alemania,Sin Filtro,Rubio,Normal,f,244
NIF-REI-BRO-1,Gold Leaf Chile,Sin Filtro,Negro,Normal,t,202
NIF-REI-BRO-1,Pure Essence Reino,Sin Filtro,Rubio,Normal,t,403
NIF-REI-BRO-1,Mountain Mist Chile,Sin Filtro,Rubio,Normal,f,198
NIF-REI-BRO-1,Ocean Breeze Japon,Sin Filtro,Rubio,Normal,t,470
NIF-REI-BRO-1,Ocean Breeze Alemania,Sin Filtro,Negro,Normal,t,355
NIF-REI-BRO-1,Mountain Mist Argentina,Con Filtro,Negro,UltraLight,f,362
NIF-REI-BRO-1,Urban Classic Reino,Con Filtro,Rubio,Normal,t,206
NIF-REI-BRO-1,Midnight Silk Argentina,Sin Filtro,Negro,Normal,f,273
NIF-REI-BRO-1,Mountain Mist Argentina,Sin Filtro,Negro,Normal,t,428
NIF-REI-BRO-1,Royal Blend Reino,Con Filtro,Rubio,Normal,t,393
NIF-REI-BRO-1,Pure Essence Argentina,Con Filtro,Rubio,Normal,t,205
NIF-REI-BRO-1,Amber Haze Argentina,Con Filtro,Rubio,Light,f,178
NIF-REI-BRO-1,Ocean Breeze Alemania,Sin Filtro,Negro,Normal,t,205
NIF-REI-BRO-1,Mountain Mist Reino,Sin Filtro,Negro,Normal,t,275
NIF-REI-BRO-2,Amber Haze Reino,Sin Filtro,Negro,Normal,t,222
NIF-REI-BRO-2,Midnight Silk Argentina,Sin Filtro,Rubio,Normal,t,483
NIF-REI-BRO-2,Gold Leaf Reino,Con Filtro,Negro,Light,f,128
NIF-REI-BRO-2,Amber Haze Reino,Con Filtro,Negro,Normal,t,218
NIF-REI-BRO-2,Urban Classic Argentina,Con Filtro,Rubio,Normal,t,145
NIF-REI-BRO-2,Pure Essence Argentina,Con Filtro,Rubio,Normal,t,193
NIF-REI-BRO-2,Silver Lining Argentina,Con Filtro,Rubio,Normal,t,254
NIF-REI-BRO-2,Mountain Mist Reino,Con Filtro,Rubio,UltraLight,f,138
NIF-REI-BRO-2,Silver Lining Japon,Sin Filtro,Negro,Normal,f,368
NIF-REI-BRO-2,Royal Blend Reino,Con Filtro,Rubio,Normal,t,89
NIF-REI-BRO-2,Mountain Mist Japon,Sin Filtro,Rubio,Normal,t,452
NIF-REI-BRO-2,Gold Leaf Chile,Sin Filtro,Rubio,Normal,t,165
NIF-REI-BRO-2,Gold Leaf Chile,Con Filtro,Rubio,Normal,t,338
NIF-REI-BRO-2,Ocean Breeze Reino,Sin Filtro,Negro,Normal,t,490
NIF-REI-BRO-2,Royal Blend Alemania,Sin Filtro,Rubio,Normal,t,88
NIF-REI-BRO-2,Pure Essence Reino,Sin Filtro,Negro,Normal,f,193
NIF-REI-BRO-2,Gold Leaf Reino,Sin Filtro,Rubio,Normal,t,355
NIF-REI-BRO-2,Gold Leaf Argentina,Sin Filtro,Rubio,Normal,f,443
NIF-REI-BRO-2,Ocean Breeze Chile,Sin Filtro,Negro,Normal,f,210
NIF-REI-BRO-2,Amber Haze Reino,Sin Filtro,Rubio,Normal,t,251
NIF-REI-BRO-2,Amber Haze Argentina,Con Filtro,Rubio,Light,f,432
NIF-REI-BRO-2,Highland Peak Reino,Con Filtro,Rubio,Normal,t,255
NIF-REI-BRO-2,Pure Essence Japon,Sin Filtro,Negro,Normal,t,320
NIF-REI-BRO-2,Ocean Breeze Japon,Sin Filtro,Negro,Normal,t,85
NIF-REI-BRO-2,Pure Essence Reino,Con Filtro,Negro,Normal,f,255
NIF-REI-BRO-2,Mountain Mist Argentina,Sin Filtro,Negro,Normal,t,129
NIF-REI-BRO-2,Highland Peak Alemania,Sin Filtro,Rubio,Normal,f,434
NIF-REI-BRO-2,Midnight Silk Argentina,Sin Filtro,Negro,Normal,t,283
NIF-REI-BRO-2,Mountain Mist Chile,Sin Filtro,Rubio,Normal,f,229
NIF-REI-BRO-3,Midnight Silk Reino,Con Filtro,Negro,SuperLight,f,480
NIF-REI-BRO-3,Mountain Mist Argentina,Con Filtro,Rubio,SuperLight,f,139
NIF-REI-BRO-3,Midnight Silk Reino,Con Filtro,Negro,UltraLight,f,166
NIF-REI-BRO-3,Midnight Silk Japon,Con Filtro,Negro,UltraLight,f,220
NIF-REI-BRO-3,Midnight Silk Alemania,Sin Filtro,Negro,Normal,f,59
NIF-REI-BRO-3,Highland Peak Reino,Con Filtro,Rubio,Normal,t,303
NIF-REI-BRO-3,Royal Blend Japon,Sin Filtro,Negro,Normal,f,399
NIF-REI-BRO-3,Highland Peak Argentina,Sin Filtro,Rubio,Normal,f,79
NIF-REI-BRO-3,Mountain Mist Japon,Sin Filtro,Negro,Normal,t,64
NIF-REI-BRO-3,Gold Leaf Argentina,Con Filtro,Rubio,Normal,t,96
NIF-REI-BRO-3,Midnight Silk Chile,Con Filtro,Negro,Normal,t,401
NIF-REI-BRO-3,Highland Peak Argentina,Sin Filtro,Rubio,Normal,f,420
NIF-REI-BRO-3,Mountain Mist Chile,Sin Filtro,Rubio,Normal,f,341
NIF-REI-BRO-3,Royal Blend Argentina,Con Filtro,Negro,SuperLight,f,460
NIF-REI-BRO-3,Urban Classic Alemania,Con Filtro,Rubio,Normal,t,346
NIF-REI-BRO-3,Royal Blend Reino,Con Filtro,Rubio,Normal,t,286
NIF-REI-BRO-3,Gold Leaf Japon,Sin Filtro,Negro,Normal,t,261
NIF-REI-BRO-3,Mountain Mist Chile,Sin Filtro,Rubio,Normal,t,461
NIF-REI-BRO-3,Gold Leaf Alemania,Con Filtro,Negro,UltraLight,f,317
NIF-REI-BRO-3,Pure Essence Alemania,Sin Filtro,Rubio,Normal,t,135
NIF-REI-BRO-3,Mountain Mist Reino,Con Filtro,Rubio,SuperLight,f,272
NIF-REI-BRO-3,Amber Haze Chile,Sin Filtro,Negro,Normal,f,424
NIF-REI-BRO-3,Highland Peak Japon,Sin Filtro,Negro,Normal,f,364
NIF-REI-BRO-3,Amber Haze Alemania,Sin Filtro,Negro,Normal,t,268
NIF-REI-BRO-3,Highland Peak Chile,Sin Filtro,Negro,Normal,t,399
NIF-REI-BRO-3,Silver Lining Alemania,Con Filtro,Negro,Normal,t,166
NIF-REI-BRO-3,Urban Classic Argentina,Con Filtro,Negro,UltraLight,f,89
NIF-REI-BRO-3,Royal Blend Japon,Sin Filtro,Rubio,Normal,t,125
NIF-REI-BRO-4,Urban Classic Chile,Sin Filtro,Negro,Normal,t,201
NIF-REI-BRO-4,Ocean Breeze Chile,Sin Filtro,Negro,Normal,t,327
NIF-REI-BRO-4,Urban Classic Argentina,Con Filtro,Rubio,Normal,t,388
NIF-REI-BRO-4,Pure Essence Reino,Sin Filtro,Rubio,Normal,t,120
NIF-REI-BRO-4,Urban Classic Argentina,Sin Filtro,Negro,Normal,t,284
NIF-REI-BRO-4,Highland Peak Argentina,Sin Filtro,Rubio,Normal,f,404
NIF-REI-BRO-4,Ocean Breeze Reino,Con Filtro,Rubio,UltraLight,f,458
NIF-REI-BRO-4,Amber Haze Chile,Con Filtro,Negro,Light,f,230
NIF-REI-BRO-4,Midnight Silk Japon,Sin Filtro,Rubio,Normal,f,495
NIF-REI-BRO-4,Amber Haze Reino,Sin Filtro,Negro,Normal,t,485
NIF-REI-BRO-4,Midnight Silk Alemania,Con Filtro,Negro,Normal,t,393
NIF-REI-BRO-4,Gold Leaf Japon,Con Filtro,Rubio,Normal,t,180
NIF-REI-BRO-4,Highland Peak Reino,Con Filtro,Negro,SuperLight,f,234
NIF-REI-BRO-4,Silver Lining Chile,Sin Filtro,Negro,Normal,f,188
NIF-REI-BRO-4,Highland Peak Argentina,Sin Filtro,Rubio,Normal,f,406
NIF-REI-BRO-4,Amber Haze Chile,Con Filtro,Rubio,Light,f,162
NIF-REI-BRO-4,Amber Haze Alemania,Con Filtro,Negro,Normal,f,321
NIF-REI-BRO-5,Ocean Breeze Japon,Con Filtro,Rubio,Normal,t,118
NIF-REI-BRO-5,Amber Haze Japon,Con Filtro,Rubio,Normal,t,286
NIF-REI-BRO-5,Mountain Mist Chile,Sin Filtro,Rubio,Normal,f,163
NIF-REI-BRO-5,Amber Haze Reino,Sin Filtro,Rubio,Normal,t,312
NIF-REI-BRO-5,Mountain Mist Chile,Con Filtro,Rubio,Normal,t,370
NIF-REI-BRO-5,Royal Blend Argentina,Con Filtro,Rubio,Light,f,335
NIF-REI-BRO-5,Silver Lining Alemania,Con Filtro,Negro,Normal,t,365
NIF-REI-BRO-5,Gold Leaf Chile,Sin Filtro,Negro,Normal,t,109
NIF-REI-BRO-5,Royal Blend Chile,Con Filtro,Negro,Normal,t,476
NIF-REI-BRO-5,Midnight Silk Alemania,Sin Filtro,Rubio,Normal,f,301
NIF-REI-BRO-5,Amber Haze Alemania,Sin Filtro,Negro,Normal,t,103
NIF-REI-BRO-5,Gold Leaf Alemania,Sin Filtro,Negro,Normal,t,330
NIF-REI-BRO-5,Pure Essence Reino,Sin Filtro,Negro,Normal,f,90
NIF-REI-BRO-5,Gold Leaf Alemania,Con Filtro,Negro,Light,f,97
NIF-REI-BRO-5,Mountain Mist Alemania,Sin Filtro,Rubio,Normal,t,176
NIF-REI-BRO-5,Amber Haze Argentina,Sin Filtro,Rubio,Normal,f,247
NIF-REI-BRO-5,Highland Peak Reino,Con Filtro,Negro,SuperLight,f,327
NIF-REI-BRO-5,Pure Essence Chile,Sin Filtro,Rubio,Normal,f,119
NIF-REI-BRO-5,Amber Haze Alemania,Con Filtro,Negro,Normal,f,221
NIF-REI-BRO-5,Silver Lining Alemania,Sin Filtro,Rubio,Normal,f,73
NIF-REI-BRO-5,Ocean Breeze Alemania,Sin Filtro,Negro,Normal,t,151
NIF-REI-BRO-5,Mountain Mist Chile,Sin Filtro,Rubio,Normal,f,146
NIF-REI-BRO-5,Royal Blend Argentina,Con Filtro,Rubio,UltraLight,f,296
NIF-REI-BRO-5,Silver Lining Reino,Sin Filtro,Rubio,Normal,t,209
NIF-REI-BRO-5,Pure Essence Alemania,Sin Filtro,Negro,Normal,f,220
NIF-REI-BRO-5,Ocean Breeze Japon,Sin Filtro,Rubio,Normal,t,129
NIF-REI-BRO-5,Midnight Silk Alemania,Sin Filtro,Rubio,Normal,t,156
NIF-REI-BRO-5,Urban Classic Argentina,Con Filtro,Negro,UltraLight,f,102
NIF-REI-BRO-5,Urban Classic Chile,Sin Filtro,Rubio,Normal,f,190
NIF-REI-BRO-5,Silver Lining Argentina,Con Filtro,Rubio,Normal,f,294
NIF-REI-BRO-6,Amber Haze Japon,Con Filtro,Rubio,Light,f,393
NIF-REI-BRO-6,Mountain Mist Japon,Sin Filtro,Negro,Normal,t,443
NIF-REI-BRO-6,Mountain Mist Japon,Con Filtro,Negro,Normal,t,72
NIF-REI-BRO-6,Highland Peak Chile,Con Filtro,Negro,Normal,t,191
NIF-REI-BRO-6,Highland Peak Chile,Con Filtro,Rubio,Normal,f,284
NIF-REI-BRO-6,Silver Lining Reino,Con Filtro,Negro,Normal,t,490
NIF-REI-BRO-6,Silver Lining Japon,Sin Filtro,Negro,Normal,f,260
NIF-REI-BRO-6,Midnight Silk Argentina,Sin Filtro,Rubio,Normal,t,158
NIF-REI-BRO-6,Silver Lining Reino,Sin Filtro,Rubio,Normal,t,250
NIF-REI-BRO-6,Urban Classic Japon,Con Filtro,Rubio,Light,f,59
NIF-REI-BRO-6,Pure Essence Argentina,Con Filtro,Negro,Normal,t,96
NIF-REI-BRO-6,Highland Peak Reino,Con Filtro,Rubio,Normal,t,197
NIF-REI-BRO-6,Amber Haze Reino,Sin Filtro,Rubio,Normal,t,425
NIF-REI-BRO-6,Silver Lining Japon,Sin Filtro,Negro,Normal,f,304
NIF-REI-BRO-6,Highland Peak Argentina,Con Filtro,Rubio,Normal,f,270
NIF-REI-BRO-6,Pure Essence Chile,Sin Filtro,Negro,Normal,f,85
NIF-REI-BRO-6,Highland Peak Argentina,Con Filtro,Negro,Normal,t,89
NIF-REI-BRO-6,Gold Leaf Japon,Sin Filtro,Negro,Normal,f,459
NIF-REI-BRO-6,Pure Essence Reino,Sin Filtro,Rubio,Normal,f,190
NIF-REI-BRO-6,Highland Peak Japon,Sin Filtro,Negro,Normal,f,488
NIF-REI-BRO-6,Royal Blend Alemania,Sin Filtro,Rubio,Normal,t,498
NIF-REI-BRO-6,Gold Leaf Reino,Sin Filtro,Negro,Normal,f,374
NIF-REI-BRO-6,Ocean Breeze Reino,Sin Filtro,Negro,Normal,t,484
NIF-REI-BRO-6,Amber Haze Reino,Sin Filtro,Negro,Normal,t,173
NIF-REI-BRO-6,Midnight Silk Argentina,Sin Filtro,Negro,Normal,f,485
NIF-REI-BRO-6,Urban Classic Chile,Sin Filtro,Negro,Normal,t,219
NIF-REI-BRO-6,Amber Haze Argentina,Sin Filtro,Negro,Normal,t,251
NIF-REI-BRO-6,Urban Classic Japon,Sin Filtro,Rubio,Normal,t,80
NIF-REI-BRO-6,Mountain Mist Reino,Sin Filtro,Rubio,Normal,f,237
NIF-REI-BRO-7,Urban Classic Argentina,Sin Filtro,Negro,Normal,f,280
NIF-REI-BRO-7,Pure Essence Chile,Con Filtro,Negro,Normal,t,441
NIF-REI-BRO-7,Highland Peak Japon,Con Filtro,Rubio,Light,f,475
NIF-REI-BRO-7,Midnight Silk Argentina,Sin Filtro,Rubio,Normal,t,219
NIF-REI-BRO-7,Pure Essence Alemania,Sin Filtro,Negro,Normal,f,315
NIF-REI-BRO-7,Royal Blend Chile,Sin Filtro,Rubio,Normal,t,223
NIF-REI-BRO-7,Urban Classic Alemania,Sin Filtro,Rubio,Normal,t,88
NIF-REI-BRO-7,Gold Leaf Chile,Sin Filtro,Negro,Normal,f,142
NIF-REI-BRO-7,Highland Peak Reino,Con Filtro,Negro,SuperLight,f,426
NIF-REI-BRO-7,Urban Classic Alemania,Con Filtro,Rubio,Normal,t,196
NIF-REI-BRO-8,Urban Classic Japon,Sin Filtro,Rubio,Normal,t,246
NIF-REI-BRO-8,Highland Peak Japon,Con Filtro,Rubio,Light,f,207
NIF-REI-BRO-8,Mountain Mist Reino,Sin Filtro,Negro,Normal,t,475
NIF-REI-BRO-8,Urban Classic Alemania,Sin Filtro,Negro,Normal,f,113
NIF-REI-BRO-8,Mountain Mist Argentina,Sin Filtro,Negro,Normal,t,398
NIF-REI-BRO-8,Amber Haze Japon,Sin Filtro,Negro,Normal,t,463
NIF-REI-BRO-8,Royal Blend Argentina,Sin Filtro,Negro,Normal,f,494
NIF-REI-BRO-8,Amber Haze Reino,Sin Filtro,Negro,Normal,t,316
NIF-REI-BRO-8,Royal Blend Japon,Sin Filtro,Rubio,Normal,t,207
NIF-REI-BRO-8,Silver Lining Argentina,Con Filtro,Rubio,Normal,t,255
NIF-REI-BRO-8,Gold Leaf Japon,Sin Filtro,Rubio,Normal,t,370
NIF-REI-BRO-8,Gold Leaf Chile,Sin Filtro,Negro,Normal,t,85
NIF-REI-BRO-8,Midnight Silk Argentina,Sin Filtro,Rubio,Normal,f,478
NIF-REI-BRO-8,Ocean Breeze Chile,Con Filtro,Rubio,UltraLight,f,439
NIF-REI-BRO-8,Silver Lining Alemania,Sin Filtro,Negro,Normal,t,497
NIF-REI-BRO-8,Midnight Silk Alemania,Sin Filtro,Rubio,Normal,t,119
NIF-REI-BRO-8,Pure Essence Japon,Con Filtro,Negro,Light,f,434
NIF-REI-BRO-8,Amber Haze Alemania,Sin Filtro,Rubio,Normal,t,135
NIF-REI-BRO-8,Urban Classic Argentina,Sin Filtro,Rubio,Normal,t,236
NIF-REI-BRO-8,Amber Haze Argentina,Con Filtro,Rubio,Normal,t,255
NIF-REI-BRO-9,Pure Essence Argentina,Sin Filtro,Negro,Normal,f,463
NIF-REI-BRO-9,Urban Classic Argentina,Con Filtro,Rubio,SuperLight,f,337
NIF-REI-BRO-9,Midnight Silk Chile,Sin Filtro,Rubio,Normal,f,457
NIF-REI-BRO-9,Amber Haze Reino,Sin Filtro,Rubio,Normal,t,188
NIF-REI-BRO-9,Silver Lining Reino,Con Filtro,Rubio,UltraLight,f,143
NIF-REI-BRO-9,Silver Lining Reino,Con Filtro,Negro,Normal,t,189
NIF-REI-BRO-9,Urban Classic Japon,Con Filtro,Rubio,Light,f,472
NIF-REI-BRO-9,Amber Haze Reino,Con Filtro,Rubio,Normal,t,319
NIF-REI-BRO-9,Mountain Mist Argentina,Sin Filtro,Rubio,Normal,t,161
NIF-REI-BRO-9,Highland Peak Chile,Con Filtro,Negro,Normal,f,362
NIF-REI-BRO-9,Ocean Breeze Alemania,Con Filtro,Negro,UltraLight,f,131
NIF-REI-BRO-9,Pure Essence Alemania,Sin Filtro,Rubio,Normal,t,402
NIF-REI-BRO-9,Gold Leaf Chile,Con Filtro,Rubio,Light,f,469
NIF-REI-BRO-9,Mountain Mist Reino,Sin Filtro,Rubio,Normal,f,317
NIF-REI-BRO-9,Pure Essence Argentina,Con Filtro,Negro,Normal,t,61
NIF-REI-BRO-9,Amber Haze Chile,Con Filtro,Rubio,Normal,t,159
NIF-REI-BRO-9,Royal Blend Chile,Sin Filtro,Negro,Normal,f,126
NIF-REI-BRO-9,Midnight Silk Reino,Sin Filtro,Rubio,Normal,t,276
NIF-REI-BRO-9,Pure Essence Argentina,Sin Filtro,Rubio,Normal,t,350
NIF-REI-BRO-9,Pure Essence Reino,Sin Filtro,Rubio,Normal,f,460
NIF-REI-BRO-9,Ocean Breeze Japon,Sin Filtro,Negro,Normal,t,173
NIF-REI-BRO-9,Amber Haze Argentina,Sin Filtro,Negro,Normal,t,343
NIF-REI-BRO-10,Mountain Mist Alemania,Sin Filtro,Rubio,Normal,t,347
NIF-REI-BRO-10,Silver Lining Japon,Sin Filtro,Rubio,Normal,f,156
NIF-REI-BRO-10,Ocean Breeze Japon,Sin Filtro,Negro,Normal,f,176
NIF-REI-BRO-10,Highland Peak Chile,Con Filtro,Rubio,SuperLight,f,192
NIF-REI-BRO-10,Urban Classic Chile,Sin Filtro,Rubio,Normal,f,385
NIF-REI-BRO-10,Mountain Mist Reino,Con Filtro,Rubio,UltraLight,f,396
NIF-REI-BRO-10,Gold Leaf Reino,Con Filtro,Negro,SuperLight,f,351
NIF-REI-BRO-10,Gold Leaf Reino,Sin Filtro,Rubio,Normal,f,72
NIF-REI-BRO-10,Gold Leaf Reino,Con Filtro,Negro,Light,f,154
NIF-REI-BRO-10,Mountain Mist Alemania,Sin Filtro,Negro,Normal,t,205
NIF-REI-BRO-10,Midnight Silk Alemania,Con Filtro,Negro,Normal,t,191
NIF-REI-BRO-10,Midnight Silk Argentina,Sin Filtro,Rubio,Normal,t,436
NIF-REI-BRO-10,Silver Lining Argentina,Con Filtro,Negro,Normal,t,145
NIF-REI-BRO-10,Midnight Silk Chile,Con Filtro,Rubio,Normal,t,279
NIF-REI-BRO-10,Gold Leaf Alemania,Sin Filtro,Rubio,Normal,f,283
NIF-REI-BRO-10,Mountain Mist Argentina,Con Filtro,Rubio,Normal,t,276
NIF-REI-BRO-10,Highland Peak Reino,Sin Filtro,Rubio,Normal,t,95
NIF-REI-BRO-10,Royal Blend Chile,Sin Filtro,Rubio,Normal,t,229
NIF-REI-BRO-10,Ocean Breeze Argentina,Con Filtro,Negro,Normal,t,430
NIF-REI-BRO-10,Midnight Silk Reino,Sin Filtro,Rubio,Normal,t,160
NIF-REI-BRO-10,Midnight Silk Argentina,Sin Filtro,Rubio,Normal,f,88
NIF-REI-BRO-10,Midnight Silk Alemania,Con Filtro,Rubio,Normal,t,154
NIF-REI-BRO-10,Amber Haze Japon,Sin Filtro,Rubio,Normal,t,335
NIF-REI-BRO-10,Royal Blend Alemania,Sin Filtro,Rubio,Normal,f,475
NIF-REI-BRO-10,Ocean Breeze Alemania,Sin Filtro,Negro,Normal,t,453
NIF-REI-BRO-10,Highland Peak Reino,Con Filtro,Negro,SuperLight,f,114
NIF-REI-BRO-10,Gold Leaf Argentina,Sin Filtro,Negro,Normal,t,323
NIF-REI-BRO-10,Gold Leaf Japon,Con Filtro,Rubio,Normal,t,484
NIF-REI-BRO-10,Royal Blend Reino,Con Filtro,Rubio,Normal,t,51
NIF-REI-BRO-11,Highland Peak Chile,Con Filtro,Rubio,Normal,f,167
NIF-REI-BRO-11,Amber Haze Japon,Con Filtro,Rubio,Normal,t,364
NIF-REI-BRO-11,Midnight Silk Reino,Sin Filtro,Rubio,Normal,f,396
NIF-REI-BRO-11,Silver Lining Japon,Con Filtro,Rubio,Normal,f,252
NIF-REI-BRO-11,Pure Essence Chile,Con Filtro,Rubio,Light,f,113
NIF-REI-BRO-11,Pure Essence Alemania,Sin Filtro,Rubio,Normal,f,211
NIF-REI-BRO-11,Gold Leaf Alemania,Con Filtro,Negro,Light,f,406
NIF-REI-BRO-11,Midnight Silk Alemania,Con Filtro,Rubio,Normal,t,57
NIF-REI-BRO-11,Silver Lining Reino,Con Filtro,Negro,Normal,t,231
NIF-REI-BRO-11,Highland Peak Argentina,Sin Filtro,Rubio,Normal,f,491
NIF-REI-BRO-11,Highland Peak Argentina,Sin Filtro,Negro,Normal,f,177
NIF-REI-BRO-11,Amber Haze Japon,Sin Filtro,Rubio,Normal,t,435
NIF-REI-BRO-11,Ocean Breeze Alemania,Con Filtro,Negro,Light,f,236
NIF-REI-BRO-11,Ocean Breeze Argentina,Con Filtro,Negro,Normal,t,167
NIF-REI-BRO-11,Pure Essence Reino,Sin Filtro,Rubio,Normal,t,130
NIF-REI-BRO-11,Highland Peak Japon,Sin Filtro,Rubio,Normal,t,376
NIF-REI-BRO-12,Gold Leaf Argentina,Sin Filtro,Rubio,Normal,f,364
NIF-REI-BRO-12,Silver Lining Chile,Con Filtro,Rubio,Normal,t,66
NIF-REI-BRO-12,Midnight Silk Japon,Con Filtro,Rubio,Light,f,237
NIF-REI-BRO-12,Urban Classic Argentina,Sin Filtro,Rubio,Normal,t,366
NIF-REI-BRO-12,Silver Lining Japon,Sin Filtro,Rubio,Normal,f,108
NIF-REI-BRO-12,Gold Leaf Japon,Sin Filtro,Negro,Normal,f,91
NIF-REI-BRO-12,Highland Peak Chile,Con Filtro,Negro,Light,f,357
NIF-REI-BRO-12,Midnight Silk Chile,Con Filtro,Negro,Normal,t,200
NIF-REI-BRO-12,Highland Peak Alemania,Sin Filtro,Negro,Normal,t,209
NIF-REI-BRO-12,Amber Haze Argentina,Sin Filtro,Negro,Normal,t,468
NIF-REI-BRO-12,Royal Blend Reino,Con Filtro,Negro,SuperLight,f,306
NIF-REI-BRO-12,Gold Leaf Argentina,Con Filtro,Rubio,Normal,t,343
NIF-REI-BRO-12,Highland Peak Alemania,Sin Filtro,Negro,Normal,t,284
NIF-REI-BRO-12,Midnight Silk Chile,Con Filtro,Negro,Normal,t,270
NIF-REI-BRO-12,Royal Blend Japon,Sin Filtro,Rubio,Normal,t,454
NIF-REI-BRO-12,Gold Leaf Reino,Sin Filtro,Negro,Normal,f,93
NIF-REI-BRO-12,Midnight Silk Chile,Con Filtro,Negro,Normal,t,440
NIF-REI-BRO-12,Royal Blend Chile,Con Filtro,Rubio,Normal,t,420
NIF-REI-BRO-12,Mountain Mist Argentina,Sin Filtro,Negro,Normal,t,396
NIF-REI-BRO-12,Royal Blend Chile,Sin Filtro,Negro,Normal,t,453
NIF-REI-BRO-12,Pure Essence Argentina,Sin Filtro,Negro,Normal,t,247
NIF-REI-BRO-12,Mountain Mist Argentina,Sin Filtro,Negro,Normal,f,175
NIF-REI-BRO-12,Urban Classic Japon,Sin Filtro,Rubio,Normal,t,65
NIF-REI-BRO-12,Amber Haze Alemania,Con Filtro,Negro,Normal,f,104
NIF-REI-BRO-12,Royal Blend Reino,Con Filtro,Negro,Normal,f,183
NIF-REI-BRO-13,Mountain Mist Reino,Sin Filtro,Negro,Normal,f,299
NIF-REI-BRO-13,Mountain Mist Argentina,Con Filtro,Negro,UltraLight,f,191
NIF-REI-BRO-13,Gold Leaf Argentina,Sin Filtro,Negro,Normal,f,338
NIF-REI-BRO-13,Urban Classic Chile,Sin Filtro,Rubio,Normal,t,452
NIF-REI-BRO-13,Gold Leaf Alemania,Con Filtro,Negro,UltraLight,f,471
NIF-REI-BRO-13,Ocean Breeze Japon,Sin Filtro,Rubio,Normal,t,303
NIF-REI-BRO-13,Pure Essence Argentina,Con Filtro,Negro,Normal,t,265
NIF-REI-BRO-13,Pure Essence Alemania,Con Filtro,Negro,Normal,f,293
NIF-REI-BRO-13,Amber Haze Argentina,Con Filtro,Rubio,Normal,t,139
NIF-REI-BRO-13,Urban Classic Reino,Con Filtro,Negro,Normal,t,55
NIF-REI-BRO-13,Urban Classic Argentina,Con Filtro,Rubio,SuperLight,f,359
NIF-REI-BRO-13,Midnight Silk Alemania,Sin Filtro,Rubio,Normal,f,161
NIF-REI-BRO-13,Midnight Silk Alemania,Sin Filtro,Negro,Normal,t,470
NIF-REI-BRO-13,Royal Blend Argentina,Con Filtro,Rubio,UltraLight,f,445
NIF-REI-BRO-14,Urban Classic Reino,Con Filtro,Rubio,Normal,t,463
NIF-REI-BRO-14,Pure Essence Alemania,Sin Filtro,Rubio,Normal,f,264
NIF-REI-BRO-14,Royal Blend Argentina,Con Filtro,Rubio,Light,f,424
NIF-REI-BRO-14,Mountain Mist Japon,Con Filtro,Rubio,Light,f,252
NIF-REI-BRO-14,Ocean Breeze Japon,Sin Filtro,Rubio,Normal,t,337
NIF-REI-BRO-14,Royal Blend Reino,Sin Filtro,Rubio,Normal,f,451
NIF-REI-BRO-14,Royal Blend Reino,Con Filtro,Rubio,Normal,t,341
NIF-REI-BRO-14,Gold Leaf Chile,Con Filtro,Rubio,Normal,t,59
NIF-REI-BRO-14,Urban Classic Chile,Sin Filtro,Rubio,Normal,t,267
NIF-REI-BRO-14,Mountain Mist Alemania,Sin Filtro,Rubio,Normal,f,378
NIF-REI-BRO-14,Ocean Breeze Chile,Sin Filtro,Rubio,Normal,f,259
NIF-REI-BRO-14,Urban Classic Alemania,Con Filtro,Negro,Normal,t,360
NIF-REI-BRO-14,Royal Blend Argentina,Con Filtro,Negro,SuperLight,f,211
NIF-REI-BRO-14,Amber Haze Reino,Con Filtro,Negro,Normal,t,347
NIF-REI-BRO-15,Royal Blend Japon,Con Filtro,Rubio,SuperLight,f,218
NIF-REI-BRO-15,Mountain Mist Reino,Con Filtro,Rubio,UltraLight,f,221
NIF-REI-BRO-15,Amber Haze Japon,Con Filtro,Rubio,SuperLight,f,348
NIF-REI-BRO-15,Pure Essence Reino,Sin Filtro,Rubio,Normal,t,436
NIF-REI-BRO-15,Mountain Mist Argentina,Con Filtro,Negro,UltraLight,f,204
NIF-REI-BRO-15,Pure Essence Argentina,Sin Filtro,Negro,Normal,t,280
NIF-REI-BRO-15,Amber Haze Argentina,Sin Filtro,Rubio,Normal,t,414
NIF-REI-BRO-15,Gold Leaf Chile,Con Filtro,Rubio,UltraLight,f,241
NIF-REI-BRO-15,Urban Classic Reino,Con Filtro,Negro,Normal,t,111
NIF-REI-BRO-15,Midnight Silk Reino,Con Filtro,Negro,Normal,t,291
NIF-REI-BRO-15,Royal Blend Alemania,Sin Filtro,Rubio,Normal,t,454
NIF-REI-BRO-15,Urban Classic Argentina,Sin Filtro,Negro,Normal,f,275
NIF-REI-BRO-15,Gold Leaf Chile,Sin Filtro,Negro,Normal,f,192
NIF-REI-BRO-15,Royal Blend Alemania,Con Filtro,Rubio,Normal,t,362
NIF-REI-BRO-15,Midnight Silk Chile,Con Filtro,Rubio,Normal,t,366
NIF-REI-BRO-15,Highland Peak Reino,Con Filtro,Negro,SuperLight,f,194
NIF-REI-BRO-15,Royal Blend Chile,Con Filtro,Negro,Normal,t,351
NIF-REI-BRO-15,Ocean Breeze Argentina,Sin Filtro,Rubio,Normal,f,199
NIF-REI-BRO-15,Ocean Breeze Chile,Con Filtro,Negro,Normal,t,341
NIF-REI-BRO-15,Gold Leaf Japon,Con Filtro,Rubio,Normal,t,311
NIF-REI-BRO-15,Ocean Breeze Chile,Sin Filtro,Negro,Normal,t,397
NIF-REI-BRO-15,Midnight Silk Japon,Sin Filtro,Rubio,Normal,f,184
NIF-REI-BRO-15,Gold Leaf Reino,Con Filtro,Rubio,Normal,f,69
NIF-REI-BRO-15,Midnight Silk Alemania,Sin Filtro,Rubio,Normal,t,135
NIF-REI-BRO-15,Midnight Silk Chile,Con Filtro,Negro,Normal,f,339
NIF-REI-BRO-15,Gold Leaf Alemania,Con Filtro,Negro,Light,f,253
NIF-REI-ENF-1,Urban Classic Argentina,Sin Filtro,Negro,Normal,f,444
NIF-REI-ENF-1,Ocean Breeze Japon,Sin Filtro,Negro,Normal,t,464
NIF-REI-ENF-1,Silver Lining Reino,Sin Filtro,Negro,Normal,f,462
NIF-REI-ENF-1,Ocean Breeze Chile,Con Filtro,Rubio,UltraLight,f,139
NIF-REI-ENF-1,Mountain Mist Argentina,Sin Filtro,Rubio,Normal,t,291
NIF-REI-ENF-1,Amber Haze Reino,Sin Filtro,Rubio,Normal,t,321
NIF-REI-ENF-1,Pure Essence Chile,Con Filtro,Negro,Normal,t,326
NIF-REI-ENF-1,Amber Haze Reino,Sin Filtro,Rubio,Normal,t,215
NIF-REI-ENF-1,Pure Essence Reino,Sin Filtro,Negro,Normal,f,82
NIF-REI-ENF-1,Royal Blend Alemania,Con Filtro,Rubio,Normal,t,388
NIF-REI-ENF-1,Midnight Silk Alemania,Sin Filtro,Negro,Normal,f,77
NIF-REI-ENF-1,Mountain Mist Chile,Sin Filtro,Rubio,Normal,t,497
NIF-REI-ENF-1,Midnight Silk Reino,Sin Filtro,Negro,Normal,f,350
NIF-REI-ENF-1,Highland Peak Reino,Con Filtro,Rubio,Normal,t,261
NIF-REI-ENF-2,Pure Essence Reino,Sin Filtro,Negro,Normal,f,105
NIF-REI-ENF-2,Amber Haze Reino,Sin Filtro,Negro,Normal,t,80
NIF-REI-ENF-2,Amber Haze Alemania,Con Filtro,Negro,Normal,f,110
NIF-REI-ENF-2,Royal Blend Chile,Con Filtro,Rubio,Normal,t,389
NIF-REI-ENF-2,Urban Classic Chile,Sin Filtro,Negro,Normal,t,158
NIF-REI-ENF-2,Royal Blend Reino,Con Filtro,Negro,Normal,t,478
NIF-REI-ENF-2,Midnight Silk Reino,Sin Filtro,Rubio,Normal,t,404
NIF-REI-ENF-2,Highland Peak Chile,Con Filtro,Negro,Normal,f,260
NIF-REI-ENF-2,Mountain Mist Japon,Sin Filtro,Rubio,Normal,t,215
NIF-REI-ENF-2,Highland Peak Chile,Con Filtro,Negro,Normal,t,249
NIF-REI-ENF-2,Silver Lining Alemania,Sin Filtro,Rubio,Normal,f,452
NIF-REI-ENF-2,Amber Haze Argentina,Con Filtro,Negro,Normal,t,399
NIF-REI-ENF-2,Highland Peak Chile,Sin Filtro,Rubio,Normal,f,333
NIF-REI-ENF-2,Highland Peak Japon,Sin Filtro,Rubio,Normal,t,61
NIF-REI-ENF-2,Royal Blend Argentina,Con Filtro,Negro,Normal,t,362
NIF-REI-ENF-2,Royal Blend Argentina,Con Filtro,Rubio,Light,f,358
NIF-REI-ENF-2,Mountain Mist Chile,Sin Filtro,Rubio,Normal,f,211
NIF-REI-ENF-2,Amber Haze Argentina,Sin Filtro,Rubio,Normal,t,495
NIF-REI-ENF-2,Royal Blend Japon,Sin Filtro,Rubio,Normal,t,492
NIF-REI-ENF-2,Highland Peak Argentina,Sin Filtro,Rubio,Normal,f,205
NIF-REI-ENF-2,Urban Classic Japon,Con Filtro,Rubio,Normal,t,470
NIF-REI-ENF-2,Mountain Mist Alemania,Sin Filtro,Rubio,Normal,t,284
NIF-REI-ENF-2,Royal Blend Chile,Con Filtro,Negro,Normal,t,329
NIF-REI-ENF-2,Ocean Breeze Japon,Sin Filtro,Rubio,Normal,t,169
NIF-REI-ENF-3,Silver Lining Argentina,Con Filtro,Rubio,Normal,t,493
NIF-REI-ENF-3,Amber Haze Alemania,Sin Filtro,Negro,Normal,t,400
NIF-REI-ENF-3,Highland Peak Chile,Sin Filtro,Rubio,Normal,f,98
NIF-REI-ENF-3,Urban Classic Japon,Con Filtro,Negro,Normal,t,364
NIF-REI-ENF-3,Highland Peak Japon,Sin Filtro,Rubio,Normal,t,123
NIF-REI-ENF-3,Amber Haze Japon,Con Filtro,Rubio,Light,f,291
NIF-REI-ENF-3,Ocean Breeze Reino,Con Filtro,Rubio,UltraLight,f,272
NIF-REI-ENF-3,Amber Haze Japon,Con Filtro,Rubio,Normal,t,163
NIF-REI-ENF-3,Royal Blend Argentina,Con Filtro,Negro,Light,f,159
NIF-REI-ENF-3,Mountain Mist Japon,Con Filtro,Rubio,Normal,t,341
NIF-REI-ENF-3,Royal Blend Reino,Con Filtro,Negro,Light,f,255
NIF-REI-ENF-3,Mountain Mist Reino,Con Filtro,Rubio,SuperLight,f,386
NIF-REI-ENF-3,Royal Blend Chile,Con Filtro,Rubio,UltraLight,f,143
NIF-REI-ENF-3,Amber Haze Chile,Con Filtro,Rubio,SuperLight,f,130
NIF-REI-ENF-3,Mountain Mist Chile,Sin Filtro,Negro,Normal,f,413
NIF-REI-ENF-3,Silver Lining Chile,Sin Filtro,Negro,Normal,f,202
NIF-REI-ENF-3,Royal Blend Alemania,Con Filtro,Negro,Normal,t,208
NIF-REI-ENF-3,Royal Blend Reino,Con Filtro,Rubio,Normal,t,489
NIF-REI-ENF-3,Highland Peak Reino,Con Filtro,Rubio,Normal,t,288
NIF-REI-ENF-3,Amber Haze Argentina,Sin Filtro,Rubio,Normal,t,382
NIF-REI-ENF-4,Pure Essence Argentina,Con Filtro,Rubio,Normal,t,189
NIF-REI-ENF-4,Amber Haze Argentina,Con Filtro,Negro,Normal,t,366
NIF-REI-ENF-4,Pure Essence Reino,Sin Filtro,Negro,Normal,f,418
NIF-REI-ENF-4,Amber Haze Argentina,Sin Filtro,Rubio,Normal,t,301
NIF-REI-ENF-4,Ocean Breeze Alemania,Sin Filtro,Negro,Normal,t,53
NIF-REI-ENF-4,Highland Peak Japon,Sin Filtro,Rubio,Normal,f,439
NIF-REI-ENF-4,Highland Peak Chile,Con Filtro,Rubio,Normal,f,415
NIF-REI-ENF-4,Gold Leaf Chile,Sin Filtro,Negro,Normal,t,238
NIF-REI-ENF-4,Midnight Silk Argentina,Sin Filtro,Negro,Normal,t,327
NIF-REI-ENF-4,Ocean Breeze Argentina,Con Filtro,Negro,Normal,t,463
NIF-REI-ENF-4,Amber Haze Reino,Sin Filtro,Rubio,Normal,t,491
NIF-REI-ENF-4,Gold Leaf Reino,Con Filtro,Rubio,Normal,t,471
NIF-REI-ENF-4,Urban Classic Japon,Sin Filtro,Rubio,Normal,f,116
NIF-REI-ENF-4,Mountain Mist Alemania,Sin Filtro,Negro,Normal,t,198
NIF-REI-ENF-4,Mountain Mist Japon,Con Filtro,Negro,Normal,t,67
NIF-REI-ENF-4,Highland Peak Chile,Con Filtro,Negro,Light,f,448
NIF-REI-ENF-4,Highland Peak Japon,Sin Filtro,Negro,Normal,f,152
NIF-REI-ENF-4,Midnight Silk Japon,Sin Filtro,Rubio,Normal,f,393
NIF-REI-ENF-4,Highland Peak Reino,Con Filtro,Rubio,Normal,t,386
NIF-REI-ENF-4,Amber Haze Alemania,Sin Filtro,Negro,Normal,t,83
NIF-REI-ENF-4,Silver Lining Chile,Con Filtro,Rubio,Normal,f,431
NIF-REI-ENF-4,Mountain Mist Japon,Sin Filtro,Rubio,Normal,t,422
NIF-REI-ENF-4,Pure Essence Chile,Con Filtro,Rubio,SuperLight,f,208
NIF-REI-ENF-5,Mountain Mist Reino,Con Filtro,Negro,SuperLight,f,71
NIF-REI-ENF-5,Gold Leaf Chile,Con Filtro,Rubio,Normal,t,477
NIF-REI-ENF-5,Amber Haze Japon,Con Filtro,Rubio,Normal,t,363
NIF-REI-ENF-5,Pure Essence Alemania,Con Filtro,Negro,Normal,f,395
NIF-REI-ENF-5,Silver Lining Chile,Con Filtro,Negro,SuperLight,f,58
NIF-REI-ENF-5,Urban Classic Reino,Con Filtro,Rubio,Normal,f,367
NIF-REI-ENF-5,Urban Classic Alemania,Con Filtro,Negro,Light,f,410
NIF-REI-ENF-5,Highland Peak Reino,Con Filtro,Rubio,Normal,t,340
NIF-REI-ENF-5,Silver Lining Reino,Sin Filtro,Negro,Normal,f,101
NIF-REI-ENF-5,Urban Classic Japon,Sin Filtro,Negro,Normal,f,401
NIF-REI-ENF-5,Royal Blend Argentina,Sin Filtro,Negro,Normal,f,328
NIF-REI-ENF-5,Mountain Mist Alemania,Sin Filtro,Negro,Normal,t,283
NIF-REI-ENF-5,Royal Blend Argentina,Con Filtro,Rubio,Light,f,343
NIF-REI-ENF-5,Urban Classic Reino,Con Filtro,Negro,Normal,t,284
NIF-REI-ENF-5,Highland Peak Argentina,Sin Filtro,Rubio,Normal,f,310
NIF-REI-ENF-5,Gold Leaf Alemania,Con Filtro,Negro,UltraLight,f,110
NIF-REI-ENF-5,Mountain Mist Chile,Sin Filtro,Rubio,Normal,f,360
NIF-REI-ENF-5,Amber Haze Alemania,Sin Filtro,Negro,Normal,t,496
NIF-REI-ENF-5,Highland Peak Argentina,Sin Filtro,Rubio,Normal,f,335
NIF-REI-ENF-5,Mountain Mist Japon,Con Filtro,Negro,Normal,t,215
NIF-REI-ENF-5,Gold Leaf Chile,Sin Filtro,Negro,Normal,f,354
NIF-REI-ENF-5,Ocean Breeze Reino,Sin Filtro,Negro,Normal,t,165
NIF-REI-ENF-6,Amber Haze Chile,Con Filtro,Rubio,Normal,t,414
NIF-REI-ENF-6,Ocean Breeze Alemania,Con Filtro,Negro,SuperLight,f,372
NIF-REI-ENF-6,Highland Peak Reino,Sin Filtro,Negro,Normal,f,277
NIF-REI-ENF-6,Midnight Silk Argentina,Sin Filtro,Rubio,Normal,t,381
NIF-REI-ENF-6,Ocean Breeze Argentina,Con Filtro,Rubio,Light,f,215
NIF-REI-ENF-6,Silver Lining Reino,Con Filtro,Negro,SuperLight,f,66
NIF-REI-ENF-6,Mountain Mist Japon,Con Filtro,Negro,Normal,t,387
NIF-REI-ENF-6,Pure Essence Alemania,Sin Filtro,Rubio,Normal,f,268
NIF-REI-ENF-6,Mountain Mist Argentina,Sin Filtro,Rubio,Normal,t,342
NIF-REI-ENF-6,Mountain Mist Reino,Sin Filtro,Negro,Normal,t,72
NIF-REI-ENF-6,Pure Essence Chile,Con Filtro,Negro,Normal,t,249
NIF-REI-ENF-6,Highland Peak Chile,Con Filtro,Negro,Light,f,286
NIF-REI-ENF-6,Silver Lining Reino,Con Filtro,Negro,Normal,t,151
NIF-REI-ENF-6,Silver Lining Alemania,Sin Filtro,Negro,Normal,t,51
NIF-REI-ENF-6,Ocean Breeze Japon,Sin Filtro,Negro,Normal,t,290
NIF-REI-ENF-6,Amber Haze Argentina,Sin Filtro,Rubio,Normal,f,74
NIF-REI-ENF-6,Midnight Silk Reino,Con Filtro,Negro,Normal,t,73
NIF-REI-ENF-6,Royal Blend Reino,Con Filtro,Negro,Normal,f,61
NIF-REI-ENF-6,Midnight Silk Argentina,Sin Filtro,Negro,Normal,t,286
NIF-REI-ENF-6,Royal Blend Alemania,Con Filtro,Rubio,Normal,t,411
NIF-REI-ENF-6,Gold Leaf Japon,Con Filtro,Rubio,Normal,t,148
NIF-REI-ENF-6,Highland Peak Japon,Con Filtro,Negro,Normal,f,496
NIF-REI-ENF-6,Mountain Mist Alemania,Sin Filtro,Negro,Normal,t,391
NIF-REI-ENF-7,Mountain Mist Argentina,Con Filtro,Negro,Light,f,364
NIF-REI-ENF-7,Midnight Silk Argentina,Sin Filtro,Negro,Normal,f,435
NIF-REI-ENF-7,Silver Lining Reino,Con Filtro,Negro,UltraLight,f,391
NIF-REI-ENF-7,Royal Blend Japon,Con Filtro,Negro,Normal,t,209
NIF-REI-ENF-7,Urban Classic Argentina,Con Filtro,Negro,UltraLight,f,229
NIF-REI-ENF-7,Silver Lining Chile,Con Filtro,Rubio,Normal,f,329
NIF-REI-ENF-7,Urban Classic Reino,Con Filtro,Rubio,Normal,t,56
NIF-REI-ENF-7,Amber Haze Reino,Con Filtro,Rubio,Normal,t,177
NIF-REI-ENF-7,Ocean Breeze Argentina,Con Filtro,Negro,Normal,t,105
NIF-REI-ENF-7,Pure Essence Japon,Sin Filtro,Rubio,Normal,t,73
NIF-REI-ENF-7,Mountain Mist Reino,Sin Filtro,Negro,Normal,t,157
NIF-REI-ENF-7,Pure Essence Chile,Con Filtro,Rubio,Normal,t,165
NIF-REI-ENF-7,Midnight Silk Argentina,Con Filtro,Rubio,Normal,f,390
NIF-REI-ENF-7,Amber Haze Chile,Sin Filtro,Rubio,Normal,t,367
NIF-REI-ENF-7,Urban Classic Reino,Con Filtro,Negro,Normal,t,110
NIF-REI-ENF-7,Highland Peak Argentina,Sin Filtro,Rubio,Normal,f,164
NIF-REI-ENF-7,Pure Essence Alemania,Sin Filtro,Rubio,Normal,t,228
NIF-REI-ENF-7,Urban Classic Chile,Con Filtro,Negro,SuperLight,f,173
NIF-REI-ENF-7,Mountain Mist Reino,Con Filtro,Rubio,Light,f,370
NIF-REI-ENF-8,Urban Classic Argentina,Con Filtro,Negro,UltraLight,f,415
NIF-REI-ENF-8,Midnight Silk Reino,Con Filtro,Negro,Normal,t,178
NIF-REI-ENF-8,Royal Blend Chile,Sin Filtro,Rubio,Normal,t,143
NIF-REI-ENF-8,Pure Essence Argentina,Con Filtro,Rubio,UltraLight,f,345
NIF-REI-ENF-8,Silver Lining Argentina,Con Filtro,Negro,Normal,t,192
NIF-REI-ENF-8,Amber Haze Argentina,Sin Filtro,Rubio,Normal,t,238
NIF-REI-ENF-8,Mountain Mist Reino,Sin Filtro,Rubio,Normal,f,142
NIF-REI-ENF-8,Midnight Silk Chile,Con Filtro,Negro,Normal,f,196
NIF-REI-ENF-8,Ocean Breeze Alemania,Con Filtro,Negro,Light,f,290
NIF-REI-ENF-8,Royal Blend Alemania,Sin Filtro,Negro,Normal,t,109
NIF-REI-ENF-8,Gold Leaf Reino,Sin Filtro,Negro,Normal,f,278
NIF-REI-ENF-8,Silver Lining Alemania,Sin Filtro,Negro,Normal,t,101
NIF-REI-ENF-8,Mountain Mist Japon,Con Filtro,Rubio,Light,f,93
NIF-REI-ENF-8,Pure Essence Argentina,Sin Filtro,Rubio,Normal,t,450
NIF-REI-ENF-8,Gold Leaf Argentina,Con Filtro,Rubio,Normal,t,286
NIF-REI-ENF-8,Mountain Mist Argentina,Sin Filtro,Negro,Normal,t,172
NIF-REI-ENF-8,Amber Haze Chile,Sin Filtro,Rubio,Normal,f,484
NIF-REI-ENF-9,Urban Classic Chile,Sin Filtro,Rubio,Normal,t,391
NIF-REI-ENF-9,Ocean Breeze Chile,Con Filtro,Negro,Normal,t,425
NIF-REI-ENF-9,Highland Peak Japon,Sin Filtro,Rubio,Normal,t,271
NIF-REI-ENF-9,Mountain Mist Chile,Con Filtro,Rubio,Normal,t,432
NIF-REI-ENF-9,Highland Peak Alemania,Sin Filtro,Rubio,Normal,t,434
NIF-REI-ENF-9,Amber Haze Reino,Sin Filtro,Rubio,Normal,t,273
NIF-REI-ENF-9,Silver Lining Alemania,Sin Filtro,Negro,Normal,t,399
NIF-REI-ENF-9,Ocean Breeze Japon,Con Filtro,Rubio,Normal,f,101
NIF-REI-ENF-9,Midnight Silk Chile,Con Filtro,Rubio,Normal,t,494
NIF-REI-ENF-9,Ocean Breeze Alemania,Sin Filtro,Negro,Normal,t,133
NIF-REI-ENF-9,Mountain Mist Chile,Con Filtro,Negro,Normal,t,64
NIF-REI-ENF-9,Royal Blend Japon,Con Filtro,Negro,Normal,t,151
NIF-REI-ENF-10,Royal Blend Chile,Con Filtro,Rubio,Normal,t,123
NIF-REI-ENF-10,Mountain Mist Chile,Con Filtro,Negro,Normal,t,292
NIF-REI-ENF-10,Amber Haze Reino,Sin Filtro,Negro,Normal,t,377
NIF-REI-ENF-10,Mountain Mist Alemania,Sin Filtro,Rubio,Normal,t,128
NIF-REI-ENF-10,Amber Haze Japon,Con Filtro,Rubio,Normal,t,143
NIF-REI-ENF-10,Urban Classic Argentina,Sin Filtro,Negro,Normal,f,253
NIF-REI-ENF-10,Midnight Silk Japon,Sin Filtro,Rubio,Normal,f,361
NIF-REI-ENF-10,Ocean Breeze Alemania,Sin Filtro,Negro,Normal,t,253
NIF-REI-ENF-10,Royal Blend Reino,Con Filtro,Negro,Light,f,411
NIF-REI-ENF-10,Urban Classic Chile,Sin Filtro,Rubio,Normal,f,410
NIF-REI-ENF-10,Silver Lining Reino,Con Filtro,Rubio,UltraLight,f,101
NIF-REI-ENF-11,Amber Haze Argentina,Con Filtro,Negro,Normal,t,409
NIF-REI-ENF-11,Silver Lining Argentina,Con Filtro,Rubio,Normal,t,339
NIF-REI-ENF-11,Highland Peak Chile,Con Filtro,Rubio,Normal,f,339
NIF-REI-ENF-11,Mountain Mist Alemania,Sin Filtro,Negro,Normal,f,494
NIF-REI-ENF-11,Royal Blend Argentina,Con Filtro,Negro,SuperLight,f,59
NIF-REI-ENF-11,Gold Leaf Japon,Sin Filtro,Negro,Normal,t,322
NIF-REI-ENF-11,Gold Leaf Argentina,Sin Filtro,Negro,Normal,f,485
NIF-REI-ENF-11,Highland Peak Japon,Con Filtro,Rubio,Light,f,447
NIF-REI-ENF-11,Gold Leaf Chile,Sin Filtro,Negro,Normal,f,404
NIF-REI-ENF-11,Amber Haze Argentina,Con Filtro,Negro,Normal,t,298
NIF-REI-ENF-11,Ocean Breeze Chile,Sin Filtro,Negro,Normal,t,140
NIF-REI-ENF-11,Mountain Mist Argentina,Sin Filtro,Negro,Normal,t,114
NIF-REI-ENF-11,Silver Lining Alemania,Sin Filtro,Negro,Normal,f,476
NIF-REI-ENF-11,Highland Peak Alemania,Con Filtro,Negro,UltraLight,f,212
NIF-REI-ENF-11,Midnight Silk Reino,Sin Filtro,Rubio,Normal,f,107
NIF-REI-ENF-11,Urban Classic Reino,Con Filtro,Negro,Normal,t,404
NIF-REI-ENF-11,Gold Leaf Japon,Sin Filtro,Negro,Normal,f,306
NIF-REI-ENF-11,Amber Haze Argentina,Con Filtro,Rubio,Normal,t,349
NIF-REI-ENF-11,Pure Essence Reino,Sin Filtro,Negro,Normal,f,391
NIF-REI-ENF-11,Gold Leaf Japon,Con Filtro,Rubio,Normal,t,299
NIF-REI-ENF-11,Ocean Breeze Argentina,Sin Filtro,Rubio,Normal,f,422
NIF-REI-ENF-12,Pure Essence Chile,Sin Filtro,Negro,Normal,f,493
NIF-REI-ENF-12,Highland Peak Argentina,Sin Filtro,Rubio,Normal,f,147
NIF-REI-ENF-12,Amber Haze Alemania,Sin Filtro,Negro,Normal,t,83
NIF-REI-ENF-12,Midnight Silk Alemania,Con Filtro,Negro,Normal,t,245
NIF-REI-ENF-12,Royal Blend Alemania,Sin Filtro,Rubio,Normal,t,415
NIF-REI-ENF-12,Highland Peak Argentina,Sin Filtro,Rubio,Normal,f,302
NIF-REI-ENF-12,Pure Essence Chile,Con Filtro,Negro,SuperLight,f,254
NIF-REI-ENF-12,Urban Classic Argentina,Sin Filtro,Negro,Normal,f,145
NIF-REI-ENF-12,Highland Peak Argentina,Sin Filtro,Rubio,Normal,f,449
NIF-REI-ENF-12,Amber Haze Chile,Sin Filtro,Rubio,Normal,t,70
NIF-REI-ENF-12,Highland Peak Japon,Con Filtro,Rubio,Normal,t,93
NIF-REI-ENF-12,Gold Leaf Alemania,Sin Filtro,Negro,Normal,f,92
NIF-REI-ENF-12,Ocean Breeze Alemania,Con Filtro,Negro,UltraLight,f,301
NIF-REI-ENF-12,Ocean Breeze Chile,Con Filtro,Negro,Normal,t,268
NIF-REI-ENF-12,Midnight Silk Argentina,Con Filtro,Rubio,Normal,f,473
NIF-REI-ENF-12,Mountain Mist Argentina,Sin Filtro,Rubio,Normal,t,411
NIF-REI-ENF-12,Ocean Breeze Argentina,Con Filtro,Rubio,Light,f,219
NIF-REI-ENF-12,Pure Essence Argentina,Sin Filtro,Rubio,Normal,t,229
NIF-REI-ENF-12,Silver Lining Chile,Sin Filtro,Negro,Normal,f,169
NIF-REI-ENF-12,Midnight Silk Argentina,Sin Filtro,Negro,Normal,f,256
NIF-REI-ENF-12,Amber Haze Alemania,Sin Filtro,Rubio,Normal,f,241
NIF-REI-ENF-13,Royal Blend Alemania,Sin Filtro,Rubio,Normal,t,148
NIF-REI-ENF-13,Amber Haze Reino,Sin Filtro,Negro,Normal,t,223
NIF-REI-ENF-13,Ocean Breeze Reino,Con Filtro,Rubio,UltraLight,f,375
NIF-REI-ENF-13,Royal Blend Argentina,Con Filtro,Negro,Light,f,295
NIF-REI-ENF-13,Ocean Breeze Chile,Sin Filtro,Negro,Normal,f,449
NIF-REI-ENF-13,Mountain Mist Chile,Con Filtro,Negro,Normal,t,424
NIF-REI-ENF-13,Pure Essence Argentina,Con Filtro,Negro,Normal,t,198
NIF-REI-ENF-13,Urban Classic Japon,Con Filtro,Negro,Normal,t,421
NIF-REI-ENF-13,Highland Peak Chile,Con Filtro,Negro,Normal,t,62
NIF-REI-ENF-13,Royal Blend Argentina,Con Filtro,Rubio,Light,f,442
NIF-REI-ENF-13,Pure Essence Argentina,Con Filtro,Rubio,SuperLight,f,199
NIF-REI-ENF-13,Royal Blend Chile,Sin Filtro,Negro,Normal,t,240
NIF-REI-ENF-13,Mountain Mist Reino,Sin Filtro,Negro,Normal,t,50
NIF-REI-ENF-13,Silver Lining Reino,Con Filtro,Negro,UltraLight,f,389
NIF-REI-ENF-13,Pure Essence Japon,Sin Filtro,Negro,Normal,f,384
NIF-REI-ENF-13,Urban Classic Alemania,Sin Filtro,Negro,Normal,f,159
NIF-REI-ENF-13,Mountain Mist Reino,Sin Filtro,Rubio,Normal,f,303
NIF-REI-ENF-13,Silver Lining Japon,Con Filtro,Rubio,Light,f,101
NIF-REI-ENF-13,Mountain Mist Alemania,Con Filtro,Negro,Normal,t,361
NIF-REI-ENF-13,Pure Essence Japon,Sin Filtro,Negro,Normal,t,279
NIF-REI-ENF-13,Silver Lining Japon,Sin Filtro,Negro,Normal,f,314
NIF-REI-ENF-13,Amber Haze Japon,Sin Filtro,Rubio,Normal,f,361
NIF-REI-ENF-13,Midnight Silk Alemania,Sin Filtro,Negro,Normal,t,157
NIF-REI-ENF-13,Mountain Mist Alemania,Sin Filtro,Negro,Normal,f,178
NIF-REI-ENF-14,Midnight Silk Reino,Sin Filtro,Rubio,Normal,f,81
NIF-REI-ENF-14,Mountain Mist Argentina,Con Filtro,Negro,UltraLight,f,358
NIF-REI-ENF-14,Amber Haze Reino,Sin Filtro,Rubio,Normal,t,240
NIF-REI-ENF-14,Mountain Mist Japon,Sin Filtro,Rubio,Normal,t,348
NIF-REI-ENF-14,Gold Leaf Japon,Con Filtro,Rubio,Normal,t,188
NIF-REI-ENF-14,Highland Peak Chile,Con Filtro,Negro,Normal,f,338
NIF-REI-ENF-14,Silver Lining Alemania,Con Filtro,Negro,Normal,t,229
NIF-REI-ENF-14,Ocean Breeze Reino,Sin Filtro,Negro,Normal,t,88
NIF-REI-ENF-14,Mountain Mist Japon,Con Filtro,Rubio,Normal,t,161
NIF-REI-ENF-14,Royal Blend Reino,Con Filtro,Rubio,Normal,t,172
NIF-REI-ENF-14,Amber Haze Reino,Sin Filtro,Negro,Normal,t,142
NIF-REI-ENF-14,Silver Lining Argentina,Con Filtro,Negro,Normal,t,77
NIF-REI-ENF-14,Pure Essence Reino,Sin Filtro,Rubio,Normal,f,182
NIF-REI-ENF-14,Urban Classic Japon,Sin Filtro,Rubio,Normal,t,241
NIF-REI-ENF-14,Royal Blend Alemania,Con Filtro,Negro,Normal,t,305
NIF-REI-ENF-14,Mountain Mist Argentina,Sin Filtro,Negro,Normal,t,292
NIF-REI-ENF-14,Gold Leaf Japon,Sin Filtro,Rubio,Normal,t,412
NIF-REI-ENF-14,Gold Leaf Argentina,Con Filtro,Rubio,Normal,t,341
NIF-REI-ENF-14,Amber Haze Argentina,Sin Filtro,Rubio,Normal,f,322
NIF-REI-ENF-14,Midnight Silk Argentina,Sin Filtro,Negro,Normal,f,357
NIF-REI-ENF-14,Ocean Breeze Chile,Sin Filtro,Rubio,Normal,f,67
NIF-REI-ENF-14,Pure Essence Japon,Sin Filtro,Negro,Normal,f,130
NIF-REI-ENF-14,Silver Lining Chile,Sin Filtro,Rubio,Normal,t,372
NIF-REI-ENF-14,Royal Blend Alemania,Sin Filtro,Rubio,Normal,t,299
NIF-REI-ENF-15,Pure Essence Japon,Sin Filtro,Negro,Normal,t,366
NIF-REI-ENF-15,Royal Blend Reino,Sin Filtro,Rubio,Normal,t,347
NIF-REI-ENF-15,Silver Lining Alemania,Sin Filtro,Negro,Normal,t,322
NIF-REI-ENF-15,Mountain Mist Japon,Con Filtro,Rubio,Normal,t,279
NIF-REI-ENF-15,Mountain Mist Alemania,Con Filtro,Negro,Normal,t,268
NIF-REI-ENF-15,Midnight Silk Argentina,Sin Filtro,Rubio,Normal,f,52
NIF-REI-ENF-15,Urban Classic Japon,Con Filtro,Rubio,Light,f,342
NIF-REI-ENF-15,Silver Lining Japon,Con Filtro,Negro,UltraLight,f,419
NIF-REI-ENF-15,Highland Peak Reino,Sin Filtro,Negro,Normal,f,494
NIF-REI-ENF-15,Silver Lining Argentina,Con Filtro,Negro,Normal,t,349
NIF-REI-ENF-15,Silver Lining Reino,Sin Filtro,Negro,Normal,f,77
NIF-REI-ENF-15,Royal Blend Argentina,Con Filtro,Rubio,Light,f,86
NIF-REI-ENF-15,Urban Classic Chile,Con Filtro,Negro,Normal,t,497
NIF-REI-ENF-15,Pure Essence Chile,Sin Filtro,Negro,Normal,f,133
NIF-REI-ENF-15,Mountain Mist Chile,Sin Filtro,Rubio,Normal,t,147
NIF-REI-ENF-15,Amber Haze Japon,Con Filtro,Rubio,Light,f,357
NIF-REI-ENF-15,Mountain Mist Chile,Sin Filtro,Rubio,Normal,f,181
NIF-REI-ENF-15,Highland Peak Chile,Con Filtro,Rubio,Normal,f,462
NIF-REI-ENF-15,Urban Classic Reino,Con Filtro,Rubio,Normal,f,162
NIF-REI-ENF-15,Silver Lining Argentina,Sin Filtro,Negro,Normal,t,373
NIF-REI-ENF-15,Royal Blend Reino,Con Filtro,Negro,Normal,f,272
NIF-REI-ENF-15,Royal Blend Reino,Con Filtro,Negro,Normal,f,202
NIF-REI-ENF-15,Urban Classic Reino,Con Filtro,Negro,Normal,t,323
NIF-REI-ENF-15,Urban Classic Alemania,Sin Filtro,Rubio,Normal,t,165
NIF-REI-ENF-15,Amber Haze Alemania,Sin Filtro,Negro,Normal,t,495
NIF-REI-ENF-15,Gold Leaf Japon,Con Filtro,Rubio,UltraLight,f,188
NIF-REI-ENF-15,Ocean Breeze Alemania,Sin Filtro,Negro,Normal,t,235
NIF-REI-ENF-15,Ocean Breeze Argentina,Con Filtro,Rubio,Normal,t,351
NIF-REI-COV-1,Urban Classic Alemania,Sin Filtro,Negro,Normal,t,341
NIF-REI-COV-1,Silver Lining Alemania,Sin Filtro,Negro,Normal,t,454
NIF-REI-COV-1,Urban Classic Alemania,Sin Filtro,Rubio,Normal,t,469
NIF-REI-COV-1,Amber Haze Japon,Sin Filtro,Rubio,Normal,f,52
NIF-REI-COV-1,Urban Classic Argentina,Sin Filtro,Negro,Normal,f,482
NIF-REI-COV-1,Pure Essence Reino,Sin Filtro,Rubio,Normal,f,488
NIF-REI-COV-1,Highland Peak Japon,Sin Filtro,Rubio,Normal,t,238
NIF-REI-COV-1,Ocean Breeze Alemania,Con Filtro,Negro,UltraLight,f,278
NIF-REI-COV-1,Midnight Silk Argentina,Sin Filtro,Negro,Normal,t,490
NIF-REI-COV-1,Ocean Breeze Chile,Sin Filtro,Negro,Normal,f,408
NIF-REI-COV-1,Highland Peak Alemania,Con Filtro,Rubio,SuperLight,f,477
NIF-REI-COV-1,Amber Haze Reino,Con Filtro,Rubio,Normal,t,244
NIF-REI-COV-1,Royal Blend Reino,Con Filtro,Rubio,Normal,t,128
NIF-REI-COV-1,Pure Essence Japon,Sin Filtro,Negro,Normal,f,273
NIF-REI-COV-1,Mountain Mist Argentina,Sin Filtro,Negro,Normal,t,362
NIF-REI-COV-1,Gold Leaf Alemania,Con Filtro,Negro,Light,f,82
NIF-REI-COV-1,Royal Blend Chile,Sin Filtro,Negro,Normal,f,291
NIF-REI-COV-1,Silver Lining Alemania,Sin Filtro,Negro,Normal,t,341
NIF-REI-COV-1,Amber Haze Japon,Sin Filtro,Rubio,Normal,f,264
NIF-REI-COV-1,Urban Classic Chile,Sin Filtro,Negro,Normal,f,443
NIF-REI-COV-1,Urban Classic Japon,Con Filtro,Rubio,Light,f,102
NIF-REI-COV-1,Midnight Silk Japon,Sin Filtro,Rubio,Normal,f,72
NIF-REI-COV-2,Gold Leaf Argentina,Sin Filtro,Rubio,Normal,f,347
NIF-REI-COV-2,Urban Classic Alemania,Sin Filtro,Negro,Normal,f,156
NIF-REI-COV-2,Silver Lining Reino,Sin Filtro,Negro,Normal,f,327
NIF-REI-COV-2,Highland Peak Japon,Sin Filtro,Negro,Normal,f,249
NIF-REI-COV-2,Highland Peak Reino,Con Filtro,Rubio,Normal,t,467
NIF-REI-COV-2,Ocean Breeze Japon,Sin Filtro,Rubio,Normal,t,149
NIF-REI-COV-2,Ocean Breeze Argentina,Con Filtro,Negro,SuperLight,f,426
NIF-REI-COV-2,Silver Lining Argentina,Con Filtro,Negro,Normal,t,336
NIF-REI-COV-2,Gold Leaf Chile,Sin Filtro,Negro,Normal,f,198
NIF-REI-COV-2,Amber Haze Japon,Sin Filtro,Negro,Normal,t,277
NIF-REI-COV-2,Silver Lining Chile,Con Filtro,Rubio,Normal,t,491
NIF-REI-COV-2,Gold Leaf Chile,Con Filtro,Rubio,UltraLight,f,484
NIF-REI-COV-2,Amber Haze Chile,Sin Filtro,Rubio,Normal,f,341
NIF-REI-COV-2,Ocean Breeze Chile,Sin Filtro,Negro,Normal,f,380
NIF-REI-COV-2,Amber Haze Argentina,Con Filtro,Negro,Normal,t,180
NIF-REI-COV-2,Ocean Breeze Japon,Sin Filtro,Rubio,Normal,t,228
NIF-REI-COV-2,Urban Classic Chile,Sin Filtro,Negro,Normal,t,470
NIF-REI-COV-2,Ocean Breeze Japon,Sin Filtro,Negro,Normal,t,387
NIF-REI-COV-2,Silver Lining Argentina,Con Filtro,Negro,Normal,t,287
NIF-REI-COV-2,Royal Blend Reino,Con Filtro,Negro,Light,f,410
NIF-REI-COV-2,Highland Peak Argentina,Con Filtro,Rubio,SuperLight,f,445
NIF-REI-COV-2,Amber Haze Japon,Sin Filtro,Negro,Normal,t,270
NIF-REI-COV-2,Mountain Mist Japon,Sin Filtro,Rubio,Normal,t,497
NIF-REI-COV-2,Highland Peak Reino,Con Filtro,Rubio,Normal,t,371
NIF-REI-COV-2,Amber Haze Alemania,Sin Filtro,Rubio,Normal,t,233
NIF-REI-COV-2,Gold Leaf Chile,Con Filtro,Rubio,Normal,t,168
NIF-REI-COV-2,Mountain Mist Chile,Con Filtro,Negro,Normal,t,413
NIF-REI-COV-2,Highland Peak Alemania,Sin Filtro,Rubio,Normal,f,262
NIF-REI-COV-2,Mountain Mist Japon,Con Filtro,Rubio,Light,f,387
NIF-REI-COV-3,Midnight Silk Reino,Con Filtro,Negro,SuperLight,f,126
NIF-REI-COV-3,Silver Lining Japon,Sin Filtro,Rubio,Normal,f,371
NIF-REI-COV-3,Highland Peak Alemania,Sin Filtro,Negro,Normal,f,320
NIF-REI-COV-3,Royal Blend Alemania,Sin Filtro,Rubio,Normal,t,106
NIF-REI-COV-3,Ocean Breeze Reino,Sin Filtro,Negro,Normal,f,110
NIF-REI-COV-3,Gold Leaf Alemania,Sin Filtro,Negro,Normal,f,148
NIF-REI-COV-3,Midnight Silk Reino,Sin Filtro,Negro,Normal,f,286
NIF-REI-COV-3,Amber Haze Chile,Con Filtro,Rubio,Normal,t,299
NIF-REI-COV-3,Amber Haze Alemania,Con Filtro,Negro,Normal,f,183
NIF-REI-COV-3,Gold Leaf Chile,Sin Filtro,Rubio,Normal,f,246
NIF-REI-COV-3,Amber Haze Japon,Con Filtro,Rubio,Normal,t,390
NIF-REI-COV-3,Midnight Silk Reino,Con Filtro,Rubio,SuperLight,f,160
NIF-REI-COV-3,Midnight Silk Argentina,Con Filtro,Rubio,Normal,f,199
NIF-REI-COV-3,Amber Haze Alemania,Con Filtro,Rubio,Normal,t,194
NIF-REI-COV-3,Mountain Mist Argentina,Sin Filtro,Negro,Normal,f,388
NIF-REI-COV-3,Amber Haze Reino,Sin Filtro,Rubio,Normal,t,95
NIF-REI-COV-3,Mountain Mist Chile,Sin Filtro,Rubio,Normal,t,445
NIF-REI-COV-3,Amber Haze Japon,Con Filtro,Rubio,Light,f,154
NIF-REI-COV-3,Royal Blend Alemania,Con Filtro,Rubio,Normal,t,60
NIF-REI-COV-3,Pure Essence Chile,Con Filtro,Rubio,Light,f,91
NIF-REI-COV-3,Amber Haze Alemania,Sin Filtro,Negro,Normal,t,82
NIF-REI-COV-4,Pure Essence Japon,Sin Filtro,Negro,Normal,f,242
NIF-REI-COV-4,Midnight Silk Chile,Con Filtro,Negro,Normal,t,211
NIF-REI-COV-4,Pure Essence Chile,Con Filtro,Negro,Normal,t,149
NIF-REI-COV-4,Pure Essence Argentina,Sin Filtro,Negro,Normal,t,205
NIF-REI-COV-4,Gold Leaf Alemania,Sin Filtro,Negro,Normal,t,288
NIF-REI-COV-4,Mountain Mist Japon,Con Filtro,Negro,Normal,t,195
NIF-REI-COV-4,Ocean Breeze Alemania,Sin Filtro,Negro,Normal,t,106
NIF-REI-COV-4,Royal Blend Japon,Sin Filtro,Negro,Normal,f,73
NIF-REI-COV-4,Mountain Mist Japon,Con Filtro,Rubio,Normal,t,403
NIF-REI-COV-4,Mountain Mist Argentina,Sin Filtro,Negro,Normal,t,228
NIF-REI-COV-4,Gold Leaf Japon,Sin Filtro,Rubio,Normal,t,371
NIF-REI-COV-4,Gold Leaf Reino,Con Filtro,Negro,SuperLight,f,137
NIF-REI-COV-4,Highland Peak Chile,Con Filtro,Rubio,SuperLight,f,227
NIF-REI-COV-4,Gold Leaf Argentina,Sin Filtro,Rubio,Normal,f,383
NIF-REI-COV-4,Gold Leaf Japon,Con Filtro,Rubio,Normal,f,256
NIF-REI-COV-4,Royal Blend Japon,Sin Filtro,Rubio,Normal,f,448
NIF-REI-COV-4,Royal Blend Japon,Sin Filtro,Negro,Normal,t,51
NIF-REI-COV-5,Amber Haze Reino,Sin Filtro,Rubio,Normal,t,404
NIF-REI-COV-5,Silver Lining Argentina,Con Filtro,Rubio,Normal,t,371
NIF-REI-COV-5,Silver Lining Reino,Sin Filtro,Rubio,Normal,t,371
NIF-REI-COV-5,Silver Lining Chile,Con Filtro,Rubio,Light,f,460
NIF-REI-COV-5,Pure Essence Argentina,Con Filtro,Rubio,Normal,t,222
NIF-REI-COV-5,Ocean Breeze Argentina,Con Filtro,Rubio,Normal,t,257
NIF-REI-COV-5,Silver Lining Alemania,Sin Filtro,Negro,Normal,t,95
NIF-REI-COV-5,Amber Haze Alemania,Sin Filtro,Rubio,Normal,t,328
NIF-REI-COV-5,Silver Lining Japon,Con Filtro,Negro,SuperLight,f,67
NIF-REI-COV-5,Ocean Breeze Japon,Sin Filtro,Rubio,Normal,t,356
NIF-REI-COV-5,Amber Haze Reino,Sin Filtro,Rubio,Normal,t,410
NIF-REI-COV-5,Highland Peak Argentina,Sin Filtro,Rubio,Normal,f,276
NIF-REI-COV-5,Royal Blend Chile,Sin Filtro,Negro,Normal,f,170
NIF-REI-COV-5,Gold Leaf Japon,Sin Filtro,Rubio,Normal,t,337
NIF-REI-COV-5,Midnight Silk Argentina,Sin Filtro,Negro,Normal,t,416
NIF-REI-COV-5,Midnight Silk Japon,Con Filtro,Rubio,Light,f,390
NIF-REI-COV-5,Midnight Silk Argentina,Sin Filtro,Rubio,Normal,f,242
NIF-REI-COV-5,Ocean Breeze Chile,Sin Filtro,Negro,Normal,t,394
NIF-REI-COV-5,Amber Haze Reino,Sin Filtro,Negro,Normal,t,352
NIF-REI-COV-5,Ocean Breeze Reino,Sin Filtro,Negro,Normal,f,190
NIF-REI-COV-6,Royal Blend Argentina,Sin Filtro,Negro,Normal,f,176
NIF-REI-COV-6,Highland Peak Reino,Con Filtro,Negro,SuperLight,f,493
NIF-REI-COV-6,Amber Haze Chile,Con Filtro,Rubio,Normal,t,100
NIF-REI-COV-6,Ocean Breeze Reino,Sin Filtro,Negro,Normal,f,328
NIF-REI-COV-6,Highland Peak Japon,Sin Filtro,Rubio,Normal,f,480
NIF-REI-COV-6,Gold Leaf Reino,Sin Filtro,Rubio,Normal,f,259
NIF-REI-COV-6,Silver Lining Reino,Con Filtro,Negro,Normal,t,153
NIF-REI-COV-6,Royal Blend Chile,Sin Filtro,Negro,Normal,f,139
NIF-REI-COV-6,Royal Blend Chile,Con Filtro,Negro,Normal,t,96
NIF-REI-COV-6,Midnight Silk Alemania,Sin Filtro,Rubio,Normal,t,240
NIF-REI-COV-6,Pure Essence Alemania,Sin Filtro,Rubio,Normal,t,498
NIF-REI-COV-6,Royal Blend Argentina,Sin Filtro,Negro,Normal,t,472
NIF-REI-COV-6,Silver Lining Chile,Con Filtro,Negro,SuperLight,f,383
NIF-REI-COV-6,Highland Peak Japon,Sin Filtro,Negro,Normal,t,136
NIF-REI-COV-6,Mountain Mist Argentina,Sin Filtro,Negro,Normal,t,445
NIF-REI-COV-6,Ocean Breeze Reino,Sin Filtro,Negro,Normal,t,343
NIF-REI-COV-6,Ocean Breeze Reino,Sin Filtro,Rubio,Normal,f,490
NIF-REI-COV-6,Silver Lining Reino,Sin Filtro,Negro,Normal,f,322
NIF-REI-COV-6,Silver Lining Japon,Sin Filtro,Negro,Normal,f,463
NIF-REI-COV-6,Gold Leaf Argentina,Con Filtro,Rubio,Light,f,94
NIF-REI-COV-6,Amber Haze Japon,Sin Filtro,Negro,Normal,t,468
NIF-REI-COV-6,Urban Classic Japon,Sin Filtro,Rubio,Normal,t,129
NIF-REI-COV-6,Urban Classic Japon,Sin Filtro,Negro,Normal,f,483
NIF-REI-COV-6,Urban Classic Alemania,Sin Filtro,Rubio,Normal,t,256
NIF-REI-COV-6,Midnight Silk Chile,Con Filtro,Rubio,Normal,t,190
NIF-REI-COV-6,Ocean Breeze Japon,Sin Filtro,Rubio,Normal,t,83
NIF-REI-COV-6,Royal Blend Argentina,Con Filtro,Negro,Normal,t,133
NIF-REI-COV-6,Urban Classic Alemania,Con Filtro,Negro,Normal,t,497
NIF-REI-COV-7,Silver Lining Japon,Sin Filtro,Negro,Normal,f,218
NIF-REI-COV-7,Urban Classic Chile,Con Filtro,Negro,SuperLight,f,462
NIF-REI-COV-7,Pure Essence Argentina,Sin Filtro,Rubio,Normal,t,197
NIF-REI-COV-7,Highland Peak Japon,Sin Filtro,Rubio,Normal,f,206
NIF-REI-COV-7,Gold Leaf Alemania,Sin Filtro,Rubio,Normal,f,196
NIF-REI-COV-7,Mountain Mist Alemania,Sin Filtro,Rubio,Normal,t,315
NIF-REI-COV-7,Mountain Mist Argentina,Con Filtro,Rubio,Normal,t,255
NIF-REI-COV-7,Urban Classic Argentina,Con Filtro,Rubio,Normal,t,68
NIF-REI-COV-7,Mountain Mist Chile,Sin Filtro,Rubio,Normal,t,245
NIF-REI-COV-7,Gold Leaf Argentina,Con Filtro,Negro,Normal,t,189
NIF-REI-COV-7,Urban Classic Alemania,Sin Filtro,Rubio,Normal,t,445
NIF-REI-COV-7,Midnight Silk Chile,Sin Filtro,Rubio,Normal,f,182
NIF-REI-COV-7,Gold Leaf Japon,Con Filtro,Rubio,Normal,f,60
NIF-REI-COV-7,Midnight Silk Argentina,Sin Filtro,Rubio,Normal,t,346
NIF-REI-COV-7,Highland Peak Japon,Con Filtro,Rubio,Light,f,267
NIF-REI-COV-7,Royal Blend Argentina,Con Filtro,Negro,Light,f,158
NIF-REI-COV-7,Highland Peak Alemania,Sin Filtro,Negro,Normal,f,324
NIF-REI-COV-7,Amber Haze Chile,Con Filtro,Negro,Light,f,302
NIF-REI-COV-7,Ocean Breeze Reino,Sin Filtro,Negro,Normal,t,68
NIF-REI-COV-7,Silver Lining Reino,Con Filtro,Rubio,UltraLight,f,267
NIF-REI-COV-7,Mountain Mist Chile,Sin Filtro,Rubio,Normal,f,304
NIF-REI-COV-7,Gold Leaf Alemania,Con Filtro,Rubio,Normal,t,360
NIF-REI-COV-7,Pure Essence Alemania,Con Filtro,Rubio,UltraLight,f,377
NIF-REI-COV-7,Urban Classic Japon,Sin Filtro,Rubio,Normal,t,51
NIF-REI-COV-7,Royal Blend Alemania,Con Filtro,Negro,Normal,t,245
NIF-REI-COV-7,Mountain Mist Argentina,Sin Filtro,Negro,Normal,t,212
NIF-REI-COV-8,Silver Lining Argentina,Con Filtro,Negro,Normal,t,444
NIF-REI-COV-8,Urban Classic Alemania,Sin Filtro,Rubio,Normal,f,499
NIF-REI-COV-8,Silver Lining Chile,Sin Filtro,Negro,Normal,f,109
NIF-REI-COV-8,Gold Leaf Argentina,Con Filtro,Rubio,Normal,t,388
NIF-REI-COV-8,Highland Peak Argentina,Sin Filtro,Negro,Normal,f,283
NIF-REI-COV-8,Royal Blend Reino,Con Filtro,Negro,Light,f,462
NIF-REI-COV-8,Silver Lining Japon,Con Filtro,Rubio,Normal,f,338
NIF-REI-COV-8,Mountain Mist Argentina,Con Filtro,Negro,Light,f,471
NIF-REI-COV-8,Royal Blend Alemania,Con Filtro,Negro,Normal,t,269
NIF-REI-COV-8,Gold Leaf Alemania,Sin Filtro,Negro,Normal,f,466
NIF-REI-COV-8,Silver Lining Reino,Con Filtro,Negro,SuperLight,f,173
NIF-REI-COV-8,Royal Blend Chile,Sin Filtro,Negro,Normal,t,177
NIF-REI-COV-8,Ocean Breeze Reino,Sin Filtro,Negro,Normal,f,447
NIF-REI-COV-8,Highland Peak Japon,Sin Filtro,Negro,Normal,t,364
NIF-REI-COV-8,Highland Peak Japon,Con Filtro,Negro,Normal,f,451
NIF-REI-COV-8,Amber Haze Alemania,Sin Filtro,Rubio,Normal,f,492
NIF-REI-COV-8,Pure Essence Chile,Sin Filtro,Negro,Normal,f,186
NIF-REI-COV-8,Highland Peak Japon,Sin Filtro,Rubio,Normal,t,191
NIF-REI-COV-8,Midnight Silk Argentina,Sin Filtro,Negro,Normal,f,190
NIF-REI-COV-8,Mountain Mist Argentina,Sin Filtro,Negro,Normal,f,78
NIF-REI-COV-8,Midnight Silk Argentina,Sin Filtro,Rubio,Normal,f,92
NIF-REI-COV-8,Silver Lining Reino,Sin Filtro,Negro,Normal,f,331
NIF-REI-COV-9,Pure Essence Alemania,Sin Filtro,Rubio,Normal,t,191
NIF-REI-COV-9,Royal Blend Japon,Sin Filtro,Negro,Normal,t,415
NIF-REI-COV-9,Ocean Breeze Reino,Con Filtro,Rubio,UltraLight,f,364
NIF-REI-COV-9,Silver Lining Reino,Con Filtro,Negro,Normal,t,384
NIF-REI-COV-9,Midnight Silk Reino,Sin Filtro,Negro,Normal,t,437
NIF-REI-COV-9,Royal Blend Argentina,Con Filtro,Negro,Light,f,151
NIF-REI-COV-9,Ocean Breeze Reino,Sin Filtro,Negro,Normal,t,244
NIF-REI-COV-9,Midnight Silk Chile,Sin Filtro,Rubio,Normal,f,286
NIF-REI-COV-9,Highland Peak Chile,Con Filtro,Negro,Normal,t,127
NIF-REI-COV-9,Pure Essence Reino,Con Filtro,Rubio,Normal,f,438
NIF-REI-COV-9,Urban Classic Argentina,Con Filtro,Rubio,Normal,t,201
NIF-REI-COV-9,Royal Blend Japon,Sin Filtro,Rubio,Normal,t,208
NIF-REI-COV-9,Silver Lining Alemania,Sin Filtro,Negro,Normal,f,162
NIF-REI-COV-9,Mountain Mist Alemania,Sin Filtro,Negro,Normal,f,430
NIF-REI-COV-9,Highland Peak Argentina,Con Filtro,Negro,Normal,f,329
NIF-REI-COV-9,Amber Haze Argentina,Sin Filtro,Negro,Normal,t,258
NIF-REI-COV-9,Gold Leaf Japon,Con Filtro,Rubio,Normal,f,92
NIF-REI-COV-10,Midnight Silk Chile,Con Filtro,Negro,Normal,t,55
NIF-REI-COV-10,Gold Leaf Argentina,Sin Filtro,Negro,Normal,t,495
NIF-REI-COV-10,Gold Leaf Alemania,Con Filtro,Negro,Light,f,429
NIF-REI-COV-10,Midnight Silk Japon,Con Filtro,Rubio,Normal,t,318
NIF-REI-COV-10,Amber Haze Argentina,Con Filtro,Negro,Normal,t,457
NIF-REI-COV-10,Pure Essence Chile,Con Filtro,Negro,Normal,t,151
NIF-REI-COV-10,Urban Classic Reino,Sin Filtro,Negro,Normal,t,187
NIF-REI-COV-10,Amber Haze Reino,Sin Filtro,Rubio,Normal,t,362
NIF-REI-COV-10,Gold Leaf Alemania,Con Filtro,Rubio,Normal,t,101
NIF-REI-COV-10,Gold Leaf Japon,Con Filtro,Rubio,Normal,t,53
NIF-REI-COV-10,Silver Lining Alemania,Sin Filtro,Negro,Normal,t,127
NIF-REI-COV-10,Amber Haze Japon,Sin Filtro,Rubio,Normal,f,381
NIF-REI-COV-10,Ocean Breeze Alemania,Con Filtro,Negro,UltraLight,f,334
NIF-REI-COV-10,Silver Lining Argentina,Con Filtro,Rubio,Normal,t,271
NIF-REI-COV-10,Highland Peak Chile,Con Filtro,Rubio,Normal,f,357
NIF-REI-COV-10,Gold Leaf Argentina,Con Filtro,Rubio,Light,f,481
NIF-REI-COV-10,Gold Leaf Argentina,Con Filtro,Rubio,Normal,t,61
NIF-REI-COV-10,Urban Classic Alemania,Con Filtro,Negro,Light,f,167
NIF-REI-COV-10,Royal Blend Reino,Sin Filtro,Rubio,Normal,f,75
NIF-REI-COV-10,Royal Blend Alemania,Sin Filtro,Rubio,Normal,t,195
NIF-REI-COV-10,Amber Haze Argentina,Con Filtro,Rubio,Normal,t,87
NIF-REI-COV-10,Amber Haze Argentina,Sin Filtro,Rubio,Normal,t,92
NIF-REI-COV-10,Pure Essence Reino,Sin Filtro,Negro,Normal,t,73
NIF-REI-COV-11,Royal Blend Japon,Sin Filtro,Rubio,Normal,t,137
NIF-REI-COV-11,Midnight Silk Japon,Sin Filtro,Rubio,Normal,f,315
NIF-REI-COV-11,Midnight Silk Japon,Con Filtro,Negro,SuperLight,f,287
NIF-REI-COV-11,Ocean Breeze Chile,Con Filtro,Rubio,UltraLight,f,495
NIF-REI-COV-11,Midnight Silk Reino,Sin Filtro,Negro,Normal,f,169
NIF-REI-COV-11,Ocean Breeze Argentina,Con Filtro,Rubio,Normal,t,247
NIF-REI-COV-11,Royal Blend Argentina,Sin Filtro,Negro,Normal,f,226
NIF-REI-COV-11,Silver Lining Alemania,Con Filtro,Negro,Normal,t,206
NIF-REI-COV-11,Ocean Breeze Alemania,Sin Filtro,Negro,Normal,t,323
NIF-REI-COV-11,Highland Peak Reino,Sin Filtro,Negro,Normal,t,308
NIF-REI-COV-11,Silver Lining Argentina,Sin Filtro,Negro,Normal,t,191
NIF-REI-COV-11,Royal Blend Reino,Sin Filtro,Rubio,Normal,f,208
NIF-REI-COV-11,Urban Classic Japon,Sin Filtro,Rubio,Normal,t,464
NIF-REI-COV-11,Highland Peak Alemania,Sin Filtro,Rubio,Normal,t,402
NIF-REI-COV-11,Ocean Breeze Japon,Sin Filtro,Rubio,Normal,t,255
NIF-REI-COV-11,Amber Haze Chile,Con Filtro,Negro,Light,f,53
NIF-REI-COV-11,Amber Haze Japon,Con Filtro,Rubio,Normal,t,130
NIF-REI-COV-11,Mountain Mist Alemania,Sin Filtro,Rubio,Normal,t,372
NIF-REI-COV-11,Midnight Silk Chile,Con Filtro,Negro,Normal,t,64
NIF-REI-COV-12,Urban Classic Reino,Con Filtro,Negro,Normal,t,285
NIF-REI-COV-12,Royal Blend Alemania,Con Filtro,Negro,Normal,t,153
NIF-REI-COV-12,Midnight Silk Japon,Con Filtro,Rubio,Normal,t,79
NIF-REI-COV-12,Urban Classic Chile,Sin Filtro,Negro,Normal,t,284
NIF-REI-COV-12,Highland Peak Alemania,Sin Filtro,Negro,Normal,f,306
NIF-REI-COV-12,Highland Peak Alemania,Sin Filtro,Negro,Normal,t,105
NIF-REI-COV-12,Mountain Mist Argentina,Sin Filtro,Negro,Normal,t,216
NIF-REI-COV-12,Pure Essence Chile,Sin Filtro,Rubio,Normal,f,426
NIF-REI-COV-12,Gold Leaf Chile,Sin Filtro,Rubio,Normal,t,406
NIF-REI-COV-12,Pure Essence Argentina,Con Filtro,Negro,Normal,t,275
NIF-REI-COV-12,Pure Essence Chile,Con Filtro,Rubio,SuperLight,f,290
NIF-REI-COV-12,Urban Classic Chile,Con Filtro,Negro,Normal,t,422
NIF-REI-COV-12,Royal Blend Chile,Con Filtro,Rubio,Normal,t,159
NIF-REI-COV-12,Ocean Breeze Japon,Sin Filtro,Rubio,Normal,t,107
NIF-REI-COV-12,Mountain Mist Reino,Sin Filtro,Rubio,Normal,f,400
NIF-REI-COV-12,Silver Lining Argentina,Con Filtro,Rubio,Normal,t,162
NIF-REI-COV-12,Gold Leaf Alemania,Sin Filtro,Rubio,Normal,f,57
NIF-REI-COV-12,Ocean Breeze Argentina,Con Filtro,Negro,SuperLight,f,437
NIF-REI-COV-12,Royal Blend Alemania,Con Filtro,Rubio,Normal,t,165
NIF-REI-COV-12,Amber Haze Alemania,Sin Filtro,Negro,Normal,t,186
NIF-REI-COV-12,Urban Classic Reino,Con Filtro,Negro,Normal,t,84
NIF-REI-COV-12,Mountain Mist Reino,Con Filtro,Rubio,UltraLight,f,97
NIF-REI-COV-12,Ocean Breeze Chile,Con Filtro,Rubio,UltraLight,f,60
NIF-REI-COV-12,Pure Essence Alemania,Sin Filtro,Rubio,Normal,f,186
NIF-REI-COV-12,Royal Blend Reino,Sin Filtro,Rubio,Normal,t,130
NIF-REI-COV-12,Mountain Mist Chile,Sin Filtro,Rubio,Normal,f,381
NIF-REI-COV-12,Midnight Silk Reino,Sin Filtro,Rubio,Normal,t,383
NIF-REI-COV-13,Gold Leaf Argentina,Sin Filtro,Negro,Normal,t,493
NIF-REI-COV-13,Midnight Silk Reino,Con Filtro,Negro,Normal,t,419
NIF-REI-COV-13,Amber Haze Argentina,Sin Filtro,Rubio,Normal,t,393
NIF-REI-COV-13,Pure Essence Reino,Sin Filtro,Rubio,Normal,t,180
NIF-REI-COV-13,Highland Peak Alemania,Sin Filtro,Negro,Normal,f,159
NIF-REI-COV-13,Urban Classic Alemania,Con Filtro,Negro,Normal,t,300
NIF-REI-COV-13,Midnight Silk Alemania,Sin Filtro,Rubio,Normal,f,73
NIF-REI-COV-13,Mountain Mist Chile,Sin Filtro,Rubio,Normal,f,215
NIF-REI-COV-13,Amber Haze Chile,Sin Filtro,Rubio,Normal,t,394
NIF-REI-COV-13,Highland Peak Argentina,Sin Filtro,Rubio,Normal,f,97
NIF-REI-COV-13,Amber Haze Japon,Con Filtro,Rubio,Normal,t,277
NIF-REI-COV-13,Royal Blend Reino,Con Filtro,Negro,Light,f,235
NIF-REI-COV-13,Royal Blend Chile,Sin Filtro,Negro,Normal,f,139
NIF-REI-COV-13,Amber Haze Chile,Con Filtro,Rubio,Normal,t,449
NIF-REI-COV-13,Ocean Breeze Reino,Con Filtro,Rubio,Normal,f,354
NIF-REI-COV-13,Royal Blend Chile,Sin Filtro,Rubio,Normal,t,303
NIF-REI-COV-13,Amber Haze Argentina,Con Filtro,Negro,Normal,t,399
NIF-REI-COV-13,Royal Blend Reino,Con Filtro,Negro,SuperLight,f,73
NIF-REI-COV-13,Gold Leaf Chile,Sin Filtro,Rubio,Normal,t,424
NIF-REI-COV-13,Pure Essence Chile,Con Filtro,Negro,Normal,t,458
NIF-REI-COV-13,Gold Leaf Reino,Con Filtro,Rubio,Normal,f,471
NIF-REI-COV-13,Amber Haze Alemania,Sin Filtro,Rubio,Normal,t,158
NIF-REI-COV-13,Mountain Mist Alemania,Sin Filtro,Rubio,Normal,f,361
NIF-REI-COV-13,Gold Leaf Alemania,Sin Filtro,Rubio,Normal,f,403
NIF-REI-COV-13,Amber Haze Chile,Con Filtro,Rubio,SuperLight,f,168
NIF-REI-COV-13,Gold Leaf Argentina,Sin Filtro,Rubio,Normal,f,347
NIF-REI-COV-13,Amber Haze Argentina,Con Filtro,Rubio,Normal,t,270
NIF-REI-COV-14,Amber Haze Alemania,Con Filtro,Negro,Normal,f,476
NIF-REI-COV-14,Royal Blend Argentina,Con Filtro,Rubio,Light,f,467
NIF-REI-COV-14,Midnight Silk Argentina,Sin Filtro,Rubio,Normal,t,387
NIF-REI-COV-14,Mountain Mist Argentina,Sin Filtro,Negro,Normal,f,372
NIF-REI-COV-14,Gold Leaf Chile,Sin Filtro,Negro,Normal,f,117
NIF-REI-COV-14,Pure Essence Japon,Sin Filtro,Negro,Normal,t,451
NIF-REI-COV-14,Urban Classic Alemania,Sin Filtro,Rubio,Normal,t,390
NIF-REI-COV-14,Highland Peak Japon,Sin Filtro,Rubio,Normal,f,185
NIF-REI-COV-14,Royal Blend Japon,Sin Filtro,Rubio,Normal,f,100
NIF-REI-COV-14,Pure Essence Alemania,Sin Filtro,Rubio,Normal,f,454
NIF-REI-COV-14,Royal Blend Japon,Sin Filtro,Negro,Normal,t,395
NIF-REI-COV-14,Pure Essence Alemania,Sin Filtro,Negro,Normal,f,455
NIF-REI-COV-14,Gold Leaf Reino,Con Filtro,Rubio,Normal,t,393
NIF-REI-COV-14,Pure Essence Alemania,Sin Filtro,Rubio,Normal,f,214
NIF-REI-COV-14,Gold Leaf Reino,Sin Filtro,Rubio,Normal,t,286
NIF-REI-COV-14,Gold Leaf Argentina,Con Filtro,Rubio,Light,f,197
NIF-REI-COV-14,Midnight Silk Chile,Con Filtro,Rubio,Normal,t,295
NIF-REI-COV-14,Mountain Mist Japon,Sin Filtro,Rubio,Normal,f,488
NIF-REI-COV-14,Amber Haze Reino,Sin Filtro,Rubio,Normal,t,414
NIF-REI-COV-14,Highland Peak Alemania,Sin Filtro,Rubio,Normal,t,296
NIF-REI-COV-14,Pure Essence Japon,Sin Filtro,Negro,Normal,f,120
NIF-REI-COV-14,Amber Haze Chile,Con Filtro,Rubio,Normal,t,97
NIF-REI-COV-14,Mountain Mist Argentina,Sin Filtro,Negro,Normal,t,332
NIF-REI-COV-14,Midnight Silk Japon,Con Filtro,Rubio,Normal,t,365
NIF-REI-COV-14,Mountain Mist Chile,Sin Filtro,Rubio,Normal,t,358
NIF-REI-COV-14,Highland Peak Argentina,Con Filtro,Rubio,SuperLight,f,143
NIF-REI-COV-14,Pure Essence Reino,Con Filtro,Rubio,Normal,f,281
NIF-REI-COV-14,Pure Essence Alemania,Sin Filtro,Rubio,Normal,t,286
NIF-REI-COV-15,Silver Lining Japon,Sin Filtro,Rubio,Normal,f,63
NIF-REI-COV-15,Silver Lining Japon,Con Filtro,Rubio,Normal,f,179
NIF-REI-COV-15,Pure Essence Japon,Sin Filtro,Negro,Normal,f,274
NIF-REI-COV-15,Silver Lining Japon,Sin Filtro,Rubio,Normal,f,408
NIF-REI-COV-15,Amber Haze Reino,Sin Filtro,Rubio,Normal,t,403
NIF-REI-COV-15,Pure Essence Chile,Con Filtro,Negro,Normal,t,201
NIF-REI-COV-15,Pure Essence Alemania,Sin Filtro,Rubio,Normal,t,99
NIF-REI-COV-15,Gold Leaf Chile,Con Filtro,Rubio,Normal,t,81
NIF-REI-COV-15,Royal Blend Alemania,Sin Filtro,Negro,Normal,t,148
NIF-REI-COV-15,Gold Leaf Argentina,Sin Filtro,Rubio,Normal,t,334
NIF-REI-COV-15,Midnight Silk Chile,Con Filtro,Negro,Normal,f,170
NIF-REI-COV-15,Royal Blend Reino,Con Filtro,Rubio,Normal,t,462
NIF-REI-COV-15,Urban Classic Argentina,Con Filtro,Negro,UltraLight,f,373
NIF-REI-COV-15,Amber Haze Reino,Sin Filtro,Rubio,Normal,t,254
NIF-REI-COV-15,Royal Blend Reino,Con Filtro,Negro,Light,f,333
NIF-REI-COV-15,Mountain Mist Alemania,Con Filtro,Negro,Normal,t,454
NIF-REI-COV-15,Amber Haze Japon,Sin Filtro,Rubio,Normal,f,281
NIF-REI-COV-15,Gold Leaf Reino,Sin Filtro,Rubio,Normal,f,106
NIF-REI-COV-15,Amber Haze Argentina,Sin Filtro,Negro,Normal,t,249
NIF-REI-WOL-1,Urban Classic Japon,Con Filtro,Negro,Normal,f,223
NIF-REI-WOL-1,Pure Essence Chile,Con Filtro,Rubio,Light,f,415
NIF-REI-WOL-1,Midnight Silk Argentina,Sin Filtro,Rubio,Normal,t,432
NIF-REI-WOL-1,Mountain Mist Japon,Sin Filtro,Negro,Normal,t,406
NIF-REI-WOL-1,Pure Essence Reino,Sin Filtro,Rubio,Normal,f,238
NIF-REI-WOL-1,Highland Peak Japon,Con Filtro,Rubio,Light,f,94
NIF-REI-WOL-1,Urban Classic Argentina,Sin Filtro,Rubio,Normal,f,141
NIF-REI-WOL-1,Highland Peak Chile,Con Filtro,Rubio,Normal,f,365
NIF-REI-WOL-1,Pure Essence Argentina,Con Filtro,Rubio,Normal,t,74
NIF-REI-WOL-1,Gold Leaf Japon,Sin Filtro,Negro,Normal,f,437
NIF-REI-WOL-1,Amber Haze Japon,Con Filtro,Rubio,SuperLight,f,454
NIF-REI-WOL-2,Gold Leaf Alemania,Con Filtro,Negro,Light,f,106
NIF-REI-WOL-2,Amber Haze Japon,Con Filtro,Rubio,Normal,t,103
NIF-REI-WOL-2,Silver Lining Argentina,Sin Filtro,Negro,Normal,t,311
NIF-REI-WOL-2,Highland Peak Alemania,Con Filtro,Rubio,SuperLight,f,361
NIF-REI-WOL-2,Amber Haze Alemania,Con Filtro,Negro,Normal,f,133
NIF-REI-WOL-2,Silver Lining Alemania,Con Filtro,Negro,Normal,t,193
NIF-REI-WOL-2,Silver Lining Argentina,Con Filtro,Rubio,Normal,t,96
NIF-REI-WOL-2,Midnight Silk Argentina,Sin Filtro,Negro,Normal,t,292
NIF-REI-WOL-2,Amber Haze Argentina,Con Filtro,Negro,SuperLight,f,314
NIF-REI-WOL-2,Amber Haze Argentina,Con Filtro,Rubio,Light,f,408
NIF-REI-WOL-2,Urban Classic Japon,Con Filtro,Negro,Normal,t,453
NIF-REI-WOL-2,Mountain Mist Alemania,Sin Filtro,Rubio,Normal,f,450
NIF-REI-WOL-2,Mountain Mist Chile,Sin Filtro,Rubio,Normal,t,131
NIF-REI-WOL-2,Highland Peak Argentina,Con Filtro,Negro,Normal,t,224
NIF-REI-WOL-2,Royal Blend Alemania,Sin Filtro,Rubio,Normal,t,444
NIF-REI-WOL-2,Ocean Breeze Japon,Sin Filtro,Negro,Normal,f,471
NIF-REI-WOL-2,Pure Essence Reino,Sin Filtro,Negro,Normal,f,376
NIF-REI-WOL-2,Gold Leaf Chile,Sin Filtro,Negro,Normal,t,323
NIF-REI-WOL-2,Pure Essence Chile,Sin Filtro,Negro,Normal,f,280
NIF-REI-WOL-2,Highland Peak Japon,Con Filtro,Rubio,Normal,t,52
NIF-REI-WOL-2,Amber Haze Japon,Con Filtro,Rubio,Normal,t,70
NIF-REI-WOL-2,Gold Leaf Japon,Sin Filtro,Negro,Normal,f,104
NIF-REI-WOL-2,Silver Lining Japon,Con Filtro,Negro,UltraLight,f,59
NIF-REI-WOL-2,Gold Leaf Argentina,Sin Filtro,Rubio,Normal,f,146
NIF-REI-WOL-2,Gold Leaf Japon,Con Filtro,Negro,SuperLight,f,108
NIF-REI-WOL-2,Silver Lining Reino,Sin Filtro,Negro,Normal,f,109
NIF-REI-WOL-2,Amber Haze Reino,Sin Filtro,Rubio,Normal,t,132
NIF-REI-WOL-2,Gold Leaf Japon,Sin Filtro,Rubio,Normal,t,192
NIF-REI-WOL-2,Midnight Silk Alemania,Sin Filtro,Rubio,Normal,t,183
NIF-REI-WOL-3,Pure Essence Reino,Sin Filtro,Rubio,Normal,t,456
NIF-REI-WOL-3,Mountain Mist Japon,Sin Filtro,Negro,Normal,t,380
NIF-REI-WOL-3,Gold Leaf Argentina,Sin Filtro,Rubio,Normal,f,351
NIF-REI-WOL-3,Pure Essence Argentina,Con Filtro,Rubio,Normal,t,186
NIF-REI-WOL-3,Silver Lining Argentina,Con Filtro,Rubio,Normal,t,178
NIF-REI-WOL-3,Mountain Mist Japon,Con Filtro,Negro,Normal,t,134
NIF-REI-WOL-3,Mountain Mist Japon,Con Filtro,Negro,Normal,t,481
NIF-REI-WOL-3,Silver Lining Alemania,Sin Filtro,Rubio,Normal,f,166
NIF-REI-WOL-3,Midnight Silk Argentina,Con Filtro,Rubio,Normal,f,277
NIF-REI-WOL-3,Mountain Mist Japon,Con Filtro,Rubio,Normal,t,253
NIF-REI-WOL-3,Silver Lining Japon,Sin Filtro,Negro,Normal,f,497
NIF-REI-WOL-3,Urban Classic Alemania,Sin Filtro,Rubio,Normal,f,494
NIF-REI-WOL-3,Royal Blend Chile,Con Filtro,Negro,Normal,t,472
NIF-REI-WOL-3,Royal Blend Chile,Sin Filtro,Negro,Normal,f,486
NIF-REI-WOL-3,Highland Peak Chile,Sin Filtro,Rubio,Normal,f,197
NIF-REI-WOL-3,Ocean Breeze Chile,Con Filtro,Rubio,Normal,t,160
NIF-REI-WOL-3,Gold Leaf Japon,Con Filtro,Rubio,Normal,t,308
NIF-REI-WOL-3,Urban Classic Reino,Con Filtro,Negro,Normal,t,182
NIF-REI-WOL-3,Silver Lining Reino,Sin Filtro,Rubio,Normal,f,255
NIF-REI-WOL-3,Highland Peak Japon,Sin Filtro,Negro,Normal,f,442
NIF-REI-WOL-3,Pure Essence Alemania,Sin Filtro,Rubio,Normal,t,189
NIF-REI-WOL-3,Mountain Mist Alemania,Sin Filtro,Rubio,Normal,t,251
NIF-REI-WOL-3,Silver Lining Argentina,Con Filtro,Rubio,Normal,f,355
NIF-REI-WOL-3,Mountain Mist Chile,Sin Filtro,Rubio,Normal,t,51
NIF-REI-WOL-3,Gold Leaf Alemania,Con Filtro,Rubio,Normal,t,497
NIF-REI-WOL-3,Silver Lining Reino,Con Filtro,Negro,SuperLight,f,85
NIF-REI-WOL-3,Highland Peak Alemania,Sin Filtro,Negro,Normal,t,276
NIF-REI-WOL-3,Gold Leaf Reino,Con Filtro,Rubio,Normal,f,134
NIF-REI-WOL-3,Silver Lining Chile,Sin Filtro,Negro,Normal,f,150
NIF-REI-WOL-4,Highland Peak Argentina,Sin Filtro,Rubio,Normal,f,401
NIF-REI-WOL-4,Pure Essence Reino,Con Filtro,Rubio,Normal,f,386
NIF-REI-WOL-4,Royal Blend Alemania,Sin Filtro,Rubio,Normal,t,374
NIF-REI-WOL-4,Silver Lining Chile,Sin Filtro,Rubio,Normal,t,368
NIF-REI-WOL-4,Ocean Breeze Argentina,Sin Filtro,Negro,Normal,f,175
NIF-REI-WOL-4,Amber Haze Japon,Sin Filtro,Rubio,Normal,f,413
NIF-REI-WOL-4,Pure Essence Argentina,Sin Filtro,Negro,Normal,t,405
NIF-REI-WOL-4,Amber Haze Chile,Sin Filtro,Rubio,Normal,f,299
NIF-REI-WOL-4,Midnight Silk Reino,Sin Filtro,Negro,Normal,f,398
NIF-REI-WOL-4,Midnight Silk Japon,Con Filtro,Rubio,Normal,t,162
NIF-REI-WOL-4,Urban Classic Reino,Con Filtro,Rubio,Normal,t,90
NIF-REI-WOL-4,Ocean Breeze Chile,Sin Filtro,Negro,Normal,t,371
NIF-REI-WOL-4,Midnight Silk Argentina,Sin Filtro,Rubio,Normal,f,218
NIF-REI-WOL-4,Urban Classic Reino,Con Filtro,Negro,Normal,t,114
NIF-REI-WOL-4,Silver Lining Reino,Sin Filtro,Rubio,Normal,f,414
NIF-REI-WOL-4,Mountain Mist Alemania,Con Filtro,Negro,Normal,t,298
NIF-REI-WOL-4,Royal Blend Alemania,Sin Filtro,Negro,Normal,t,425
NIF-REI-WOL-5,Midnight Silk Alemania,Con Filtro,Rubio,Normal,t,374
NIF-REI-WOL-5,Gold Leaf Argentina,Sin Filtro,Negro,Normal,f,192
NIF-REI-WOL-5,Highland Peak Alemania,Sin Filtro,Negro,Normal,t,84
NIF-REI-WOL-5,Amber Haze Argentina,Sin Filtro,Negro,Normal,t,210
NIF-REI-WOL-5,Royal Blend Japon,Sin Filtro,Rubio,Normal,f,400
NIF-REI-WOL-5,Ocean Breeze Alemania,Sin Filtro,Rubio,Normal,t,441
NIF-REI-WOL-5,Midnight Silk Argentina,Sin Filtro,Rubio,Normal,t,444
NIF-REI-WOL-5,Amber Haze Alemania,Con Filtro,Negro,Normal,f,218
NIF-REI-WOL-5,Highland Peak Reino,Con Filtro,Negro,SuperLight,f,102
NIF-REI-WOL-5,Pure Essence Alemania,Sin Filtro,Negro,Normal,f,167
NIF-REI-WOL-5,Ocean Breeze Argentina,Con Filtro,Negro,SuperLight,f,475
NIF-REI-WOL-5,Midnight Silk Argentina,Sin Filtro,Negro,Normal,f,167
NIF-REI-WOL-5,Amber Haze Argentina,Con Filtro,Rubio,Light,f,282
NIF-REI-WOL-5,Gold Leaf Argentina,Sin Filtro,Rubio,Normal,f,407
NIF-REI-WOL-5,Ocean Breeze Argentina,Con Filtro,Rubio,Normal,t,233
NIF-REI-WOL-5,Royal Blend Argentina,Con Filtro,Negro,Normal,t,63
NIF-REI-WOL-5,Ocean Breeze Reino,Con Filtro,Negro,Normal,t,302
NIF-REI-WOL-5,Highland Peak Reino,Sin Filtro,Rubio,Normal,t,232
NIF-REI-WOL-5,Highland Peak Alemania,Sin Filtro,Rubio,Normal,f,462
NIF-REI-WOL-5,Mountain Mist Chile,Sin Filtro,Rubio,Normal,t,427
NIF-REI-WOL-5,Ocean Breeze Argentina,Sin Filtro,Rubio,Normal,f,452
NIF-REI-WOL-5,Royal Blend Japon,Con Filtro,Rubio,SuperLight,f,77
NIF-REI-WOL-5,Midnight Silk Alemania,Sin Filtro,Negro,Normal,t,382
NIF-REI-WOL-5,Highland Peak Reino,Con Filtro,Rubio,Normal,t,99
NIF-REI-WOL-6,Urban Classic Japon,Sin Filtro,Rubio,Normal,t,214
NIF-REI-WOL-6,Ocean Breeze Japon,Sin Filtro,Rubio,Normal,t,112
NIF-REI-WOL-6,Midnight Silk Argentina,Sin Filtro,Rubio,Normal,f,96
NIF-REI-WOL-6,Midnight Silk Argentina,Sin Filtro,Rubio,Normal,t,376
NIF-REI-WOL-6,Pure Essence Japon,Sin Filtro,Rubio,Normal,t,127
NIF-REI-WOL-6,Amber Haze Argentina,Sin Filtro,Negro,Normal,t,362
NIF-REI-WOL-6,Royal Blend Argentina,Con Filtro,Negro,Normal,t,415
NIF-REI-WOL-6,Royal Blend Alemania,Sin Filtro,Rubio,Normal,f,238
NIF-REI-WOL-6,Midnight Silk Reino,Con Filtro,Negro,SuperLight,f,196
NIF-REI-WOL-6,Urban Classic Argentina,Con Filtro,Negro,Normal,f,393
NIF-REI-WOL-6,Gold Leaf Reino,Con Filtro,Rubio,Normal,t,301
NIF-REI-WOL-6,Highland Peak Japon,Sin Filtro,Rubio,Normal,t,185
NIF-REI-WOL-6,Midnight Silk Japon,Con Filtro,Rubio,Normal,t,180
NIF-REI-WOL-6,Silver Lining Argentina,Con Filtro,Rubio,Normal,f,440
NIF-REI-WOL-6,Amber Haze Chile,Con Filtro,Rubio,Normal,t,333
NIF-REI-WOL-7,Amber Haze Reino,Con Filtro,Negro,Normal,t,176
NIF-REI-WOL-7,Royal Blend Reino,Sin Filtro,Rubio,Normal,t,119
NIF-REI-WOL-7,Urban Classic Alemania,Sin Filtro,Negro,Normal,t,402
NIF-REI-WOL-7,Amber Haze Alemania,Con Filtro,Rubio,Normal,t,62
NIF-REI-WOL-7,Mountain Mist Chile,Sin Filtro,Rubio,Normal,t,99
NIF-REI-WOL-7,Mountain Mist Alemania,Sin Filtro,Rubio,Normal,t,105
NIF-REI-WOL-7,Ocean Breeze Reino,Sin Filtro,Negro,Normal,t,176
NIF-REI-WOL-7,Silver Lining Argentina,Con Filtro,Rubio,Normal,t,288
NIF-REI-WOL-7,Amber Haze Argentina,Con Filtro,Rubio,Light,f,122
NIF-REI-WOL-7,Pure Essence Alemania,Sin Filtro,Negro,Normal,f,211
NIF-REI-WOL-7,Ocean Breeze Alemania,Sin Filtro,Rubio,Normal,t,312
NIF-REI-WOL-7,Urban Classic Reino,Sin Filtro,Negro,Normal,f,176
NIF-REI-WOL-7,Royal Blend Alemania,Con Filtro,Rubio,Normal,t,130
NIF-REI-WOL-7,Mountain Mist Japon,Sin Filtro,Negro,Normal,t,426
NIF-REI-WOL-7,Amber Haze Japon,Con Filtro,Rubio,Normal,t,483
NIF-REI-WOL-7,Urban Classic Argentina,Con Filtro,Negro,Normal,f,466
NIF-REI-WOL-7,Amber Haze Chile,Con Filtro,Rubio,SuperLight,f,220
NIF-REI-WOL-8,Urban Classic Argentina,Sin Filtro,Negro,Normal,f,127
NIF-REI-WOL-8,Royal Blend Japon,Sin Filtro,Rubio,Normal,t,409
NIF-REI-WOL-8,Pure Essence Reino,Sin Filtro,Negro,Normal,t,342
NIF-REI-WOL-8,Amber Haze Argentina,Con Filtro,Negro,Normal,t,231
NIF-REI-WOL-8,Royal Blend Argentina,Sin Filtro,Negro,Normal,f,406
NIF-REI-WOL-8,Ocean Breeze Alemania,Sin Filtro,Negro,Normal,t,460
NIF-REI-WOL-8,Royal Blend Alemania,Sin Filtro,Rubio,Normal,f,221
NIF-REI-WOL-8,Highland Peak Japon,Con Filtro,Rubio,Light,f,368
NIF-REI-WOL-8,Pure Essence Reino,Sin Filtro,Rubio,Normal,t,452
NIF-REI-WOL-8,Ocean Breeze Alemania,Con Filtro,Negro,Light,f,420
NIF-REI-WOL-8,Pure Essence Reino,Sin Filtro,Rubio,Normal,t,135
NIF-REI-WOL-8,Ocean Breeze Argentina,Con Filtro,Negro,SuperLight,f,371
NIF-REI-WOL-9,Amber Haze Japon,Con Filtro,Rubio,SuperLight,f,174
NIF-REI-WOL-9,Amber Haze Alemania,Sin Filtro,Negro,Normal,t,372
NIF-REI-WOL-9,Pure Essence Japon,Con Filtro,Negro,UltraLight,f,465
NIF-REI-WOL-9,Gold Leaf Alemania,Sin Filtro,Rubio,Normal,f,140
NIF-REI-WOL-9,Mountain Mist Japon,Con Filtro,Negro,Normal,t,60
NIF-REI-WOL-9,Ocean Breeze Chile,Con Filtro,Negro,Normal,t,241
NIF-REI-WOL-9,Pure Essence Japon,Sin Filtro,Negro,Normal,f,78
NIF-REI-WOL-9,Royal Blend Reino,Con Filtro,Negro,Light,f,343
NIF-REI-WOL-9,Urban Classic Alemania,Con Filtro,Negro,Light,f,468
NIF-REI-WOL-9,Silver Lining Argentina,Con Filtro,Rubio,Normal,t,375
NIF-REI-WOL-9,Ocean Breeze Alemania,Con Filtro,Rubio,Light,f,73
NIF-REI-WOL-9,Silver Lining Chile,Sin Filtro,Rubio,Normal,t,209
NIF-REI-WOL-9,Urban Classic Japon,Con Filtro,Negro,Normal,t,65
NIF-REI-WOL-9,Ocean Breeze Alemania,Sin Filtro,Rubio,Normal,t,334
NIF-REI-WOL-9,Amber Haze Japon,Con Filtro,Rubio,Light,f,405
NIF-REI-WOL-9,Ocean Breeze Chile,Sin Filtro,Negro,Normal,f,79
NIF-REI-WOL-9,Highland Peak Alemania,Con Filtro,Negro,Normal,f,200
NIF-REI-WOL-9,Amber Haze Alemania,Con Filtro,Rubio,Normal,t,305
NIF-REI-WOL-9,Amber Haze Chile,Sin Filtro,Rubio,Normal,f,90
NIF-REI-WOL-9,Royal Blend Chile,Sin Filtro,Negro,Normal,f,115
NIF-REI-WOL-9,Ocean Breeze Reino,Sin Filtro,Negro,Normal,t,446
NIF-REI-WOL-9,Highland Peak Reino,Sin Filtro,Rubio,Normal,t,66
NIF-REI-WOL-9,Royal Blend Japon,Sin Filtro,Negro,Normal,t,111
NIF-REI-WOL-9,Royal Blend Alemania,Sin Filtro,Rubio,Normal,t,94
NIF-REI-WOL-9,Pure Essence Argentina,Con Filtro,Rubio,Normal,t,189
NIF-REI-WOL-9,Silver Lining Japon,Con Filtro,Negro,UltraLight,f,167
NIF-REI-WOL-9,Gold Leaf Chile,Con Filtro,Rubio,Light,f,256
NIF-REI-WOL-9,Amber Haze Chile,Sin Filtro,Rubio,Normal,f,74
NIF-REI-WOL-9,Ocean Breeze Argentina,Con Filtro,Negro,Normal,t,176
NIF-REI-WOL-9,Amber Haze Alemania,Con Filtro,Negro,Normal,f,267
NIF-REI-WOL-10,Pure Essence Argentina,Con Filtro,Rubio,Normal,t,201
NIF-REI-WOL-10,Royal Blend Reino,Con Filtro,Negro,Normal,f,444
NIF-REI-WOL-10,Pure Essence Reino,Con Filtro,Rubio,Normal,f,222
NIF-REI-WOL-10,Ocean Breeze Japon,Con Filtro,Rubio,Normal,t,172
NIF-REI-WOL-10,Urban Classic Chile,Con Filtro,Negro,Normal,t,486
NIF-REI-WOL-10,Gold Leaf Argentina,Con Filtro,Negro,Normal,t,467
NIF-REI-WOL-10,Pure Essence Reino,Sin Filtro,Rubio,Normal,t,453
NIF-REI-WOL-10,Gold Leaf Argentina,Con Filtro,Rubio,Normal,t,284
NIF-REI-WOL-10,Highland Peak Chile,Sin Filtro,Negro,Normal,t,297
NIF-REI-WOL-10,Gold Leaf Japon,Sin Filtro,Negro,Normal,f,402
NIF-REI-WOL-10,Royal Blend Alemania,Sin Filtro,Rubio,Normal,f,444
NIF-REI-WOL-10,Silver Lining Chile,Con Filtro,Rubio,Normal,t,185
NIF-REI-WOL-10,Urban Classic Alemania,Con Filtro,Negro,Light,f,125
NIF-REI-WOL-10,Pure Essence Chile,Con Filtro,Negro,Normal,t,444
NIF-REI-WOL-10,Royal Blend Argentina,Con Filtro,Negro,SuperLight,f,231
NIF-REI-WOL-10,Silver Lining Chile,Sin Filtro,Rubio,Normal,t,411
NIF-REI-WOL-11,Highland Peak Chile,Con Filtro,Negro,Normal,f,385
NIF-REI-WOL-11,Ocean Breeze Argentina,Sin Filtro,Negro,Normal,f,347
NIF-REI-WOL-11,Silver Lining Japon,Sin Filtro,Rubio,Normal,f,283
NIF-REI-WOL-11,Urban Classic Chile,Sin Filtro,Rubio,Normal,f,170
NIF-REI-WOL-11,Mountain Mist Reino,Sin Filtro,Negro,Normal,f,281
NIF-REI-WOL-11,Pure Essence Japon,Sin Filtro,Negro,Normal,t,464
NIF-REI-WOL-11,Amber Haze Argentina,Sin Filtro,Rubio,Normal,t,369
NIF-REI-WOL-11,Highland Peak Japon,Sin Filtro,Rubio,Normal,f,468
NIF-REI-WOL-11,Mountain Mist Argentina,Con Filtro,Negro,Light,f,163
NIF-REI-WOL-11,Amber Haze Alemania,Sin Filtro,Rubio,Normal,f,175
NIF-REI-WOL-11,Midnight Silk Argentina,Sin Filtro,Rubio,Normal,f,345
NIF-REI-WOL-11,Urban Classic Alemania,Sin Filtro,Rubio,Normal,f,58
NIF-REI-WOL-11,Highland Peak Alemania,Sin Filtro,Negro,Normal,t,241
NIF-REI-WOL-11,Pure Essence Argentina,Con Filtro,Rubio,Normal,t,394
NIF-REI-WOL-11,Amber Haze Chile,Con Filtro,Rubio,SuperLight,f,142
NIF-REI-WOL-11,Urban Classic Argentina,Sin Filtro,Negro,Normal,t,63
NIF-REI-WOL-11,Ocean Breeze Japon,Con Filtro,Rubio,Normal,t,293
NIF-REI-WOL-11,Pure Essence Chile,Sin Filtro,Rubio,Normal,f,178
NIF-REI-WOL-11,Midnight Silk Alemania,Sin Filtro,Negro,Normal,t,71
NIF-REI-WOL-11,Urban Classic Alemania,Con Filtro,Rubio,Normal,t,149
NIF-REI-WOL-11,Amber Haze Japon,Sin Filtro,Rubio,Normal,f,180
NIF-REI-WOL-11,Urban Classic Japon,Sin Filtro,Negro,Normal,f,276
NIF-REI-WOL-11,Royal Blend Reino,Con Filtro,Negro,SuperLight,f,451
NIF-REI-WOL-11,Mountain Mist Reino,Sin Filtro,Negro,Normal,f,313
NIF-REI-WOL-11,Pure Essence Chile,Con Filtro,Rubio,Normal,t,151
NIF-REI-WOL-11,Amber Haze Japon,Sin Filtro,Rubio,Normal,t,417
NIF-REI-WOL-11,Amber Haze Japon,Sin Filtro,Rubio,Normal,f,327
NIF-REI-WOL-12,Ocean Breeze Reino,Sin Filtro,Rubio,Normal,f,390
NIF-REI-WOL-12,Royal Blend Reino,Sin Filtro,Rubio,Normal,f,214
NIF-REI-WOL-12,Highland Peak Chile,Sin Filtro,Rubio,Normal,f,381
NIF-REI-WOL-12,Amber Haze Chile,Sin Filtro,Rubio,Normal,t,65
NIF-REI-WOL-12,Urban Classic Japon,Con Filtro,Negro,SuperLight,f,459
NIF-REI-WOL-12,Amber Haze Reino,Sin Filtro,Rubio,Normal,t,233
NIF-REI-WOL-12,Highland Peak Japon,Sin Filtro,Negro,Normal,t,254
NIF-REI-WOL-12,Pure Essence Argentina,Con Filtro,Rubio,UltraLight,f,189
NIF-REI-WOL-12,Highland Peak Japon,Con Filtro,Rubio,Light,f,461
NIF-REI-WOL-12,Midnight Silk Reino,Sin Filtro,Negro,Normal,f,52
NIF-REI-WOL-12,Mountain Mist Japon,Con Filtro,Negro,Normal,t,171
NIF-REI-WOL-12,Amber Haze Chile,Con Filtro,Rubio,Normal,t,64
NIF-REI-WOL-12,Royal Blend Alemania,Sin Filtro,Rubio,Normal,t,327
NIF-REI-WOL-12,Amber Haze Alemania,Con Filtro,Negro,Normal,f,372
NIF-REI-WOL-12,Urban Classic Reino,Con Filtro,Rubio,Normal,f,182
NIF-REI-WOL-12,Pure Essence Alemania,Con Filtro,Rubio,UltraLight,f,409
NIF-REI-WOL-12,Silver Lining Alemania,Con Filtro,Negro,Normal,t,338
NIF-REI-WOL-12,Midnight Silk Argentina,Sin Filtro,Negro,Normal,t,472
NIF-REI-WOL-12,Mountain Mist Argentina,Con Filtro,Negro,Light,f,225
NIF-REI-WOL-12,Amber Haze Chile,Sin Filtro,Negro,Normal,f,139
NIF-REI-WOL-13,Urban Classic Chile,Con Filtro,Negro,SuperLight,f,439
NIF-REI-WOL-13,Gold Leaf Japon,Sin Filtro,Rubio,Normal,t,109
NIF-REI-WOL-13,Pure Essence Argentina,Sin Filtro,Negro,Normal,t,277
NIF-REI-WOL-13,Gold Leaf Japon,Sin Filtro,Negro,Normal,f,452
NIF-REI-WOL-13,Ocean Breeze Japon,Sin Filtro,Rubio,Normal,t,242
NIF-REI-WOL-13,Midnight Silk Reino,Con Filtro,Rubio,SuperLight,f,475
NIF-REI-WOL-13,Silver Lining Japon,Sin Filtro,Negro,Normal,f,349
NIF-REI-WOL-13,Gold Leaf Alemania,Sin Filtro,Rubio,Normal,f,131
NIF-REI-WOL-13,Silver Lining Reino,Con Filtro,Negro,UltraLight,f,311
NIF-REI-WOL-13,Ocean Breeze Reino,Sin Filtro,Rubio,Normal,f,471
NIF-REI-WOL-13,Silver Lining Argentina,Sin Filtro,Rubio,Normal,f,484
NIF-REI-WOL-13,Silver Lining Chile,Con Filtro,Rubio,Normal,f,292
NIF-REI-WOL-13,Highland Peak Chile,Con Filtro,Negro,Light,f,448
NIF-REI-WOL-13,Amber Haze Japon,Sin Filtro,Rubio,Normal,f,384
NIF-REI-WOL-13,Midnight Silk Reino,Sin Filtro,Rubio,Normal,f,229
NIF-REI-WOL-14,Amber Haze Alemania,Sin Filtro,Rubio,Normal,f,281
NIF-REI-WOL-14,Royal Blend Reino,Sin Filtro,Rubio,Normal,f,493
NIF-REI-WOL-14,Urban Classic Reino,Con Filtro,Negro,Normal,t,329
NIF-REI-WOL-14,Silver Lining Argentina,Sin Filtro,Negro,Normal,t,277
NIF-REI-WOL-14,Gold Leaf Argentina,Con Filtro,Negro,Normal,t,218
NIF-REI-WOL-14,Amber Haze Chile,Con Filtro,Rubio,Normal,t,146
NIF-REI-WOL-14,Pure Essence Alemania,Sin Filtro,Negro,Normal,f,400
NIF-REI-WOL-14,Ocean Breeze Argentina,Con Filtro,Rubio,Light,f,500
NIF-REI-WOL-14,Highland Peak Alemania,Con Filtro,Rubio,SuperLight,f,309
NIF-REI-WOL-14,Amber Haze Japon,Con Filtro,Rubio,Normal,t,240
NIF-REI-WOL-14,Ocean Breeze Reino,Con Filtro,Negro,Normal,t,171
NIF-REI-WOL-14,Ocean Breeze Chile,Con Filtro,Negro,Normal,t,433
NIF-REI-WOL-14,Pure Essence Alemania,Con Filtro,Negro,Normal,f,205
NIF-REI-WOL-14,Amber Haze Japon,Con Filtro,Rubio,Light,f,345
NIF-REI-WOL-14,Amber Haze Chile,Con Filtro,Rubio,Light,f,61
NIF-REI-WOL-14,Silver Lining Japon,Con Filtro,Rubio,Normal,f,281
NIF-REI-WOL-14,Urban Classic Reino,Con Filtro,Negro,Normal,t,365
NIF-REI-WOL-14,Royal Blend Reino,Con Filtro,Negro,Normal,f,271
NIF-REI-WOL-14,Royal Blend Alemania,Con Filtro,Negro,Light,f,187
NIF-REI-WOL-14,Highland Peak Reino,Sin Filtro,Negro,Normal,f,361
NIF-REI-WOL-14,Mountain Mist Chile,Sin Filtro,Rubio,Normal,f,252
NIF-REI-WOL-14,Midnight Silk Alemania,Sin Filtro,Rubio,Normal,t,479
NIF-REI-WOL-14,Pure Essence Reino,Sin Filtro,Negro,Normal,f,449
NIF-REI-WOL-14,Highland Peak Chile,Con Filtro,Rubio,SuperLight,f,420
NIF-REI-WOL-14,Midnight Silk Alemania,Sin Filtro,Negro,Normal,t,423
NIF-REI-WOL-14,Gold Leaf Alemania,Sin Filtro,Negro,Normal,f,427
NIF-REI-WOL-15,Highland Peak Alemania,Sin Filtro,Negro,Normal,f,116
NIF-REI-WOL-15,Midnight Silk Alemania,Sin Filtro,Negro,Normal,t,175
NIF-REI-WOL-15,Silver Lining Chile,Con Filtro,Negro,SuperLight,f,301
NIF-REI-WOL-15,Gold Leaf Argentina,Sin Filtro,Rubio,Normal,f,454
NIF-REI-WOL-15,Mountain Mist Reino,Sin Filtro,Negro,Normal,f,486
NIF-REI-WOL-15,Pure Essence Chile,Sin Filtro,Negro,Normal,f,212
NIF-REI-WOL-15,Silver Lining Reino,Sin Filtro,Rubio,Normal,f,139
NIF-REI-WOL-15,Royal Blend Alemania,Con Filtro,Negro,Normal,t,211
NIF-REI-WOL-15,Mountain Mist Reino,Sin Filtro,Negro,Normal,f,197
NIF-REI-WOL-15,Mountain Mist Reino,Sin Filtro,Negro,Normal,f,153
NIF-REI-WOL-15,Highland Peak Reino,Con Filtro,Negro,SuperLight,f,263
NIF-REI-WOL-15,Amber Haze Alemania,Sin Filtro,Rubio,Normal,f,396
NIF-REI-WOL-15,Mountain Mist Argentina,Sin Filtro,Negro,Normal,t,228
NIF-REI-WOL-15,Highland Peak Chile,Con Filtro,Negro,Normal,f,109
NIF-REI-WOL-15,Midnight Silk Alemania,Con Filtro,Rubio,Normal,t,278
NIF-REI-WOL-15,Gold Leaf Japon,Sin Filtro,Rubio,Normal,t,252
NIF-REI-WOL-15,Ocean Breeze Japon,Sin Filtro,Negro,Normal,t,234
NIF-REI-WOL-15,Royal Blend Argentina,Con Filtro,Rubio,Light,f,463
NIF-REI-WOL-15,Amber Haze Reino,Sin Filtro,Negro,Normal,t,73
NIF-REI-WOL-15,Gold Leaf Chile,Sin Filtro,Negro,Normal,f,364
NIF-REI-WOL-15,Urban Classic Argentina,Sin Filtro,Negro,Normal,t,303
NIF-REI-WOL-15,Ocean Breeze Chile,Con Filtro,Rubio,UltraLight,f,307
NIF-REI-WOL-15,Royal Blend Reino,Con Filtro,Rubio,Normal,t,210
NIF-REI-WOL-15,Gold Leaf Alemania,Con Filtro,Rubio,Normal,t,457
NIF-REI-WOL-15,Amber Haze Chile,Con Filtro,Rubio,Normal,t,308
NIF-REI-WOL-15,Gold Leaf Reino,Con Filtro,Rubio,Normal,t,390
NIF-REI-WOL-15,Ocean Breeze Argentina,Con Filtro,Rubio,Normal,t,161
NIF-REI-SOL-1,Gold Leaf Argentina,Sin Filtro,Rubio,Normal,f,355
NIF-REI-SOL-1,Silver Lining Alemania,Con Filtro,Negro,Normal,t,133
NIF-REI-SOL-1,Pure Essence Argentina,Sin Filtro,Negro,Normal,f,90
NIF-REI-SOL-1,Gold Leaf Japon,Sin Filtro,Negro,Normal,t,486
NIF-REI-SOL-1,Ocean Breeze Japon,Con Filtro,Rubio,Normal,f,394
NIF-REI-SOL-1,Mountain Mist Chile,Con Filtro,Rubio,Normal,t,138
NIF-REI-SOL-1,Ocean Breeze Chile,Con Filtro,Rubio,UltraLight,f,324
NIF-REI-SOL-1,Royal Blend Argentina,Con Filtro,Rubio,Light,f,126
NIF-REI-SOL-1,Mountain Mist Chile,Sin Filtro,Negro,Normal,f,379
NIF-REI-SOL-1,Royal Blend Chile,Sin Filtro,Negro,Normal,f,100
NIF-REI-SOL-1,Gold Leaf Argentina,Con Filtro,Rubio,Normal,t,66
NIF-REI-SOL-1,Silver Lining Alemania,Con Filtro,Negro,Normal,t,83
NIF-REI-SOL-1,Midnight Silk Argentina,Sin Filtro,Negro,Normal,f,64
NIF-REI-SOL-1,Pure Essence Argentina,Con Filtro,Negro,Normal,t,422
NIF-REI-SOL-1,Mountain Mist Chile,Con Filtro,Negro,Normal,t,207
NIF-REI-SOL-1,Highland Peak Argentina,Con Filtro,Rubio,Normal,f,328
NIF-REI-SOL-1,Midnight Silk Argentina,Sin Filtro,Negro,Normal,f,365
NIF-REI-SOL-1,Pure Essence Japon,Con Filtro,Negro,Normal,t,104
NIF-REI-SOL-2,Gold Leaf Chile,Sin Filtro,Negro,Normal,f,283
NIF-REI-SOL-2,Gold Leaf Japon,Con Filtro,Negro,SuperLight,f,251
NIF-REI-SOL-2,Mountain Mist Reino,Con Filtro,Negro,SuperLight,f,60
NIF-REI-SOL-2,Royal Blend Chile,Sin Filtro,Negro,Normal,f,150
NIF-REI-SOL-2,Urban Classic Alemania,Con Filtro,Negro,Normal,t,448
NIF-REI-SOL-2,Royal Blend Argentina,Con Filtro,Negro,Light,f,417
NIF-REI-SOL-2,Silver Lining Reino,Sin Filtro,Rubio,Normal,f,196
NIF-REI-SOL-2,Mountain Mist Alemania,Sin Filtro,Negro,Normal,f,333
NIF-REI-SOL-2,Royal Blend Argentina,Con Filtro,Rubio,Light,f,493
NIF-REI-SOL-2,Gold Leaf Reino,Sin Filtro,Negro,Normal,f,67
NIF-REI-SOL-2,Pure Essence Alemania,Sin Filtro,Negro,Normal,f,281
NIF-REI-SOL-2,Royal Blend Alemania,Con Filtro,Rubio,Normal,t,205
NIF-REI-SOL-2,Ocean Breeze Japon,Sin Filtro,Negro,Normal,t,302
NIF-REI-SOL-2,Urban Classic Reino,Sin Filtro,Negro,Normal,t,170
NIF-REI-SOL-2,Highland Peak Argentina,Sin Filtro,Rubio,Normal,f,317
NIF-REI-SOL-2,Mountain Mist Argentina,Sin Filtro,Rubio,Normal,t,446
NIF-REI-SOL-3,Ocean Breeze Argentina,Con Filtro,Rubio,Normal,t,460
NIF-REI-SOL-3,Pure Essence Alemania,Con Filtro,Rubio,UltraLight,f,310
NIF-REI-SOL-3,Ocean Breeze Japon,Con Filtro,Rubio,Normal,t,455
NIF-REI-SOL-3,Pure Essence Argentina,Con Filtro,Rubio,Normal,t,230
NIF-REI-SOL-3,Mountain Mist Argentina,Sin Filtro,Negro,Normal,t,284
NIF-REI-SOL-3,Mountain Mist Japon,Con Filtro,Negro,Normal,t,289
NIF-REI-SOL-3,Highland Peak Chile,Con Filtro,Negro,Normal,f,346
NIF-REI-SOL-3,Urban Classic Argentina,Sin Filtro,Rubio,Normal,t,62
NIF-REI-SOL-3,Ocean Breeze Argentina,Sin Filtro,Rubio,Normal,f,85
NIF-REI-SOL-3,Ocean Breeze Reino,Sin Filtro,Negro,Normal,t,209
NIF-REI-SOL-3,Mountain Mist Argentina,Con Filtro,Negro,Light,f,471
NIF-REI-SOL-3,Ocean Breeze Reino,Con Filtro,Rubio,Normal,f,291
NIF-REI-SOL-3,Midnight Silk Reino,Sin Filtro,Rubio,Normal,t,113
NIF-REI-SOL-3,Urban Classic Japon,Sin Filtro,Rubio,Normal,t,392
NIF-REI-SOL-3,Silver Lining Japon,Sin Filtro,Negro,Normal,f,340
NIF-REI-SOL-3,Urban Classic Reino,Sin Filtro,Negro,Normal,f,196
NIF-REI-SOL-3,Amber Haze Alemania,Con Filtro,Rubio,Normal,t,226
NIF-REI-SOL-3,Ocean Breeze Argentina,Con Filtro,Negro,Normal,t,224
NIF-REI-SOL-3,Gold Leaf Reino,Con Filtro,Rubio,Normal,f,335
NIF-REI-SOL-3,Midnight Silk Chile,Con Filtro,Negro,Normal,f,117
NIF-REI-SOL-3,Ocean Breeze Chile,Con Filtro,Rubio,Normal,t,243
NIF-REI-SOL-4,Ocean Breeze Argentina,Con Filtro,Negro,Normal,t,493
NIF-REI-SOL-4,Midnight Silk Chile,Con Filtro,Rubio,Normal,t,304
NIF-REI-SOL-4,Pure Essence Chile,Con Filtro,Negro,Normal,t,449
NIF-REI-SOL-4,Silver Lining Chile,Con Filtro,Negro,SuperLight,f,198
NIF-REI-SOL-4,Gold Leaf Japon,Con Filtro,Rubio,Normal,f,114
NIF-REI-SOL-4,Mountain Mist Chile,Sin Filtro,Rubio,Normal,f,398
NIF-REI-SOL-4,Midnight Silk Reino,Sin Filtro,Rubio,Normal,f,194
NIF-REI-SOL-4,Royal Blend Argentina,Con Filtro,Negro,Light,f,153
NIF-REI-SOL-4,Mountain Mist Chile,Sin Filtro,Rubio,Normal,f,324
NIF-REI-SOL-4,Ocean Breeze Reino,Sin Filtro,Negro,Normal,t,61
NIF-REI-SOL-4,Urban Classic Japon,Sin Filtro,Negro,Normal,f,459
NIF-REI-SOL-4,Silver Lining Japon,Sin Filtro,Negro,Normal,f,351
NIF-REI-SOL-4,Mountain Mist Japon,Con Filtro,Rubio,Normal,t,380
NIF-REI-SOL-4,Highland Peak Japon,Sin Filtro,Rubio,Normal,t,120
NIF-REI-SOL-4,Pure Essence Reino,Sin Filtro,Rubio,Normal,t,139
NIF-REI-SOL-4,Midnight Silk Japon,Con Filtro,Negro,SuperLight,f,453
NIF-REI-SOL-4,Amber Haze Chile,Con Filtro,Rubio,Light,f,458
NIF-REI-SOL-4,Highland Peak Japon,Sin Filtro,Rubio,Normal,f,217
NIF-REI-SOL-4,Ocean Breeze Reino,Con Filtro,Rubio,UltraLight,f,203
NIF-REI-SOL-4,Pure Essence Alemania,Con Filtro,Rubio,UltraLight,f,385
NIF-REI-SOL-4,Royal Blend Japon,Sin Filtro,Negro,Normal,t,393
NIF-REI-SOL-4,Pure Essence Chile,Sin Filtro,Rubio,Normal,f,268
NIF-REI-SOL-4,Royal Blend Reino,Con Filtro,Negro,Normal,f,425
NIF-REI-SOL-4,Urban Classic Reino,Con Filtro,Rubio,Normal,t,67
NIF-REI-SOL-4,Silver Lining Chile,Sin Filtro,Rubio,Normal,t,111
NIF-REI-SOL-4,Ocean Breeze Chile,Con Filtro,Negro,Normal,t,207
NIF-REI-SOL-4,Silver Lining Alemania,Sin Filtro,Negro,Normal,f,327
NIF-REI-SOL-4,Royal Blend Alemania,Sin Filtro,Rubio,Normal,f,54
NIF-REI-SOL-5,Amber Haze Japon,Sin Filtro,Rubio,Normal,f,67
NIF-REI-SOL-5,Royal Blend Reino,Con Filtro,Negro,Normal,t,442
NIF-REI-SOL-5,Silver Lining Reino,Sin Filtro,Negro,Normal,f,495
NIF-REI-SOL-5,Mountain Mist Chile,Sin Filtro,Negro,Normal,f,277
NIF-REI-SOL-5,Royal Blend Japon,Sin Filtro,Rubio,Normal,t,316
NIF-REI-SOL-5,Highland Peak Alemania,Con Filtro,Rubio,SuperLight,f,267
NIF-REI-SOL-5,Midnight Silk Japon,Con Filtro,Rubio,Normal,f,273
NIF-REI-SOL-5,Mountain Mist Alemania,Sin Filtro,Rubio,Normal,f,414
NIF-REI-SOL-5,Urban Classic Reino,Con Filtro,Negro,Normal,t,173
NIF-REI-SOL-5,Highland Peak Alemania,Con Filtro,Rubio,Normal,f,386
NIF-REI-SOL-5,Pure Essence Reino,Con Filtro,Rubio,Normal,f,74
NIF-REI-SOL-5,Ocean Breeze Chile,Con Filtro,Rubio,UltraLight,f,417
NIF-REI-SOL-5,Pure Essence Chile,Con Filtro,Rubio,Normal,t,239
NIF-REI-SOL-5,Amber Haze Chile,Con Filtro,Negro,Light,f,326
NIF-REI-SOL-5,Highland Peak Argentina,Sin Filtro,Rubio,Normal,f,472
NIF-REI-SOL-5,Midnight Silk Argentina,Sin Filtro,Rubio,Normal,t,347
NIF-REI-SOL-5,Mountain Mist Alemania,Sin Filtro,Rubio,Normal,t,409
NIF-REI-SOL-5,Gold Leaf Reino,Con Filtro,Rubio,Normal,f,291
NIF-REI-SOL-5,Silver Lining Japon,Sin Filtro,Rubio,Normal,f,166
NIF-REI-SOL-5,Ocean Breeze Reino,Sin Filtro,Negro,Normal,t,326
NIF-REI-SOL-5,Royal Blend Alemania,Con Filtro,Negro,Light,f,191
NIF-REI-SOL-5,Midnight Silk Reino,Con Filtro,Negro,UltraLight,f,301
NIF-REI-SOL-5,Silver Lining Alemania,Sin Filtro,Negro,Normal,t,50
NIF-REI-SOL-5,Midnight Silk Alemania,Sin Filtro,Negro,Normal,t,216
NIF-REI-SOL-5,Silver Lining Chile,Con Filtro,Rubio,Normal,t,70
NIF-REI-SOL-5,Silver Lining Alemania,Sin Filtro,Negro,Normal,t,121
NIF-REI-SOL-5,Ocean Breeze Argentina,Con Filtro,Rubio,Light,f,335
NIF-REI-SOL-6,Midnight Silk Alemania,Sin Filtro,Rubio,Normal,t,482
NIF-REI-SOL-6,Pure Essence Argentina,Con Filtro,Negro,Normal,t,197
NIF-REI-SOL-6,Gold Leaf Reino,Sin Filtro,Rubio,Normal,t,334
NIF-REI-SOL-6,Royal Blend Argentina,Con Filtro,Rubio,UltraLight,f,64
NIF-REI-SOL-6,Royal Blend Alemania,Con Filtro,Negro,Normal,t,100
NIF-REI-SOL-6,Royal Blend Japon,Sin Filtro,Rubio,Normal,t,490
NIF-REI-SOL-6,Amber Haze Japon,Con Filtro,Rubio,Normal,t,330
NIF-REI-SOL-6,Silver Lining Chile,Con Filtro,Rubio,Normal,t,412
NIF-REI-SOL-6,Urban Classic Alemania,Con Filtro,Rubio,Normal,t,264
NIF-REI-SOL-6,Urban Classic Japon,Sin Filtro,Rubio,Normal,t,143
NIF-REI-SOL-6,Midnight Silk Reino,Sin Filtro,Rubio,Normal,f,289
NIF-REI-SOL-6,Amber Haze Alemania,Sin Filtro,Rubio,Normal,f,123
NIF-REI-SOL-6,Gold Leaf Argentina,Con Filtro,Rubio,Light,f,101
NIF-REI-SOL-6,Mountain Mist Japon,Sin Filtro,Rubio,Normal,t,250
NIF-REI-SOL-6,Gold Leaf Alemania,Con Filtro,Negro,UltraLight,f,128
NIF-REI-SOL-6,Highland Peak Reino,Con Filtro,Rubio,Normal,t,299
NIF-REI-SOL-6,Highland Peak Argentina,Con Filtro,Negro,Normal,t,106
NIF-REI-SOL-6,Pure Essence Chile,Con Filtro,Negro,SuperLight,f,249
NIF-REI-SOL-6,Gold Leaf Reino,Con Filtro,Negro,SuperLight,f,239
NIF-REI-SOL-6,Amber Haze Argentina,Con Filtro,Negro,SuperLight,f,68
NIF-REI-SOL-6,Royal Blend Alemania,Sin Filtro,Negro,Normal,t,230
NIF-REI-SOL-6,Midnight Silk Alemania,Sin Filtro,Negro,Normal,t,71
NIF-REI-SOL-6,Pure Essence Japon,Sin Filtro,Negro,Normal,f,427
NIF-REI-SOL-6,Midnight Silk Reino,Sin Filtro,Negro,Normal,t,85
NIF-REI-SOL-6,Gold Leaf Japon,Con Filtro,Rubio,Normal,f,357
NIF-REI-SOL-7,Urban Classic Argentina,Sin Filtro,Negro,Normal,t,356
NIF-REI-SOL-7,Pure Essence Chile,Sin Filtro,Rubio,Normal,f,129
NIF-REI-SOL-7,Mountain Mist Alemania,Sin Filtro,Negro,Normal,t,56
NIF-REI-SOL-7,Ocean Breeze Chile,Con Filtro,Negro,Normal,t,53
NIF-REI-SOL-7,Mountain Mist Argentina,Con Filtro,Rubio,Normal,t,161
NIF-REI-SOL-7,Urban Classic Reino,Con Filtro,Negro,Normal,t,422
NIF-REI-SOL-7,Ocean Breeze Argentina,Sin Filtro,Negro,Normal,f,111
NIF-REI-SOL-7,Mountain Mist Japon,Sin Filtro,Rubio,Normal,f,223
NIF-REI-SOL-7,Mountain Mist Argentina,Con Filtro,Negro,Light,f,419
NIF-REI-SOL-7,Royal Blend Chile,Sin Filtro,Rubio,Normal,t,161
NIF-REI-SOL-7,Midnight Silk Chile,Sin Filtro,Rubio,Normal,f,368
NIF-REI-SOL-7,Silver Lining Alemania,Sin Filtro,Negro,Normal,t,361
NIF-REI-SOL-7,Ocean Breeze Alemania,Sin Filtro,Negro,Normal,t,289
NIF-REI-SOL-7,Amber Haze Alemania,Sin Filtro,Rubio,Normal,t,341
NIF-REI-SOL-7,Mountain Mist Chile,Sin Filtro,Rubio,Normal,f,111
NIF-REI-SOL-7,Ocean Breeze Argentina,Sin Filtro,Rubio,Normal,f,403
NIF-REI-SOL-7,Midnight Silk Argentina,Con Filtro,Rubio,Normal,f,74
NIF-REI-SOL-7,Amber Haze Alemania,Sin Filtro,Negro,Normal,t,374
NIF-REI-SOL-7,Amber Haze Reino,Con Filtro,Rubio,Normal,t,104
NIF-REI-SOL-7,Midnight Silk Chile,Con Filtro,Rubio,Normal,t,333
NIF-REI-SOL-7,Mountain Mist Reino,Con Filtro,Negro,SuperLight,f,101
NIF-REI-SOL-7,Silver Lining Argentina,Con Filtro,Rubio,Normal,f,245
NIF-REI-SOL-7,Gold Leaf Chile,Sin Filtro,Negro,Normal,t,446
NIF-REI-SOL-7,Ocean Breeze Argentina,Con Filtro,Negro,Normal,t,455
NIF-REI-SOL-7,Urban Classic Chile,Con Filtro,Negro,UltraLight,f,132
NIF-REI-SOL-7,Royal Blend Argentina,Con Filtro,Negro,Light,f,349
NIF-REI-SOL-7,Amber Haze Chile,Sin Filtro,Rubio,Normal,t,180
NIF-REI-SOL-7,Ocean Breeze Argentina,Con Filtro,Rubio,Normal,t,85
NIF-REI-SOL-8,Mountain Mist Alemania,Sin Filtro,Negro,Normal,t,325
NIF-REI-SOL-8,Silver Lining Chile,Con Filtro,Rubio,Normal,t,407
NIF-REI-SOL-8,Silver Lining Japon,Con Filtro,Rubio,Light,f,128
NIF-REI-SOL-8,Gold Leaf Japon,Con Filtro,Rubio,Normal,t,328
NIF-REI-SOL-8,Amber Haze Argentina,Sin Filtro,Rubio,Normal,f,284
NIF-REI-SOL-8,Midnight Silk Alemania,Sin Filtro,Rubio,Normal,t,274
NIF-REI-SOL-8,Urban Classic Chile,Con Filtro,Negro,Normal,t,147
NIF-REI-SOL-8,Midnight Silk Japon,Con Filtro,Rubio,Light,f,376
NIF-REI-SOL-8,Midnight Silk Japon,Con Filtro,Negro,SuperLight,f,402
NIF-REI-SOL-8,Urban Classic Alemania,Con Filtro,Negro,Normal,t,389
NIF-REI-SOL-8,Gold Leaf Japon,Sin Filtro,Negro,Normal,t,301
NIF-REI-SOL-8,Urban Classic Argentina,Sin Filtro,Negro,Normal,f,136
NIF-REI-SOL-8,Ocean Breeze Chile,Con Filtro,Rubio,UltraLight,f,277
NIF-REI-SOL-8,Royal Blend Japon,Sin Filtro,Negro,Normal,t,250
NIF-REI-SOL-8,Silver Lining Chile,Sin Filtro,Rubio,Normal,t,336
NIF-REI-SOL-8,Urban Classic Alemania,Sin Filtro,Negro,Normal,f,120
NIF-REI-SOL-8,Urban Classic Alemania,Con Filtro,Negro,Light,f,136
NIF-REI-SOL-9,Urban Classic Japon,Con Filtro,Negro,Normal,t,435
NIF-REI-SOL-9,Amber Haze Japon,Con Filtro,Rubio,Light,f,410
NIF-REI-SOL-9,Pure Essence Chile,Con Filtro,Negro,Normal,t,302
NIF-REI-SOL-9,Pure Essence Alemania,Sin Filtro,Rubio,Normal,f,343
NIF-REI-SOL-9,Royal Blend Argentina,Sin Filtro,Negro,Normal,f,51
NIF-REI-SOL-9,Mountain Mist Argentina,Con Filtro,Negro,Light,f,467
NIF-REI-SOL-9,Midnight Silk Alemania,Sin Filtro,Rubio,Normal,t,57
NIF-REI-SOL-9,Urban Classic Argentina,Con Filtro,Rubio,Normal,t,341
NIF-REI-SOL-9,Gold Leaf Chile,Sin Filtro,Negro,Normal,t,319
NIF-REI-SOL-9,Royal Blend Reino,Con Filtro,Negro,Normal,f,304
NIF-REI-SOL-10,Mountain Mist Chile,Sin Filtro,Rubio,Normal,f,70
NIF-REI-SOL-10,Pure Essence Alemania,Sin Filtro,Rubio,Normal,t,97
NIF-REI-SOL-10,Mountain Mist Chile,Sin Filtro,Rubio,Normal,t,79
NIF-REI-SOL-10,Gold Leaf Alemania,Sin Filtro,Rubio,Normal,f,146
NIF-REI-SOL-10,Mountain Mist Alemania,Sin Filtro,Rubio,Normal,f,216
NIF-REI-SOL-10,Gold Leaf Alemania,Sin Filtro,Rubio,Normal,f,297
NIF-REI-SOL-10,Ocean Breeze Alemania,Sin Filtro,Negro,Normal,t,399
NIF-REI-SOL-10,Amber Haze Chile,Sin Filtro,Rubio,Normal,t,308
NIF-REI-SOL-10,Midnight Silk Reino,Sin Filtro,Rubio,Normal,t,486
NIF-REI-SOL-10,Gold Leaf Alemania,Sin Filtro,Rubio,Normal,f,85
NIF-REI-SOL-10,Silver Lining Alemania,Con Filtro,Negro,Normal,t,248
NIF-REI-SOL-10,Royal Blend Alemania,Sin Filtro,Rubio,Normal,t,290
NIF-REI-SOL-10,Silver Lining Reino,Con Filtro,Negro,Normal,t,452
NIF-REI-SOL-10,Silver Lining Chile,Sin Filtro,Rubio,Normal,t,83
NIF-REI-SOL-10,Urban Classic Reino,Con Filtro,Rubio,Normal,t,450
NIF-REI-SOL-10,Royal Blend Japon,Sin Filtro,Negro,Normal,t,313
NIF-REI-SOL-10,Highland Peak Chile,Con Filtro,Rubio,Normal,f,438
NIF-REI-SOL-10,Royal Blend Chile,Sin Filtro,Negro,Normal,t,470
NIF-REI-SOL-11,Silver Lining Alemania,Con Filtro,Negro,Normal,t,355
NIF-REI-SOL-11,Amber Haze Alemania,Con Filtro,Negro,Normal,f,311
NIF-REI-SOL-11,Gold Leaf Japon,Con Filtro,Rubio,Normal,t,63
NIF-REI-SOL-11,Gold Leaf Chile,Sin Filtro,Negro,Normal,f,119
NIF-REI-SOL-11,Pure Essence Reino,Sin Filtro,Rubio,Normal,t,318
NIF-REI-SOL-11,Mountain Mist Argentina,Sin Filtro,Negro,Normal,t,426
NIF-REI-SOL-11,Highland Peak Argentina,Con Filtro,Negro,Normal,f,71
NIF-REI-SOL-11,Midnight Silk Argentina,Sin Filtro,Negro,Normal,t,377
NIF-REI-SOL-11,Gold Leaf Japon,Con Filtro,Rubio,Normal,t,337
NIF-REI-SOL-11,Mountain Mist Japon,Sin Filtro,Negro,Normal,t,198
NIF-REI-SOL-11,Midnight Silk Alemania,Con Filtro,Rubio,Normal,t,354
NIF-REI-SOL-11,Midnight Silk Argentina,Sin Filtro,Rubio,Normal,f,165
NIF-REI-SOL-11,Midnight Silk Japon,Con Filtro,Negro,SuperLight,f,311
NIF-REI-SOL-11,Midnight Silk Chile,Con Filtro,Rubio,Normal,t,191
NIF-REI-SOL-11,Gold Leaf Argentina,Con Filtro,Rubio,Normal,t,145
NIF-REI-SOL-11,Highland Peak Argentina,Sin Filtro,Rubio,Normal,f,321
NIF-REI-SOL-11,Highland Peak Chile,Con Filtro,Negro,Light,f,349
NIF-REI-SOL-11,Mountain Mist Argentina,Sin Filtro,Negro,Normal,f,306
NIF-REI-SOL-11,Highland Peak Argentina,Con Filtro,Rubio,Normal,f,163
NIF-REI-SOL-11,Gold Leaf Argentina,Con Filtro,Rubio,Light,f,365
NIF-REI-SOL-11,Royal Blend Reino,Sin Filtro,Rubio,Normal,f,191
NIF-REI-SOL-11,Amber Haze Chile,Sin Filtro,Rubio,Normal,f,478
NIF-REI-SOL-11,Highland Peak Alemania,Sin Filtro,Negro,Normal,t,337
NIF-REI-SOL-11,Midnight Silk Japon,Con Filtro,Rubio,Light,f,282
NIF-REI-SOL-11,Amber Haze Japon,Sin Filtro,Rubio,Normal,f,305
NIF-REI-SOL-11,Royal Blend Alemania,Sin Filtro,Rubio,Normal,f,477
NIF-REI-SOL-11,Pure Essence Reino,Con Filtro,Rubio,Normal,f,64
NIF-REI-SOL-11,Urban Classic Argentina,Sin Filtro,Rubio,Normal,t,213
NIF-REI-SOL-11,Silver Lining Japon,Con Filtro,Rubio,Light,f,115
NIF-REI-SOL-11,Gold Leaf Alemania,Sin Filtro,Negro,Normal,t,103
NIF-REI-SOL-12,Midnight Silk Reino,Sin Filtro,Rubio,Normal,t,149
NIF-REI-SOL-12,Urban Classic Alemania,Con Filtro,Negro,Light,f,204
NIF-REI-SOL-12,Urban Classic Japon,Sin Filtro,Rubio,Normal,f,471
NIF-REI-SOL-12,Ocean Breeze Reino,Con Filtro,Rubio,Normal,f,184
NIF-REI-SOL-12,Royal Blend Reino,Con Filtro,Negro,SuperLight,f,244
NIF-REI-SOL-12,Highland Peak Reino,Con Filtro,Negro,SuperLight,f,142
NIF-REI-SOL-12,Urban Classic Chile,Sin Filtro,Rubio,Normal,t,192
NIF-REI-SOL-12,Mountain Mist Alemania,Sin Filtro,Rubio,Normal,t,290
NIF-REI-SOL-12,Mountain Mist Chile,Sin Filtro,Rubio,Normal,f,219
NIF-REI-SOL-12,Amber Haze Reino,Con Filtro,Rubio,Normal,t,464
NIF-REI-SOL-12,Mountain Mist Reino,Sin Filtro,Negro,Normal,f,216
NIF-REI-SOL-12,Midnight Silk Reino,Con Filtro,Negro,SuperLight,f,344
NIF-REI-SOL-12,Mountain Mist Japon,Sin Filtro,Negro,Normal,t,60
NIF-REI-SOL-12,Urban Classic Japon,Con Filtro,Negro,SuperLight,f,468
NIF-REI-SOL-12,Urban Classic Chile,Sin Filtro,Negro,Normal,f,74
NIF-REI-SOL-12,Silver Lining Chile,Con Filtro,Negro,SuperLight,f,429
NIF-REI-SOL-12,Mountain Mist Chile,Sin Filtro,Rubio,Normal,t,123
NIF-REI-SOL-12,Gold Leaf Reino,Sin Filtro,Rubio,Normal,f,498
NIF-REI-SOL-12,Amber Haze Alemania,Sin Filtro,Rubio,Normal,f,240
NIF-REI-SOL-12,Highland Peak Japon,Sin Filtro,Rubio,Normal,t,227
NIF-REI-SOL-12,Mountain Mist Japon,Sin Filtro,Rubio,Normal,t,404
NIF-REI-SOL-12,Ocean Breeze Argentina,Con Filtro,Negro,SuperLight,f,181
NIF-REI-SOL-12,Midnight Silk Argentina,Sin Filtro,Negro,Normal,t,193
NIF-REI-SOL-12,Silver Lining Argentina,Con Filtro,Negro,Light,f,454
NIF-REI-SOL-12,Mountain Mist Japon,Con Filtro,Negro,Normal,t,303
NIF-REI-SOL-12,Midnight Silk Alemania,Sin Filtro,Rubio,Normal,t,160
NIF-REI-SOL-12,Gold Leaf Argentina,Sin Filtro,Negro,Normal,f,85
NIF-REI-SOL-12,Ocean Breeze Alemania,Con Filtro,Rubio,Light,f,205
NIF-REI-SOL-12,Highland Peak Alemania,Con Filtro,Negro,UltraLight,f,339
NIF-REI-SOL-13,Amber Haze Argentina,Con Filtro,Rubio,Light,f,242
NIF-REI-SOL-13,Silver Lining Argentina,Sin Filtro,Negro,Normal,t,67
NIF-REI-SOL-13,Highland Peak Japon,Sin Filtro,Negro,Normal,f,269
NIF-REI-SOL-13,Royal Blend Chile,Con Filtro,Rubio,UltraLight,f,471
NIF-REI-SOL-13,Urban Classic Alemania,Sin Filtro,Negro,Normal,f,323
NIF-REI-SOL-13,Gold Leaf Argentina,Con Filtro,Negro,Normal,t,419
NIF-REI-SOL-13,Urban Classic Reino,Con Filtro,Rubio,Normal,t,487
NIF-REI-SOL-13,Silver Lining Argentina,Con Filtro,Rubio,Normal,t,122
NIF-REI-SOL-13,Pure Essence Japon,Sin Filtro,Negro,Normal,f,151
NIF-REI-SOL-13,Pure Essence Chile,Con Filtro,Rubio,SuperLight,f,158
NIF-REI-SOL-13,Amber Haze Alemania,Sin Filtro,Negro,Normal,t,381
NIF-REI-SOL-13,Midnight Silk Chile,Con Filtro,Negro,UltraLight,f,429
NIF-REI-SOL-13,Amber Haze Alemania,Sin Filtro,Negro,Normal,t,496
NIF-REI-SOL-13,Urban Classic Argentina,Sin Filtro,Negro,Normal,t,436
NIF-REI-SOL-13,Pure Essence Reino,Sin Filtro,Rubio,Normal,t,174
NIF-REI-SOL-13,Ocean Breeze Chile,Con Filtro,Rubio,UltraLight,f,200
NIF-REI-SOL-13,Gold Leaf Chile,Sin Filtro,Rubio,Normal,t,238
NIF-REI-SOL-13,Gold Leaf Japon,Sin Filtro,Rubio,Normal,t,278
NIF-REI-SOL-13,Pure Essence Reino,Sin Filtro,Rubio,Normal,t,112
NIF-REI-SOL-14,Urban Classic Argentina,Con Filtro,Negro,Normal,f,426
NIF-REI-SOL-14,Gold Leaf Alemania,Sin Filtro,Negro,Normal,f,431
NIF-REI-SOL-14,Highland Peak Alemania,Sin Filtro,Negro,Normal,t,407
NIF-REI-SOL-14,Highland Peak Reino,Sin Filtro,Negro,Normal,t,313
NIF-REI-SOL-14,Urban Classic Japon,Con Filtro,Rubio,Normal,t,376
NIF-REI-SOL-14,Midnight Silk Alemania,Sin Filtro,Rubio,Normal,f,283
NIF-REI-SOL-14,Silver Lining Japon,Con Filtro,Rubio,Light,f,250
NIF-REI-SOL-14,Ocean Breeze Chile,Con Filtro,Negro,Normal,f,302
NIF-REI-SOL-14,Amber Haze Chile,Con Filtro,Negro,Light,f,197
NIF-REI-SOL-14,Amber Haze Reino,Con Filtro,Negro,Normal,t,406
NIF-REI-SOL-14,Royal Blend Argentina,Con Filtro,Negro,Normal,t,396
NIF-REI-SOL-14,Gold Leaf Argentina,Con Filtro,Rubio,Normal,t,240
NIF-REI-SOL-14,Amber Haze Argentina,Sin Filtro,Rubio,Normal,t,68
NIF-REI-SOL-14,Highland Peak Japon,Sin Filtro,Negro,Normal,t,234
NIF-REI-SOL-14,Highland Peak Reino,Con Filtro,Rubio,Normal,t,226
NIF-REI-SOL-14,Pure Essence Chile,Con Filtro,Rubio,Normal,t,202
NIF-REI-SOL-14,Pure Essence Reino,Con Filtro,Negro,Normal,f,467
NIF-REI-SOL-14,Highland Peak Chile,Con Filtro,Negro,Normal,t,244
NIF-REI-SOL-14,Amber Haze Alemania,Sin Filtro,Negro,Normal,t,404
NIF-REI-SOL-14,Highland Peak Japon,Con Filtro,Rubio,Light,f,367
NIF-REI-SOL-14,Ocean Breeze Japon,Sin Filtro,Rubio,Normal,t,113
NIF-REI-SOL-14,Pure Essence Alemania,Sin Filtro,Rubio,Normal,t,134
NIF-REI-SOL-14,Royal Blend Japon,Sin Filtro,Negro,Normal,t,109
NIF-REI-SOL-14,Gold Leaf Chile,Sin Filtro,Rubio,Normal,t,97
NIF-REI-SOL-15,Ocean Breeze Japon,Sin Filtro,Rubio,Normal,t,57
NIF-REI-SOL-15,Silver Lining Alemania,Con Filtro,Negro,Normal,t,322
NIF-REI-SOL-15,Urban Classic Argentina,Con Filtro,Rubio,SuperLight,f,432
NIF-REI-SOL-15,Ocean Breeze Reino,Sin Filtro,Negro,Normal,t,113
NIF-REI-SOL-15,Highland Peak Alemania,Con Filtro,Rubio,UltraLight,f,383
NIF-REI-SOL-15,Royal Blend Reino,Con Filtro,Negro,SuperLight,f,349
NIF-REI-SOL-15,Ocean Breeze Alemania,Con Filtro,Rubio,Light,f,161
NIF-REI-SOL-15,Mountain Mist Japon,Sin Filtro,Rubio,Normal,f,477
NIF-REI-SOL-15,Ocean Breeze Argentina,Con Filtro,Negro,SuperLight,f,333
NIF-REI-SOL-15,Urban Classic Chile,Con Filtro,Negro,Normal,t,486
NIF-REI-SOL-15,Highland Peak Alemania,Sin Filtro,Negro,Normal,f,231
NIF-REI-SOL-15,Royal Blend Chile,Con Filtro,Rubio,Normal,t,320
NIF-REI-SOL-15,Amber Haze Japon,Con Filtro,Rubio,SuperLight,f,228
NIF-REI-SOL-15,Midnight Silk Japon,Sin Filtro,Rubio,Normal,f,108
NIF-REI-SOL-15,Highland Peak Japon,Con Filtro,Rubio,Normal,t,89
NIF-REI-SOL-15,Amber Haze Japon,Sin Filtro,Rubio,Normal,t,87
NIF-REI-SOL-15,Royal Blend Chile,Sin Filtro,Negro,Normal,f,210
NIF-REI-SOL-15,Highland Peak Chile,Con Filtro,Negro,Normal,f,56
NIF-REI-SOL-15,Pure Essence Alemania,Sin Filtro,Rubio,Normal,t,427
NIF-REI-SOL-15,Urban Classic Reino,Con Filtro,Negro,Normal,t,398
NIF-REI-SOL-15,Pure Essence Argentina,Sin Filtro,Rubio,Normal,t,246
NIF-REI-SOL-15,Midnight Silk Reino,Con Filtro,Negro,Normal,t,403
NIF-REI-SOL-15,Royal Blend Reino,Con Filtro,Rubio,Normal,t,419
NIF-REI-SOL-15,Highland Peak Japon,Sin Filtro,Rubio,Normal,f,368
NIF-REI-SOL-15,Pure Essence Japon,Sin Filtro,Negro,Normal,t,160
NIF-REI-SOL-15,Amber Haze Alemania,Con Filtro,Negro,Normal,f,302
NIF-REI-SOL-15,Gold Leaf Reino,Sin Filtro,Rubio,Normal,f,53
NIF-REI-SOL-15,Pure Essence Reino,Sin Filtro,Negro,Normal,t,94
NIF-REI-SOL-15,Pure Essence Reino,Sin Filtro,Negro,Normal,f,338
NIF-REI-SOL-15,Royal Blend Japon,Sin Filtro,Rubio,Normal,t,359
NIF-REI-SUT-1,Midnight Silk Argentina,Sin Filtro,Rubio,Normal,f,143
NIF-REI-SUT-1,Gold Leaf Reino,Sin Filtro,Rubio,Normal,t,376
NIF-REI-SUT-1,Pure Essence Reino,Con Filtro,Rubio,Normal,f,107
NIF-REI-SUT-1,Midnight Silk Japon,Con Filtro,Rubio,Normal,t,308
NIF-REI-SUT-1,Ocean Breeze Argentina,Con Filtro,Rubio,Light,f,416
NIF-REI-SUT-1,Amber Haze Reino,Con Filtro,Negro,Normal,t,384
NIF-REI-SUT-1,Urban Classic Chile,Con Filtro,Negro,SuperLight,f,313
NIF-REI-SUT-1,Mountain Mist Chile,Con Filtro,Rubio,Normal,t,420
NIF-REI-SUT-1,Royal Blend Japon,Sin Filtro,Rubio,Normal,t,308
NIF-REI-SUT-1,Gold Leaf Alemania,Sin Filtro,Negro,Normal,f,393
NIF-REI-SUT-1,Highland Peak Japon,Con Filtro,Rubio,Light,f,194
NIF-REI-SUT-1,Royal Blend Chile,Con Filtro,Negro,Normal,t,112
NIF-REI-SUT-1,Midnight Silk Alemania,Sin Filtro,Rubio,Normal,f,399
NIF-REI-SUT-2,Pure Essence Alemania,Sin Filtro,Rubio,Normal,f,186
NIF-REI-SUT-2,Urban Classic Alemania,Con Filtro,Rubio,Normal,t,221
NIF-REI-SUT-2,Highland Peak Chile,Con Filtro,Negro,Normal,f,87
NIF-REI-SUT-2,Midnight Silk Japon,Con Filtro,Rubio,Normal,t,88
NIF-REI-SUT-2,Amber Haze Japon,Con Filtro,Rubio,SuperLight,f,110
NIF-REI-SUT-2,Midnight Silk Chile,Con Filtro,Negro,Normal,f,211
NIF-REI-SUT-2,Amber Haze Alemania,Sin Filtro,Negro,Normal,t,51
NIF-REI-SUT-2,Silver Lining Reino,Con Filtro,Negro,Normal,t,174
NIF-REI-SUT-2,Highland Peak Japon,Sin Filtro,Rubio,Normal,t,324
NIF-REI-SUT-2,Mountain Mist Argentina,Sin Filtro,Negro,Normal,f,399
NIF-REI-SUT-2,Gold Leaf Japon,Con Filtro,Rubio,UltraLight,f,145
NIF-REI-SUT-2,Highland Peak Chile,Con Filtro,Negro,Light,f,368
NIF-REI-SUT-2,Gold Leaf Reino,Con Filtro,Rubio,Normal,f,300
NIF-REI-SUT-2,Midnight Silk Japon,Sin Filtro,Rubio,Normal,f,85
NIF-REI-SUT-2,Pure Essence Reino,Con Filtro,Rubio,Normal,f,125
NIF-REI-SUT-2,Urban Classic Alemania,Sin Filtro,Negro,Normal,f,259
NIF-REI-SUT-2,Pure Essence Japon,Sin Filtro,Negro,Normal,f,408
NIF-REI-SUT-2,Ocean Breeze Argentina,Con Filtro,Rubio,Normal,t,314
NIF-REI-SUT-2,Royal Blend Alemania,Sin Filtro,Rubio,Normal,t,348
NIF-REI-SUT-2,Highland Peak Argentina,Sin Filtro,Negro,Normal,f,469
NIF-REI-SUT-2,Silver Lining Japon,Con Filtro,Negro,SuperLight,f,98
NIF-REI-SUT-3,Mountain Mist Alemania,Sin Filtro,Rubio,Normal,t,215
NIF-REI-SUT-3,Gold Leaf Argentina,Con Filtro,Rubio,Normal,t,229
NIF-REI-SUT-3,Midnight Silk Reino,Sin Filtro,Rubio,Normal,t,320
NIF-REI-SUT-3,Highland Peak Argentina,Sin Filtro,Rubio,Normal,f,59
NIF-REI-SUT-3,Gold Leaf Chile,Sin Filtro,Negro,Normal,t,295
NIF-REI-SUT-3,Silver Lining Chile,Con Filtro,Negro,Normal,t,420
NIF-REI-SUT-3,Midnight Silk Argentina,Con Filtro,Rubio,Normal,f,248
NIF-REI-SUT-3,Amber Haze Chile,Sin Filtro,Rubio,Normal,f,231
NIF-REI-SUT-3,Gold Leaf Alemania,Con Filtro,Rubio,Normal,t,172
NIF-REI-SUT-3,Gold Leaf Argentina,Sin Filtro,Rubio,Normal,f,326
NIF-REI-SUT-3,Royal Blend Chile,Con Filtro,Rubio,SuperLight,f,383
NIF-REI-SUT-3,Urban Classic Japon,Sin Filtro,Rubio,Normal,t,372
NIF-REI-SUT-3,Amber Haze Chile,Con Filtro,Rubio,Normal,t,378
NIF-REI-SUT-3,Silver Lining Alemania,Sin Filtro,Negro,Normal,t,237
NIF-REI-SUT-3,Highland Peak Alemania,Sin Filtro,Negro,Normal,f,447
NIF-REI-SUT-3,Urban Classic Reino,Con Filtro,Rubio,Normal,t,474
NIF-REI-SUT-4,Royal Blend Reino,Con Filtro,Negro,Normal,t,459
NIF-REI-SUT-4,Amber Haze Argentina,Sin Filtro,Negro,Normal,t,167
NIF-REI-SUT-4,Urban Classic Alemania,Con Filtro,Rubio,Normal,t,383
NIF-REI-SUT-4,Urban Classic Japon,Sin Filtro,Negro,Normal,f,391
NIF-REI-SUT-4,Gold Leaf Argentina,Con Filtro,Rubio,Normal,t,357
NIF-REI-SUT-4,Gold Leaf Reino,Con Filtro,Negro,SuperLight,f,315
NIF-REI-SUT-4,Ocean Breeze Reino,Sin Filtro,Negro,Normal,t,293
NIF-REI-SUT-4,Amber Haze Chile,Sin Filtro,Rubio,Normal,f,101
NIF-REI-SUT-4,Amber Haze Chile,Con Filtro,Rubio,Normal,t,407
NIF-REI-SUT-4,Amber Haze Reino,Sin Filtro,Rubio,Normal,t,427
NIF-REI-SUT-4,Urban Classic Chile,Sin Filtro,Rubio,Normal,f,272
NIF-REI-SUT-4,Ocean Breeze Japon,Sin Filtro,Rubio,Normal,t,401
NIF-REI-SUT-4,Gold Leaf Alemania,Sin Filtro,Negro,Normal,t,128
NIF-REI-SUT-5,Highland Peak Reino,Sin Filtro,Rubio,Normal,t,203
NIF-REI-SUT-5,Urban Classic Alemania,Sin Filtro,Negro,Normal,f,154
NIF-REI-SUT-5,Mountain Mist Chile,Sin Filtro,Rubio,Normal,t,123
NIF-REI-SUT-5,Midnight Silk Alemania,Con Filtro,Rubio,Normal,t,204
NIF-REI-SUT-5,Midnight Silk Argentina,Sin Filtro,Negro,Normal,t,335
NIF-REI-SUT-5,Midnight Silk Reino,Sin Filtro,Negro,Normal,t,277
NIF-REI-SUT-5,Mountain Mist Chile,Con Filtro,Rubio,Normal,t,496
NIF-REI-SUT-5,Highland Peak Argentina,Sin Filtro,Negro,Normal,f,199
NIF-REI-SUT-5,Mountain Mist Argentina,Sin Filtro,Negro,Normal,t,411
NIF-REI-SUT-5,Urban Classic Reino,Sin Filtro,Rubio,Normal,f,134
NIF-REI-SUT-5,Ocean Breeze Argentina,Con Filtro,Rubio,Normal,t,343
NIF-REI-SUT-5,Urban Classic Argentina,Sin Filtro,Rubio,Normal,t,484
NIF-REI-SUT-5,Amber Haze Japon,Con Filtro,Rubio,Normal,t,145
NIF-REI-SUT-5,Midnight Silk Japon,Sin Filtro,Rubio,Normal,f,228
NIF-REI-SUT-5,Amber Haze Argentina,Con Filtro,Negro,SuperLight,f,86
NIF-REI-SUT-5,Midnight Silk Argentina,Sin Filtro,Rubio,Normal,f,90
NIF-REI-SUT-5,Ocean Breeze Reino,Con Filtro,Negro,Normal,t,310
NIF-REI-SUT-5,Silver Lining Reino,Con Filtro,Negro,UltraLight,f,113
NIF-REI-SUT-5,Amber Haze Chile,Sin Filtro,Rubio,Normal,t,305
NIF-REI-SUT-5,Ocean Breeze Japon,Sin Filtro,Rubio,Normal,t,175
NIF-REI-SUT-5,Silver Lining Alemania,Con Filtro,Negro,Normal,t,242
NIF-REI-SUT-5,Silver Lining Reino,Con Filtro,Negro,Normal,t,122
NIF-REI-SUT-5,Silver Lining Reino,Con Filtro,Negro,Normal,t,250
NIF-REI-SUT-5,Ocean Breeze Chile,Con Filtro,Rubio,Normal,t,488
NIF-REI-SUT-5,Mountain Mist Reino,Sin Filtro,Negro,Normal,f,116
NIF-REI-SUT-5,Royal Blend Chile,Sin Filtro,Negro,Normal,f,231
NIF-REI-SUT-5,Mountain Mist Japon,Con Filtro,Negro,Normal,t,327
NIF-REI-SUT-6,Silver Lining Chile,Sin Filtro,Rubio,Normal,t,353
NIF-REI-SUT-6,Mountain Mist Argentina,Con Filtro,Negro,UltraLight,f,366
NIF-REI-SUT-6,Royal Blend Alemania,Sin Filtro,Negro,Normal,t,461
NIF-REI-SUT-6,Amber Haze Reino,Sin Filtro,Rubio,Normal,f,91
NIF-REI-SUT-6,Pure Essence Chile,Con Filtro,Rubio,Light,f,158
NIF-REI-SUT-6,Ocean Breeze Chile,Sin Filtro,Rubio,Normal,f,483
NIF-REI-SUT-6,Ocean Breeze Reino,Sin Filtro,Negro,Normal,f,328
NIF-REI-SUT-6,Highland Peak Alemania,Con Filtro,Rubio,SuperLight,f,98
NIF-REI-SUT-6,Ocean Breeze Japon,Sin Filtro,Rubio,Normal,t,352
NIF-REI-SUT-6,Silver Lining Argentina,Sin Filtro,Rubio,Normal,f,213
NIF-REI-SUT-6,Amber Haze Alemania,Sin Filtro,Negro,Normal,t,121
NIF-REI-SUT-6,Royal Blend Japon,Con Filtro,Rubio,SuperLight,f,374
NIF-REI-SUT-6,Royal Blend Reino,Con Filtro,Rubio,Normal,t,406
NIF-REI-SUT-6,Gold Leaf Chile,Con Filtro,Rubio,Normal,t,85
NIF-REI-SUT-6,Silver Lining Alemania,Sin Filtro,Negro,Normal,t,478
NIF-REI-SUT-6,Gold Leaf Chile,Sin Filtro,Negro,Normal,t,194
NIF-REI-SUT-6,Urban Classic Japon,Con Filtro,Rubio,Normal,t,197
NIF-REI-SUT-6,Midnight Silk Chile,Con Filtro,Rubio,Normal,t,363
NIF-REI-SUT-7,Highland Peak Argentina,Con Filtro,Rubio,Normal,f,126
NIF-REI-SUT-7,Amber Haze Alemania,Sin Filtro,Rubio,Normal,t,440
NIF-REI-SUT-7,Mountain Mist Reino,Con Filtro,Rubio,Light,f,169
NIF-REI-SUT-7,Highland Peak Chile,Con Filtro,Negro,Normal,t,314
NIF-REI-SUT-7,Mountain Mist Chile,Sin Filtro,Negro,Normal,f,202
NIF-REI-SUT-7,Royal Blend Alemania,Sin Filtro,Rubio,Normal,f,481
NIF-REI-SUT-7,Urban Classic Chile,Con Filtro,Negro,SuperLight,f,490
NIF-REI-SUT-7,Pure Essence Reino,Con Filtro,Negro,Normal,f,381
NIF-REI-SUT-7,Urban Classic Chile,Sin Filtro,Rubio,Normal,f,423
NIF-REI-SUT-7,Mountain Mist Argentina,Con Filtro,Negro,Light,f,179
NIF-REI-SUT-7,Mountain Mist Reino,Sin Filtro,Negro,Normal,t,465
NIF-REI-SUT-7,Amber Haze Chile,Sin Filtro,Rubio,Normal,f,351
NIF-REI-SUT-8,Silver Lining Argentina,Con Filtro,Negro,Light,f,144
NIF-REI-SUT-8,Ocean Breeze Alemania,Sin Filtro,Negro,Normal,t,117
NIF-REI-SUT-8,Mountain Mist Chile,Sin Filtro,Rubio,Normal,f,437
NIF-REI-SUT-8,Royal Blend Reino,Sin Filtro,Rubio,Normal,t,472
NIF-REI-SUT-8,Mountain Mist Chile,Sin Filtro,Rubio,Normal,f,218
NIF-REI-SUT-8,Pure Essence Chile,Con Filtro,Negro,Normal,t,461
NIF-REI-SUT-8,Urban Classic Chile,Con Filtro,Negro,Normal,t,370
NIF-REI-SUT-8,Silver Lining Chile,Con Filtro,Rubio,Light,f,52
NIF-REI-SUT-8,Urban Classic Alemania,Con Filtro,Rubio,Normal,t,93
NIF-REI-SUT-8,Gold Leaf Argentina,Sin Filtro,Negro,Normal,f,388
NIF-REI-SUT-8,Gold Leaf Japon,Sin Filtro,Rubio,Normal,t,390
NIF-REI-SUT-8,Silver Lining Reino,Con Filtro,Negro,Normal,t,385
NIF-REI-SUT-8,Royal Blend Japon,Sin Filtro,Negro,Normal,t,319
NIF-REI-SUT-8,Mountain Mist Chile,Sin Filtro,Rubio,Normal,f,81
NIF-REI-SUT-8,Midnight Silk Reino,Sin Filtro,Rubio,Normal,f,475
NIF-REI-SUT-8,Royal Blend Japon,Sin Filtro,Rubio,Normal,t,147
NIF-REI-SUT-8,Gold Leaf Japon,Sin Filtro,Negro,Normal,f,398
NIF-REI-SUT-8,Midnight Silk Chile,Con Filtro,Negro,UltraLight,f,267
NIF-REI-SUT-9,Gold Leaf Japon,Sin Filtro,Rubio,Normal,t,306
NIF-REI-SUT-9,Amber Haze Chile,Sin Filtro,Rubio,Normal,f,182
NIF-REI-SUT-9,Silver Lining Reino,Sin Filtro,Negro,Normal,f,195
NIF-REI-SUT-9,Urban Classic Alemania,Sin Filtro,Negro,Normal,f,119
NIF-REI-SUT-9,Ocean Breeze Alemania,Sin Filtro,Rubio,Normal,t,365
NIF-REI-SUT-9,Midnight Silk Alemania,Sin Filtro,Negro,Normal,f,154
NIF-REI-SUT-9,Gold Leaf Reino,Con Filtro,Rubio,Normal,f,263
NIF-REI-SUT-9,Ocean Breeze Japon,Con Filtro,Rubio,Normal,f,422
NIF-REI-SUT-9,Ocean Breeze Argentina,Con Filtro,Negro,Normal,t,331
NIF-REI-SUT-9,Royal Blend Japon,Sin Filtro,Rubio,Normal,t,194
NIF-REI-SUT-9,Midnight Silk Japon,Sin Filtro,Rubio,Normal,f,252
NIF-REI-SUT-9,Gold Leaf Chile,Sin Filtro,Negro,Normal,f,316
NIF-REI-SUT-9,Mountain Mist Argentina,Sin Filtro,Negro,Normal,f,320
NIF-REI-SUT-9,Urban Classic Japon,Sin Filtro,Rubio,Normal,f,489
NIF-REI-SUT-9,Midnight Silk Reino,Con Filtro,Negro,Normal,t,134
NIF-REI-SUT-9,Urban Classic Japon,Sin Filtro,Rubio,Normal,t,458
NIF-REI-SUT-9,Amber Haze Chile,Sin Filtro,Negro,Normal,f,274
NIF-REI-SUT-9,Gold Leaf Alemania,Con Filtro,Rubio,Normal,t,223
NIF-REI-SUT-9,Pure Essence Japon,Sin Filtro,Rubio,Normal,f,402
NIF-REI-SUT-9,Royal Blend Japon,Sin Filtro,Rubio,Normal,t,51
NIF-REI-SUT-9,Midnight Silk Reino,Con Filtro,Negro,UltraLight,f,473
NIF-REI-SUT-9,Ocean Breeze Japon,Sin Filtro,Negro,Normal,f,139
NIF-REI-SUT-9,Highland Peak Reino,Con Filtro,Negro,SuperLight,f,316
NIF-REI-SUT-9,Mountain Mist Chile,Sin Filtro,Rubio,Normal,f,77
NIF-REI-SUT-9,Urban Classic Argentina,Con Filtro,Negro,UltraLight,f,126
NIF-REI-SUT-9,Amber Haze Japon,Con Filtro,Rubio,Normal,t,338
NIF-REI-SUT-9,Mountain Mist Argentina,Sin Filtro,Rubio,Normal,t,103
NIF-REI-SUT-10,Ocean Breeze Reino,Sin Filtro,Negro,Normal,f,298
NIF-REI-SUT-10,Gold Leaf Reino,Sin Filtro,Negro,Normal,f,287
NIF-REI-SUT-10,Midnight Silk Alemania,Con Filtro,Negro,Normal,t,445
NIF-REI-SUT-10,Pure Essence Reino,Sin Filtro,Rubio,Normal,f,98
NIF-REI-SUT-10,Pure Essence Argentina,Con Filtro,Rubio,UltraLight,f,81
NIF-REI-SUT-10,Urban Classic Chile,Sin Filtro,Rubio,Normal,f,337
NIF-REI-SUT-10,Silver Lining Alemania,Sin Filtro,Negro,Normal,f,500
NIF-REI-SUT-10,Ocean Breeze Chile,Con Filtro,Rubio,Normal,t,386
NIF-REI-SUT-10,Urban Classic Argentina,Con Filtro,Rubio,Normal,t,438
NIF-REI-SUT-10,Gold Leaf Alemania,Con Filtro,Rubio,Normal,t,384
NIF-REI-SUT-10,Silver Lining Reino,Con Filtro,Negro,Normal,t,290
NIF-REI-SUT-10,Royal Blend Alemania,Sin Filtro,Rubio,Normal,t,287
NIF-REI-SUT-10,Ocean Breeze Argentina,Con Filtro,Rubio,Normal,t,182
NIF-REI-SUT-10,Gold Leaf Japon,Con Filtro,Rubio,Normal,t,471
NIF-REI-SUT-10,Ocean Breeze Reino,Con Filtro,Negro,Normal,t,388
NIF-REI-SUT-10,Gold Leaf Argentina,Sin Filtro,Negro,Normal,t,319
NIF-REI-SUT-10,Urban Classic Reino,Con Filtro,Negro,Normal,t,498
NIF-REI-SUT-10,Mountain Mist Chile,Sin Filtro,Negro,Normal,f,72
NIF-REI-SUT-10,Mountain Mist Japon,Sin Filtro,Rubio,Normal,t,321
NIF-REI-SUT-10,Midnight Silk Chile,Con Filtro,Negro,Normal,t,264
NIF-REI-SUT-10,Silver Lining Chile,Sin Filtro,Negro,Normal,f,78
NIF-REI-SUT-10,Mountain Mist Alemania,Sin Filtro,Negro,Normal,f,412
NIF-REI-SUT-10,Ocean Breeze Argentina,Con Filtro,Rubio,Light,f,403
NIF-REI-SUT-10,Urban Classic Alemania,Sin Filtro,Negro,Normal,f,364
NIF-REI-SUT-10,Royal Blend Argentina,Con Filtro,Rubio,UltraLight,f,334
NIF-REI-SUT-10,Midnight Silk Alemania,Sin Filtro,Rubio,Normal,f,368
NIF-REI-SUT-10,Urban Classic Chile,Sin Filtro,Negro,Normal,f,324
NIF-REI-SUT-10,Mountain Mist Argentina,Con Filtro,Rubio,SuperLight,f,397
NIF-REI-SUT-10,Urban Classic Alemania,Sin Filtro,Rubio,Normal,f,145
NIF-REI-SUT-11,Highland Peak Japon,Sin Filtro,Rubio,Normal,f,355
NIF-REI-SUT-11,Gold Leaf Japon,Sin Filtro,Rubio,Normal,t,98
NIF-REI-SUT-11,Silver Lining Japon,Sin Filtro,Negro,Normal,f,288
NIF-REI-SUT-11,Silver Lining Alemania,Sin Filtro,Negro,Normal,t,157
NIF-REI-SUT-11,Urban Classic Reino,Sin Filtro,Negro,Normal,f,428
NIF-REI-SUT-11,Gold Leaf Chile,Sin Filtro,Rubio,Normal,t,485
NIF-REI-SUT-11,Highland Peak Alemania,Sin Filtro,Negro,Normal,f,222
NIF-REI-SUT-11,Gold Leaf Japon,Sin Filtro,Negro,Normal,f,157
NIF-REI-SUT-11,Pure Essence Alemania,Con Filtro,Negro,Normal,f,143
NIF-REI-SUT-11,Gold Leaf Reino,Con Filtro,Negro,SuperLight,f,138
NIF-REI-SUT-11,Silver Lining Chile,Sin Filtro,Negro,Normal,f,106
NIF-REI-SUT-11,Gold Leaf Chile,Con Filtro,Rubio,UltraLight,f,274
NIF-REI-SUT-11,Silver Lining Chile,Con Filtro,Rubio,Normal,f,232
NIF-REI-SUT-11,Midnight Silk Reino,Sin Filtro,Rubio,Normal,t,149
NIF-REI-SUT-11,Midnight Silk Chile,Con Filtro,Rubio,Normal,t,374
NIF-REI-SUT-11,Amber Haze Japon,Sin Filtro,Negro,Normal,t,82
NIF-REI-SUT-11,Pure Essence Chile,Con Filtro,Rubio,Light,f,114
NIF-REI-SUT-11,Silver Lining Chile,Con Filtro,Negro,Normal,t,485
NIF-REI-SUT-11,Ocean Breeze Reino,Sin Filtro,Negro,Normal,t,239
NIF-REI-SUT-11,Royal Blend Argentina,Con Filtro,Negro,Normal,t,122
NIF-REI-SUT-11,Highland Peak Alemania,Sin Filtro,Negro,Normal,t,415
NIF-REI-SUT-11,Highland Peak Japon,Sin Filtro,Negro,Normal,t,163
NIF-REI-SUT-11,Highland Peak Reino,Con Filtro,Rubio,Normal,t,412
NIF-REI-SUT-11,Midnight Silk Japon,Sin Filtro,Rubio,Normal,f,164
NIF-REI-SUT-12,Royal Blend Reino,Con Filtro,Negro,Normal,f,230
NIF-REI-SUT-12,Urban Classic Chile,Sin Filtro,Negro,Normal,f,445
NIF-REI-SUT-12,Highland Peak Chile,Con Filtro,Negro,Normal,f,78
NIF-REI-SUT-12,Ocean Breeze Alemania,Sin Filtro,Negro,Normal,t,280
NIF-REI-SUT-12,Amber Haze Argentina,Sin Filtro,Negro,Normal,t,441
NIF-REI-SUT-12,Urban Classic Chile,Sin Filtro,Negro,Normal,t,261
NIF-REI-SUT-12,Midnight Silk Argentina,Sin Filtro,Rubio,Normal,t,430
NIF-REI-SUT-12,Royal Blend Reino,Con Filtro,Negro,Normal,t,329
NIF-REI-SUT-12,Mountain Mist Reino,Sin Filtro,Rubio,Normal,f,62
NIF-REI-SUT-12,Mountain Mist Argentina,Con Filtro,Negro,UltraLight,f,395
NIF-REI-SUT-12,Midnight Silk Chile,Con Filtro,Negro,Normal,t,325
NIF-REI-SUT-12,Amber Haze Alemania,Con Filtro,Negro,Normal,t,335
NIF-REI-SUT-12,Amber Haze Reino,Sin Filtro,Negro,Normal,t,414
NIF-REI-SUT-12,Royal Blend Japon,Sin Filtro,Rubio,Normal,t,276
NIF-REI-SUT-12,Gold Leaf Alemania,Sin Filtro,Negro,Normal,t,335
NIF-REI-SUT-12,Amber Haze Chile,Sin Filtro,Rubio,Normal,f,101
NIF-REI-SUT-12,Urban Classic Reino,Con Filtro,Negro,Normal,t,172
NIF-REI-SUT-12,Gold Leaf Japon,Con Filtro,Rubio,Normal,t,463
NIF-REI-SUT-12,Silver Lining Alemania,Con Filtro,Negro,Normal,t,269
NIF-REI-SUT-12,Mountain Mist Japon,Con Filtro,Rubio,Normal,t,58
NIF-REI-SUT-12,Pure Essence Alemania,Sin Filtro,Rubio,Normal,f,264
NIF-REI-SUT-12,Silver Lining Reino,Con Filtro,Negro,Normal,t,74
NIF-REI-SUT-12,Pure Essence Argentina,Con Filtro,Negro,Normal,t,390
NIF-REI-SUT-12,Amber Haze Chile,Con Filtro,Rubio,Light,f,174
NIF-REI-SUT-12,Mountain Mist Japon,Con Filtro,Negro,Normal,t,217
NIF-REI-SUT-12,Royal Blend Alemania,Sin Filtro,Rubio,Normal,t,77
NIF-REI-SUT-12,Silver Lining Alemania,Sin Filtro,Negro,Normal,f,333
NIF-REI-SUT-13,Gold Leaf Alemania,Con Filtro,Negro,UltraLight,f,308
NIF-REI-SUT-13,Silver Lining Reino,Sin Filtro,Negro,Normal,f,57
NIF-REI-SUT-13,Highland Peak Chile,Con Filtro,Rubio,Normal,f,182
NIF-REI-SUT-13,Gold Leaf Chile,Con Filtro,Rubio,Normal,t,183
NIF-REI-SUT-13,Highland Peak Reino,Con Filtro,Rubio,Normal,t,165
NIF-REI-SUT-13,Pure Essence Japon,Sin Filtro,Negro,Normal,f,469
NIF-REI-SUT-13,Amber Haze Alemania,Con Filtro,Negro,Normal,f,189
NIF-REI-SUT-13,Ocean Breeze Chile,Sin Filtro,Negro,Normal,t,499
NIF-REI-SUT-13,Mountain Mist Japon,Con Filtro,Negro,Normal,t,449
NIF-REI-SUT-13,Mountain Mist Chile,Sin Filtro,Rubio,Normal,t,378
NIF-REI-SUT-13,Silver Lining Argentina,Con Filtro,Rubio,Normal,t,302
NIF-REI-SUT-14,Urban Classic Alemania,Con Filtro,Rubio,Normal,t,116
NIF-REI-SUT-14,Silver Lining Reino,Con Filtro,Negro,Normal,t,395
NIF-REI-SUT-14,Silver Lining Chile,Con Filtro,Rubio,Normal,f,135
NIF-REI-SUT-14,Gold Leaf Japon,Con Filtro,Rubio,Normal,t,95
NIF-REI-SUT-14,Highland Peak Japon,Sin Filtro,Rubio,Normal,t,270
NIF-REI-SUT-14,Silver Lining Chile,Con Filtro,Rubio,Normal,t,255
NIF-REI-SUT-14,Mountain Mist Reino,Sin Filtro,Negro,Normal,t,387
NIF-REI-SUT-14,Royal Blend Japon,Con Filtro,Negro,Normal,t,220
NIF-REI-SUT-14,Ocean Breeze Reino,Con Filtro,Rubio,UltraLight,f,268
NIF-REI-SUT-14,Pure Essence Argentina,Sin Filtro,Rubio,Normal,t,411
NIF-REI-SUT-14,Urban Classic Argentina,Con Filtro,Rubio,Normal,t,147
NIF-REI-SUT-14,Midnight Silk Argentina,Sin Filtro,Rubio,Normal,t,455
NIF-REI-SUT-14,Silver Lining Japon,Sin Filtro,Negro,Normal,f,288
NIF-REI-SUT-14,Amber Haze Japon,Sin Filtro,Negro,Normal,t,461
NIF-REI-SUT-14,Gold Leaf Reino,Con Filtro,Negro,SuperLight,f,220
NIF-REI-SUT-14,Mountain Mist Alemania,Sin Filtro,Negro,Normal,f,292
NIF-REI-SUT-14,Amber Haze Alemania,Sin Filtro,Rubio,Normal,t,152
NIF-REI-SUT-14,Gold Leaf Japon,Con Filtro,Rubio,Normal,t,456
NIF-REI-SUT-14,Ocean Breeze Alemania,Sin Filtro,Rubio,Normal,t,495
NIF-REI-SUT-14,Highland Peak Japon,Con Filtro,Rubio,Light,f,492
NIF-REI-SUT-14,Mountain Mist Reino,Sin Filtro,Rubio,Normal,f,185
NIF-REI-SUT-14,Silver Lining Chile,Con Filtro,Negro,SuperLight,f,255
NIF-REI-SUT-14,Silver Lining Argentina,Con Filtro,Negro,Normal,t,195
NIF-REI-SUT-14,Pure Essence Reino,Sin Filtro,Negro,Normal,f,294
NIF-REI-SUT-14,Royal Blend Argentina,Con Filtro,Rubio,UltraLight,f,173
NIF-REI-SUT-14,Mountain Mist Argentina,Sin Filtro,Negro,Normal,t,81
NIF-REI-SUT-14,Ocean Breeze Reino,Sin Filtro,Negro,Normal,t,289
NIF-REI-SUT-14,Gold Leaf Alemania,Sin Filtro,Rubio,Normal,f,402
NIF-REI-SUT-14,Ocean Breeze Chile,Con Filtro,Negro,Normal,t,90
NIF-REI-SUT-15,Highland Peak Japon,Con Filtro,Negro,Normal,f,203
NIF-REI-SUT-15,Pure Essence Argentina,Sin Filtro,Negro,Normal,f,172
NIF-REI-SUT-15,Royal Blend Alemania,Con Filtro,Rubio,Normal,t,285
NIF-REI-SUT-15,Highland Peak Alemania,Sin Filtro,Rubio,Normal,t,254
NIF-REI-SUT-15,Mountain Mist Alemania,Sin Filtro,Rubio,Normal,t,455
NIF-REI-SUT-15,Gold Leaf Reino,Sin Filtro,Rubio,Normal,t,323
NIF-REI-SUT-15,Mountain Mist Chile,Sin Filtro,Rubio,Normal,f,125
NIF-REI-SUT-15,Pure Essence Japon,Sin Filtro,Rubio,Normal,t,149
NIF-REI-SUT-15,Ocean Breeze Chile,Sin Filtro,Negro,Normal,f,55
NIF-REI-SUT-15,Silver Lining Argentina,Con Filtro,Rubio,Normal,f,112
NIF-REI-SUT-15,Urban Classic Chile,Sin Filtro,Negro,Normal,t,161
NIF-REI-SUT-15,Urban Classic Argentina,Sin Filtro,Negro,Normal,t,383
NIF-REI-SUT-15,Ocean Breeze Japon,Con Filtro,Rubio,Normal,f,496
NIF-REI-SUT-15,Gold Leaf Argentina,Con Filtro,Rubio,Normal,t,363
NIF-REI-SUT-15,Highland Peak Argentina,Con Filtro,Negro,Normal,t,272
NIF-REI-SUT-15,Midnight Silk Japon,Con Filtro,Negro,UltraLight,f,341
NIF-REI-SUT-15,Gold Leaf Alemania,Con Filtro,Rubio,Normal,t,106
NIF-REI-SUT-15,Ocean Breeze Chile,Con Filtro,Rubio,UltraLight,f,433
NIF-REI-SUT-15,Silver Lining Japon,Sin Filtro,Rubio,Normal,f,147
NIF-REI-SUT-15,Pure Essence Argentina,Con Filtro,Rubio,UltraLight,f,221
NIF-REI-SUT-15,Amber Haze Argentina,Con Filtro,Rubio,Light,f,456
NIF-REI-SUT-15,Urban Classic Alemania,Sin Filtro,Rubio,Normal,f,416
NIF-REI-SUT-15,Highland Peak Argentina,Sin Filtro,Rubio,Normal,f,472
NIF-REI-SUT-15,Silver Lining Chile,Con Filtro,Rubio,Normal,t,474
NIF-REI-SUT-15,Midnight Silk Alemania,Sin Filtro,Negro,Normal,t,346
NIF-REI-SUT-15,Urban Classic Japon,Sin Filtro,Rubio,Normal,f,339
NIF-REI-DUD-1,Silver Lining Chile,Sin Filtro,Rubio,Normal,t,393
NIF-REI-DUD-1,Silver Lining Argentina,Con Filtro,Rubio,Normal,t,217
NIF-REI-DUD-1,Royal Blend Reino,Con Filtro,Negro,Normal,f,434
NIF-REI-DUD-1,Pure Essence Chile,Sin Filtro,Rubio,Normal,f,252
NIF-REI-DUD-1,Ocean Breeze Japon,Sin Filtro,Rubio,Normal,t,232
NIF-REI-DUD-1,Highland Peak Chile,Sin Filtro,Negro,Normal,t,480
NIF-REI-DUD-1,Royal Blend Japon,Sin Filtro,Negro,Normal,t,413
NIF-REI-DUD-1,Mountain Mist Chile,Sin Filtro,Rubio,Normal,f,283
NIF-REI-DUD-1,Urban Classic Reino,Con Filtro,Negro,Normal,t,479
NIF-REI-DUD-1,Highland Peak Japon,Sin Filtro,Rubio,Normal,t,220
NIF-REI-DUD-1,Ocean Breeze Argentina,Con Filtro,Rubio,Light,f,394
NIF-REI-DUD-1,Ocean Breeze Argentina,Con Filtro,Negro,SuperLight,f,211
NIF-REI-DUD-1,Amber Haze Japon,Sin Filtro,Rubio,Normal,f,202
NIF-REI-DUD-1,Pure Essence Alemania,Sin Filtro,Rubio,Normal,f,414
NIF-REI-DUD-1,Pure Essence Reino,Sin Filtro,Negro,Normal,f,267
NIF-REI-DUD-1,Ocean Breeze Chile,Con Filtro,Negro,Normal,t,140
NIF-REI-DUD-1,Royal Blend Reino,Con Filtro,Rubio,Normal,t,245
NIF-REI-DUD-1,Royal Blend Argentina,Con Filtro,Negro,SuperLight,f,467
NIF-REI-DUD-1,Pure Essence Alemania,Sin Filtro,Rubio,Normal,t,489
NIF-REI-DUD-1,Royal Blend Japon,Sin Filtro,Negro,Normal,f,301
NIF-REI-DUD-1,Ocean Breeze Argentina,Con Filtro,Negro,Normal,t,257
NIF-REI-DUD-2,Silver Lining Reino,Con Filtro,Rubio,UltraLight,f,179
NIF-REI-DUD-2,Highland Peak Chile,Con Filtro,Negro,Normal,t,417
NIF-REI-DUD-2,Amber Haze Alemania,Sin Filtro,Rubio,Normal,t,380
NIF-REI-DUD-2,Amber Haze Reino,Sin Filtro,Rubio,Normal,t,149
NIF-REI-DUD-2,Amber Haze Japon,Con Filtro,Rubio,Normal,t,110
NIF-REI-DUD-2,Royal Blend Reino,Sin Filtro,Rubio,Normal,t,299
NIF-REI-DUD-2,Mountain Mist Chile,Sin Filtro,Rubio,Normal,f,309
NIF-REI-DUD-2,Gold Leaf Chile,Sin Filtro,Negro,Normal,t,433
NIF-REI-DUD-2,Gold Leaf Reino,Con Filtro,Rubio,Normal,f,444
NIF-REI-DUD-2,Pure Essence Reino,Con Filtro,Negro,Normal,t,430
NIF-REI-DUD-2,Royal Blend Argentina,Con Filtro,Negro,Light,f,473
NIF-REI-DUD-2,Amber Haze Reino,Con Filtro,Negro,Normal,t,144
NIF-REI-DUD-2,Mountain Mist Argentina,Sin Filtro,Negro,Normal,f,292
NIF-REI-DUD-2,Pure Essence Argentina,Con Filtro,Rubio,Normal,t,250
NIF-REI-DUD-2,Amber Haze Reino,Sin Filtro,Rubio,Normal,t,402
NIF-REI-DUD-2,Midnight Silk Japon,Sin Filtro,Negro,Normal,f,89
NIF-REI-DUD-2,Midnight Silk Japon,Con Filtro,Rubio,Normal,f,269
NIF-REI-DUD-2,Silver Lining Chile,Con Filtro,Rubio,Normal,t,255
NIF-REI-DUD-2,Urban Classic Reino,Con Filtro,Rubio,Normal,f,381
NIF-REI-DUD-3,Mountain Mist Reino,Sin Filtro,Negro,Normal,f,340
NIF-REI-DUD-3,Mountain Mist Japon,Con Filtro,Negro,Normal,t,208
NIF-REI-DUD-3,Gold Leaf Alemania,Sin Filtro,Rubio,Normal,f,491
NIF-REI-DUD-3,Ocean Breeze Reino,Sin Filtro,Negro,Normal,f,491
NIF-REI-DUD-3,Gold Leaf Reino,Sin Filtro,Negro,Normal,f,171
NIF-REI-DUD-3,Midnight Silk Japon,Con Filtro,Negro,SuperLight,f,320
NIF-REI-DUD-3,Royal Blend Alemania,Con Filtro,Negro,Light,f,328
NIF-REI-DUD-3,Ocean Breeze Japon,Con Filtro,Rubio,Normal,f,309
NIF-REI-DUD-3,Highland Peak Japon,Sin Filtro,Rubio,Normal,f,259
NIF-REI-DUD-3,Gold Leaf Japon,Sin Filtro,Rubio,Normal,t,275
NIF-REI-DUD-3,Midnight Silk Argentina,Sin Filtro,Negro,Normal,f,310
NIF-REI-DUD-3,Amber Haze Chile,Con Filtro,Rubio,Light,f,430
NIF-REI-DUD-3,Royal Blend Chile,Con Filtro,Rubio,SuperLight,f,210
NIF-REI-DUD-3,Pure Essence Japon,Sin Filtro,Rubio,Normal,t,149
NIF-REI-DUD-3,Gold Leaf Japon,Con Filtro,Negro,SuperLight,f,190
NIF-REI-DUD-4,Mountain Mist Chile,Sin Filtro,Rubio,Normal,f,448
NIF-REI-DUD-4,Royal Blend Japon,Sin Filtro,Rubio,Normal,t,123
NIF-REI-DUD-4,Highland Peak Chile,Con Filtro,Rubio,Normal,f,381
NIF-REI-DUD-4,Ocean Breeze Japon,Sin Filtro,Rubio,Normal,t,153
NIF-REI-DUD-4,Royal Blend Chile,Con Filtro,Rubio,Normal,t,142
NIF-REI-DUD-4,Midnight Silk Chile,Con Filtro,Rubio,Normal,t,123
NIF-REI-DUD-4,Urban Classic Alemania,Sin Filtro,Negro,Normal,f,253
NIF-REI-DUD-4,Pure Essence Japon,Con Filtro,Negro,Normal,t,457
NIF-REI-DUD-4,Highland Peak Reino,Con Filtro,Negro,SuperLight,f,467
NIF-REI-DUD-4,Royal Blend Argentina,Con Filtro,Negro,Normal,t,304
NIF-REI-DUD-4,Mountain Mist Argentina,Con Filtro,Rubio,SuperLight,f,309
NIF-REI-DUD-5,Pure Essence Reino,Sin Filtro,Negro,Normal,t,478
NIF-REI-DUD-5,Amber Haze Chile,Con Filtro,Rubio,SuperLight,f,394
NIF-REI-DUD-5,Highland Peak Chile,Sin Filtro,Negro,Normal,t,67
NIF-REI-DUD-5,Urban Classic Reino,Con Filtro,Negro,Normal,t,193
NIF-REI-DUD-5,Mountain Mist Japon,Con Filtro,Negro,Normal,t,487
NIF-REI-DUD-5,Urban Classic Chile,Con Filtro,Negro,Normal,t,499
NIF-REI-DUD-5,Royal Blend Japon,Sin Filtro,Negro,Normal,t,346
NIF-REI-DUD-5,Mountain Mist Chile,Sin Filtro,Rubio,Normal,f,334
NIF-REI-DUD-5,Midnight Silk Reino,Sin Filtro,Negro,Normal,f,132
NIF-REI-DUD-5,Highland Peak Alemania,Con Filtro,Negro,UltraLight,f,367
NIF-REI-DUD-5,Pure Essence Argentina,Sin Filtro,Negro,Normal,t,78
NIF-REI-DUD-5,Midnight Silk Japon,Con Filtro,Rubio,Light,f,310
NIF-REI-DUD-5,Royal Blend Alemania,Sin Filtro,Rubio,Normal,t,260
NIF-REI-DUD-5,Silver Lining Alemania,Sin Filtro,Negro,Normal,t,420
NIF-REI-DUD-5,Urban Classic Chile,Sin Filtro,Negro,Normal,f,438
NIF-REI-DUD-5,Gold Leaf Chile,Con Filtro,Rubio,UltraLight,f,446
NIF-REI-DUD-5,Mountain Mist Argentina,Sin Filtro,Negro,Normal,t,449
NIF-REI-DUD-5,Royal Blend Argentina,Con Filtro,Negro,Normal,t,269
NIF-REI-DUD-5,Amber Haze Japon,Sin Filtro,Negro,Normal,t,345
NIF-REI-DUD-5,Highland Peak Alemania,Con Filtro,Negro,Normal,f,224
NIF-REI-DUD-5,Pure Essence Argentina,Con Filtro,Rubio,SuperLight,f,330
NIF-REI-DUD-5,Mountain Mist Argentina,Con Filtro,Rubio,SuperLight,f,120
NIF-REI-DUD-5,Midnight Silk Reino,Sin Filtro,Negro,Normal,t,491
NIF-REI-DUD-5,Mountain Mist Argentina,Sin Filtro,Negro,Normal,t,345
NIF-REI-DUD-5,Gold Leaf Chile,Sin Filtro,Negro,Normal,t,414
NIF-REI-DUD-5,Mountain Mist Japon,Con Filtro,Negro,Normal,t,406
NIF-REI-DUD-5,Royal Blend Chile,Sin Filtro,Negro,Normal,f,244
NIF-REI-DUD-5,Midnight Silk Reino,Sin Filtro,Rubio,Normal,t,229
NIF-REI-DUD-5,Urban Classic Reino,Con Filtro,Rubio,Normal,t,158
NIF-REI-DUD-6,Highland Peak Argentina,Con Filtro,Rubio,Normal,f,120
NIF-REI-DUD-6,Urban Classic Alemania,Sin Filtro,Rubio,Normal,f,427
NIF-REI-DUD-6,Ocean Breeze Alemania,Sin Filtro,Rubio,Normal,t,348
NIF-REI-DUD-6,Amber Haze Alemania,Con Filtro,Negro,Normal,t,211
NIF-REI-DUD-6,Urban Classic Reino,Con Filtro,Rubio,Normal,t,246
NIF-REI-DUD-6,Gold Leaf Alemania,Sin Filtro,Rubio,Normal,f,348
NIF-REI-DUD-6,Gold Leaf Japon,Sin Filtro,Rubio,Normal,t,202
NIF-REI-DUD-6,Midnight Silk Japon,Con Filtro,Rubio,Normal,t,113
NIF-REI-DUD-6,Highland Peak Chile,Con Filtro,Negro,Normal,t,466
NIF-REI-DUD-6,Highland Peak Reino,Sin Filtro,Negro,Normal,f,354
NIF-REI-DUD-6,Mountain Mist Reino,Con Filtro,Rubio,SuperLight,f,83
NIF-REI-DUD-6,Ocean Breeze Reino,Sin Filtro,Negro,Normal,t,147
NIF-REI-DUD-6,Amber Haze Argentina,Sin Filtro,Rubio,Normal,f,253
NIF-REI-DUD-6,Royal Blend Argentina,Con Filtro,Negro,Light,f,186
NIF-REI-DUD-6,Gold Leaf Alemania,Con Filtro,Negro,UltraLight,f,255
NIF-REI-DUD-6,Highland Peak Chile,Con Filtro,Negro,Normal,t,77
NIF-REI-DUD-6,Royal Blend Alemania,Con Filtro,Rubio,Normal,t,466
NIF-REI-DUD-6,Pure Essence Argentina,Con Filtro,Negro,Normal,t,152
NIF-REI-DUD-6,Highland Peak Japon,Con Filtro,Rubio,Light,f,412
NIF-REI-DUD-6,Highland Peak Reino,Sin Filtro,Rubio,Normal,t,384
NIF-REI-DUD-6,Gold Leaf Chile,Sin Filtro,Rubio,Normal,f,130
NIF-REI-DUD-6,Royal Blend Reino,Con Filtro,Negro,Normal,f,126
NIF-REI-DUD-7,Silver Lining Chile,Con Filtro,Negro,SuperLight,f,201
NIF-REI-DUD-7,Pure Essence Alemania,Sin Filtro,Rubio,Normal,t,184
NIF-REI-DUD-7,Amber Haze Japon,Sin Filtro,Negro,Normal,t,492
NIF-REI-DUD-7,Gold Leaf Reino,Con Filtro,Negro,SuperLight,f,280
NIF-REI-DUD-7,Mountain Mist Chile,Sin Filtro,Rubio,Normal,f,313
NIF-REI-DUD-7,Mountain Mist Chile,Sin Filtro,Rubio,Normal,t,232
NIF-REI-DUD-7,Ocean Breeze Reino,Sin Filtro,Negro,Normal,f,476
NIF-REI-DUD-7,Mountain Mist Alemania,Sin Filtro,Negro,Normal,f,498
NIF-REI-DUD-7,Silver Lining Reino,Sin Filtro,Rubio,Normal,f,285
NIF-REI-DUD-7,Gold Leaf Chile,Sin Filtro,Rubio,Normal,f,194
NIF-REI-DUD-7,Midnight Silk Reino,Sin Filtro,Negro,Normal,t,281
NIF-REI-DUD-7,Mountain Mist Reino,Sin Filtro,Negro,Normal,f,284
NIF-REI-DUD-7,Ocean Breeze Alemania,Sin Filtro,Rubio,Normal,t,53
NIF-REI-DUD-7,Midnight Silk Japon,Sin Filtro,Negro,Normal,f,109
NIF-REI-DUD-7,Royal Blend Chile,Con Filtro,Negro,Normal,t,141
NIF-REI-DUD-7,Midnight Silk Argentina,Sin Filtro,Negro,Normal,f,371
NIF-REI-DUD-7,Highland Peak Reino,Con Filtro,Rubio,Normal,t,121
NIF-REI-DUD-7,Royal Blend Japon,Sin Filtro,Rubio,Normal,f,307
NIF-REI-DUD-7,Gold Leaf Argentina,Sin Filtro,Rubio,Normal,f,414
NIF-REI-DUD-7,Highland Peak Japon,Sin Filtro,Rubio,Normal,f,448
NIF-REI-DUD-7,Ocean Breeze Reino,Sin Filtro,Negro,Normal,t,458
NIF-REI-DUD-7,Urban Classic Reino,Sin Filtro,Rubio,Normal,f,203
NIF-REI-DUD-7,Gold Leaf Alemania,Sin Filtro,Rubio,Normal,f,295
NIF-REI-DUD-7,Silver Lining Reino,Con Filtro,Rubio,UltraLight,f,52
NIF-REI-DUD-7,Silver Lining Reino,Sin Filtro,Negro,Normal,f,389
NIF-REI-DUD-7,Urban Classic Chile,Sin Filtro,Negro,Normal,t,115
NIF-REI-DUD-7,Mountain Mist Japon,Con Filtro,Negro,Normal,t,337
NIF-REI-DUD-7,Gold Leaf Alemania,Con Filtro,Negro,Light,f,454
NIF-REI-DUD-8,Highland Peak Reino,Con Filtro,Rubio,Normal,t,451
NIF-REI-DUD-8,Gold Leaf Argentina,Sin Filtro,Rubio,Normal,t,385
NIF-REI-DUD-8,Silver Lining Japon,Sin Filtro,Negro,Normal,f,269
NIF-REI-DUD-8,Gold Leaf Argentina,Sin Filtro,Rubio,Normal,f,346
NIF-REI-DUD-8,Midnight Silk Alemania,Sin Filtro,Rubio,Normal,t,396
NIF-REI-DUD-8,Gold Leaf Chile,Con Filtro,Rubio,Normal,t,422
NIF-REI-DUD-8,Pure Essence Alemania,Con Filtro,Rubio,UltraLight,f,432
NIF-REI-DUD-8,Gold Leaf Reino,Con Filtro,Rubio,Normal,t,149
NIF-REI-DUD-8,Ocean Breeze Reino,Sin Filtro,Rubio,Normal,f,398
NIF-REI-DUD-8,Mountain Mist Reino,Con Filtro,Rubio,UltraLight,f,400
NIF-REI-DUD-8,Pure Essence Alemania,Sin Filtro,Rubio,Normal,t,285
NIF-REI-DUD-8,Midnight Silk Reino,Sin Filtro,Rubio,Normal,t,422
NIF-REI-DUD-8,Pure Essence Argentina,Sin Filtro,Rubio,Normal,t,455
NIF-REI-DUD-8,Ocean Breeze Japon,Sin Filtro,Rubio,Normal,t,72
NIF-REI-DUD-8,Ocean Breeze Japon,Sin Filtro,Negro,Normal,f,310
NIF-REI-DUD-8,Pure Essence Reino,Sin Filtro,Rubio,Normal,f,438
NIF-REI-DUD-8,Pure Essence Reino,Con Filtro,Rubio,Normal,f,157
NIF-REI-DUD-8,Highland Peak Japon,Sin Filtro,Rubio,Normal,t,241
NIF-REI-DUD-8,Gold Leaf Argentina,Sin Filtro,Negro,Normal,f,117
NIF-REI-DUD-8,Mountain Mist Chile,Con Filtro,Rubio,Normal,t,139
NIF-REI-DUD-8,Amber Haze Japon,Sin Filtro,Rubio,Normal,f,412
NIF-REI-DUD-8,Amber Haze Reino,Con Filtro,Rubio,Normal,t,373
NIF-REI-DUD-8,Gold Leaf Japon,Con Filtro,Rubio,UltraLight,f,373
NIF-REI-DUD-8,Midnight Silk Reino,Con Filtro,Negro,Normal,t,202
NIF-REI-DUD-8,Urban Classic Japon,Con Filtro,Negro,SuperLight,f,132
NIF-REI-DUD-8,Gold Leaf Japon,Sin Filtro,Rubio,Normal,t,90
NIF-REI-DUD-8,Royal Blend Japon,Sin Filtro,Rubio,Normal,t,160
NIF-REI-DUD-8,Royal Blend Reino,Con Filtro,Negro,SuperLight,f,374
NIF-REI-DUD-9,Royal Blend Reino,Con Filtro,Rubio,Normal,t,84
NIF-REI-DUD-9,Urban Classic Reino,Con Filtro,Rubio,Normal,t,214
NIF-REI-DUD-9,Mountain Mist Japon,Con Filtro,Negro,Normal,t,191
NIF-REI-DUD-9,Mountain Mist Alemania,Sin Filtro,Negro,Normal,f,226
NIF-REI-DUD-9,Royal Blend Argentina,Con Filtro,Rubio,UltraLight,f,353
NIF-REI-DUD-9,Royal Blend Argentina,Con Filtro,Rubio,Light,f,52
NIF-REI-DUD-9,Silver Lining Reino,Con Filtro,Negro,UltraLight,f,374
NIF-REI-DUD-9,Gold Leaf Reino,Con Filtro,Rubio,Normal,f,444
NIF-REI-DUD-9,Midnight Silk Argentina,Sin Filtro,Negro,Normal,f,105
NIF-REI-DUD-9,Pure Essence Argentina,Con Filtro,Rubio,UltraLight,f,349
NIF-REI-DUD-9,Gold Leaf Argentina,Con Filtro,Rubio,Light,f,174
NIF-REI-DUD-9,Gold Leaf Argentina,Con Filtro,Rubio,Normal,t,311
NIF-REI-DUD-9,Urban Classic Alemania,Sin Filtro,Rubio,Normal,t,346
NIF-REI-DUD-9,Midnight Silk Alemania,Sin Filtro,Rubio,Normal,f,272
NIF-REI-DUD-9,Amber Haze Argentina,Sin Filtro,Rubio,Normal,t,87
NIF-REI-DUD-9,Royal Blend Alemania,Sin Filtro,Rubio,Normal,t,124
NIF-REI-DUD-9,Silver Lining Argentina,Con Filtro,Rubio,Normal,t,451
NIF-REI-DUD-9,Amber Haze Reino,Sin Filtro,Rubio,Normal,t,180
NIF-REI-DUD-9,Pure Essence Argentina,Sin Filtro,Negro,Normal,t,253
NIF-REI-DUD-9,Pure Essence Chile,Con Filtro,Negro,SuperLight,f,268
NIF-REI-DUD-9,Mountain Mist Alemania,Sin Filtro,Rubio,Normal,t,162
NIF-REI-DUD-9,Royal Blend Chile,Con Filtro,Rubio,Normal,t,215
NIF-REI-DUD-9,Silver Lining Alemania,Sin Filtro,Negro,Normal,f,293
NIF-REI-DUD-9,Highland Peak Chile,Con Filtro,Rubio,Normal,f,429
NIF-REI-DUD-9,Gold Leaf Reino,Con Filtro,Negro,Light,f,422
NIF-REI-DUD-9,Ocean Breeze Reino,Sin Filtro,Negro,Normal,f,107
NIF-REI-DUD-9,Pure Essence Argentina,Con Filtro,Rubio,Normal,t,443
NIF-REI-DUD-9,Silver Lining Chile,Con Filtro,Rubio,Light,f,493
NIF-REI-DUD-10,Midnight Silk Japon,Con Filtro,Rubio,Light,f,54
NIF-REI-DUD-10,Midnight Silk Argentina,Sin Filtro,Rubio,Normal,f,408
NIF-REI-DUD-10,Urban Classic Chile,Sin Filtro,Rubio,Normal,f,160
NIF-REI-DUD-10,Pure Essence Alemania,Sin Filtro,Rubio,Normal,f,119
NIF-REI-DUD-10,Silver Lining Alemania,Sin Filtro,Negro,Normal,f,429
NIF-REI-DUD-10,Urban Classic Japon,Con Filtro,Rubio,Normal,t,451
NIF-REI-DUD-10,Amber Haze Chile,Con Filtro,Rubio,SuperLight,f,280
NIF-REI-DUD-10,Ocean Breeze Alemania,Sin Filtro,Rubio,Normal,t,161
NIF-REI-DUD-10,Pure Essence Alemania,Sin Filtro,Rubio,Normal,t,253
NIF-REI-DUD-10,Highland Peak Argentina,Sin Filtro,Rubio,Normal,f,52
NIF-REI-DUD-10,Ocean Breeze Argentina,Con Filtro,Rubio,Normal,t,113
NIF-REI-DUD-10,Pure Essence Alemania,Sin Filtro,Negro,Normal,f,473
NIF-REI-DUD-10,Urban Classic Alemania,Sin Filtro,Rubio,Normal,t,152
NIF-REI-DUD-10,Royal Blend Japon,Sin Filtro,Negro,Normal,f,175
NIF-REI-DUD-10,Mountain Mist Alemania,Sin Filtro,Rubio,Normal,t,91
NIF-REI-DUD-10,Silver Lining Argentina,Sin Filtro,Rubio,Normal,f,321
NIF-REI-DUD-10,Highland Peak Alemania,Sin Filtro,Negro,Normal,f,313
NIF-REI-DUD-10,Highland Peak Japon,Sin Filtro,Negro,Normal,f,54
NIF-REI-DUD-10,Royal Blend Reino,Con Filtro,Rubio,Normal,t,446
NIF-REI-DUD-10,Royal Blend Reino,Con Filtro,Rubio,Normal,t,325
NIF-REI-DUD-10,Silver Lining Japon,Sin Filtro,Negro,Normal,f,399
NIF-REI-DUD-10,Gold Leaf Japon,Sin Filtro,Negro,Normal,f,403
NIF-REI-DUD-10,Gold Leaf Reino,Sin Filtro,Rubio,Normal,t,175
NIF-REI-DUD-10,Amber Haze Argentina,Con Filtro,Negro,Normal,t,282
NIF-REI-DUD-11,Amber Haze Alemania,Sin Filtro,Rubio,Normal,f,155
NIF-REI-DUD-11,Pure Essence Reino,Sin Filtro,Negro,Normal,t,407
NIF-REI-DUD-11,Gold Leaf Reino,Con Filtro,Negro,SuperLight,f,395
NIF-REI-DUD-11,Highland Peak Alemania,Con Filtro,Rubio,SuperLight,f,59
NIF-REI-DUD-11,Midnight Silk Chile,Con Filtro,Rubio,Normal,t,474
NIF-REI-DUD-11,Ocean Breeze Reino,Con Filtro,Rubio,UltraLight,f,422
NIF-REI-DUD-11,Gold Leaf Argentina,Sin Filtro,Rubio,Normal,t,327
NIF-REI-DUD-11,Royal Blend Chile,Sin Filtro,Negro,Normal,f,108
NIF-REI-DUD-11,Urban Classic Argentina,Con Filtro,Rubio,Normal,t,196
NIF-REI-DUD-11,Urban Classic Japon,Sin Filtro,Rubio,Normal,f,345
NIF-REI-DUD-11,Urban Classic Japon,Sin Filtro,Rubio,Normal,t,129
NIF-REI-DUD-11,Amber Haze Reino,Sin Filtro,Rubio,Normal,t,61
NIF-REI-DUD-11,Highland Peak Chile,Sin Filtro,Rubio,Normal,f,114
NIF-REI-DUD-11,Royal Blend Argentina,Sin Filtro,Negro,Normal,f,236
NIF-REI-DUD-11,Mountain Mist Alemania,Sin Filtro,Negro,Normal,t,453
NIF-REI-DUD-11,Highland Peak Japon,Sin Filtro,Rubio,Normal,t,312
NIF-REI-DUD-11,Highland Peak Reino,Con Filtro,Rubio,Normal,t,457
NIF-REI-DUD-11,Midnight Silk Reino,Sin Filtro,Rubio,Normal,t,216
NIF-REI-DUD-12,Amber Haze Japon,Con Filtro,Rubio,Light,f,342
NIF-REI-DUD-12,Urban Classic Chile,Sin Filtro,Rubio,Normal,f,360
NIF-REI-DUD-12,Royal Blend Chile,Con Filtro,Rubio,Normal,t,472
NIF-REI-DUD-12,Pure Essence Reino,Sin Filtro,Rubio,Normal,f,473
NIF-REI-DUD-12,Mountain Mist Japon,Sin Filtro,Rubio,Normal,f,265
NIF-REI-DUD-12,Mountain Mist Alemania,Sin Filtro,Negro,Normal,t,125
NIF-REI-DUD-12,Pure Essence Alemania,Con Filtro,Rubio,UltraLight,f,308
NIF-REI-DUD-12,Pure Essence Alemania,Sin Filtro,Rubio,Normal,t,99
NIF-REI-DUD-12,Ocean Breeze Reino,Sin Filtro,Negro,Normal,t,140
NIF-REI-DUD-12,Mountain Mist Argentina,Con Filtro,Rubio,SuperLight,f,196
NIF-REI-DUD-12,Silver Lining Argentina,Sin Filtro,Rubio,Normal,f,258
NIF-REI-DUD-12,Highland Peak Alemania,Con Filtro,Rubio,Normal,f,213
NIF-REI-DUD-12,Urban Classic Reino,Con Filtro,Rubio,Normal,t,259
NIF-REI-DUD-12,Gold Leaf Reino,Sin Filtro,Negro,Normal,f,365
NIF-REI-DUD-12,Mountain Mist Chile,Sin Filtro,Rubio,Normal,f,444
NIF-REI-DUD-12,Mountain Mist Argentina,Con Filtro,Rubio,Normal,t,466
NIF-REI-DUD-12,Ocean Breeze Japon,Sin Filtro,Rubio,Normal,t,326
NIF-REI-DUD-12,Gold Leaf Argentina,Con Filtro,Negro,Normal,t,157
NIF-REI-DUD-12,Highland Peak Reino,Con Filtro,Rubio,Normal,t,251
NIF-REI-DUD-12,Midnight Silk Chile,Sin Filtro,Rubio,Normal,f,479
NIF-REI-DUD-12,Mountain Mist Alemania,Sin Filtro,Negro,Normal,f,264
NIF-REI-DUD-12,Royal Blend Argentina,Con Filtro,Rubio,UltraLight,f,385
NIF-REI-DUD-12,Mountain Mist Argentina,Sin Filtro,Negro,Normal,f,193
NIF-REI-DUD-13,Silver Lining Reino,Con Filtro,Negro,Normal,t,393
NIF-REI-DUD-13,Royal Blend Argentina,Con Filtro,Rubio,UltraLight,f,336
NIF-REI-DUD-13,Mountain Mist Reino,Sin Filtro,Negro,Normal,t,182
NIF-REI-DUD-13,Royal Blend Chile,Sin Filtro,Negro,Normal,f,470
NIF-REI-DUD-13,Midnight Silk Argentina,Sin Filtro,Negro,Normal,t,294
NIF-REI-DUD-13,Mountain Mist Reino,Sin Filtro,Rubio,Normal,f,164
NIF-REI-DUD-13,Gold Leaf Argentina,Con Filtro,Rubio,Light,f,184
NIF-REI-DUD-13,Midnight Silk Japon,Con Filtro,Rubio,Light,f,389
NIF-REI-DUD-13,Midnight Silk Reino,Con Filtro,Negro,SuperLight,f,209
NIF-REI-DUD-13,Gold Leaf Reino,Con Filtro,Negro,SuperLight,f,283
NIF-REI-DUD-13,Silver Lining Argentina,Con Filtro,Negro,Normal,t,316
NIF-REI-DUD-13,Pure Essence Chile,Con Filtro,Negro,Normal,t,383
NIF-REI-DUD-13,Highland Peak Argentina,Sin Filtro,Negro,Normal,f,108
NIF-REI-DUD-14,Highland Peak Argentina,Con Filtro,Rubio,SuperLight,f,346
NIF-REI-DUD-14,Gold Leaf Reino,Con Filtro,Negro,Light,f,381
NIF-REI-DUD-14,Silver Lining Reino,Con Filtro,Negro,Normal,t,351
NIF-REI-DUD-14,Ocean Breeze Chile,Sin Filtro,Negro,Normal,f,149
NIF-REI-DUD-14,Amber Haze Chile,Con Filtro,Rubio,Normal,t,105
NIF-REI-DUD-14,Mountain Mist Argentina,Con Filtro,Negro,UltraLight,f,466
NIF-REI-DUD-14,Highland Peak Argentina,Con Filtro,Negro,Normal,t,123
NIF-REI-DUD-14,Ocean Breeze Japon,Sin Filtro,Negro,Normal,t,496
NIF-REI-DUD-14,Gold Leaf Reino,Con Filtro,Negro,SuperLight,f,174
NIF-REI-DUD-14,Ocean Breeze Alemania,Sin Filtro,Negro,Normal,t,407
NIF-REI-DUD-14,Pure Essence Reino,Con Filtro,Negro,Normal,f,78
NIF-REI-DUD-14,Royal Blend Alemania,Sin Filtro,Rubio,Normal,f,379
NIF-REI-DUD-14,Midnight Silk Japon,Con Filtro,Rubio,Normal,t,200
NIF-REI-DUD-14,Urban Classic Chile,Con Filtro,Negro,SuperLight,f,319
NIF-REI-DUD-14,Amber Haze Japon,Sin Filtro,Negro,Normal,t,252
NIF-REI-DUD-14,Midnight Silk Reino,Con Filtro,Negro,UltraLight,f,400
NIF-REI-DUD-14,Midnight Silk Japon,Sin Filtro,Rubio,Normal,f,290
NIF-REI-DUD-14,Highland Peak Alemania,Sin Filtro,Rubio,Normal,f,214
NIF-REI-DUD-14,Amber Haze Chile,Con Filtro,Negro,Light,f,391
NIF-REI-DUD-14,Pure Essence Japon,Sin Filtro,Negro,Normal,f,184
NIF-REI-DUD-14,Pure Essence Reino,Sin Filtro,Rubio,Normal,t,230
NIF-REI-DUD-14,Pure Essence Argentina,Con Filtro,Negro,Normal,t,233
NIF-REI-DUD-15,Ocean Breeze Chile,Sin Filtro,Negro,Normal,f,448
NIF-REI-DUD-15,Urban Classic Chile,Sin Filtro,Rubio,Normal,f,493
NIF-REI-DUD-15,Mountain Mist Japon,Con Filtro,Rubio,Normal,t,382
NIF-REI-DUD-15,Highland Peak Japon,Sin Filtro,Negro,Normal,f,53
NIF-REI-DUD-15,Ocean Breeze Argentina,Con Filtro,Rubio,Normal,t,467
NIF-REI-DUD-15,Urban Classic Alemania,Sin Filtro,Rubio,Normal,t,499
NIF-REI-DUD-15,Mountain Mist Japon,Con Filtro,Rubio,Light,f,380
NIF-REI-DUD-15,Urban Classic Alemania,Sin Filtro,Negro,Normal,f,143
NIF-REI-DUD-15,Urban Classic Reino,Con Filtro,Negro,Normal,t,336
NIF-REI-DUD-15,Amber Haze Alemania,Sin Filtro,Rubio,Normal,f,497
NIF-REI-DUD-15,Midnight Silk Alemania,Sin Filtro,Negro,Normal,t,60
NIF-REI-DUD-15,Midnight Silk Japon,Sin Filtro,Rubio,Normal,f,141
NIF-REI-DUD-15,Highland Peak Chile,Con Filtro,Negro,Normal,t,350
NIF-REI-DUD-15,Mountain Mist Alemania,Sin Filtro,Negro,Normal,f,84
NIF-REI-DUD-15,Amber Haze Alemania,Sin Filtro,Rubio,Normal,f,449
NIF-REI-DUD-15,Ocean Breeze Reino,Sin Filtro,Negro,Normal,t,187
NIF-REI-DUD-15,Midnight Silk Argentina,Sin Filtro,Rubio,Normal,f,149
NIF-REI-DUD-15,Pure Essence Alemania,Con Filtro,Rubio,UltraLight,f,324
NIF-REI-DUD-15,Ocean Breeze Reino,Sin Filtro,Negro,Normal,t,378
NIF-REI-DUD-15,Midnight Silk Chile,Con Filtro,Negro,Normal,t,416
NIF-REI-DUD-15,Urban Classic Chile,Sin Filtro,Negro,Normal,f,217
NIF-ALE-MUN-1,Mountain Mist Japon,Con Filtro,Negro,Normal,t,262
NIF-ALE-MUN-1,Royal Blend Reino,Con Filtro,Rubio,Normal,t,248
NIF-ALE-MUN-1,Amber Haze Reino,Sin Filtro,Rubio,Normal,t,407
NIF-ALE-MUN-1,Urban Classic Reino,Con Filtro,Rubio,Normal,f,361
NIF-ALE-MUN-1,Amber Haze Reino,Sin Filtro,Rubio,Normal,t,299
NIF-ALE-MUN-1,Gold Leaf Argentina,Con Filtro,Rubio,Normal,t,178
NIF-ALE-MUN-1,Amber Haze Japon,Con Filtro,Rubio,Normal,t,308
NIF-ALE-MUN-1,Gold Leaf Japon,Con Filtro,Rubio,Normal,f,129
NIF-ALE-MUN-1,Highland Peak Japon,Sin Filtro,Rubio,Normal,f,104
NIF-ALE-MUN-1,Urban Classic Japon,Con Filtro,Rubio,Light,f,89
NIF-ALE-MUN-1,Ocean Breeze Argentina,Con Filtro,Rubio,Normal,t,157
NIF-ALE-MUN-1,Urban Classic Argentina,Sin Filtro,Negro,Normal,f,474
NIF-ALE-MUN-1,Midnight Silk Reino,Sin Filtro,Rubio,Normal,f,416
NIF-ALE-MUN-1,Gold Leaf Alemania,Sin Filtro,Negro,Normal,t,449
NIF-ALE-MUN-1,Pure Essence Japon,Sin Filtro,Negro,Normal,t,174
NIF-ALE-MUN-1,Midnight Silk Argentina,Sin Filtro,Rubio,Normal,f,245
NIF-ALE-MUN-1,Highland Peak Alemania,Con Filtro,Rubio,SuperLight,f,305
NIF-ALE-MUN-1,Silver Lining Argentina,Con Filtro,Rubio,Normal,t,320
NIF-ALE-MUN-1,Urban Classic Argentina,Con Filtro,Negro,UltraLight,f,499
NIF-ALE-MUN-1,Pure Essence Alemania,Sin Filtro,Rubio,Normal,t,160
NIF-ALE-MUN-2,Urban Classic Chile,Sin Filtro,Rubio,Normal,f,279
NIF-ALE-MUN-2,Ocean Breeze Reino,Sin Filtro,Negro,Normal,t,268
NIF-ALE-MUN-2,Royal Blend Japon,Con Filtro,Negro,Normal,t,180
NIF-ALE-MUN-2,Highland Peak Japon,Con Filtro,Rubio,Light,f,122
NIF-ALE-MUN-2,Mountain Mist Alemania,Sin Filtro,Rubio,Normal,t,436
NIF-ALE-MUN-2,Midnight Silk Argentina,Sin Filtro,Rubio,Normal,t,181
NIF-ALE-MUN-2,Amber Haze Japon,Sin Filtro,Rubio,Normal,f,277
NIF-ALE-MUN-2,Pure Essence Argentina,Sin Filtro,Rubio,Normal,t,211
NIF-ALE-MUN-2,Mountain Mist Argentina,Con Filtro,Rubio,SuperLight,f,169
NIF-ALE-MUN-2,Highland Peak Reino,Sin Filtro,Negro,Normal,f,205
NIF-ALE-MUN-2,Ocean Breeze Reino,Con Filtro,Negro,Normal,t,466
NIF-ALE-MUN-2,Gold Leaf Chile,Sin Filtro,Negro,Normal,f,270
NIF-ALE-MUN-2,Mountain Mist Alemania,Sin Filtro,Rubio,Normal,f,337
NIF-ALE-MUN-2,Pure Essence Chile,Con Filtro,Rubio,SuperLight,f,381
NIF-ALE-MUN-2,Royal Blend Japon,Sin Filtro,Rubio,Normal,f,121
NIF-ALE-MUN-2,Midnight Silk Japon,Con Filtro,Rubio,Normal,f,439
NIF-ALE-MUN-2,Pure Essence Alemania,Sin Filtro,Rubio,Normal,f,62
NIF-ALE-MUN-2,Highland Peak Chile,Con Filtro,Rubio,Normal,f,439
NIF-ALE-MUN-2,Amber Haze Reino,Con Filtro,Rubio,Normal,t,94
NIF-ALE-MUN-2,Silver Lining Japon,Con Filtro,Negro,UltraLight,f,471
NIF-ALE-MUN-2,Ocean Breeze Chile,Sin Filtro,Negro,Normal,t,290
NIF-ALE-MUN-2,Urban Classic Argentina,Sin Filtro,Rubio,Normal,f,447
NIF-ALE-MUN-2,Mountain Mist Reino,Sin Filtro,Negro,Normal,f,238
NIF-ALE-MUN-2,Gold Leaf Japon,Con Filtro,Rubio,Normal,t,304
NIF-ALE-MUN-2,Midnight Silk Chile,Con Filtro,Negro,Normal,t,60
NIF-ALE-MUN-2,Mountain Mist Reino,Sin Filtro,Negro,Normal,t,343
NIF-ALE-MUN-2,Highland Peak Japon,Sin Filtro,Rubio,Normal,f,200
NIF-ALE-MUN-2,Highland Peak Alemania,Sin Filtro,Rubio,Normal,t,394
NIF-ALE-MUN-2,Royal Blend Chile,Con Filtro,Rubio,SuperLight,f,464
NIF-ALE-MUN-3,Ocean Breeze Alemania,Sin Filtro,Rubio,Normal,t,98
NIF-ALE-MUN-3,Highland Peak Argentina,Con Filtro,Negro,Normal,t,358
NIF-ALE-MUN-3,Silver Lining Argentina,Con Filtro,Rubio,Normal,t,119
NIF-ALE-MUN-3,Royal Blend Reino,Con Filtro,Rubio,Normal,t,485
NIF-ALE-MUN-3,Gold Leaf Chile,Sin Filtro,Negro,Normal,f,213
NIF-ALE-MUN-3,Silver Lining Reino,Con Filtro,Rubio,UltraLight,f,374
NIF-ALE-MUN-3,Highland Peak Japon,Sin Filtro,Negro,Normal,t,319
NIF-ALE-MUN-3,Pure Essence Argentina,Con Filtro,Rubio,Normal,t,242
NIF-ALE-MUN-3,Urban Classic Chile,Con Filtro,Negro,UltraLight,f,272
NIF-ALE-MUN-3,Mountain Mist Chile,Sin Filtro,Rubio,Normal,t,387
NIF-ALE-MUN-3,Gold Leaf Japon,Sin Filtro,Negro,Normal,f,271
NIF-ALE-MUN-3,Royal Blend Chile,Con Filtro,Rubio,Normal,t,117
NIF-ALE-MUN-3,Gold Leaf Chile,Sin Filtro,Negro,Normal,t,327
NIF-ALE-MUN-3,Amber Haze Argentina,Sin Filtro,Negro,Normal,t,273
NIF-ALE-MUN-3,Ocean Breeze Reino,Sin Filtro,Negro,Normal,t,292
NIF-ALE-MUN-3,Highland Peak Japon,Sin Filtro,Rubio,Normal,t,159
NIF-ALE-MUN-3,Midnight Silk Alemania,Sin Filtro,Negro,Normal,f,402
NIF-ALE-MUN-3,Midnight Silk Japon,Con Filtro,Rubio,Normal,f,160
NIF-ALE-MUN-3,Highland Peak Reino,Sin Filtro,Rubio,Normal,t,182
NIF-ALE-MUN-3,Ocean Breeze Chile,Con Filtro,Negro,Normal,t,211
NIF-ALE-MUN-3,Gold Leaf Argentina,Sin Filtro,Rubio,Normal,f,150
NIF-ALE-MUN-4,Urban Classic Alemania,Sin Filtro,Negro,Normal,t,312
NIF-ALE-MUN-4,Silver Lining Japon,Con Filtro,Negro,Normal,t,492
NIF-ALE-MUN-4,Gold Leaf Alemania,Sin Filtro,Rubio,Normal,f,234
NIF-ALE-MUN-4,Royal Blend Alemania,Con Filtro,Negro,Normal,t,426
NIF-ALE-MUN-4,Gold Leaf Alemania,Con Filtro,Rubio,Normal,t,242
NIF-ALE-MUN-4,Royal Blend Alemania,Sin Filtro,Rubio,Normal,f,188
NIF-ALE-MUN-4,Royal Blend Japon,Sin Filtro,Negro,Normal,f,293
NIF-ALE-MUN-4,Ocean Breeze Alemania,Con Filtro,Negro,Light,f,375
NIF-ALE-MUN-4,Amber Haze Alemania,Con Filtro,Negro,Normal,f,306
NIF-ALE-MUN-4,Mountain Mist Japon,Sin Filtro,Negro,Normal,t,438
NIF-ALE-MUN-4,Urban Classic Argentina,Sin Filtro,Rubio,Normal,f,291
NIF-ALE-MUN-4,Gold Leaf Chile,Sin Filtro,Negro,Normal,f,121
NIF-ALE-MUN-4,Midnight Silk Japon,Con Filtro,Rubio,Normal,t,462
NIF-ALE-MUN-4,Ocean Breeze Argentina,Con Filtro,Negro,Normal,t,355
NIF-ALE-MUN-4,Ocean Breeze Argentina,Con Filtro,Negro,Normal,t,155
NIF-ALE-MUN-4,Ocean Breeze Argentina,Con Filtro,Negro,SuperLight,f,71
NIF-ALE-MUN-4,Highland Peak Argentina,Sin Filtro,Rubio,Normal,f,465
NIF-ALE-MUN-4,Royal Blend Alemania,Sin Filtro,Rubio,Normal,t,78
NIF-ALE-MUN-5,Ocean Breeze Reino,Sin Filtro,Negro,Normal,t,286
NIF-ALE-MUN-5,Midnight Silk Alemania,Sin Filtro,Negro,Normal,t,52
NIF-ALE-MUN-5,Royal Blend Argentina,Con Filtro,Negro,Normal,t,395
NIF-ALE-MUN-5,Highland Peak Alemania,Sin Filtro,Rubio,Normal,f,100
NIF-ALE-MUN-5,Ocean Breeze Reino,Sin Filtro,Negro,Normal,f,294
NIF-ALE-MUN-5,Pure Essence Japon,Sin Filtro,Negro,Normal,t,423
NIF-ALE-MUN-5,Amber Haze Argentina,Con Filtro,Negro,Normal,t,445
NIF-ALE-MUN-5,Silver Lining Alemania,Sin Filtro,Rubio,Normal,f,300
NIF-ALE-MUN-5,Silver Lining Argentina,Con Filtro,Negro,Normal,t,348
NIF-ALE-MUN-5,Highland Peak Alemania,Sin Filtro,Negro,Normal,t,151
NIF-ALE-MUN-5,Highland Peak Chile,Con Filtro,Rubio,SuperLight,f,459
NIF-ALE-MUN-5,Gold Leaf Chile,Sin Filtro,Negro,Normal,f,329
NIF-ALE-MUN-5,Amber Haze Alemania,Con Filtro,Rubio,Normal,t,407
NIF-ALE-MUN-5,Royal Blend Japon,Sin Filtro,Rubio,Normal,t,396
NIF-ALE-MUN-5,Highland Peak Alemania,Con Filtro,Negro,UltraLight,f,183
NIF-ALE-MUN-5,Highland Peak Argentina,Con Filtro,Rubio,SuperLight,f,240
NIF-ALE-MUN-5,Pure Essence Reino,Sin Filtro,Negro,Normal,f,390
NIF-ALE-MUN-5,Midnight Silk Japon,Con Filtro,Negro,SuperLight,f,102
NIF-ALE-MUN-5,Silver Lining Reino,Sin Filtro,Negro,Normal,f,153
NIF-ALE-MUN-5,Urban Classic Alemania,Sin Filtro,Negro,Normal,f,304
NIF-ALE-MUN-5,Silver Lining Alemania,Con Filtro,Negro,Normal,t,106
NIF-ALE-MUN-5,Royal Blend Chile,Con Filtro,Rubio,Normal,t,455
NIF-ALE-MUN-5,Highland Peak Japon,Sin Filtro,Rubio,Normal,f,126
NIF-ALE-MUN-5,Silver Lining Reino,Con Filtro,Rubio,UltraLight,f,268
NIF-ALE-MUN-5,Amber Haze Alemania,Sin Filtro,Negro,Normal,t,140
NIF-ALE-MUN-5,Mountain Mist Chile,Sin Filtro,Rubio,Normal,t,63
NIF-ALE-MUN-5,Silver Lining Argentina,Con Filtro,Negro,Light,f,268
NIF-ALE-MUN-6,Mountain Mist Chile,Sin Filtro,Rubio,Normal,f,95
NIF-ALE-MUN-6,Royal Blend Japon,Sin Filtro,Rubio,Normal,t,92
NIF-ALE-MUN-6,Mountain Mist Argentina,Con Filtro,Rubio,Normal,t,119
NIF-ALE-MUN-6,Urban Classic Japon,Con Filtro,Negro,Normal,f,239
NIF-ALE-MUN-6,Royal Blend Reino,Con Filtro,Rubio,Normal,t,472
NIF-ALE-MUN-6,Highland Peak Japon,Sin Filtro,Rubio,Normal,f,237
NIF-ALE-MUN-6,Gold Leaf Chile,Sin Filtro,Rubio,Normal,f,411
NIF-ALE-MUN-6,Pure Essence Japon,Con Filtro,Negro,UltraLight,f,354
NIF-ALE-MUN-6,Highland Peak Argentina,Con Filtro,Negro,Normal,f,435
NIF-ALE-MUN-6,Royal Blend Alemania,Con Filtro,Negro,Normal,t,390
NIF-ALE-MUN-6,Pure Essence Argentina,Sin Filtro,Rubio,Normal,t,189
NIF-ALE-MUN-6,Midnight Silk Alemania,Con Filtro,Rubio,Normal,t,152
NIF-ALE-MUN-6,Gold Leaf Argentina,Sin Filtro,Negro,Normal,t,189
NIF-ALE-MUN-6,Silver Lining Alemania,Con Filtro,Negro,Normal,t,238
NIF-ALE-MUN-6,Amber Haze Alemania,Con Filtro,Rubio,Normal,t,343
NIF-ALE-MUN-6,Gold Leaf Reino,Sin Filtro,Rubio,Normal,t,104
NIF-ALE-MUN-7,Mountain Mist Alemania,Sin Filtro,Rubio,Normal,f,353
NIF-ALE-MUN-7,Highland Peak Reino,Sin Filtro,Negro,Normal,t,312
NIF-ALE-MUN-7,Midnight Silk Reino,Sin Filtro,Negro,Normal,f,492
NIF-ALE-MUN-7,Silver Lining Alemania,Con Filtro,Negro,Normal,t,438
NIF-ALE-MUN-7,Ocean Breeze Chile,Con Filtro,Rubio,Normal,t,169
NIF-ALE-MUN-7,Urban Classic Japon,Con Filtro,Negro,Normal,t,333
NIF-ALE-MUN-7,Amber Haze Alemania,Sin Filtro,Negro,Normal,t,346
NIF-ALE-MUN-7,Midnight Silk Japon,Con Filtro,Negro,UltraLight,f,158
NIF-ALE-MUN-7,Ocean Breeze Reino,Con Filtro,Rubio,UltraLight,f,53
NIF-ALE-MUN-7,Royal Blend Alemania,Con Filtro,Negro,Normal,t,214
NIF-ALE-MUN-7,Royal Blend Reino,Con Filtro,Negro,Normal,f,343
NIF-ALE-MUN-7,Mountain Mist Chile,Sin Filtro,Rubio,Normal,t,337
NIF-ALE-MUN-8,Ocean Breeze Japon,Sin Filtro,Rubio,Normal,t,275
NIF-ALE-MUN-8,Amber Haze Alemania,Sin Filtro,Rubio,Normal,f,64
NIF-ALE-MUN-8,Urban Classic Chile,Con Filtro,Negro,SuperLight,f,213
NIF-ALE-MUN-8,Silver Lining Argentina,Con Filtro,Rubio,Normal,f,110
NIF-ALE-MUN-8,Urban Classic Reino,Sin Filtro,Negro,Normal,t,162
NIF-ALE-MUN-8,Midnight Silk Alemania,Sin Filtro,Rubio,Normal,t,228
NIF-ALE-MUN-8,Highland Peak Alemania,Con Filtro,Rubio,SuperLight,f,413
NIF-ALE-MUN-8,Royal Blend Chile,Sin Filtro,Rubio,Normal,t,131
NIF-ALE-MUN-8,Royal Blend Argentina,Con Filtro,Rubio,Light,f,157
NIF-ALE-MUN-8,Highland Peak Reino,Con Filtro,Negro,SuperLight,f,328
NIF-ALE-MUN-8,Amber Haze Japon,Con Filtro,Rubio,Normal,t,430
NIF-ALE-MUN-8,Pure Essence Japon,Con Filtro,Negro,UltraLight,f,304
NIF-ALE-MUN-8,Mountain Mist Japon,Con Filtro,Rubio,Normal,t,374
NIF-ALE-MUN-8,Midnight Silk Reino,Con Filtro,Negro,SuperLight,f,497
NIF-ALE-MUN-8,Gold Leaf Chile,Sin Filtro,Negro,Normal,f,180
NIF-ALE-MUN-9,Mountain Mist Reino,Con Filtro,Negro,SuperLight,f,87
NIF-ALE-MUN-9,Mountain Mist Reino,Con Filtro,Rubio,Light,f,234
NIF-ALE-MUN-9,Pure Essence Alemania,Sin Filtro,Rubio,Normal,t,102
NIF-ALE-MUN-9,Midnight Silk Japon,Sin Filtro,Rubio,Normal,f,343
NIF-ALE-MUN-9,Midnight Silk Reino,Sin Filtro,Negro,Normal,t,274
NIF-ALE-MUN-9,Royal Blend Argentina,Con Filtro,Negro,Normal,t,271
NIF-ALE-MUN-9,Midnight Silk Reino,Sin Filtro,Rubio,Normal,t,158
NIF-ALE-MUN-9,Amber Haze Argentina,Sin Filtro,Negro,Normal,t,161
NIF-ALE-MUN-9,Silver Lining Argentina,Con Filtro,Rubio,Normal,t,88
NIF-ALE-MUN-9,Amber Haze Japon,Sin Filtro,Negro,Normal,t,156
NIF-ALE-MUN-9,Highland Peak Reino,Con Filtro,Rubio,Normal,t,476
NIF-ALE-MUN-9,Urban Classic Japon,Sin Filtro,Rubio,Normal,t,157
NIF-ALE-MUN-9,Royal Blend Reino,Con Filtro,Negro,Normal,f,80
NIF-ALE-MUN-9,Urban Classic Chile,Sin Filtro,Rubio,Normal,f,138
NIF-ALE-MUN-9,Royal Blend Japon,Sin Filtro,Negro,Normal,t,83
NIF-ALE-MUN-9,Mountain Mist Japon,Sin Filtro,Rubio,Normal,f,429
NIF-ALE-MUN-10,Pure Essence Reino,Sin Filtro,Negro,Normal,f,148
NIF-ALE-MUN-10,Silver Lining Reino,Con Filtro,Negro,Normal,t,106
NIF-ALE-MUN-10,Mountain Mist Japon,Sin Filtro,Rubio,Normal,t,488
NIF-ALE-MUN-10,Royal Blend Reino,Sin Filtro,Rubio,Normal,f,214
NIF-ALE-MUN-10,Highland Peak Reino,Sin Filtro,Negro,Normal,t,397
NIF-ALE-MUN-10,Midnight Silk Alemania,Sin Filtro,Rubio,Normal,f,238
NIF-ALE-MUN-10,Royal Blend Chile,Sin Filtro,Negro,Normal,t,434
NIF-ALE-MUN-10,Urban Classic Reino,Con Filtro,Rubio,Normal,t,288
NIF-ALE-MUN-10,Gold Leaf Japon,Sin Filtro,Rubio,Normal,t,362
NIF-ALE-MUN-10,Amber Haze Chile,Sin Filtro,Rubio,Normal,t,404
NIF-ALE-MUN-10,Silver Lining Argentina,Sin Filtro,Negro,Normal,t,292
NIF-ALE-MUN-10,Urban Classic Japon,Sin Filtro,Rubio,Normal,t,351
NIF-ALE-MUN-10,Urban Classic Argentina,Sin Filtro,Rubio,Normal,f,194
NIF-ALE-MUN-10,Midnight Silk Chile,Sin Filtro,Rubio,Normal,f,461
NIF-ALE-MUN-10,Gold Leaf Reino,Con Filtro,Negro,SuperLight,f,260
NIF-ALE-MUN-10,Urban Classic Japon,Sin Filtro,Rubio,Normal,f,490
NIF-ALE-MUN-10,Highland Peak Japon,Con Filtro,Rubio,Light,f,391
NIF-ALE-MUN-10,Midnight Silk Reino,Con Filtro,Negro,UltraLight,f,187
NIF-ALE-MUN-10,Pure Essence Argentina,Con Filtro,Rubio,Normal,t,236
NIF-ALE-MUN-10,Silver Lining Chile,Con Filtro,Negro,SuperLight,f,460
NIF-ALE-MUN-10,Urban Classic Reino,Con Filtro,Negro,Normal,t,229
NIF-ALE-MUN-10,Ocean Breeze Japon,Sin Filtro,Rubio,Normal,t,244
NIF-ALE-MUN-10,Highland Peak Chile,Con Filtro,Negro,Normal,f,217
NIF-ALE-MUN-10,Pure Essence Argentina,Sin Filtro,Negro,Normal,f,129
NIF-ALE-MUN-10,Urban Classic Japon,Con Filtro,Rubio,Normal,t,210
NIF-ALE-MUN-10,Gold Leaf Chile,Con Filtro,Rubio,Normal,t,417
NIF-ALE-MUN-10,Pure Essence Reino,Con Filtro,Negro,Normal,t,359
NIF-ALE-MUN-11,Silver Lining Chile,Sin Filtro,Rubio,Normal,t,423
NIF-ALE-MUN-11,Ocean Breeze Japon,Sin Filtro,Rubio,Normal,t,456
NIF-ALE-MUN-11,Highland Peak Argentina,Sin Filtro,Rubio,Normal,f,222
NIF-ALE-MUN-11,Pure Essence Chile,Con Filtro,Negro,Normal,t,71
NIF-ALE-MUN-11,Mountain Mist Reino,Sin Filtro,Negro,Normal,f,482
NIF-ALE-MUN-11,Midnight Silk Argentina,Sin Filtro,Rubio,Normal,t,241
NIF-ALE-MUN-11,Midnight Silk Argentina,Sin Filtro,Rubio,Normal,f,343
NIF-ALE-MUN-11,Ocean Breeze Reino,Con Filtro,Negro,Normal,t,379
NIF-ALE-MUN-11,Midnight Silk Reino,Con Filtro,Negro,UltraLight,f,83
NIF-ALE-MUN-11,Gold Leaf Alemania,Sin Filtro,Rubio,Normal,f,337
NIF-ALE-MUN-11,Mountain Mist Argentina,Con Filtro,Rubio,Normal,t,296
NIF-ALE-MUN-11,Ocean Breeze Chile,Sin Filtro,Negro,Normal,f,312
NIF-ALE-MUN-11,Ocean Breeze Argentina,Sin Filtro,Rubio,Normal,f,209
NIF-ALE-MUN-11,Amber Haze Chile,Con Filtro,Rubio,SuperLight,f,135
NIF-ALE-MUN-11,Highland Peak Chile,Con Filtro,Negro,Light,f,448
NIF-ALE-MUN-11,Amber Haze Reino,Sin Filtro,Rubio,Normal,t,187
NIF-ALE-MUN-11,Royal Blend Argentina,Con Filtro,Rubio,UltraLight,f,167
NIF-ALE-MUN-11,Ocean Breeze Argentina,Con Filtro,Negro,SuperLight,f,417
NIF-ALE-MUN-11,Urban Classic Reino,Con Filtro,Negro,Normal,t,137
NIF-ALE-MUN-11,Pure Essence Argentina,Sin Filtro,Negro,Normal,t,426
NIF-ALE-MUN-11,Gold Leaf Reino,Con Filtro,Rubio,Normal,t,446
NIF-ALE-MUN-11,Highland Peak Argentina,Con Filtro,Negro,Normal,t,334
NIF-ALE-MUN-11,Mountain Mist Japon,Sin Filtro,Rubio,Normal,f,500
NIF-ALE-MUN-12,Mountain Mist Chile,Sin Filtro,Negro,Normal,f,79
NIF-ALE-MUN-12,Silver Lining Reino,Sin Filtro,Negro,Normal,f,64
NIF-ALE-MUN-12,Midnight Silk Argentina,Sin Filtro,Rubio,Normal,t,343
NIF-ALE-MUN-12,Highland Peak Chile,Con Filtro,Rubio,SuperLight,f,236
NIF-ALE-MUN-12,Ocean Breeze Alemania,Sin Filtro,Negro,Normal,t,130
NIF-ALE-MUN-12,Ocean Breeze Japon,Sin Filtro,Rubio,Normal,t,382
NIF-ALE-MUN-12,Royal Blend Argentina,Con Filtro,Negro,Normal,t,434
NIF-ALE-MUN-12,Pure Essence Reino,Sin Filtro,Negro,Normal,t,429
NIF-ALE-MUN-12,Gold Leaf Alemania,Sin Filtro,Rubio,Normal,f,371
NIF-ALE-MUN-12,Ocean Breeze Chile,Con Filtro,Rubio,UltraLight,f,400
NIF-ALE-MUN-12,Gold Leaf Argentina,Sin Filtro,Rubio,Normal,f,438
NIF-ALE-MUN-12,Mountain Mist Chile,Con Filtro,Negro,Normal,t,241
NIF-ALE-MUN-12,Mountain Mist Japon,Con Filtro,Negro,Normal,t,471
NIF-ALE-MUN-12,Urban Classic Argentina,Con Filtro,Rubio,Normal,t,461
NIF-ALE-MUN-12,Gold Leaf Reino,Con Filtro,Negro,SuperLight,f,468
NIF-ALE-MUN-12,Highland Peak Chile,Sin Filtro,Rubio,Normal,f,285
NIF-ALE-MUN-12,Royal Blend Reino,Sin Filtro,Rubio,Normal,f,290
NIF-ALE-MUN-12,Royal Blend Argentina,Sin Filtro,Negro,Normal,f,160
NIF-ALE-MUN-12,Midnight Silk Chile,Con Filtro,Negro,UltraLight,f,136
NIF-ALE-MUN-12,Urban Classic Reino,Sin Filtro,Negro,Normal,f,410
NIF-ALE-MUN-12,Highland Peak Alemania,Sin Filtro,Rubio,Normal,f,87
NIF-ALE-MUN-12,Royal Blend Argentina,Con Filtro,Rubio,UltraLight,f,440
NIF-ALE-MUN-12,Midnight Silk Japon,Con Filtro,Rubio,Normal,t,481
NIF-ALE-MUN-12,Royal Blend Chile,Con Filtro,Negro,Normal,t,422
NIF-ALE-MUN-12,Mountain Mist Argentina,Con Filtro,Negro,UltraLight,f,332
NIF-ALE-MUN-12,Urban Classic Argentina,Sin Filtro,Negro,Normal,f,419
NIF-ALE-MUN-12,Mountain Mist Reino,Sin Filtro,Negro,Normal,f,261
NIF-ALE-MUN-13,Amber Haze Reino,Sin Filtro,Rubio,Normal,t,300
NIF-ALE-MUN-13,Mountain Mist Reino,Sin Filtro,Negro,Normal,f,359
NIF-ALE-MUN-13,Amber Haze Chile,Con Filtro,Rubio,Normal,t,308
NIF-ALE-MUN-13,Gold Leaf Reino,Con Filtro,Rubio,Normal,f,444
NIF-ALE-MUN-13,Silver Lining Japon,Con Filtro,Negro,UltraLight,f,277
NIF-ALE-MUN-13,Royal Blend Japon,Sin Filtro,Rubio,Normal,f,342
NIF-ALE-MUN-13,Urban Classic Reino,Con Filtro,Negro,Normal,t,328
NIF-ALE-MUN-13,Amber Haze Chile,Con Filtro,Negro,Light,f,303
NIF-ALE-MUN-13,Mountain Mist Argentina,Sin Filtro,Negro,Normal,t,490
NIF-ALE-MUN-13,Highland Peak Reino,Sin Filtro,Negro,Normal,t,422
NIF-ALE-MUN-13,Silver Lining Alemania,Sin Filtro,Negro,Normal,t,156
NIF-ALE-MUN-13,Highland Peak Reino,Sin Filtro,Rubio,Normal,t,244
NIF-ALE-MUN-13,Urban Classic Chile,Sin Filtro,Rubio,Normal,f,219
NIF-ALE-MUN-13,Ocean Breeze Japon,Sin Filtro,Negro,Normal,t,223
NIF-ALE-MUN-13,Silver Lining Alemania,Sin Filtro,Negro,Normal,f,55
NIF-ALE-MUN-13,Urban Classic Alemania,Sin Filtro,Rubio,Normal,t,69
NIF-ALE-MUN-13,Royal Blend Alemania,Sin Filtro,Rubio,Normal,f,366
NIF-ALE-MUN-13,Amber Haze Alemania,Con Filtro,Negro,Normal,f,62
NIF-ALE-MUN-13,Gold Leaf Japon,Con Filtro,Rubio,Normal,t,415
NIF-ALE-MUN-13,Royal Blend Reino,Con Filtro,Rubio,Normal,t,219
NIF-ALE-MUN-13,Urban Classic Argentina,Sin Filtro,Negro,Normal,t,243
NIF-ALE-MUN-13,Gold Leaf Reino,Sin Filtro,Rubio,Normal,t,89
NIF-ALE-MUN-14,Royal Blend Chile,Sin Filtro,Rubio,Normal,t,397
NIF-ALE-MUN-14,Pure Essence Alemania,Con Filtro,Negro,Normal,f,363
NIF-ALE-MUN-14,Gold Leaf Chile,Sin Filtro,Negro,Normal,f,281
NIF-ALE-MUN-14,Gold Leaf Argentina,Sin Filtro,Rubio,Normal,t,336
NIF-ALE-MUN-14,Royal Blend Argentina,Con Filtro,Negro,Light,f,105
NIF-ALE-MUN-14,Ocean Breeze Chile,Sin Filtro,Negro,Normal,t,297
NIF-ALE-MUN-14,Royal Blend Argentina,Sin Filtro,Negro,Normal,t,430
NIF-ALE-MUN-14,Silver Lining Japon,Con Filtro,Rubio,Light,f,353
NIF-ALE-MUN-14,Urban Classic Alemania,Sin Filtro,Negro,Normal,f,107
NIF-ALE-MUN-14,Mountain Mist Japon,Con Filtro,Rubio,Normal,t,384
NIF-ALE-MUN-14,Silver Lining Chile,Con Filtro,Rubio,Light,f,133
NIF-ALE-MUN-14,Royal Blend Argentina,Sin Filtro,Negro,Normal,f,145
NIF-ALE-MUN-14,Urban Classic Argentina,Con Filtro,Rubio,Normal,t,115
NIF-ALE-MUN-14,Highland Peak Chile,Con Filtro,Negro,Normal,f,415
NIF-ALE-MUN-14,Amber Haze Argentina,Con Filtro,Negro,Normal,t,409
NIF-ALE-MUN-14,Royal Blend Reino,Con Filtro,Rubio,Normal,t,450
NIF-ALE-MUN-14,Urban Classic Reino,Sin Filtro,Negro,Normal,f,192
NIF-ALE-MUN-15,Urban Classic Argentina,Con Filtro,Negro,Normal,f,304
NIF-ALE-MUN-15,Ocean Breeze Japon,Sin Filtro,Rubio,Normal,t,167
NIF-ALE-MUN-15,Mountain Mist Chile,Sin Filtro,Rubio,Normal,f,316
NIF-ALE-MUN-15,Ocean Breeze Chile,Con Filtro,Negro,Normal,f,280
NIF-ALE-MUN-15,Amber Haze Reino,Sin Filtro,Rubio,Normal,t,275
NIF-ALE-MUN-15,Gold Leaf Japon,Sin Filtro,Negro,Normal,f,471
NIF-ALE-MUN-15,Silver Lining Argentina,Sin Filtro,Rubio,Normal,f,453
NIF-ALE-MUN-15,Gold Leaf Reino,Sin Filtro,Rubio,Normal,t,280
NIF-ALE-MUN-15,Silver Lining Alemania,Sin Filtro,Negro,Normal,t,138
NIF-ALE-MUN-15,Midnight Silk Argentina,Sin Filtro,Rubio,Normal,t,322
NIF-ALE-MUN-15,Ocean Breeze Reino,Con Filtro,Negro,Normal,t,467
NIF-ALE-MUN-15,Pure Essence Argentina,Con Filtro,Rubio,Normal,t,294
NIF-ALE-MUN-15,Highland Peak Argentina,Con Filtro,Rubio,SuperLight,f,489
NIF-ALE-MUN-15,Midnight Silk Alemania,Sin Filtro,Negro,Normal,t,403
NIF-ALE-MUN-15,Pure Essence Alemania,Sin Filtro,Rubio,Normal,t,265
NIF-ALE-NUR-1,Amber Haze Argentina,Sin Filtro,Rubio,Normal,t,376
NIF-ALE-NUR-1,Silver Lining Argentina,Con Filtro,Rubio,Normal,t,180
NIF-ALE-NUR-1,Gold Leaf Japon,Con Filtro,Rubio,Normal,f,399
NIF-ALE-NUR-1,Gold Leaf Japon,Con Filtro,Rubio,Normal,t,332
NIF-ALE-NUR-1,Mountain Mist Alemania,Sin Filtro,Rubio,Normal,f,373
NIF-ALE-NUR-1,Highland Peak Alemania,Sin Filtro,Rubio,Normal,f,345
NIF-ALE-NUR-1,Urban Classic Alemania,Sin Filtro,Negro,Normal,f,59
NIF-ALE-NUR-1,Urban Classic Argentina,Con Filtro,Rubio,SuperLight,f,96
NIF-ALE-NUR-1,Silver Lining Reino,Sin Filtro,Rubio,Normal,t,380
NIF-ALE-NUR-1,Royal Blend Chile,Sin Filtro,Negro,Normal,t,393
NIF-ALE-NUR-1,Mountain Mist Argentina,Con Filtro,Rubio,SuperLight,f,316
NIF-ALE-NUR-1,Amber Haze Japon,Sin Filtro,Negro,Normal,t,127
NIF-ALE-NUR-1,Ocean Breeze Chile,Con Filtro,Negro,Normal,f,167
NIF-ALE-NUR-1,Urban Classic Japon,Sin Filtro,Rubio,Normal,f,445
NIF-ALE-NUR-1,Highland Peak Japon,Sin Filtro,Rubio,Normal,f,448
NIF-ALE-NUR-1,Gold Leaf Alemania,Sin Filtro,Negro,Normal,f,195
NIF-ALE-NUR-1,Silver Lining Alemania,Con Filtro,Negro,Normal,t,379
NIF-ALE-NUR-1,Mountain Mist Reino,Con Filtro,Rubio,UltraLight,f,118
NIF-ALE-NUR-1,Silver Lining Reino,Con Filtro,Rubio,UltraLight,f,61
NIF-ALE-NUR-1,Mountain Mist Argentina,Sin Filtro,Negro,Normal,t,66
NIF-ALE-NUR-1,Silver Lining Reino,Sin Filtro,Negro,Normal,f,239
NIF-ALE-NUR-1,Ocean Breeze Argentina,Con Filtro,Negro,Normal,t,92
NIF-ALE-NUR-1,Pure Essence Alemania,Con Filtro,Rubio,UltraLight,f,371
NIF-ALE-NUR-1,Midnight Silk Alemania,Sin Filtro,Negro,Normal,t,120
NIF-ALE-NUR-1,Pure Essence Chile,Sin Filtro,Negro,Normal,f,244
NIF-ALE-NUR-1,Pure Essence Argentina,Sin Filtro,Negro,Normal,f,154
NIF-ALE-NUR-1,Urban Classic Alemania,Con Filtro,Rubio,Normal,t,158
NIF-ALE-NUR-2,Silver Lining Reino,Sin Filtro,Rubio,Normal,f,365
NIF-ALE-NUR-2,Highland Peak Argentina,Con Filtro,Rubio,Normal,f,246
NIF-ALE-NUR-2,Pure Essence Reino,Sin Filtro,Rubio,Normal,f,246
NIF-ALE-NUR-2,Highland Peak Alemania,Sin Filtro,Negro,Normal,t,294
NIF-ALE-NUR-2,Amber Haze Chile,Sin Filtro,Rubio,Normal,t,64
NIF-ALE-NUR-2,Highland Peak Reino,Sin Filtro,Negro,Normal,f,319
NIF-ALE-NUR-2,Midnight Silk Reino,Sin Filtro,Negro,Normal,t,355
NIF-ALE-NUR-2,Midnight Silk Japon,Con Filtro,Rubio,Normal,t,347
NIF-ALE-NUR-2,Royal Blend Japon,Sin Filtro,Rubio,Normal,t,293
NIF-ALE-NUR-2,Highland Peak Japon,Sin Filtro,Rubio,Normal,f,469
NIF-ALE-NUR-2,Midnight Silk Argentina,Sin Filtro,Rubio,Normal,t,134
NIF-ALE-NUR-2,Ocean Breeze Alemania,Con Filtro,Rubio,Light,f,111
NIF-ALE-NUR-2,Gold Leaf Argentina,Sin Filtro,Negro,Normal,t,280
NIF-ALE-NUR-2,Midnight Silk Argentina,Sin Filtro,Negro,Normal,f,158
NIF-ALE-NUR-2,Amber Haze Argentina,Sin Filtro,Rubio,Normal,t,435
NIF-ALE-NUR-2,Silver Lining Reino,Con Filtro,Negro,Normal,t,236
NIF-ALE-NUR-2,Ocean Breeze Argentina,Sin Filtro,Rubio,Normal,f,145
NIF-ALE-NUR-3,Highland Peak Japon,Con Filtro,Negro,Normal,f,471
NIF-ALE-NUR-3,Urban Classic Argentina,Sin Filtro,Rubio,Normal,f,161
NIF-ALE-NUR-3,Urban Classic Japon,Con Filtro,Rubio,Normal,t,64
NIF-ALE-NUR-3,Silver Lining Argentina,Con Filtro,Rubio,Normal,t,434
NIF-ALE-NUR-3,Gold Leaf Japon,Con Filtro,Rubio,Normal,t,327
NIF-ALE-NUR-3,Mountain Mist Japon,Con Filtro,Rubio,Normal,t,95
NIF-ALE-NUR-3,Pure Essence Alemania,Sin Filtro,Rubio,Normal,t,334
NIF-ALE-NUR-3,Pure Essence Japon,Sin Filtro,Negro,Normal,f,197
NIF-ALE-NUR-3,Urban Classic Alemania,Sin Filtro,Negro,Normal,f,300
NIF-ALE-NUR-3,Gold Leaf Argentina,Con Filtro,Rubio,Light,f,362
NIF-ALE-NUR-3,Mountain Mist Argentina,Con Filtro,Rubio,Normal,t,195
NIF-ALE-NUR-3,Ocean Breeze Reino,Con Filtro,Rubio,UltraLight,f,145
NIF-ALE-NUR-3,Royal Blend Japon,Sin Filtro,Negro,Normal,f,273
NIF-ALE-NUR-3,Royal Blend Argentina,Con Filtro,Negro,Normal,t,249
NIF-ALE-NUR-3,Mountain Mist Chile,Sin Filtro,Rubio,Normal,f,141
NIF-ALE-NUR-3,Gold Leaf Alemania,Sin Filtro,Rubio,Normal,f,350
NIF-ALE-NUR-3,Urban Classic Chile,Con Filtro,Negro,UltraLight,f,215
NIF-ALE-NUR-3,Silver Lining Chile,Sin Filtro,Rubio,Normal,t,405
NIF-ALE-NUR-3,Pure Essence Chile,Sin Filtro,Negro,Normal,f,231
NIF-ALE-NUR-3,Amber Haze Japon,Sin Filtro,Rubio,Normal,t,156
NIF-ALE-NUR-3,Urban Classic Reino,Con Filtro,Rubio,Normal,t,217
NIF-ALE-NUR-3,Ocean Breeze Chile,Sin Filtro,Rubio,Normal,f,245
NIF-ALE-NUR-3,Royal Blend Japon,Sin Filtro,Negro,Normal,t,143
NIF-ALE-NUR-3,Amber Haze Reino,Sin Filtro,Rubio,Normal,t,117
NIF-ALE-NUR-3,Midnight Silk Reino,Con Filtro,Negro,Normal,t,106
NIF-ALE-NUR-3,Pure Essence Argentina,Con Filtro,Rubio,Normal,t,115
NIF-ALE-NUR-4,Urban Classic Japon,Con Filtro,Negro,SuperLight,f,211
NIF-ALE-NUR-4,Mountain Mist Chile,Sin Filtro,Rubio,Normal,f,328
NIF-ALE-NUR-4,Silver Lining Alemania,Sin Filtro,Negro,Normal,t,78
NIF-ALE-NUR-4,Royal Blend Alemania,Con Filtro,Negro,Normal,t,400
NIF-ALE-NUR-4,Ocean Breeze Chile,Con Filtro,Negro,Normal,t,104
NIF-ALE-NUR-4,Amber Haze Chile,Con Filtro,Rubio,SuperLight,f,385
NIF-ALE-NUR-4,Urban Classic Argentina,Sin Filtro,Rubio,Normal,t,418
NIF-ALE-NUR-4,Ocean Breeze Chile,Con Filtro,Rubio,UltraLight,f,177
NIF-ALE-NUR-4,Pure Essence Reino,Sin Filtro,Rubio,Normal,t,436
NIF-ALE-NUR-4,Urban Classic Argentina,Con Filtro,Rubio,SuperLight,f,255
NIF-ALE-NUR-5,Midnight Silk Alemania,Sin Filtro,Rubio,Normal,t,329
NIF-ALE-NUR-5,Gold Leaf Japon,Con Filtro,Rubio,Normal,t,231
NIF-ALE-NUR-5,Midnight Silk Chile,Con Filtro,Negro,Normal,f,351
NIF-ALE-NUR-5,Midnight Silk Alemania,Con Filtro,Rubio,Normal,t,130
NIF-ALE-NUR-5,Highland Peak Japon,Sin Filtro,Rubio,Normal,f,97
NIF-ALE-NUR-5,Silver Lining Alemania,Sin Filtro,Negro,Normal,f,388
NIF-ALE-NUR-5,Amber Haze Japon,Con Filtro,Rubio,Normal,t,231
NIF-ALE-NUR-5,Mountain Mist Japon,Con Filtro,Rubio,Light,f,77
NIF-ALE-NUR-5,Midnight Silk Reino,Con Filtro,Negro,UltraLight,f,426
NIF-ALE-NUR-5,Highland Peak Argentina,Sin Filtro,Rubio,Normal,f,256
NIF-ALE-NUR-6,Silver Lining Reino,Sin Filtro,Negro,Normal,f,499
NIF-ALE-NUR-6,Silver Lining Alemania,Sin Filtro,Negro,Normal,f,344
NIF-ALE-NUR-6,Ocean Breeze Japon,Sin Filtro,Negro,Normal,t,465
NIF-ALE-NUR-6,Gold Leaf Argentina,Sin Filtro,Rubio,Normal,f,126
NIF-ALE-NUR-6,Urban Classic Alemania,Sin Filtro,Negro,Normal,t,54
NIF-ALE-NUR-6,Gold Leaf Japon,Sin Filtro,Negro,Normal,f,111
NIF-ALE-NUR-6,Royal Blend Chile,Con Filtro,Rubio,SuperLight,f,242
NIF-ALE-NUR-6,Mountain Mist Argentina,Con Filtro,Rubio,SuperLight,f,209
NIF-ALE-NUR-6,Midnight Silk Japon,Con Filtro,Rubio,Light,f,423
NIF-ALE-NUR-6,Amber Haze Argentina,Con Filtro,Negro,SuperLight,f,357
NIF-ALE-NUR-6,Highland Peak Japon,Sin Filtro,Rubio,Normal,t,173
NIF-ALE-NUR-6,Urban Classic Reino,Con Filtro,Rubio,Normal,f,81
NIF-ALE-NUR-6,Mountain Mist Japon,Con Filtro,Negro,Normal,t,275
NIF-ALE-NUR-6,Ocean Breeze Reino,Sin Filtro,Negro,Normal,f,426
NIF-ALE-NUR-6,Gold Leaf Argentina,Con Filtro,Rubio,Normal,t,449
NIF-ALE-NUR-6,Mountain Mist Argentina,Sin Filtro,Negro,Normal,t,144
NIF-ALE-NUR-6,Gold Leaf Japon,Sin Filtro,Rubio,Normal,t,370
NIF-ALE-NUR-6,Pure Essence Reino,Sin Filtro,Negro,Normal,f,456
NIF-ALE-NUR-6,Pure Essence Reino,Sin Filtro,Rubio,Normal,f,202
NIF-ALE-NUR-6,Midnight Silk Argentina,Sin Filtro,Negro,Normal,f,80
NIF-ALE-NUR-7,Urban Classic Reino,Sin Filtro,Rubio,Normal,f,109
NIF-ALE-NUR-7,Midnight Silk Argentina,Sin Filtro,Rubio,Normal,t,192
NIF-ALE-NUR-7,Ocean Breeze Reino,Con Filtro,Rubio,UltraLight,f,119
NIF-ALE-NUR-7,Amber Haze Argentina,Con Filtro,Negro,SuperLight,f,252
NIF-ALE-NUR-7,Silver Lining Argentina,Con Filtro,Rubio,Normal,f,453
NIF-ALE-NUR-7,Royal Blend Reino,Con Filtro,Negro,Normal,f,367
NIF-ALE-NUR-7,Gold Leaf Reino,Con Filtro,Rubio,Normal,f,496
NIF-ALE-NUR-7,Silver Lining Chile,Con Filtro,Rubio,Normal,f,226
NIF-ALE-NUR-7,Highland Peak Reino,Sin Filtro,Negro,Normal,f,100
NIF-ALE-NUR-7,Mountain Mist Argentina,Con Filtro,Rubio,SuperLight,f,475
NIF-ALE-NUR-7,Midnight Silk Japon,Con Filtro,Rubio,Normal,f,499
NIF-ALE-NUR-7,Gold Leaf Chile,Sin Filtro,Rubio,Normal,t,189
NIF-ALE-NUR-7,Pure Essence Japon,Sin Filtro,Negro,Normal,t,228
NIF-ALE-NUR-7,Urban Classic Japon,Con Filtro,Rubio,Light,f,189
NIF-ALE-NUR-7,Amber Haze Reino,Con Filtro,Rubio,Normal,t,428
NIF-ALE-NUR-7,Royal Blend Alemania,Con Filtro,Negro,Light,f,331
NIF-ALE-NUR-7,Silver Lining Japon,Con Filtro,Negro,Normal,t,335
NIF-ALE-NUR-7,Royal Blend Argentina,Sin Filtro,Negro,Normal,f,415
NIF-ALE-NUR-7,Gold Leaf Reino,Sin Filtro,Negro,Normal,f,372
NIF-ALE-NUR-7,Pure Essence Chile,Sin Filtro,Negro,Normal,f,462
NIF-ALE-NUR-7,Midnight Silk Chile,Con Filtro,Rubio,Normal,t,304
NIF-ALE-NUR-7,Ocean Breeze Argentina,Con Filtro,Negro,Normal,t,139
NIF-ALE-NUR-7,Ocean Breeze Alemania,Sin Filtro,Negro,Normal,t,342
NIF-ALE-NUR-7,Highland Peak Argentina,Con Filtro,Negro,Normal,t,153
NIF-ALE-NUR-7,Urban Classic Chile,Sin Filtro,Rubio,Normal,f,371
NIF-ALE-NUR-7,Mountain Mist Chile,Sin Filtro,Rubio,Normal,t,463
NIF-ALE-NUR-7,Midnight Silk Argentina,Sin Filtro,Rubio,Normal,t,209
NIF-ALE-NUR-7,Urban Classic Reino,Con Filtro,Negro,Normal,t,356
NIF-ALE-NUR-7,Ocean Breeze Alemania,Sin Filtro,Rubio,Normal,t,223
NIF-ALE-NUR-8,Urban Classic Argentina,Sin Filtro,Rubio,Normal,t,106
NIF-ALE-NUR-8,Pure Essence Reino,Sin Filtro,Rubio,Normal,f,80
NIF-ALE-NUR-8,Gold Leaf Chile,Sin Filtro,Rubio,Normal,f,56
NIF-ALE-NUR-8,Highland Peak Alemania,Con Filtro,Rubio,SuperLight,f,496
NIF-ALE-NUR-8,Urban Classic Japon,Con Filtro,Rubio,Normal,t,499
NIF-ALE-NUR-8,Midnight Silk Reino,Con Filtro,Negro,SuperLight,f,450
NIF-ALE-NUR-8,Pure Essence Reino,Con Filtro,Rubio,Normal,f,468
NIF-ALE-NUR-8,Amber Haze Reino,Sin Filtro,Negro,Normal,t,214
NIF-ALE-NUR-8,Highland Peak Chile,Con Filtro,Rubio,SuperLight,f,230
NIF-ALE-NUR-8,Silver Lining Argentina,Con Filtro,Rubio,Normal,t,158
NIF-ALE-NUR-8,Mountain Mist Japon,Sin Filtro,Rubio,Normal,t,290
NIF-ALE-NUR-8,Urban Classic Reino,Con Filtro,Negro,Normal,t,253
NIF-ALE-NUR-8,Royal Blend Japon,Sin Filtro,Rubio,Normal,t,146
NIF-ALE-NUR-8,Highland Peak Reino,Sin Filtro,Negro,Normal,t,82
NIF-ALE-NUR-8,Highland Peak Argentina,Sin Filtro,Rubio,Normal,f,436
NIF-ALE-NUR-8,Pure Essence Chile,Con Filtro,Negro,Normal,t,377
NIF-ALE-NUR-8,Amber Haze Japon,Con Filtro,Rubio,Normal,t,302
NIF-ALE-NUR-8,Gold Leaf Argentina,Con Filtro,Negro,Normal,t,304
NIF-ALE-NUR-8,Highland Peak Alemania,Con Filtro,Rubio,UltraLight,f,67
NIF-ALE-NUR-8,Urban Classic Japon,Sin Filtro,Negro,Normal,f,200
NIF-ALE-NUR-8,Midnight Silk Argentina,Sin Filtro,Negro,Normal,t,233
NIF-ALE-NUR-8,Gold Leaf Reino,Sin Filtro,Negro,Normal,f,380
NIF-ALE-NUR-8,Ocean Breeze Alemania,Sin Filtro,Rubio,Normal,t,447
NIF-ALE-NUR-8,Royal Blend Chile,Sin Filtro,Negro,Normal,t,80
NIF-ALE-NUR-8,Urban Classic Alemania,Sin Filtro,Negro,Normal,t,170
NIF-ALE-NUR-9,Royal Blend Alemania,Sin Filtro,Rubio,Normal,f,341
NIF-ALE-NUR-9,Silver Lining Argentina,Con Filtro,Rubio,Normal,t,132
NIF-ALE-NUR-9,Highland Peak Japon,Sin Filtro,Rubio,Normal,f,51
NIF-ALE-NUR-9,Midnight Silk Chile,Con Filtro,Rubio,Normal,t,409
NIF-ALE-NUR-9,Gold Leaf Chile,Sin Filtro,Negro,Normal,t,405
NIF-ALE-NUR-9,Amber Haze Japon,Con Filtro,Rubio,Normal,t,67
NIF-ALE-NUR-9,Pure Essence Japon,Con Filtro,Negro,Normal,t,377
NIF-ALE-NUR-9,Mountain Mist Japon,Con Filtro,Rubio,Light,f,383
NIF-ALE-NUR-9,Royal Blend Alemania,Sin Filtro,Rubio,Normal,t,267
NIF-ALE-NUR-9,Royal Blend Japon,Sin Filtro,Rubio,Normal,t,209
NIF-ALE-NUR-9,Highland Peak Japon,Con Filtro,Negro,Normal,f,444
NIF-ALE-NUR-9,Mountain Mist Chile,Con Filtro,Negro,Normal,t,231
NIF-ALE-NUR-9,Mountain Mist Argentina,Sin Filtro,Negro,Normal,t,144
NIF-ALE-NUR-9,Amber Haze Japon,Con Filtro,Rubio,SuperLight,f,434
NIF-ALE-NUR-9,Midnight Silk Reino,Sin Filtro,Rubio,Normal,t,231
NIF-ALE-NUR-9,Ocean Breeze Argentina,Con Filtro,Rubio,Normal,t,339
NIF-ALE-NUR-9,Urban Classic Japon,Con Filtro,Rubio,Light,f,278
NIF-ALE-NUR-10,Urban Classic Chile,Con Filtro,Negro,UltraLight,f,100
NIF-ALE-NUR-10,Urban Classic Alemania,Sin Filtro,Negro,Normal,t,460
NIF-ALE-NUR-10,Ocean Breeze Alemania,Sin Filtro,Rubio,Normal,t,271
NIF-ALE-NUR-10,Mountain Mist Alemania,Sin Filtro,Negro,Normal,f,176
NIF-ALE-NUR-10,Pure Essence Argentina,Con Filtro,Rubio,Normal,t,465
NIF-ALE-NUR-10,Gold Leaf Chile,Sin Filtro,Negro,Normal,f,149
NIF-ALE-NUR-10,Amber Haze Alemania,Sin Filtro,Rubio,Normal,f,267
NIF-ALE-NUR-10,Royal Blend Argentina,Sin Filtro,Negro,Normal,f,366
NIF-ALE-NUR-10,Pure Essence Argentina,Sin Filtro,Negro,Normal,f,341
NIF-ALE-NUR-10,Royal Blend Chile,Sin Filtro,Negro,Normal,f,274
NIF-ALE-NUR-10,Mountain Mist Chile,Sin Filtro,Rubio,Normal,f,435
NIF-ALE-NUR-10,Midnight Silk Chile,Con Filtro,Negro,Normal,t,204
NIF-ALE-NUR-10,Royal Blend Chile,Con Filtro,Rubio,Normal,t,337
NIF-ALE-NUR-10,Mountain Mist Alemania,Sin Filtro,Negro,Normal,f,243
NIF-ALE-NUR-10,Gold Leaf Japon,Con Filtro,Rubio,Normal,t,417
NIF-ALE-NUR-10,Midnight Silk Argentina,Sin Filtro,Negro,Normal,f,63
NIF-ALE-NUR-10,Ocean Breeze Reino,Sin Filtro,Negro,Normal,f,258
NIF-ALE-NUR-10,Midnight Silk Argentina,Sin Filtro,Rubio,Normal,f,154
NIF-ALE-NUR-10,Highland Peak Reino,Con Filtro,Rubio,Normal,t,456
NIF-ALE-NUR-10,Pure Essence Reino,Sin Filtro,Negro,Normal,t,165
NIF-ALE-NUR-10,Pure Essence Japon,Sin Filtro,Negro,Normal,f,497
NIF-ALE-NUR-10,Urban Classic Reino,Con Filtro,Negro,Normal,t,465
NIF-ALE-NUR-10,Amber Haze Argentina,Con Filtro,Negro,Normal,t,388
NIF-ALE-NUR-10,Midnight Silk Japon,Con Filtro,Negro,UltraLight,f,227
NIF-ALE-NUR-10,Highland Peak Alemania,Con Filtro,Negro,UltraLight,f,190
NIF-ALE-NUR-10,Pure Essence Reino,Sin Filtro,Negro,Normal,f,82
NIF-ALE-NUR-10,Amber Haze Alemania,Con Filtro,Negro,Normal,t,401
NIF-ALE-NUR-10,Pure Essence Argentina,Sin Filtro,Rubio,Normal,t,202
NIF-ALE-NUR-10,Pure Essence Japon,Con Filtro,Negro,Normal,t,447
NIF-ALE-NUR-11,Pure Essence Argentina,Con Filtro,Rubio,Normal,t,400
NIF-ALE-NUR-11,Mountain Mist Alemania,Sin Filtro,Rubio,Normal,f,202
NIF-ALE-NUR-11,Ocean Breeze Argentina,Con Filtro,Rubio,Light,f,90
NIF-ALE-NUR-11,Gold Leaf Argentina,Sin Filtro,Rubio,Normal,t,392
NIF-ALE-NUR-11,Gold Leaf Japon,Con Filtro,Rubio,Normal,t,439
NIF-ALE-NUR-11,Ocean Breeze Argentina,Sin Filtro,Rubio,Normal,f,217
NIF-ALE-NUR-11,Royal Blend Reino,Con Filtro,Rubio,Normal,t,423
NIF-ALE-NUR-11,Pure Essence Japon,Con Filtro,Negro,UltraLight,f,475
NIF-ALE-NUR-11,Highland Peak Alemania,Con Filtro,Rubio,SuperLight,f,63
NIF-ALE-NUR-11,Midnight Silk Japon,Sin Filtro,Rubio,Normal,f,312
NIF-ALE-NUR-11,Silver Lining Argentina,Con Filtro,Negro,Light,f,310
NIF-ALE-NUR-11,Pure Essence Argentina,Con Filtro,Rubio,SuperLight,f,50
NIF-ALE-NUR-11,Urban Classic Japon,Sin Filtro,Rubio,Normal,t,201
NIF-ALE-NUR-12,Pure Essence Argentina,Con Filtro,Rubio,Normal,t,392
NIF-ALE-NUR-12,Midnight Silk Japon,Con Filtro,Rubio,Normal,t,151
NIF-ALE-NUR-12,Mountain Mist Alemania,Sin Filtro,Rubio,Normal,f,207
NIF-ALE-NUR-12,Ocean Breeze Japon,Sin Filtro,Rubio,Normal,t,171
NIF-ALE-NUR-12,Midnight Silk Japon,Con Filtro,Rubio,Normal,t,304
NIF-ALE-NUR-12,Gold Leaf Chile,Sin Filtro,Negro,Normal,f,123
NIF-ALE-NUR-12,Midnight Silk Argentina,Con Filtro,Rubio,Normal,f,404
NIF-ALE-NUR-12,Gold Leaf Argentina,Sin Filtro,Rubio,Normal,f,129
NIF-ALE-NUR-12,Silver Lining Chile,Con Filtro,Negro,SuperLight,f,123
NIF-ALE-NUR-12,Urban Classic Argentina,Sin Filtro,Rubio,Normal,f,199
NIF-ALE-NUR-12,Amber Haze Japon,Sin Filtro,Rubio,Normal,t,94
NIF-ALE-NUR-12,Ocean Breeze Argentina,Con Filtro,Negro,SuperLight,f,216
NIF-ALE-NUR-12,Mountain Mist Japon,Con Filtro,Negro,Normal,t,90
NIF-ALE-NUR-12,Pure Essence Chile,Sin Filtro,Rubio,Normal,f,262
NIF-ALE-NUR-12,Mountain Mist Japon,Sin Filtro,Negro,Normal,t,388
NIF-ALE-NUR-12,Mountain Mist Reino,Con Filtro,Rubio,Light,f,184
NIF-ALE-NUR-12,Amber Haze Alemania,Sin Filtro,Negro,Normal,t,414
NIF-ALE-NUR-12,Urban Classic Alemania,Con Filtro,Negro,Normal,t,252
NIF-ALE-NUR-13,Ocean Breeze Argentina,Con Filtro,Negro,Normal,t,186
NIF-ALE-NUR-13,Midnight Silk Reino,Sin Filtro,Rubio,Normal,t,224
NIF-ALE-NUR-13,Gold Leaf Argentina,Con Filtro,Negro,Normal,t,345
NIF-ALE-NUR-13,Silver Lining Alemania,Sin Filtro,Negro,Normal,t,420
NIF-ALE-NUR-13,Midnight Silk Alemania,Sin Filtro,Rubio,Normal,f,178
NIF-ALE-NUR-13,Royal Blend Alemania,Sin Filtro,Rubio,Normal,t,280
NIF-ALE-NUR-13,Mountain Mist Japon,Con Filtro,Rubio,Normal,t,119
NIF-ALE-NUR-13,Mountain Mist Argentina,Con Filtro,Rubio,Normal,t,334
NIF-ALE-NUR-13,Pure Essence Reino,Sin Filtro,Rubio,Normal,t,287
NIF-ALE-NUR-13,Ocean Breeze Alemania,Con Filtro,Negro,SuperLight,f,92
NIF-ALE-NUR-13,Amber Haze Argentina,Sin Filtro,Rubio,Normal,f,375
NIF-ALE-NUR-13,Ocean Breeze Reino,Con Filtro,Rubio,Normal,f,444
NIF-ALE-NUR-13,Pure Essence Argentina,Sin Filtro,Negro,Normal,t,227
NIF-ALE-NUR-13,Amber Haze Japon,Sin Filtro,Negro,Normal,t,337
NIF-ALE-NUR-13,Royal Blend Chile,Con Filtro,Rubio,SuperLight,f,488
NIF-ALE-NUR-13,Gold Leaf Reino,Sin Filtro,Negro,Normal,f,362
NIF-ALE-NUR-13,Highland Peak Argentina,Con Filtro,Negro,Normal,f,324
NIF-ALE-NUR-13,Gold Leaf Argentina,Sin Filtro,Negro,Normal,f,352
NIF-ALE-NUR-13,Royal Blend Chile,Con Filtro,Rubio,Normal,t,84
NIF-ALE-NUR-13,Mountain Mist Alemania,Sin Filtro,Negro,Normal,t,455
NIF-ALE-NUR-13,Silver Lining Argentina,Con Filtro,Rubio,Normal,t,56
NIF-ALE-NUR-13,Gold Leaf Argentina,Con Filtro,Rubio,Light,f,389
NIF-ALE-NUR-13,Silver Lining Chile,Con Filtro,Rubio,Light,f,231
NIF-ALE-NUR-13,Mountain Mist Chile,Sin Filtro,Rubio,Normal,f,183
NIF-ALE-NUR-13,Urban Classic Reino,Sin Filtro,Negro,Normal,t,289
NIF-ALE-NUR-13,Gold Leaf Chile,Sin Filtro,Rubio,Normal,t,137
NIF-ALE-NUR-13,Silver Lining Japon,Sin Filtro,Rubio,Normal,f,447
NIF-ALE-NUR-13,Silver Lining Japon,Sin Filtro,Negro,Normal,f,361
NIF-ALE-NUR-14,Midnight Silk Argentina,Sin Filtro,Negro,Normal,f,160
NIF-ALE-NUR-14,Amber Haze Chile,Sin Filtro,Negro,Normal,f,213
NIF-ALE-NUR-14,Highland Peak Japon,Con Filtro,Rubio,Normal,t,162
NIF-ALE-NUR-14,Silver Lining Japon,Sin Filtro,Rubio,Normal,f,94
NIF-ALE-NUR-14,Ocean Breeze Chile,Sin Filtro,Negro,Normal,t,190
NIF-ALE-NUR-14,Amber Haze Chile,Sin Filtro,Rubio,Normal,t,156
NIF-ALE-NUR-14,Mountain Mist Japon,Sin Filtro,Rubio,Normal,f,351
NIF-ALE-NUR-14,Pure Essence Reino,Sin Filtro,Negro,Normal,f,358
NIF-ALE-NUR-14,Urban Classic Alemania,Con Filtro,Negro,Light,f,437
NIF-ALE-NUR-14,Urban Classic Alemania,Sin Filtro,Rubio,Normal,f,62
NIF-ALE-NUR-14,Mountain Mist Chile,Sin Filtro,Rubio,Normal,t,117
NIF-ALE-NUR-14,Silver Lining Alemania,Sin Filtro,Negro,Normal,t,467
NIF-ALE-NUR-14,Ocean Breeze Japon,Sin Filtro,Rubio,Normal,t,173
NIF-ALE-NUR-14,Royal Blend Chile,Con Filtro,Rubio,SuperLight,f,397
NIF-ALE-NUR-14,Pure Essence Alemania,Sin Filtro,Rubio,Normal,t,195
NIF-ALE-NUR-14,Pure Essence Alemania,Sin Filtro,Rubio,Normal,f,154
NIF-ALE-NUR-14,Royal Blend Argentina,Sin Filtro,Negro,Normal,f,300
NIF-ALE-NUR-14,Silver Lining Chile,Con Filtro,Rubio,Normal,t,353
NIF-ALE-NUR-14,Highland Peak Alemania,Sin Filtro,Negro,Normal,t,475
NIF-ALE-NUR-14,Silver Lining Chile,Sin Filtro,Rubio,Normal,t,324
NIF-ALE-NUR-14,Royal Blend Japon,Sin Filtro,Rubio,Normal,t,482
NIF-ALE-NUR-14,Gold Leaf Japon,Sin Filtro,Negro,Normal,f,360
NIF-ALE-NUR-14,Gold Leaf Argentina,Con Filtro,Rubio,Normal,t,401
NIF-ALE-NUR-14,Silver Lining Reino,Con Filtro,Negro,Normal,t,423
NIF-ALE-NUR-14,Midnight Silk Japon,Con Filtro,Rubio,Normal,t,248
NIF-ALE-NUR-14,Midnight Silk Argentina,Con Filtro,Rubio,Normal,f,99
NIF-ALE-NUR-14,Pure Essence Chile,Sin Filtro,Negro,Normal,f,126
NIF-ALE-NUR-15,Urban Classic Reino,Con Filtro,Rubio,Normal,f,396
NIF-ALE-NUR-15,Pure Essence Argentina,Sin Filtro,Negro,Normal,f,368
NIF-ALE-NUR-15,Urban Classic Reino,Con Filtro,Negro,Normal,t,314
NIF-ALE-NUR-15,Midnight Silk Alemania,Con Filtro,Rubio,Normal,t,437
NIF-ALE-NUR-15,Royal Blend Argentina,Con Filtro,Negro,Light,f,151
NIF-ALE-NUR-15,Pure Essence Chile,Con Filtro,Rubio,SuperLight,f,399
NIF-ALE-NUR-15,Gold Leaf Japon,Con Filtro,Rubio,Normal,t,341
NIF-ALE-NUR-15,Ocean Breeze Argentina,Con Filtro,Rubio,Normal,t,192
NIF-ALE-NUR-15,Midnight Silk Japon,Sin Filtro,Rubio,Normal,f,356
NIF-ALE-NUR-15,Highland Peak Argentina,Sin Filtro,Negro,Normal,f,168
NIF-ALE-NUR-15,Midnight Silk Reino,Sin Filtro,Rubio,Normal,t,426
NIF-ALE-NUR-15,Ocean Breeze Reino,Sin Filtro,Rubio,Normal,f,121
NIF-ALE-NUR-15,Amber Haze Alemania,Con Filtro,Rubio,Normal,t,346
NIF-ALE-NUR-15,Urban Classic Japon,Sin Filtro,Rubio,Normal,t,157
NIF-ALE-NUR-15,Urban Classic Chile,Con Filtro,Negro,UltraLight,f,263
NIF-ALE-NUR-15,Pure Essence Reino,Sin Filtro,Rubio,Normal,f,69
NIF-ALE-NUR-15,Royal Blend Chile,Con Filtro,Rubio,UltraLight,f,349
NIF-ALE-NUR-15,Gold Leaf Argentina,Con Filtro,Rubio,Normal,t,172
NIF-ALE-NUR-15,Amber Haze Chile,Sin Filtro,Rubio,Normal,t,416
NIF-ALE-NUR-15,Gold Leaf Reino,Sin Filtro,Rubio,Normal,f,448
NIF-ALE-NUR-15,Pure Essence Chile,Sin Filtro,Negro,Normal,f,125
NIF-ALE-NUR-15,Amber Haze Alemania,Sin Filtro,Negro,Normal,t,169
NIF-ALE-NUR-15,Silver Lining Alemania,Con Filtro,Negro,Normal,t,238
NIF-ALE-NUR-15,Pure Essence Alemania,Sin Filtro,Rubio,Normal,t,298
NIF-ALE-NUR-15,Ocean Breeze Chile,Sin Filtro,Negro,Normal,t,406
NIF-ALE-NUR-15,Amber Haze Chile,Sin Filtro,Rubio,Normal,f,82
NIF-ALE-AUG-1,Amber Haze Argentina,Con Filtro,Negro,Normal,t,272
NIF-ALE-AUG-1,Royal Blend Alemania,Sin Filtro,Rubio,Normal,t,419
NIF-ALE-AUG-1,Ocean Breeze Argentina,Con Filtro,Negro,Normal,t,198
NIF-ALE-AUG-1,Urban Classic Reino,Con Filtro,Rubio,Normal,f,368
NIF-ALE-AUG-1,Urban Classic Argentina,Con Filtro,Negro,UltraLight,f,489
NIF-ALE-AUG-1,Midnight Silk Japon,Con Filtro,Negro,SuperLight,f,427
NIF-ALE-AUG-1,Mountain Mist Alemania,Sin Filtro,Negro,Normal,f,326
NIF-ALE-AUG-1,Pure Essence Japon,Sin Filtro,Negro,Normal,t,191
NIF-ALE-AUG-1,Pure Essence Alemania,Sin Filtro,Rubio,Normal,t,309
NIF-ALE-AUG-1,Silver Lining Alemania,Con Filtro,Negro,Normal,t,188
NIF-ALE-AUG-1,Urban Classic Alemania,Sin Filtro,Negro,Normal,f,239
NIF-ALE-AUG-1,Amber Haze Alemania,Sin Filtro,Rubio,Normal,t,196
NIF-ALE-AUG-2,Ocean Breeze Japon,Con Filtro,Rubio,Normal,t,422
NIF-ALE-AUG-2,Pure Essence Alemania,Sin Filtro,Rubio,Normal,t,284
NIF-ALE-AUG-2,Midnight Silk Alemania,Sin Filtro,Rubio,Normal,f,84
NIF-ALE-AUG-2,Gold Leaf Chile,Sin Filtro,Negro,Normal,f,413
NIF-ALE-AUG-2,Amber Haze Argentina,Sin Filtro,Negro,Normal,t,92
NIF-ALE-AUG-2,Amber Haze Japon,Con Filtro,Rubio,Normal,t,137
NIF-ALE-AUG-2,Mountain Mist Argentina,Sin Filtro,Negro,Normal,f,310
NIF-ALE-AUG-2,Midnight Silk Alemania,Con Filtro,Negro,Normal,t,251
NIF-ALE-AUG-2,Amber Haze Chile,Sin Filtro,Rubio,Normal,t,387
NIF-ALE-AUG-2,Urban Classic Alemania,Sin Filtro,Rubio,Normal,t,473
NIF-ALE-AUG-2,Highland Peak Argentina,Con Filtro,Negro,Normal,f,89
NIF-ALE-AUG-2,Gold Leaf Japon,Con Filtro,Rubio,Normal,t,316
NIF-ALE-AUG-2,Mountain Mist Japon,Con Filtro,Negro,Normal,t,470
NIF-ALE-AUG-2,Gold Leaf Chile,Sin Filtro,Negro,Normal,t,107
NIF-ALE-AUG-2,Midnight Silk Chile,Con Filtro,Rubio,Normal,t,167
NIF-ALE-AUG-2,Midnight Silk Reino,Sin Filtro,Negro,Normal,f,288
NIF-ALE-AUG-2,Silver Lining Japon,Sin Filtro,Rubio,Normal,f,423
NIF-ALE-AUG-2,Gold Leaf Chile,Con Filtro,Rubio,Normal,t,311
NIF-ALE-AUG-2,Royal Blend Alemania,Sin Filtro,Negro,Normal,t,98
NIF-ALE-AUG-2,Pure Essence Japon,Con Filtro,Negro,UltraLight,f,306
NIF-ALE-AUG-2,Urban Classic Alemania,Sin Filtro,Negro,Normal,t,142
NIF-ALE-AUG-2,Gold Leaf Reino,Sin Filtro,Negro,Normal,f,256
NIF-ALE-AUG-2,Amber Haze Argentina,Con Filtro,Negro,Normal,t,242
NIF-ALE-AUG-2,Silver Lining Japon,Sin Filtro,Rubio,Normal,f,468
NIF-ALE-AUG-2,Mountain Mist Alemania,Sin Filtro,Rubio,Normal,f,478
NIF-ALE-AUG-3,Amber Haze Chile,Con Filtro,Rubio,Normal,t,134
NIF-ALE-AUG-3,Pure Essence Argentina,Con Filtro,Rubio,UltraLight,f,488
NIF-ALE-AUG-3,Amber Haze Argentina,Con Filtro,Negro,Normal,t,160
NIF-ALE-AUG-3,Midnight Silk Reino,Sin Filtro,Rubio,Normal,t,485
NIF-ALE-AUG-3,Royal Blend Chile,Con Filtro,Rubio,Normal,t,287
NIF-ALE-AUG-3,Ocean Breeze Chile,Con Filtro,Rubio,Normal,t,55
NIF-ALE-AUG-3,Pure Essence Alemania,Sin Filtro,Rubio,Normal,f,464
NIF-ALE-AUG-3,Amber Haze Chile,Sin Filtro,Rubio,Normal,t,476
NIF-ALE-AUG-3,Gold Leaf Reino,Con Filtro,Rubio,Normal,f,471
NIF-ALE-AUG-3,Highland Peak Alemania,Con Filtro,Rubio,UltraLight,f,349
NIF-ALE-AUG-3,Ocean Breeze Alemania,Sin Filtro,Rubio,Normal,t,360
NIF-ALE-AUG-3,Gold Leaf Argentina,Con Filtro,Rubio,Normal,t,160
NIF-ALE-AUG-3,Urban Classic Japon,Sin Filtro,Rubio,Normal,t,135
NIF-ALE-AUG-3,Highland Peak Argentina,Sin Filtro,Rubio,Normal,f,326
NIF-ALE-AUG-3,Silver Lining Alemania,Sin Filtro,Negro,Normal,f,298
NIF-ALE-AUG-3,Amber Haze Japon,Sin Filtro,Rubio,Normal,f,189
NIF-ALE-AUG-3,Mountain Mist Alemania,Sin Filtro,Negro,Normal,f,82
NIF-ALE-AUG-4,Royal Blend Alemania,Con Filtro,Rubio,Normal,t,212
NIF-ALE-AUG-4,Ocean Breeze Argentina,Con Filtro,Rubio,Normal,t,489
NIF-ALE-AUG-4,Gold Leaf Japon,Sin Filtro,Negro,Normal,t,173
NIF-ALE-AUG-4,Pure Essence Alemania,Sin Filtro,Rubio,Normal,f,480
NIF-ALE-AUG-4,Mountain Mist Argentina,Sin Filtro,Negro,Normal,t,255
NIF-ALE-AUG-4,Urban Classic Argentina,Con Filtro,Negro,UltraLight,f,318
NIF-ALE-AUG-4,Royal Blend Alemania,Sin Filtro,Rubio,Normal,t,477
NIF-ALE-AUG-4,Ocean Breeze Chile,Sin Filtro,Negro,Normal,t,403
NIF-ALE-AUG-4,Gold Leaf Chile,Sin Filtro,Negro,Normal,t,311
NIF-ALE-AUG-4,Ocean Breeze Reino,Con Filtro,Negro,Normal,t,278
NIF-ALE-AUG-4,Ocean Breeze Argentina,Con Filtro,Negro,Normal,t,96
NIF-ALE-AUG-4,Pure Essence Reino,Con Filtro,Rubio,Normal,f,297
NIF-ALE-AUG-4,Ocean Breeze Alemania,Con Filtro,Rubio,Light,f,133
NIF-ALE-AUG-4,Midnight Silk Japon,Sin Filtro,Negro,Normal,f,429
NIF-ALE-AUG-5,Silver Lining Chile,Con Filtro,Negro,SuperLight,f,385
NIF-ALE-AUG-5,Pure Essence Argentina,Sin Filtro,Rubio,Normal,t,394
NIF-ALE-AUG-5,Gold Leaf Chile,Sin Filtro,Negro,Normal,t,319
NIF-ALE-AUG-5,Ocean Breeze Japon,Sin Filtro,Negro,Normal,t,300
NIF-ALE-AUG-5,Urban Classic Chile,Sin Filtro,Negro,Normal,t,440
NIF-ALE-AUG-5,Ocean Breeze Chile,Sin Filtro,Negro,Normal,f,124
NIF-ALE-AUG-5,Mountain Mist Argentina,Con Filtro,Negro,Light,f,336
NIF-ALE-AUG-5,Royal Blend Reino,Con Filtro,Negro,Light,f,267
NIF-ALE-AUG-5,Pure Essence Alemania,Sin Filtro,Rubio,Normal,t,364
NIF-ALE-AUG-5,Urban Classic Reino,Con Filtro,Rubio,Normal,f,392
NIF-ALE-AUG-5,Gold Leaf Reino,Sin Filtro,Negro,Normal,f,461
NIF-ALE-AUG-5,Ocean Breeze Japon,Sin Filtro,Rubio,Normal,t,79
NIF-ALE-AUG-5,Midnight Silk Japon,Sin Filtro,Negro,Normal,f,120
NIF-ALE-AUG-5,Royal Blend Argentina,Con Filtro,Rubio,UltraLight,f,219
NIF-ALE-AUG-5,Gold Leaf Chile,Sin Filtro,Rubio,Normal,t,71
NIF-ALE-AUG-6,Royal Blend Argentina,Con Filtro,Rubio,UltraLight,f,88
NIF-ALE-AUG-6,Silver Lining Japon,Con Filtro,Negro,SuperLight,f,280
NIF-ALE-AUG-6,Highland Peak Reino,Con Filtro,Rubio,Normal,t,133
NIF-ALE-AUG-6,Mountain Mist Argentina,Con Filtro,Negro,Light,f,215
NIF-ALE-AUG-6,Mountain Mist Argentina,Sin Filtro,Negro,Normal,f,66
NIF-ALE-AUG-6,Urban Classic Alemania,Con Filtro,Negro,Light,f,490
NIF-ALE-AUG-6,Pure Essence Argentina,Con Filtro,Rubio,Normal,t,414
NIF-ALE-AUG-6,Mountain Mist Japon,Con Filtro,Negro,Normal,t,422
NIF-ALE-AUG-6,Highland Peak Japon,Sin Filtro,Rubio,Normal,t,91
NIF-ALE-AUG-6,Ocean Breeze Argentina,Con Filtro,Negro,Normal,t,482
NIF-ALE-AUG-6,Highland Peak Argentina,Con Filtro,Rubio,SuperLight,f,113
NIF-ALE-AUG-6,Amber Haze Alemania,Sin Filtro,Rubio,Normal,f,85
NIF-ALE-AUG-6,Amber Haze Japon,Con Filtro,Rubio,Normal,t,196
NIF-ALE-AUG-6,Midnight Silk Argentina,Sin Filtro,Rubio,Normal,t,148
NIF-ALE-AUG-6,Amber Haze Reino,Sin Filtro,Negro,Normal,t,63
NIF-ALE-AUG-6,Highland Peak Chile,Con Filtro,Negro,Normal,f,192
NIF-ALE-AUG-6,Mountain Mist Japon,Con Filtro,Negro,Normal,t,214
NIF-ALE-AUG-6,Ocean Breeze Reino,Sin Filtro,Rubio,Normal,f,429
NIF-ALE-AUG-6,Mountain Mist Alemania,Sin Filtro,Negro,Normal,f,259
NIF-ALE-AUG-6,Urban Classic Chile,Sin Filtro,Negro,Normal,t,425
NIF-ALE-AUG-6,Pure Essence Chile,Con Filtro,Negro,Normal,t,273
NIF-ALE-AUG-6,Silver Lining Argentina,Con Filtro,Negro,Light,f,123
NIF-ALE-AUG-6,Silver Lining Chile,Sin Filtro,Rubio,Normal,t,309
NIF-ALE-AUG-6,Gold Leaf Alemania,Sin Filtro,Rubio,Normal,f,67
NIF-ALE-AUG-6,Pure Essence Japon,Con Filtro,Negro,Normal,t,352
NIF-ALE-AUG-6,Silver Lining Chile,Con Filtro,Negro,SuperLight,f,218
NIF-ALE-AUG-6,Royal Blend Chile,Con Filtro,Rubio,Normal,t,96
NIF-ALE-AUG-6,Highland Peak Chile,Sin Filtro,Negro,Normal,t,353
NIF-ALE-AUG-6,Amber Haze Japon,Con Filtro,Rubio,Normal,t,260
NIF-ALE-AUG-6,Highland Peak Chile,Con Filtro,Negro,Normal,t,350
NIF-ALE-AUG-7,Gold Leaf Alemania,Sin Filtro,Rubio,Normal,f,53
NIF-ALE-AUG-7,Pure Essence Reino,Sin Filtro,Rubio,Normal,t,287
NIF-ALE-AUG-7,Amber Haze Japon,Con Filtro,Rubio,SuperLight,f,122
NIF-ALE-AUG-7,Midnight Silk Reino,Con Filtro,Rubio,SuperLight,f,467
NIF-ALE-AUG-7,Pure Essence Reino,Sin Filtro,Rubio,Normal,f,476
NIF-ALE-AUG-7,Gold Leaf Alemania,Sin Filtro,Negro,Normal,t,407
NIF-ALE-AUG-7,Mountain Mist Argentina,Sin Filtro,Negro,Normal,f,129
NIF-ALE-AUG-7,Royal Blend Argentina,Sin Filtro,Negro,Normal,f,178
NIF-ALE-AUG-7,Mountain Mist Chile,Con Filtro,Negro,Normal,t,369
NIF-ALE-AUG-7,Urban Classic Alemania,Sin Filtro,Rubio,Normal,t,412
NIF-ALE-AUG-7,Midnight Silk Japon,Con Filtro,Negro,SuperLight,f,227
NIF-ALE-AUG-7,Pure Essence Chile,Sin Filtro,Rubio,Normal,f,359
NIF-ALE-AUG-7,Mountain Mist Chile,Sin Filtro,Rubio,Normal,t,291
NIF-ALE-AUG-7,Silver Lining Argentina,Con Filtro,Rubio,Normal,t,401
NIF-ALE-AUG-7,Urban Classic Japon,Sin Filtro,Rubio,Normal,f,363
NIF-ALE-AUG-7,Gold Leaf Japon,Sin Filtro,Rubio,Normal,t,172
NIF-ALE-AUG-7,Urban Classic Reino,Con Filtro,Negro,Normal,t,274
NIF-ALE-AUG-7,Amber Haze Argentina,Con Filtro,Negro,SuperLight,f,393
NIF-ALE-AUG-7,Pure Essence Chile,Con Filtro,Negro,SuperLight,f,341
NIF-ALE-AUG-7,Silver Lining Alemania,Con Filtro,Negro,Normal,t,183
NIF-ALE-AUG-7,Highland Peak Chile,Con Filtro,Rubio,Normal,f,123
NIF-ALE-AUG-7,Midnight Silk Reino,Sin Filtro,Rubio,Normal,t,258
NIF-ALE-AUG-7,Urban Classic Reino,Con Filtro,Negro,Normal,t,383
NIF-ALE-AUG-7,Silver Lining Alemania,Con Filtro,Negro,Normal,t,423
NIF-ALE-AUG-7,Highland Peak Chile,Sin Filtro,Rubio,Normal,f,320
NIF-ALE-AUG-7,Highland Peak Japon,Sin Filtro,Rubio,Normal,f,289
NIF-ALE-AUG-7,Ocean Breeze Reino,Sin Filtro,Rubio,Normal,f,191
NIF-ALE-AUG-8,Amber Haze Chile,Con Filtro,Rubio,Normal,t,431
NIF-ALE-AUG-8,Pure Essence Argentina,Sin Filtro,Rubio,Normal,t,217
NIF-ALE-AUG-8,Pure Essence Japon,Con Filtro,Negro,Normal,t,236
NIF-ALE-AUG-8,Pure Essence Alemania,Sin Filtro,Negro,Normal,f,327
NIF-ALE-AUG-8,Urban Classic Chile,Sin Filtro,Rubio,Normal,f,100
NIF-ALE-AUG-8,Highland Peak Alemania,Sin Filtro,Negro,Normal,f,171
NIF-ALE-AUG-8,Highland Peak Chile,Con Filtro,Negro,Normal,f,285
NIF-ALE-AUG-8,Highland Peak Japon,Con Filtro,Rubio,Normal,t,376
NIF-ALE-AUG-8,Ocean Breeze Chile,Sin Filtro,Rubio,Normal,f,278
NIF-ALE-AUG-8,Highland Peak Argentina,Con Filtro,Negro,Normal,t,427
NIF-ALE-AUG-8,Mountain Mist Argentina,Con Filtro,Negro,Light,f,246
NIF-ALE-AUG-8,Royal Blend Reino,Con Filtro,Negro,Normal,f,258
NIF-ALE-AUG-8,Silver Lining Reino,Sin Filtro,Rubio,Normal,f,221
NIF-ALE-AUG-8,Royal Blend Argentina,Sin Filtro,Negro,Normal,t,276
NIF-ALE-AUG-8,Ocean Breeze Alemania,Sin Filtro,Rubio,Normal,t,499
NIF-ALE-AUG-8,Amber Haze Alemania,Sin Filtro,Negro,Normal,t,367
NIF-ALE-AUG-8,Highland Peak Alemania,Con Filtro,Negro,UltraLight,f,285
NIF-ALE-AUG-8,Gold Leaf Japon,Con Filtro,Rubio,UltraLight,f,394
NIF-ALE-AUG-8,Mountain Mist Chile,Sin Filtro,Negro,Normal,f,167
NIF-ALE-AUG-8,Silver Lining Japon,Sin Filtro,Rubio,Normal,f,122
NIF-ALE-AUG-8,Mountain Mist Alemania,Sin Filtro,Rubio,Normal,t,102
NIF-ALE-AUG-8,Midnight Silk Japon,Sin Filtro,Rubio,Normal,f,259
NIF-ALE-AUG-8,Mountain Mist Alemania,Con Filtro,Negro,Normal,t,202
NIF-ALE-AUG-8,Silver Lining Argentina,Con Filtro,Rubio,Normal,t,216
NIF-ALE-AUG-9,Ocean Breeze Japon,Sin Filtro,Negro,Normal,t,236
NIF-ALE-AUG-9,Urban Classic Alemania,Sin Filtro,Negro,Normal,f,454
NIF-ALE-AUG-9,Royal Blend Japon,Con Filtro,Rubio,SuperLight,f,240
NIF-ALE-AUG-9,Midnight Silk Alemania,Sin Filtro,Rubio,Normal,t,377
NIF-ALE-AUG-9,Mountain Mist Reino,Sin Filtro,Negro,Normal,f,260
NIF-ALE-AUG-9,Highland Peak Argentina,Sin Filtro,Negro,Normal,f,235
NIF-ALE-AUG-9,Highland Peak Chile,Sin Filtro,Negro,Normal,t,252
NIF-ALE-AUG-9,Silver Lining Japon,Sin Filtro,Negro,Normal,f,456
NIF-ALE-AUG-9,Mountain Mist Reino,Sin Filtro,Negro,Normal,t,92
NIF-ALE-AUG-9,Midnight Silk Alemania,Sin Filtro,Rubio,Normal,t,484
NIF-ALE-AUG-9,Amber Haze Chile,Con Filtro,Negro,Light,f,322
NIF-ALE-AUG-10,Highland Peak Reino,Con Filtro,Rubio,Normal,t,194
NIF-ALE-AUG-10,Amber Haze Alemania,Sin Filtro,Negro,Normal,t,432
NIF-ALE-AUG-10,Royal Blend Reino,Con Filtro,Negro,Normal,t,68
NIF-ALE-AUG-10,Royal Blend Alemania,Sin Filtro,Rubio,Normal,t,180
NIF-ALE-AUG-10,Urban Classic Argentina,Con Filtro,Rubio,SuperLight,f,259
NIF-ALE-AUG-10,Highland Peak Japon,Con Filtro,Rubio,Light,f,59
NIF-ALE-AUG-10,Gold Leaf Alemania,Con Filtro,Negro,UltraLight,f,61
NIF-ALE-AUG-10,Ocean Breeze Alemania,Sin Filtro,Negro,Normal,t,162
NIF-ALE-AUG-10,Gold Leaf Alemania,Con Filtro,Rubio,Normal,t,298
NIF-ALE-AUG-10,Silver Lining Argentina,Con Filtro,Negro,Normal,t,382
NIF-ALE-AUG-10,Mountain Mist Japon,Con Filtro,Rubio,Light,f,375
NIF-ALE-AUG-10,Ocean Breeze Chile,Con Filtro,Rubio,Normal,t,449
NIF-ALE-AUG-10,Silver Lining Chile,Con Filtro,Rubio,Normal,t,266
NIF-ALE-AUG-10,Ocean Breeze Chile,Sin Filtro,Negro,Normal,t,148
NIF-ALE-AUG-10,Ocean Breeze Argentina,Con Filtro,Negro,Normal,t,187
NIF-ALE-AUG-11,Pure Essence Alemania,Sin Filtro,Rubio,Normal,t,315
NIF-ALE-AUG-11,Mountain Mist Chile,Con Filtro,Negro,Normal,t,280
NIF-ALE-AUG-11,Midnight Silk Chile,Con Filtro,Negro,Normal,t,428
NIF-ALE-AUG-11,Urban Classic Chile,Sin Filtro,Negro,Normal,t,109
NIF-ALE-AUG-11,Amber Haze Reino,Con Filtro,Negro,Normal,t,432
NIF-ALE-AUG-11,Silver Lining Chile,Sin Filtro,Rubio,Normal,t,311
NIF-ALE-AUG-11,Royal Blend Reino,Con Filtro,Negro,SuperLight,f,419
NIF-ALE-AUG-11,Pure Essence Japon,Sin Filtro,Negro,Normal,f,270
NIF-ALE-AUG-11,Gold Leaf Alemania,Con Filtro,Rubio,Normal,t,473
NIF-ALE-AUG-11,Royal Blend Alemania,Sin Filtro,Rubio,Normal,f,414
NIF-ALE-AUG-11,Amber Haze Reino,Sin Filtro,Rubio,Normal,t,471
NIF-ALE-AUG-11,Highland Peak Chile,Con Filtro,Negro,Normal,t,339
NIF-ALE-AUG-11,Royal Blend Reino,Con Filtro,Negro,Normal,f,366
NIF-ALE-AUG-11,Ocean Breeze Alemania,Sin Filtro,Negro,Normal,t,270
NIF-ALE-AUG-11,Urban Classic Chile,Con Filtro,Negro,UltraLight,f,361
NIF-ALE-AUG-11,Ocean Breeze Alemania,Sin Filtro,Negro,Normal,t,312
NIF-ALE-AUG-11,Urban Classic Chile,Con Filtro,Negro,SuperLight,f,361
NIF-ALE-AUG-11,Royal Blend Alemania,Sin Filtro,Rubio,Normal,t,481
NIF-ALE-AUG-11,Amber Haze Alemania,Con Filtro,Negro,Normal,f,293
NIF-ALE-AUG-11,Silver Lining Reino,Con Filtro,Rubio,UltraLight,f,127
NIF-ALE-AUG-11,Midnight Silk Reino,Con Filtro,Negro,UltraLight,f,359
NIF-ALE-AUG-11,Royal Blend Alemania,Con Filtro,Rubio,Normal,t,379
NIF-ALE-AUG-11,Ocean Breeze Chile,Sin Filtro,Rubio,Normal,f,309
NIF-ALE-AUG-12,Mountain Mist Chile,Sin Filtro,Rubio,Normal,f,365
NIF-ALE-AUG-12,Silver Lining Chile,Sin Filtro,Rubio,Normal,t,64
NIF-ALE-AUG-12,Highland Peak Alemania,Sin Filtro,Negro,Normal,t,186
NIF-ALE-AUG-12,Ocean Breeze Alemania,Con Filtro,Rubio,Normal,t,137
NIF-ALE-AUG-12,Pure Essence Japon,Sin Filtro,Negro,Normal,f,328
NIF-ALE-AUG-12,Ocean Breeze Alemania,Sin Filtro,Rubio,Normal,t,420
NIF-ALE-AUG-12,Midnight Silk Chile,Con Filtro,Negro,Normal,t,50
NIF-ALE-AUG-12,Highland Peak Reino,Con Filtro,Negro,SuperLight,f,285
NIF-ALE-AUG-12,Royal Blend Argentina,Sin Filtro,Negro,Normal,f,75
NIF-ALE-AUG-12,Ocean Breeze Argentina,Con Filtro,Rubio,Normal,t,397
NIF-ALE-AUG-12,Midnight Silk Argentina,Sin Filtro,Rubio,Normal,t,57
NIF-ALE-AUG-12,Gold Leaf Argentina,Con Filtro,Rubio,Normal,t,402
NIF-ALE-AUG-12,Royal Blend Alemania,Con Filtro,Rubio,Normal,t,107
NIF-ALE-AUG-12,Urban Classic Argentina,Sin Filtro,Negro,Normal,t,105
NIF-ALE-AUG-12,Royal Blend Reino,Con Filtro,Rubio,Normal,t,70
NIF-ALE-AUG-13,Urban Classic Japon,Sin Filtro,Negro,Normal,f,71
NIF-ALE-AUG-13,Amber Haze Argentina,Con Filtro,Negro,SuperLight,f,182
NIF-ALE-AUG-13,Midnight Silk Argentina,Sin Filtro,Negro,Normal,t,134
NIF-ALE-AUG-13,Royal Blend Japon,Sin Filtro,Rubio,Normal,f,60
NIF-ALE-AUG-13,Highland Peak Alemania,Con Filtro,Rubio,SuperLight,f,328
NIF-ALE-AUG-13,Ocean Breeze Chile,Sin Filtro,Negro,Normal,f,67
NIF-ALE-AUG-13,Silver Lining Japon,Con Filtro,Negro,UltraLight,f,491
NIF-ALE-AUG-13,Gold Leaf Reino,Con Filtro,Negro,Light,f,472
NIF-ALE-AUG-13,Highland Peak Chile,Con Filtro,Rubio,Normal,f,264
NIF-ALE-AUG-13,Midnight Silk Japon,Con Filtro,Rubio,Normal,t,97
NIF-ALE-AUG-13,Amber Haze Chile,Con Filtro,Rubio,Light,f,413
NIF-ALE-AUG-13,Midnight Silk Japon,Con Filtro,Rubio,Normal,f,311
NIF-ALE-AUG-13,Silver Lining Argentina,Sin Filtro,Negro,Normal,t,414
NIF-ALE-AUG-13,Highland Peak Reino,Sin Filtro,Rubio,Normal,t,225
NIF-ALE-AUG-13,Ocean Breeze Japon,Con Filtro,Rubio,Normal,f,78
NIF-ALE-AUG-14,Highland Peak Chile,Con Filtro,Negro,Light,f,66
NIF-ALE-AUG-14,Pure Essence Argentina,Con Filtro,Rubio,UltraLight,f,466
NIF-ALE-AUG-14,Amber Haze Alemania,Sin Filtro,Rubio,Normal,f,491
NIF-ALE-AUG-14,Gold Leaf Reino,Sin Filtro,Rubio,Normal,f,210
NIF-ALE-AUG-14,Midnight Silk Argentina,Sin Filtro,Negro,Normal,f,93
NIF-ALE-AUG-14,Gold Leaf Chile,Sin Filtro,Rubio,Normal,t,464
NIF-ALE-AUG-14,Ocean Breeze Reino,Sin Filtro,Negro,Normal,t,111
NIF-ALE-AUG-14,Pure Essence Japon,Sin Filtro,Negro,Normal,f,465
NIF-ALE-AUG-14,Silver Lining Argentina,Con Filtro,Rubio,Normal,t,438
NIF-ALE-AUG-14,Silver Lining Japon,Sin Filtro,Negro,Normal,f,210
NIF-ALE-AUG-14,Gold Leaf Alemania,Con Filtro,Negro,UltraLight,f,195
NIF-ALE-AUG-14,Ocean Breeze Alemania,Con Filtro,Rubio,Light,f,293
NIF-ALE-AUG-14,Midnight Silk Alemania,Sin Filtro,Rubio,Normal,t,324
NIF-ALE-AUG-14,Urban Classic Alemania,Sin Filtro,Rubio,Normal,t,395
NIF-ALE-AUG-14,Highland Peak Chile,Con Filtro,Negro,Normal,f,339
NIF-ALE-AUG-14,Pure Essence Argentina,Sin Filtro,Rubio,Normal,t,76
NIF-ALE-AUG-14,Mountain Mist Alemania,Sin Filtro,Rubio,Normal,f,214
NIF-ALE-AUG-14,Ocean Breeze Reino,Sin Filtro,Negro,Normal,t,87
NIF-ALE-AUG-14,Gold Leaf Chile,Sin Filtro,Rubio,Normal,f,327
NIF-ALE-AUG-14,Pure Essence Argentina,Sin Filtro,Rubio,Normal,t,352
NIF-ALE-AUG-14,Pure Essence Chile,Con Filtro,Negro,Normal,t,122
NIF-ALE-AUG-14,Mountain Mist Japon,Con Filtro,Rubio,Normal,t,180
NIF-ALE-AUG-15,Midnight Silk Japon,Sin Filtro,Rubio,Normal,f,392
NIF-ALE-AUG-15,Royal Blend Japon,Sin Filtro,Rubio,Normal,t,74
NIF-ALE-AUG-15,Royal Blend Argentina,Con Filtro,Rubio,Light,f,208
NIF-ALE-AUG-15,Silver Lining Reino,Con Filtro,Negro,Normal,t,438
NIF-ALE-AUG-15,Gold Leaf Japon,Sin Filtro,Rubio,Normal,t,139
NIF-ALE-AUG-15,Amber Haze Reino,Sin Filtro,Negro,Normal,t,350
NIF-ALE-AUG-15,Urban Classic Japon,Con Filtro,Negro,Normal,f,339
NIF-ALE-AUG-15,Gold Leaf Chile,Sin Filtro,Rubio,Normal,f,93
NIF-ALE-AUG-15,Highland Peak Alemania,Sin Filtro,Negro,Normal,t,239
NIF-ALE-AUG-15,Silver Lining Reino,Sin Filtro,Negro,Normal,f,488
NIF-ALE-AUG-15,Highland Peak Reino,Con Filtro,Rubio,Normal,t,210
NIF-ALE-AUG-15,Midnight Silk Alemania,Sin Filtro,Rubio,Normal,f,487
NIF-ALE-AUG-15,Pure Essence Japon,Con Filtro,Negro,Normal,t,400
NIF-ALE-AUG-15,Silver Lining Reino,Con Filtro,Rubio,UltraLight,f,327
NIF-ALE-REG-1,Midnight Silk Chile,Con Filtro,Negro,Normal,t,128
NIF-ALE-REG-1,Urban Classic Alemania,Sin Filtro,Negro,Normal,f,148
NIF-ALE-REG-1,Midnight Silk Argentina,Sin Filtro,Negro,Normal,f,120
NIF-ALE-REG-1,Midnight Silk Japon,Con Filtro,Rubio,Light,f,187
NIF-ALE-REG-1,Pure Essence Reino,Sin Filtro,Negro,Normal,f,87
NIF-ALE-REG-1,Silver Lining Reino,Con Filtro,Negro,Normal,t,403
NIF-ALE-REG-1,Highland Peak Argentina,Sin Filtro,Rubio,Normal,f,75
NIF-ALE-REG-1,Amber Haze Japon,Sin Filtro,Negro,Normal,t,438
NIF-ALE-REG-1,Midnight Silk Alemania,Sin Filtro,Rubio,Normal,t,253
NIF-ALE-REG-1,Ocean Breeze Japon,Sin Filtro,Rubio,Normal,t,470
NIF-ALE-REG-2,Mountain Mist Argentina,Sin Filtro,Negro,Normal,f,491
NIF-ALE-REG-2,Amber Haze Argentina,Con Filtro,Negro,SuperLight,f,57
NIF-ALE-REG-2,Silver Lining Chile,Con Filtro,Rubio,Normal,t,197
NIF-ALE-REG-2,Amber Haze Reino,Sin Filtro,Rubio,Normal,t,189
NIF-ALE-REG-2,Royal Blend Chile,Sin Filtro,Negro,Normal,f,167
NIF-ALE-REG-2,Pure Essence Chile,Sin Filtro,Negro,Normal,f,486
NIF-ALE-REG-2,Royal Blend Alemania,Con Filtro,Negro,Normal,t,145
NIF-ALE-REG-2,Highland Peak Reino,Con Filtro,Rubio,Normal,t,295
NIF-ALE-REG-2,Silver Lining Argentina,Sin Filtro,Negro,Normal,t,451
NIF-ALE-REG-2,Midnight Silk Japon,Con Filtro,Rubio,Light,f,417
NIF-ALE-REG-2,Silver Lining Chile,Con Filtro,Negro,Normal,t,346
NIF-ALE-REG-2,Royal Blend Japon,Sin Filtro,Rubio,Normal,t,351
NIF-ALE-REG-2,Pure Essence Reino,Sin Filtro,Rubio,Normal,t,186
NIF-ALE-REG-2,Ocean Breeze Chile,Con Filtro,Negro,Normal,t,52
NIF-ALE-REG-2,Ocean Breeze Reino,Sin Filtro,Negro,Normal,t,53
NIF-ALE-REG-2,Amber Haze Alemania,Con Filtro,Negro,Normal,t,391
NIF-ALE-REG-2,Mountain Mist Alemania,Sin Filtro,Negro,Normal,f,136
NIF-ALE-REG-2,Pure Essence Alemania,Sin Filtro,Rubio,Normal,t,367
NIF-ALE-REG-2,Mountain Mist Argentina,Con Filtro,Rubio,SuperLight,f,222
NIF-ALE-REG-2,Urban Classic Argentina,Sin Filtro,Negro,Normal,t,345
NIF-ALE-REG-2,Midnight Silk Argentina,Sin Filtro,Rubio,Normal,f,96
NIF-ALE-REG-2,Midnight Silk Alemania,Sin Filtro,Negro,Normal,f,419
NIF-ALE-REG-2,Silver Lining Japon,Con Filtro,Rubio,Normal,f,176
NIF-ALE-REG-2,Royal Blend Japon,Sin Filtro,Negro,Normal,t,278
NIF-ALE-REG-2,Amber Haze Reino,Con Filtro,Rubio,Normal,t,349
NIF-ALE-REG-2,Urban Classic Chile,Sin Filtro,Negro,Normal,f,401
NIF-ALE-REG-2,Royal Blend Alemania,Sin Filtro,Rubio,Normal,t,197
NIF-ALE-REG-3,Midnight Silk Japon,Con Filtro,Rubio,Normal,t,295
NIF-ALE-REG-3,Mountain Mist Japon,Con Filtro,Negro,Normal,t,132
NIF-ALE-REG-3,Silver Lining Argentina,Con Filtro,Rubio,Normal,t,497
NIF-ALE-REG-3,Mountain Mist Argentina,Con Filtro,Negro,UltraLight,f,70
NIF-ALE-REG-3,Royal Blend Japon,Sin Filtro,Rubio,Normal,t,349
NIF-ALE-REG-3,Amber Haze Japon,Sin Filtro,Negro,Normal,t,346
NIF-ALE-REG-3,Midnight Silk Reino,Sin Filtro,Negro,Normal,t,235
NIF-ALE-REG-3,Ocean Breeze Japon,Sin Filtro,Negro,Normal,t,429
NIF-ALE-REG-3,Silver Lining Chile,Sin Filtro,Rubio,Normal,t,463
NIF-ALE-REG-3,Midnight Silk Alemania,Sin Filtro,Negro,Normal,t,353
NIF-ALE-REG-3,Amber Haze Chile,Con Filtro,Rubio,SuperLight,f,272
NIF-ALE-REG-3,Pure Essence Chile,Con Filtro,Negro,SuperLight,f,143
NIF-ALE-REG-3,Amber Haze Japon,Sin Filtro,Negro,Normal,t,269
NIF-ALE-REG-3,Royal Blend Chile,Con Filtro,Rubio,Normal,t,441
NIF-ALE-REG-3,Urban Classic Alemania,Con Filtro,Negro,Light,f,383
NIF-ALE-REG-3,Gold Leaf Chile,Con Filtro,Rubio,Normal,t,186
NIF-ALE-REG-3,Urban Classic Argentina,Con Filtro,Rubio,SuperLight,f,390
NIF-ALE-REG-3,Gold Leaf Japon,Con Filtro,Rubio,Normal,t,229
NIF-ALE-REG-3,Silver Lining Japon,Sin Filtro,Rubio,Normal,f,317
NIF-ALE-REG-3,Highland Peak Chile,Con Filtro,Rubio,SuperLight,f,308
NIF-ALE-REG-3,Pure Essence Japon,Sin Filtro,Negro,Normal,f,221
NIF-ALE-REG-3,Mountain Mist Reino,Sin Filtro,Negro,Normal,t,494
NIF-ALE-REG-3,Midnight Silk Japon,Sin Filtro,Rubio,Normal,f,107
NIF-ALE-REG-3,Urban Classic Alemania,Sin Filtro,Negro,Normal,f,478
NIF-ALE-REG-4,Urban Classic Reino,Sin Filtro,Negro,Normal,f,365
NIF-ALE-REG-4,Royal Blend Reino,Sin Filtro,Rubio,Normal,f,124
NIF-ALE-REG-4,Pure Essence Reino,Sin Filtro,Negro,Normal,f,417
NIF-ALE-REG-4,Urban Classic Reino,Con Filtro,Rubio,Normal,f,101
NIF-ALE-REG-4,Silver Lining Chile,Sin Filtro,Rubio,Normal,t,275
NIF-ALE-REG-4,Ocean Breeze Reino,Con Filtro,Rubio,Normal,f,470
NIF-ALE-REG-4,Amber Haze Reino,Sin Filtro,Negro,Normal,t,477
NIF-ALE-REG-4,Amber Haze Reino,Con Filtro,Rubio,Normal,t,198
NIF-ALE-REG-4,Urban Classic Argentina,Sin Filtro,Negro,Normal,f,291
NIF-ALE-REG-4,Midnight Silk Alemania,Sin Filtro,Rubio,Normal,t,267
NIF-ALE-REG-4,Midnight Silk Argentina,Sin Filtro,Rubio,Normal,t,393
NIF-ALE-REG-4,Highland Peak Argentina,Con Filtro,Negro,Normal,t,108
NIF-ALE-REG-4,Gold Leaf Reino,Con Filtro,Rubio,Normal,t,304
NIF-ALE-REG-4,Midnight Silk Alemania,Con Filtro,Negro,Normal,t,500
NIF-ALE-REG-4,Ocean Breeze Reino,Con Filtro,Negro,Normal,t,70
NIF-ALE-REG-4,Ocean Breeze Reino,Sin Filtro,Negro,Normal,f,236
NIF-ALE-REG-4,Amber Haze Argentina,Sin Filtro,Rubio,Normal,f,196
NIF-ALE-REG-4,Amber Haze Alemania,Con Filtro,Negro,Normal,f,450
NIF-ALE-REG-4,Gold Leaf Reino,Con Filtro,Negro,SuperLight,f,480
NIF-ALE-REG-4,Midnight Silk Reino,Con Filtro,Negro,Normal,t,224
NIF-ALE-REG-4,Ocean Breeze Reino,Sin Filtro,Negro,Normal,t,196
NIF-ALE-REG-5,Ocean Breeze Alemania,Con Filtro,Rubio,Normal,t,260
NIF-ALE-REG-5,Silver Lining Argentina,Sin Filtro,Rubio,Normal,f,141
NIF-ALE-REG-5,Silver Lining Japon,Sin Filtro,Rubio,Normal,f,296
NIF-ALE-REG-5,Royal Blend Japon,Sin Filtro,Rubio,Normal,t,288
NIF-ALE-REG-5,Gold Leaf Japon,Con Filtro,Rubio,Normal,t,243
NIF-ALE-REG-5,Mountain Mist Reino,Sin Filtro,Negro,Normal,f,280
NIF-ALE-REG-5,Pure Essence Japon,Sin Filtro,Negro,Normal,f,361
NIF-ALE-REG-5,Midnight Silk Argentina,Con Filtro,Rubio,Normal,f,121
NIF-ALE-REG-5,Highland Peak Alemania,Con Filtro,Negro,Normal,f,168
NIF-ALE-REG-5,Midnight Silk Japon,Sin Filtro,Negro,Normal,f,404
NIF-ALE-REG-5,Highland Peak Chile,Sin Filtro,Rubio,Normal,f,203
NIF-ALE-REG-5,Silver Lining Argentina,Con Filtro,Rubio,Normal,t,273
NIF-ALE-REG-5,Highland Peak Alemania,Sin Filtro,Rubio,Normal,t,104
NIF-ALE-REG-5,Midnight Silk Argentina,Sin Filtro,Negro,Normal,t,374
NIF-ALE-REG-5,Royal Blend Alemania,Con Filtro,Negro,Normal,t,470
NIF-ALE-REG-5,Highland Peak Reino,Con Filtro,Negro,SuperLight,f,190
NIF-ALE-REG-5,Highland Peak Japon,Sin Filtro,Rubio,Normal,t,88
NIF-ALE-REG-5,Mountain Mist Japon,Con Filtro,Rubio,Normal,t,67
NIF-ALE-REG-5,Midnight Silk Argentina,Sin Filtro,Rubio,Normal,t,438
NIF-ALE-REG-5,Midnight Silk Alemania,Sin Filtro,Negro,Normal,t,314
NIF-ALE-REG-6,Midnight Silk Chile,Con Filtro,Negro,Normal,f,432
NIF-ALE-REG-6,Silver Lining Chile,Con Filtro,Rubio,Normal,t,413
NIF-ALE-REG-6,Amber Haze Argentina,Con Filtro,Negro,Normal,t,495
NIF-ALE-REG-6,Mountain Mist Argentina,Con Filtro,Negro,Light,f,221
NIF-ALE-REG-6,Highland Peak Argentina,Con Filtro,Rubio,SuperLight,f,202
NIF-ALE-REG-6,Urban Classic Japon,Sin Filtro,Negro,Normal,f,327
NIF-ALE-REG-6,Gold Leaf Japon,Sin Filtro,Negro,Normal,t,171
NIF-ALE-REG-6,Ocean Breeze Japon,Con Filtro,Rubio,Normal,t,495
NIF-ALE-REG-6,Amber Haze Reino,Sin Filtro,Negro,Normal,t,73
NIF-ALE-REG-6,Midnight Silk Alemania,Con Filtro,Rubio,Normal,t,258
NIF-ALE-REG-6,Highland Peak Chile,Con Filtro,Rubio,Normal,f,358
NIF-ALE-REG-6,Ocean Breeze Alemania,Sin Filtro,Rubio,Normal,t,376
NIF-ALE-REG-6,Highland Peak Reino,Con Filtro,Negro,SuperLight,f,163
NIF-ALE-REG-6,Ocean Breeze Argentina,Con Filtro,Rubio,Light,f,261
NIF-ALE-REG-6,Pure Essence Argentina,Sin Filtro,Negro,Normal,f,202
NIF-ALE-REG-6,Royal Blend Alemania,Con Filtro,Negro,Normal,t,342
NIF-ALE-REG-7,Urban Classic Alemania,Con Filtro,Rubio,Normal,t,164
NIF-ALE-REG-7,Amber Haze Chile,Con Filtro,Rubio,SuperLight,f,338
NIF-ALE-REG-7,Silver Lining Alemania,Con Filtro,Negro,Normal,t,224
NIF-ALE-REG-7,Highland Peak Argentina,Con Filtro,Rubio,SuperLight,f,117
NIF-ALE-REG-7,Silver Lining Reino,Con Filtro,Negro,Normal,t,328
NIF-ALE-REG-7,Urban Classic Alemania,Sin Filtro,Rubio,Normal,t,492
NIF-ALE-REG-7,Silver Lining Alemania,Con Filtro,Negro,Normal,t,391
NIF-ALE-REG-7,Midnight Silk Alemania,Con Filtro,Rubio,Normal,t,307
NIF-ALE-REG-7,Ocean Breeze Alemania,Con Filtro,Negro,SuperLight,f,349
NIF-ALE-REG-7,Gold Leaf Argentina,Sin Filtro,Rubio,Normal,f,364
NIF-ALE-REG-7,Mountain Mist Argentina,Sin Filtro,Negro,Normal,t,147
NIF-ALE-REG-7,Gold Leaf Argentina,Con Filtro,Rubio,Light,f,195
NIF-ALE-REG-7,Mountain Mist Argentina,Sin Filtro,Negro,Normal,t,71
NIF-ALE-REG-7,Mountain Mist Argentina,Con Filtro,Negro,UltraLight,f,469
NIF-ALE-REG-7,Ocean Breeze Reino,Con Filtro,Rubio,Normal,f,263
NIF-ALE-REG-7,Silver Lining Chile,Con Filtro,Rubio,Light,f,353
NIF-ALE-REG-7,Urban Classic Alemania,Sin Filtro,Negro,Normal,f,185
NIF-ALE-REG-7,Highland Peak Japon,Sin Filtro,Rubio,Normal,f,485
NIF-ALE-REG-7,Mountain Mist Argentina,Sin Filtro,Rubio,Normal,t,134
NIF-ALE-REG-7,Ocean Breeze Reino,Sin Filtro,Negro,Normal,t,421
NIF-ALE-REG-7,Highland Peak Japon,Sin Filtro,Negro,Normal,t,371
NIF-ALE-REG-7,Midnight Silk Argentina,Con Filtro,Rubio,Normal,f,110
NIF-ALE-REG-7,Royal Blend Japon,Sin Filtro,Rubio,Normal,t,180
NIF-ALE-REG-7,Silver Lining Reino,Con Filtro,Negro,SuperLight,f,189
NIF-ALE-REG-8,Amber Haze Alemania,Sin Filtro,Rubio,Normal,f,493
NIF-ALE-REG-8,Amber Haze Argentina,Sin Filtro,Negro,Normal,t,274
NIF-ALE-REG-8,Pure Essence Reino,Con Filtro,Negro,Normal,f,59
NIF-ALE-REG-8,Silver Lining Japon,Sin Filtro,Rubio,Normal,f,196
NIF-ALE-REG-8,Pure Essence Japon,Sin Filtro,Rubio,Normal,t,157
NIF-ALE-REG-8,Amber Haze Japon,Sin Filtro,Negro,Normal,t,492
NIF-ALE-REG-8,Silver Lining Argentina,Con Filtro,Rubio,Normal,t,220
NIF-ALE-REG-8,Ocean Breeze Argentina,Con Filtro,Rubio,Normal,t,412
NIF-ALE-REG-8,Mountain Mist Argentina,Sin Filtro,Negro,Normal,f,82
NIF-ALE-REG-8,Mountain Mist Argentina,Sin Filtro,Negro,Normal,t,105
NIF-ALE-REG-8,Highland Peak Argentina,Sin Filtro,Negro,Normal,f,391
NIF-ALE-REG-9,Silver Lining Chile,Con Filtro,Negro,SuperLight,f,339
NIF-ALE-REG-9,Ocean Breeze Chile,Con Filtro,Rubio,UltraLight,f,328
NIF-ALE-REG-9,Amber Haze Japon,Sin Filtro,Negro,Normal,t,500
NIF-ALE-REG-9,Royal Blend Reino,Con Filtro,Negro,Normal,t,273
NIF-ALE-REG-9,Pure Essence Chile,Con Filtro,Rubio,SuperLight,f,497
NIF-ALE-REG-9,Gold Leaf Japon,Sin Filtro,Negro,Normal,t,364
NIF-ALE-REG-9,Gold Leaf Chile,Sin Filtro,Negro,Normal,t,389
NIF-ALE-REG-9,Royal Blend Argentina,Sin Filtro,Negro,Normal,f,129
NIF-ALE-REG-9,Amber Haze Japon,Con Filtro,Rubio,Normal,t,184
NIF-ALE-REG-9,Royal Blend Japon,Sin Filtro,Negro,Normal,t,131
NIF-ALE-REG-9,Pure Essence Reino,Sin Filtro,Rubio,Normal,f,383
NIF-ALE-REG-9,Highland Peak Japon,Con Filtro,Rubio,Light,f,255
NIF-ALE-REG-9,Mountain Mist Chile,Sin Filtro,Rubio,Normal,f,195
NIF-ALE-REG-9,Silver Lining Reino,Sin Filtro,Negro,Normal,f,328
NIF-ALE-REG-9,Mountain Mist Japon,Con Filtro,Rubio,Normal,t,230
NIF-ALE-REG-9,Ocean Breeze Alemania,Sin Filtro,Negro,Normal,t,161
NIF-ALE-REG-9,Royal Blend Argentina,Con Filtro,Negro,Light,f,364
NIF-ALE-REG-9,Highland Peak Reino,Con Filtro,Rubio,Normal,t,143
NIF-ALE-REG-9,Gold Leaf Reino,Con Filtro,Negro,SuperLight,f,169
NIF-ALE-REG-9,Gold Leaf Alemania,Con Filtro,Negro,UltraLight,f,380
NIF-ALE-REG-9,Pure Essence Alemania,Sin Filtro,Negro,Normal,f,231
NIF-ALE-REG-9,Pure Essence Chile,Sin Filtro,Negro,Normal,f,105
NIF-ALE-REG-9,Urban Classic Reino,Con Filtro,Rubio,Normal,t,135
NIF-ALE-REG-9,Highland Peak Alemania,Con Filtro,Rubio,UltraLight,f,297
NIF-ALE-REG-9,Silver Lining Japon,Con Filtro,Rubio,Light,f,381
NIF-ALE-REG-10,Mountain Mist Alemania,Sin Filtro,Negro,Normal,f,50
NIF-ALE-REG-10,Amber Haze Alemania,Sin Filtro,Rubio,Normal,f,160
NIF-ALE-REG-10,Mountain Mist Alemania,Sin Filtro,Rubio,Normal,t,53
NIF-ALE-REG-10,Royal Blend Chile,Sin Filtro,Negro,Normal,f,433
NIF-ALE-REG-10,Amber Haze Reino,Sin Filtro,Rubio,Normal,f,114
NIF-ALE-REG-10,Royal Blend Alemania,Con Filtro,Negro,Light,f,149
NIF-ALE-REG-10,Highland Peak Argentina,Con Filtro,Negro,Normal,t,387
NIF-ALE-REG-10,Gold Leaf Chile,Sin Filtro,Negro,Normal,f,241
NIF-ALE-REG-10,Pure Essence Reino,Con Filtro,Negro,Normal,t,307
NIF-ALE-REG-10,Royal Blend Alemania,Sin Filtro,Rubio,Normal,t,444
NIF-ALE-REG-10,Silver Lining Chile,Con Filtro,Rubio,Normal,t,131
NIF-ALE-REG-10,Gold Leaf Alemania,Sin Filtro,Negro,Normal,f,252
NIF-ALE-REG-10,Urban Classic Argentina,Con Filtro,Negro,Normal,f,144
NIF-ALE-REG-10,Ocean Breeze Alemania,Con Filtro,Rubio,Light,f,99
NIF-ALE-REG-10,Highland Peak Japon,Sin Filtro,Rubio,Normal,t,120
NIF-ALE-REG-10,Amber Haze Chile,Sin Filtro,Rubio,Normal,t,275
NIF-ALE-REG-10,Royal Blend Chile,Sin Filtro,Negro,Normal,t,253
NIF-ALE-REG-11,Ocean Breeze Japon,Con Filtro,Rubio,Normal,f,444
NIF-ALE-REG-11,Silver Lining Reino,Sin Filtro,Rubio,Normal,f,259
NIF-ALE-REG-11,Amber Haze Reino,Sin Filtro,Negro,Normal,t,225
NIF-ALE-REG-11,Mountain Mist Argentina,Sin Filtro,Negro,Normal,f,339
NIF-ALE-REG-11,Mountain Mist Japon,Con Filtro,Negro,Normal,t,225
NIF-ALE-REG-11,Ocean Breeze Japon,Sin Filtro,Rubio,Normal,t,77
NIF-ALE-REG-11,Pure Essence Chile,Con Filtro,Rubio,Light,f,334
NIF-ALE-REG-11,Urban Classic Chile,Sin Filtro,Rubio,Normal,t,122
NIF-ALE-REG-11,Amber Haze Japon,Con Filtro,Rubio,SuperLight,f,95
NIF-ALE-REG-11,Highland Peak Reino,Sin Filtro,Rubio,Normal,t,314
NIF-ALE-REG-11,Gold Leaf Alemania,Con Filtro,Negro,Light,f,229
NIF-ALE-REG-11,Gold Leaf Chile,Con Filtro,Rubio,UltraLight,f,308
NIF-ALE-REG-11,Pure Essence Chile,Con Filtro,Negro,SuperLight,f,466
NIF-ALE-REG-11,Highland Peak Argentina,Sin Filtro,Rubio,Normal,f,76
NIF-ALE-REG-11,Urban Classic Argentina,Con Filtro,Negro,UltraLight,f,55
NIF-ALE-REG-11,Amber Haze Reino,Sin Filtro,Rubio,Normal,t,160
NIF-ALE-REG-11,Highland Peak Chile,Con Filtro,Negro,Normal,t,489
NIF-ALE-REG-11,Silver Lining Alemania,Sin Filtro,Negro,Normal,t,423
NIF-ALE-REG-11,Midnight Silk Argentina,Sin Filtro,Negro,Normal,t,193
NIF-ALE-REG-11,Royal Blend Chile,Con Filtro,Rubio,Normal,t,151
NIF-ALE-REG-11,Silver Lining Argentina,Sin Filtro,Negro,Normal,t,51
NIF-ALE-REG-11,Midnight Silk Reino,Sin Filtro,Negro,Normal,t,490
NIF-ALE-REG-11,Ocean Breeze Japon,Sin Filtro,Negro,Normal,f,228
NIF-ALE-REG-11,Ocean Breeze Alemania,Sin Filtro,Negro,Normal,t,77
NIF-ALE-REG-11,Gold Leaf Argentina,Con Filtro,Rubio,Normal,t,279
NIF-ALE-REG-11,Amber Haze Japon,Con Filtro,Rubio,Normal,t,340
NIF-ALE-REG-12,Gold Leaf Reino,Con Filtro,Rubio,Normal,f,229
NIF-ALE-REG-12,Silver Lining Argentina,Con Filtro,Rubio,Normal,t,207
NIF-ALE-REG-12,Mountain Mist Reino,Sin Filtro,Negro,Normal,f,477
NIF-ALE-REG-12,Urban Classic Reino,Con Filtro,Negro,Normal,t,267
NIF-ALE-REG-12,Highland Peak Alemania,Sin Filtro,Rubio,Normal,t,271
NIF-ALE-REG-12,Silver Lining Japon,Con Filtro,Negro,Normal,t,175
NIF-ALE-REG-12,Royal Blend Chile,Sin Filtro,Negro,Normal,t,478
NIF-ALE-REG-12,Mountain Mist Argentina,Sin Filtro,Rubio,Normal,t,281
NIF-ALE-REG-12,Midnight Silk Chile,Con Filtro,Rubio,Normal,t,417
NIF-ALE-REG-12,Highland Peak Japon,Sin Filtro,Negro,Normal,f,73
NIF-ALE-REG-12,Royal Blend Argentina,Sin Filtro,Negro,Normal,f,192
NIF-ALE-REG-12,Midnight Silk Argentina,Sin Filtro,Negro,Normal,t,82
NIF-ALE-REG-12,Silver Lining Reino,Con Filtro,Negro,Normal,t,194
NIF-ALE-REG-12,Midnight Silk Reino,Con Filtro,Negro,Normal,t,79
NIF-ALE-REG-12,Gold Leaf Japon,Sin Filtro,Rubio,Normal,t,250
NIF-ALE-REG-12,Highland Peak Reino,Con Filtro,Rubio,Normal,t,459
NIF-ALE-REG-12,Amber Haze Chile,Con Filtro,Rubio,Light,f,345
NIF-ALE-REG-12,Royal Blend Alemania,Con Filtro,Negro,Normal,t,189
NIF-ALE-REG-12,Royal Blend Reino,Con Filtro,Negro,Normal,t,403
NIF-ALE-REG-12,Mountain Mist Chile,Con Filtro,Rubio,Normal,t,497
NIF-ALE-REG-12,Royal Blend Reino,Con Filtro,Negro,Normal,f,304
NIF-ALE-REG-12,Ocean Breeze Chile,Sin Filtro,Negro,Normal,f,302
NIF-ALE-REG-12,Urban Classic Reino,Con Filtro,Negro,Normal,t,84
NIF-ALE-REG-12,Midnight Silk Argentina,Sin Filtro,Negro,Normal,f,303
NIF-ALE-REG-12,Mountain Mist Alemania,Con Filtro,Negro,Normal,t,409
NIF-ALE-REG-12,Highland Peak Japon,Sin Filtro,Negro,Normal,t,76
NIF-ALE-REG-12,Urban Classic Argentina,Sin Filtro,Rubio,Normal,f,139
NIF-ALE-REG-12,Amber Haze Chile,Sin Filtro,Rubio,Normal,t,152
NIF-ALE-REG-12,Ocean Breeze Reino,Con Filtro,Rubio,UltraLight,f,288
NIF-ALE-REG-12,Amber Haze Alemania,Sin Filtro,Rubio,Normal,t,245
NIF-ALE-REG-13,Pure Essence Japon,Con Filtro,Negro,UltraLight,f,97
NIF-ALE-REG-13,Highland Peak Alemania,Con Filtro,Rubio,SuperLight,f,345
NIF-ALE-REG-13,Amber Haze Japon,Con Filtro,Rubio,Normal,t,471
NIF-ALE-REG-13,Highland Peak Chile,Sin Filtro,Rubio,Normal,f,431
NIF-ALE-REG-13,Midnight Silk Reino,Con Filtro,Negro,Normal,t,91
NIF-ALE-REG-13,Midnight Silk Alemania,Sin Filtro,Negro,Normal,t,63
NIF-ALE-REG-13,Highland Peak Chile,Con Filtro,Negro,Normal,t,383
NIF-ALE-REG-13,Ocean Breeze Japon,Sin Filtro,Rubio,Normal,t,303
NIF-ALE-REG-13,Silver Lining Argentina,Con Filtro,Negro,Normal,t,362
NIF-ALE-REG-13,Royal Blend Alemania,Con Filtro,Negro,Normal,t,215
NIF-ALE-REG-13,Midnight Silk Alemania,Sin Filtro,Rubio,Normal,t,340
NIF-ALE-REG-13,Silver Lining Argentina,Con Filtro,Rubio,Normal,t,203
NIF-ALE-REG-13,Amber Haze Alemania,Con Filtro,Negro,Normal,t,470
NIF-ALE-REG-13,Gold Leaf Alemania,Con Filtro,Rubio,Normal,t,497
NIF-ALE-REG-13,Midnight Silk Japon,Sin Filtro,Rubio,Normal,f,436
NIF-ALE-REG-13,Highland Peak Reino,Con Filtro,Rubio,Normal,t,492
NIF-ALE-REG-13,Amber Haze Argentina,Sin Filtro,Negro,Normal,t,424
NIF-ALE-REG-13,Urban Classic Japon,Sin Filtro,Rubio,Normal,f,162
NIF-ALE-REG-14,Mountain Mist Alemania,Sin Filtro,Rubio,Normal,t,224
NIF-ALE-REG-14,Ocean Breeze Reino,Sin Filtro,Negro,Normal,t,436
NIF-ALE-REG-14,Urban Classic Chile,Con Filtro,Negro,Normal,t,194
NIF-ALE-REG-14,Highland Peak Reino,Sin Filtro,Negro,Normal,t,82
NIF-ALE-REG-14,Pure Essence Reino,Sin Filtro,Negro,Normal,t,89
NIF-ALE-REG-14,Urban Classic Argentina,Sin Filtro,Negro,Normal,f,213
NIF-ALE-REG-14,Silver Lining Alemania,Con Filtro,Negro,Normal,t,237
NIF-ALE-REG-14,Midnight Silk Argentina,Sin Filtro,Negro,Normal,t,164
NIF-ALE-REG-14,Royal Blend Japon,Sin Filtro,Rubio,Normal,t,224
NIF-ALE-REG-14,Amber Haze Argentina,Sin Filtro,Negro,Normal,t,435
NIF-ALE-REG-14,Mountain Mist Reino,Sin Filtro,Rubio,Normal,f,342
NIF-ALE-REG-14,Pure Essence Reino,Sin Filtro,Negro,Normal,f,223
NIF-ALE-REG-14,Gold Leaf Chile,Sin Filtro,Negro,Normal,f,481
NIF-ALE-REG-14,Ocean Breeze Argentina,Con Filtro,Negro,Normal,t,479
NIF-ALE-REG-14,Amber Haze Argentina,Sin Filtro,Negro,Normal,t,56
NIF-ALE-REG-14,Amber Haze Japon,Con Filtro,Rubio,Normal,t,126
NIF-ALE-REG-14,Ocean Breeze Chile,Con Filtro,Rubio,UltraLight,f,380
NIF-ALE-REG-14,Amber Haze Japon,Con Filtro,Rubio,Light,f,75
NIF-ALE-REG-14,Mountain Mist Argentina,Con Filtro,Rubio,SuperLight,f,214
NIF-ALE-REG-14,Ocean Breeze Alemania,Sin Filtro,Negro,Normal,t,117
NIF-ALE-REG-14,Midnight Silk Japon,Con Filtro,Rubio,Light,f,350
NIF-ALE-REG-14,Silver Lining Reino,Sin Filtro,Negro,Normal,f,285
NIF-ALE-REG-14,Urban Classic Reino,Con Filtro,Rubio,Normal,t,227
NIF-ALE-REG-15,Mountain Mist Alemania,Sin Filtro,Negro,Normal,t,107
NIF-ALE-REG-15,Mountain Mist Reino,Con Filtro,Rubio,Light,f,208
NIF-ALE-REG-15,Pure Essence Argentina,Con Filtro,Rubio,Normal,t,164
NIF-ALE-REG-15,Silver Lining Chile,Con Filtro,Rubio,Normal,t,302
NIF-ALE-REG-15,Midnight Silk Argentina,Sin Filtro,Rubio,Normal,t,409
NIF-ALE-REG-15,Ocean Breeze Chile,Sin Filtro,Rubio,Normal,f,220
NIF-ALE-REG-15,Ocean Breeze Reino,Sin Filtro,Negro,Normal,t,272
NIF-ALE-REG-15,Silver Lining Argentina,Con Filtro,Rubio,Normal,t,108
NIF-ALE-REG-15,Amber Haze Argentina,Con Filtro,Rubio,Light,f,273
NIF-ALE-REG-15,Pure Essence Chile,Sin Filtro,Rubio,Normal,f,367
NIF-ALE-REG-15,Royal Blend Chile,Sin Filtro,Negro,Normal,f,249
NIF-ALE-ING-1,Urban Classic Alemania,Sin Filtro,Rubio,Normal,f,177
NIF-ALE-ING-1,Urban Classic Japon,Sin Filtro,Negro,Normal,f,346
NIF-ALE-ING-1,Silver Lining Alemania,Sin Filtro,Negro,Normal,f,326
NIF-ALE-ING-1,Ocean Breeze Chile,Con Filtro,Rubio,UltraLight,f,292
NIF-ALE-ING-1,Mountain Mist Japon,Con Filtro,Negro,Normal,t,362
NIF-ALE-ING-1,Ocean Breeze Argentina,Con Filtro,Negro,SuperLight,f,127
NIF-ALE-ING-1,Highland Peak Chile,Con Filtro,Negro,Normal,t,353
NIF-ALE-ING-1,Mountain Mist Chile,Sin Filtro,Rubio,Normal,t,319
NIF-ALE-ING-1,Mountain Mist Japon,Sin Filtro,Negro,Normal,t,83
NIF-ALE-ING-1,Gold Leaf Japon,Sin Filtro,Rubio,Normal,t,296
NIF-ALE-ING-1,Amber Haze Alemania,Sin Filtro,Negro,Normal,t,391
NIF-ALE-ING-1,Pure Essence Japon,Sin Filtro,Negro,Normal,t,89
NIF-ALE-ING-2,Mountain Mist Chile,Sin Filtro,Rubio,Normal,t,396
NIF-ALE-ING-2,Mountain Mist Japon,Con Filtro,Rubio,Normal,t,242
NIF-ALE-ING-2,Amber Haze Chile,Sin Filtro,Rubio,Normal,f,106
NIF-ALE-ING-2,Ocean Breeze Alemania,Sin Filtro,Negro,Normal,t,456
NIF-ALE-ING-2,Pure Essence Chile,Sin Filtro,Negro,Normal,f,190
NIF-ALE-ING-2,Highland Peak Japon,Sin Filtro,Rubio,Normal,t,141
NIF-ALE-ING-2,Highland Peak Chile,Con Filtro,Negro,Normal,t,327
NIF-ALE-ING-2,Silver Lining Alemania,Con Filtro,Negro,Normal,t,352
NIF-ALE-ING-2,Ocean Breeze Argentina,Con Filtro,Rubio,Normal,t,486
NIF-ALE-ING-2,Royal Blend Chile,Con Filtro,Rubio,Normal,t,364
NIF-ALE-ING-2,Highland Peak Japon,Con Filtro,Rubio,Light,f,477
NIF-ALE-ING-2,Urban Classic Alemania,Con Filtro,Rubio,Normal,t,393
NIF-ALE-ING-2,Highland Peak Argentina,Sin Filtro,Rubio,Normal,f,488
NIF-ALE-ING-2,Royal Blend Reino,Con Filtro,Rubio,Normal,t,266
NIF-ALE-ING-2,Mountain Mist Argentina,Sin Filtro,Negro,Normal,t,61
NIF-ALE-ING-2,Royal Blend Japon,Sin Filtro,Rubio,Normal,t,404
NIF-ALE-ING-2,Ocean Breeze Chile,Con Filtro,Negro,Normal,t,490
NIF-ALE-ING-2,Gold Leaf Japon,Con Filtro,Negro,SuperLight,f,434
NIF-ALE-ING-2,Amber Haze Alemania,Con Filtro,Negro,Normal,f,233
NIF-ALE-ING-3,Amber Haze Argentina,Sin Filtro,Rubio,Normal,t,199
NIF-ALE-ING-3,Gold Leaf Alemania,Sin Filtro,Rubio,Normal,f,118
NIF-ALE-ING-3,Amber Haze Argentina,Con Filtro,Rubio,Normal,t,59
NIF-ALE-ING-3,Urban Classic Japon,Sin Filtro,Rubio,Normal,t,51
NIF-ALE-ING-3,Pure Essence Alemania,Sin Filtro,Rubio,Normal,t,434
NIF-ALE-ING-3,Urban Classic Chile,Sin Filtro,Rubio,Normal,f,135
NIF-ALE-ING-3,Highland Peak Argentina,Con Filtro,Negro,Normal,f,363
NIF-ALE-ING-3,Ocean Breeze Argentina,Con Filtro,Rubio,Normal,t,470
NIF-ALE-ING-3,Midnight Silk Alemania,Con Filtro,Rubio,Normal,t,429
NIF-ALE-ING-3,Amber Haze Chile,Con Filtro,Rubio,SuperLight,f,302
NIF-ALE-ING-3,Royal Blend Reino,Con Filtro,Negro,Normal,f,262
NIF-ALE-ING-3,Urban Classic Chile,Sin Filtro,Rubio,Normal,f,82
NIF-ALE-ING-3,Highland Peak Reino,Sin Filtro,Negro,Normal,f,259
NIF-ALE-ING-3,Silver Lining Alemania,Sin Filtro,Negro,Normal,f,115
NIF-ALE-ING-3,Midnight Silk Japon,Con Filtro,Negro,SuperLight,f,244
NIF-ALE-ING-3,Urban Classic Reino,Con Filtro,Rubio,Normal,t,250
NIF-ALE-ING-3,Royal Blend Japon,Sin Filtro,Rubio,Normal,t,206
NIF-ALE-ING-3,Silver Lining Japon,Con Filtro,Negro,UltraLight,f,156
NIF-ALE-ING-3,Silver Lining Japon,Sin Filtro,Rubio,Normal,f,450
NIF-ALE-ING-3,Pure Essence Reino,Con Filtro,Negro,Normal,t,433
NIF-ALE-ING-3,Pure Essence Argentina,Con Filtro,Rubio,Normal,t,345
NIF-ALE-ING-3,Highland Peak Chile,Con Filtro,Rubio,Normal,f,433
NIF-ALE-ING-4,Mountain Mist Japon,Con Filtro,Negro,Normal,t,363
NIF-ALE-ING-4,Amber Haze Reino,Sin Filtro,Negro,Normal,t,270
NIF-ALE-ING-4,Amber Haze Chile,Sin Filtro,Rubio,Normal,t,488
NIF-ALE-ING-4,Urban Classic Argentina,Sin Filtro,Rubio,Normal,t,376
NIF-ALE-ING-4,Royal Blend Japon,Sin Filtro,Rubio,Normal,t,332
NIF-ALE-ING-4,Royal Blend Argentina,Sin Filtro,Negro,Normal,f,238
NIF-ALE-ING-4,Gold Leaf Argentina,Con Filtro,Rubio,Normal,t,311
NIF-ALE-ING-4,Midnight Silk Alemania,Con Filtro,Negro,Normal,t,117
NIF-ALE-ING-4,Midnight Silk Japon,Con Filtro,Rubio,Normal,f,278
NIF-ALE-ING-4,Midnight Silk Chile,Sin Filtro,Rubio,Normal,f,125
NIF-ALE-ING-4,Midnight Silk Alemania,Sin Filtro,Rubio,Normal,t,79
NIF-ALE-ING-4,Midnight Silk Reino,Con Filtro,Negro,Normal,t,409
NIF-ALE-ING-4,Amber Haze Chile,Sin Filtro,Negro,Normal,f,466
NIF-ALE-ING-4,Pure Essence Japon,Con Filtro,Negro,UltraLight,f,378
NIF-ALE-ING-4,Midnight Silk Japon,Con Filtro,Negro,UltraLight,f,52
NIF-ALE-ING-4,Silver Lining Chile,Sin Filtro,Rubio,Normal,t,429
NIF-ALE-ING-4,Urban Classic Reino,Con Filtro,Rubio,Normal,f,391
NIF-ALE-ING-4,Mountain Mist Japon,Sin Filtro,Rubio,Normal,t,443
NIF-ALE-ING-4,Midnight Silk Argentina,Con Filtro,Rubio,Normal,f,478
NIF-ALE-ING-4,Ocean Breeze Japon,Sin Filtro,Negro,Normal,t,343
NIF-ALE-ING-4,Gold Leaf Argentina,Con Filtro,Negro,Normal,t,191
NIF-ALE-ING-4,Mountain Mist Chile,Sin Filtro,Rubio,Normal,t,67
NIF-ALE-ING-5,Urban Classic Chile,Sin Filtro,Negro,Normal,f,335
NIF-ALE-ING-5,Urban Classic Chile,Sin Filtro,Rubio,Normal,f,231
NIF-ALE-ING-5,Amber Haze Japon,Con Filtro,Rubio,Normal,t,164
NIF-ALE-ING-5,Midnight Silk Alemania,Sin Filtro,Rubio,Normal,f,70
NIF-ALE-ING-5,Silver Lining Japon,Con Filtro,Negro,SuperLight,f,474
NIF-ALE-ING-5,Urban Classic Alemania,Sin Filtro,Negro,Normal,f,427
NIF-ALE-ING-5,Royal Blend Alemania,Sin Filtro,Rubio,Normal,t,343
NIF-ALE-ING-5,Highland Peak Japon,Con Filtro,Rubio,Normal,t,189
NIF-ALE-ING-5,Silver Lining Reino,Sin Filtro,Negro,Normal,f,79
NIF-ALE-ING-5,Gold Leaf Argentina,Con Filtro,Rubio,Normal,t,423
NIF-ALE-ING-5,Urban Classic Japon,Con Filtro,Rubio,Light,f,171
NIF-ALE-ING-5,Gold Leaf Argentina,Sin Filtro,Rubio,Normal,f,436
NIF-ALE-ING-5,Gold Leaf Alemania,Sin Filtro,Rubio,Normal,f,90
NIF-ALE-ING-5,Urban Classic Chile,Sin Filtro,Rubio,Normal,f,297
NIF-ALE-ING-5,Silver Lining Chile,Con Filtro,Rubio,Normal,f,370
NIF-ALE-ING-5,Pure Essence Reino,Sin Filtro,Negro,Normal,t,279
NIF-ALE-ING-5,Midnight Silk Reino,Sin Filtro,Negro,Normal,f,247
NIF-ALE-ING-6,Royal Blend Chile,Sin Filtro,Negro,Normal,t,397
NIF-ALE-ING-6,Ocean Breeze Chile,Con Filtro,Negro,Normal,t,296
NIF-ALE-ING-6,Silver Lining Japon,Sin Filtro,Rubio,Normal,f,480
NIF-ALE-ING-6,Pure Essence Reino,Con Filtro,Rubio,Normal,f,108
NIF-ALE-ING-6,Royal Blend Argentina,Con Filtro,Rubio,UltraLight,f,214
NIF-ALE-ING-6,Highland Peak Alemania,Con Filtro,Rubio,UltraLight,f,135
NIF-ALE-ING-6,Highland Peak Japon,Con Filtro,Rubio,Normal,t,121
NIF-ALE-ING-6,Urban Classic Chile,Sin Filtro,Rubio,Normal,f,457
NIF-ALE-ING-6,Silver Lining Chile,Con Filtro,Rubio,Normal,t,67
NIF-ALE-ING-6,Royal Blend Chile,Sin Filtro,Negro,Normal,f,358
NIF-ALE-ING-6,Highland Peak Reino,Con Filtro,Rubio,Normal,t,499
NIF-ALE-ING-6,Gold Leaf Argentina,Sin Filtro,Negro,Normal,t,297
NIF-ALE-ING-6,Ocean Breeze Argentina,Con Filtro,Negro,Normal,t,133
NIF-ALE-ING-6,Pure Essence Argentina,Sin Filtro,Negro,Normal,t,256
NIF-ALE-ING-6,Gold Leaf Reino,Con Filtro,Rubio,Normal,f,192
NIF-ALE-ING-6,Highland Peak Argentina,Sin Filtro,Rubio,Normal,f,227
NIF-ALE-ING-6,Pure Essence Chile,Con Filtro,Negro,SuperLight,f,215
NIF-ALE-ING-6,Urban Classic Japon,Sin Filtro,Rubio,Normal,f,270
NIF-ALE-ING-6,Pure Essence Reino,Sin Filtro,Rubio,Normal,f,161
NIF-ALE-ING-6,Amber Haze Reino,Sin Filtro,Rubio,Normal,t,224
NIF-ALE-ING-6,Mountain Mist Argentina,Con Filtro,Negro,Light,f,242
NIF-ALE-ING-6,Midnight Silk Argentina,Sin Filtro,Negro,Normal,t,95
NIF-ALE-ING-6,Royal Blend Argentina,Con Filtro,Rubio,Light,f,457
NIF-ALE-ING-6,Ocean Breeze Argentina,Con Filtro,Negro,SuperLight,f,305
NIF-ALE-ING-6,Ocean Breeze Japon,Sin Filtro,Rubio,Normal,t,363
NIF-ALE-ING-6,Pure Essence Argentina,Sin Filtro,Rubio,Normal,t,330
NIF-ALE-ING-6,Pure Essence Argentina,Con Filtro,Rubio,Normal,t,421
NIF-ALE-ING-6,Mountain Mist Reino,Sin Filtro,Negro,Normal,t,51
NIF-ALE-ING-6,Amber Haze Japon,Con Filtro,Rubio,Normal,t,51
NIF-ALE-ING-6,Gold Leaf Japon,Sin Filtro,Negro,Normal,t,209
NIF-ALE-ING-7,Ocean Breeze Reino,Con Filtro,Rubio,UltraLight,f,296
NIF-ALE-ING-7,Mountain Mist Argentina,Con Filtro,Rubio,Normal,t,83
NIF-ALE-ING-7,Urban Classic Alemania,Sin Filtro,Rubio,Normal,f,467
NIF-ALE-ING-7,Gold Leaf Alemania,Sin Filtro,Rubio,Normal,f,423
NIF-ALE-ING-7,Ocean Breeze Reino,Sin Filtro,Rubio,Normal,f,466
NIF-ALE-ING-7,Midnight Silk Chile,Con Filtro,Negro,UltraLight,f,417
NIF-ALE-ING-7,Mountain Mist Japon,Sin Filtro,Negro,Normal,t,90
NIF-ALE-ING-7,Midnight Silk Alemania,Sin Filtro,Negro,Normal,f,396
NIF-ALE-ING-7,Amber Haze Argentina,Con Filtro,Negro,Normal,t,383
NIF-ALE-ING-7,Midnight Silk Reino,Sin Filtro,Rubio,Normal,f,50
NIF-ALE-ING-8,Highland Peak Argentina,Sin Filtro,Rubio,Normal,f,117
NIF-ALE-ING-8,Royal Blend Alemania,Con Filtro,Rubio,Normal,t,168
NIF-ALE-ING-8,Pure Essence Japon,Con Filtro,Negro,Normal,t,498
NIF-ALE-ING-8,Amber Haze Reino,Sin Filtro,Rubio,Normal,f,193
NIF-ALE-ING-8,Pure Essence Alemania,Sin Filtro,Negro,Normal,f,322
NIF-ALE-ING-8,Pure Essence Chile,Con Filtro,Rubio,Normal,t,456
NIF-ALE-ING-8,Midnight Silk Argentina,Sin Filtro,Negro,Normal,f,398
NIF-ALE-ING-8,Royal Blend Japon,Sin Filtro,Rubio,Normal,t,258
NIF-ALE-ING-8,Silver Lining Reino,Con Filtro,Negro,UltraLight,f,50
NIF-ALE-ING-8,Amber Haze Japon,Con Filtro,Rubio,Normal,t,79
NIF-ALE-ING-8,Amber Haze Chile,Sin Filtro,Negro,Normal,f,499
NIF-ALE-ING-8,Highland Peak Japon,Con Filtro,Rubio,Light,f,111
NIF-ALE-ING-8,Mountain Mist Japon,Con Filtro,Negro,Normal,t,200
NIF-ALE-ING-8,Amber Haze Argentina,Sin Filtro,Negro,Normal,t,109
NIF-ALE-ING-8,Gold Leaf Alemania,Sin Filtro,Rubio,Normal,f,57
NIF-ALE-ING-8,Silver Lining Japon,Sin Filtro,Rubio,Normal,f,98
NIF-ALE-ING-8,Midnight Silk Argentina,Con Filtro,Rubio,Normal,f,144
NIF-ALE-ING-8,Pure Essence Japon,Sin Filtro,Negro,Normal,f,433
NIF-ALE-ING-9,Pure Essence Reino,Con Filtro,Rubio,Normal,f,382
NIF-ALE-ING-9,Highland Peak Alemania,Sin Filtro,Rubio,Normal,f,469
NIF-ALE-ING-9,Amber Haze Reino,Sin Filtro,Rubio,Normal,t,160
NIF-ALE-ING-9,Amber Haze Japon,Con Filtro,Rubio,Normal,t,372
NIF-ALE-ING-9,Ocean Breeze Reino,Sin Filtro,Negro,Normal,f,479
NIF-ALE-ING-9,Pure Essence Chile,Con Filtro,Negro,SuperLight,f,172
NIF-ALE-ING-9,Urban Classic Chile,Sin Filtro,Rubio,Normal,t,354
NIF-ALE-ING-9,Gold Leaf Reino,Con Filtro,Rubio,Normal,f,365
NIF-ALE-ING-9,Silver Lining Reino,Con Filtro,Rubio,UltraLight,f,379
NIF-ALE-ING-9,Mountain Mist Argentina,Sin Filtro,Negro,Normal,t,173
NIF-ALE-ING-9,Gold Leaf Chile,Con Filtro,Rubio,UltraLight,f,443
NIF-ALE-ING-9,Ocean Breeze Reino,Con Filtro,Rubio,Normal,f,182
NIF-ALE-ING-9,Royal Blend Argentina,Con Filtro,Rubio,UltraLight,f,140
NIF-ALE-ING-9,Ocean Breeze Chile,Sin Filtro,Rubio,Normal,f,345
NIF-ALE-ING-10,Pure Essence Japon,Sin Filtro,Negro,Normal,t,130
NIF-ALE-ING-10,Midnight Silk Alemania,Sin Filtro,Rubio,Normal,f,315
NIF-ALE-ING-10,Ocean Breeze Japon,Sin Filtro,Rubio,Normal,t,161
NIF-ALE-ING-10,Highland Peak Alemania,Con Filtro,Rubio,Normal,f,187
NIF-ALE-ING-10,Amber Haze Chile,Sin Filtro,Rubio,Normal,t,277
NIF-ALE-ING-10,Mountain Mist Japon,Con Filtro,Negro,Normal,t,305
NIF-ALE-ING-10,Royal Blend Argentina,Con Filtro,Negro,Normal,t,167
NIF-ALE-ING-10,Highland Peak Argentina,Con Filtro,Negro,Normal,f,84
NIF-ALE-ING-10,Urban Classic Chile,Sin Filtro,Negro,Normal,f,474
NIF-ALE-ING-10,Gold Leaf Alemania,Sin Filtro,Rubio,Normal,f,374
NIF-ALE-ING-10,Royal Blend Alemania,Con Filtro,Rubio,Normal,t,449
NIF-ALE-ING-10,Royal Blend Argentina,Sin Filtro,Negro,Normal,f,490
NIF-ALE-ING-10,Royal Blend Reino,Con Filtro,Negro,Normal,f,420
NIF-ALE-ING-10,Pure Essence Argentina,Con Filtro,Rubio,Normal,t,61
NIF-ALE-ING-10,Gold Leaf Japon,Con Filtro,Rubio,Normal,t,322
NIF-ALE-ING-10,Amber Haze Japon,Sin Filtro,Rubio,Normal,f,485
NIF-ALE-ING-10,Highland Peak Alemania,Sin Filtro,Rubio,Normal,t,290
NIF-ALE-ING-10,Royal Blend Argentina,Con Filtro,Negro,Light,f,67
NIF-ALE-ING-10,Highland Peak Reino,Sin Filtro,Rubio,Normal,t,423
NIF-ALE-ING-10,Urban Classic Alemania,Con Filtro,Negro,Normal,t,363
NIF-ALE-ING-10,Midnight Silk Reino,Con Filtro,Negro,Normal,t,357
NIF-ALE-ING-11,Highland Peak Argentina,Sin Filtro,Negro,Normal,f,131
NIF-ALE-ING-11,Urban Classic Argentina,Sin Filtro,Rubio,Normal,t,416
NIF-ALE-ING-11,Ocean Breeze Argentina,Sin Filtro,Negro,Normal,f,249
NIF-ALE-ING-11,Ocean Breeze Alemania,Sin Filtro,Negro,Normal,t,422
NIF-ALE-ING-11,Gold Leaf Argentina,Sin Filtro,Rubio,Normal,t,425
NIF-ALE-ING-11,Royal Blend Japon,Con Filtro,Negro,Normal,t,354
NIF-ALE-ING-11,Amber Haze Chile,Con Filtro,Rubio,Normal,t,227
NIF-ALE-ING-11,Royal Blend Reino,Con Filtro,Negro,SuperLight,f,96
NIF-ALE-ING-11,Urban Classic Argentina,Con Filtro,Rubio,SuperLight,f,72
NIF-ALE-ING-11,Mountain Mist Japon,Con Filtro,Negro,Normal,t,372
NIF-ALE-ING-12,Urban Classic Japon,Con Filtro,Negro,Normal,t,411
NIF-ALE-ING-12,Silver Lining Chile,Con Filtro,Rubio,Normal,t,158
NIF-ALE-ING-12,Highland Peak Alemania,Sin Filtro,Negro,Normal,f,66
NIF-ALE-ING-12,Highland Peak Alemania,Sin Filtro,Negro,Normal,t,128
NIF-ALE-ING-12,Ocean Breeze Japon,Sin Filtro,Rubio,Normal,t,297
NIF-ALE-ING-12,Ocean Breeze Alemania,Con Filtro,Negro,SuperLight,f,183
NIF-ALE-ING-12,Amber Haze Argentina,Sin Filtro,Negro,Normal,t,362
NIF-ALE-ING-12,Ocean Breeze Japon,Sin Filtro,Negro,Normal,f,298
NIF-ALE-ING-12,Gold Leaf Alemania,Sin Filtro,Rubio,Normal,f,333
NIF-ALE-ING-12,Amber Haze Chile,Con Filtro,Rubio,Normal,t,320
NIF-ALE-ING-12,Amber Haze Alemania,Sin Filtro,Negro,Normal,t,125
NIF-ALE-ING-12,Royal Blend Chile,Con Filtro,Negro,Normal,t,206
NIF-ALE-ING-12,Mountain Mist Argentina,Sin Filtro,Negro,Normal,t,229
NIF-ALE-ING-12,Ocean Breeze Chile,Con Filtro,Rubio,UltraLight,f,68
NIF-ALE-ING-12,Pure Essence Alemania,Sin Filtro,Rubio,Normal,t,158
NIF-ALE-ING-12,Amber Haze Chile,Con Filtro,Rubio,Normal,t,326
NIF-ALE-ING-12,Pure Essence Chile,Con Filtro,Rubio,Normal,t,492
NIF-ALE-ING-12,Silver Lining Reino,Sin Filtro,Negro,Normal,f,71
NIF-ALE-ING-12,Royal Blend Argentina,Con Filtro,Negro,SuperLight,f,468
NIF-ALE-ING-12,Midnight Silk Japon,Con Filtro,Rubio,Normal,f,83
NIF-ALE-ING-12,Royal Blend Chile,Sin Filtro,Rubio,Normal,t,216
NIF-ALE-ING-12,Urban Classic Reino,Con Filtro,Negro,Normal,t,85
NIF-ALE-ING-12,Gold Leaf Alemania,Sin Filtro,Rubio,Normal,f,226
NIF-ALE-ING-12,Mountain Mist Japon,Con Filtro,Rubio,Normal,t,121
NIF-ALE-ING-12,Royal Blend Japon,Sin Filtro,Negro,Normal,t,364
NIF-ALE-ING-12,Pure Essence Argentina,Con Filtro,Rubio,SuperLight,f,326
NIF-ALE-ING-12,Urban Classic Argentina,Sin Filtro,Negro,Normal,t,428
NIF-ALE-ING-13,Highland Peak Reino,Sin Filtro,Negro,Normal,f,366
NIF-ALE-ING-13,Silver Lining Reino,Con Filtro,Negro,Normal,t,463
NIF-ALE-ING-13,Ocean Breeze Argentina,Con Filtro,Rubio,Normal,t,153
NIF-ALE-ING-13,Mountain Mist Japon,Sin Filtro,Rubio,Normal,t,345
NIF-ALE-ING-13,Amber Haze Chile,Sin Filtro,Rubio,Normal,t,272
NIF-ALE-ING-13,Gold Leaf Reino,Con Filtro,Negro,SuperLight,f,476
NIF-ALE-ING-13,Amber Haze Japon,Con Filtro,Rubio,SuperLight,f,174
NIF-ALE-ING-13,Mountain Mist Chile,Con Filtro,Rubio,Normal,t,233
NIF-ALE-ING-13,Royal Blend Argentina,Con Filtro,Negro,SuperLight,f,112
NIF-ALE-ING-13,Midnight Silk Alemania,Con Filtro,Rubio,Normal,t,287
NIF-ALE-ING-13,Gold Leaf Reino,Sin Filtro,Negro,Normal,f,401
NIF-ALE-ING-13,Pure Essence Japon,Sin Filtro,Negro,Normal,t,445
NIF-ALE-ING-13,Ocean Breeze Reino,Con Filtro,Rubio,UltraLight,f,364
NIF-ALE-ING-14,Royal Blend Argentina,Sin Filtro,Negro,Normal,f,485
NIF-ALE-ING-14,Mountain Mist Reino,Sin Filtro,Negro,Normal,t,113
NIF-ALE-ING-14,Gold Leaf Reino,Con Filtro,Rubio,Normal,f,221
NIF-ALE-ING-14,Midnight Silk Argentina,Sin Filtro,Rubio,Normal,f,231
NIF-ALE-ING-14,Midnight Silk Argentina,Con Filtro,Rubio,Normal,f,155
NIF-ALE-ING-14,Amber Haze Chile,Sin Filtro,Negro,Normal,f,102
NIF-ALE-ING-14,Royal Blend Chile,Sin Filtro,Negro,Normal,t,481
NIF-ALE-ING-14,Highland Peak Japon,Sin Filtro,Negro,Normal,t,289
NIF-ALE-ING-14,Highland Peak Japon,Con Filtro,Negro,Normal,f,318
NIF-ALE-ING-14,Pure Essence Reino,Con Filtro,Negro,Normal,t,491
NIF-ALE-ING-14,Urban Classic Japon,Con Filtro,Rubio,Normal,t,183
NIF-ALE-ING-14,Urban Classic Alemania,Sin Filtro,Rubio,Normal,t,487
NIF-ALE-ING-14,Amber Haze Reino,Sin Filtro,Negro,Normal,t,374
NIF-ALE-ING-14,Gold Leaf Chile,Sin Filtro,Negro,Normal,t,130
NIF-ALE-ING-14,Silver Lining Chile,Sin Filtro,Rubio,Normal,t,324
NIF-ALE-ING-14,Midnight Silk Argentina,Sin Filtro,Negro,Normal,f,326
NIF-ALE-ING-14,Midnight Silk Japon,Sin Filtro,Rubio,Normal,f,150
NIF-ALE-ING-14,Silver Lining Alemania,Sin Filtro,Negro,Normal,t,123
NIF-ALE-ING-14,Urban Classic Alemania,Sin Filtro,Negro,Normal,f,126
NIF-ALE-ING-14,Silver Lining Japon,Sin Filtro,Negro,Normal,f,110
NIF-ALE-ING-14,Gold Leaf Japon,Con Filtro,Negro,SuperLight,f,473
NIF-ALE-ING-14,Mountain Mist Japon,Con Filtro,Negro,Normal,t,101
NIF-ALE-ING-14,Midnight Silk Reino,Con Filtro,Negro,SuperLight,f,423
NIF-ALE-ING-15,Royal Blend Japon,Sin Filtro,Rubio,Normal,t,417
NIF-ALE-ING-15,Amber Haze Argentina,Sin Filtro,Rubio,Normal,t,63
NIF-ALE-ING-15,Amber Haze Argentina,Sin Filtro,Negro,Normal,t,101
NIF-ALE-ING-15,Mountain Mist Reino,Sin Filtro,Negro,Normal,f,252
NIF-ALE-ING-15,Amber Haze Argentina,Sin Filtro,Negro,Normal,t,311
NIF-ALE-ING-15,Highland Peak Reino,Con Filtro,Rubio,Normal,t,255
NIF-ALE-ING-15,Royal Blend Alemania,Con Filtro,Negro,Normal,t,94
NIF-ALE-ING-15,Urban Classic Japon,Con Filtro,Negro,SuperLight,f,338
NIF-ALE-ING-15,Midnight Silk Alemania,Con Filtro,Negro,Normal,t,415
NIF-ALE-ING-15,Gold Leaf Chile,Con Filtro,Rubio,UltraLight,f,427
NIF-ALE-ING-15,Highland Peak Chile,Con Filtro,Negro,Normal,t,227
NIF-ALE-ING-15,Amber Haze Japon,Sin Filtro,Negro,Normal,t,455
NIF-ALE-ING-15,Urban Classic Argentina,Sin Filtro,Rubio,Normal,t,460
NIF-ALE-ING-15,Ocean Breeze Alemania,Sin Filtro,Negro,Normal,t,364
NIF-ALE-ING-15,Mountain Mist Alemania,Sin Filtro,Negro,Normal,f,214
NIF-ALE-ING-15,Mountain Mist Reino,Sin Filtro,Negro,Normal,t,468
NIF-ALE-ING-15,Silver Lining Alemania,Con Filtro,Negro,Normal,t,216
NIF-ALE-ING-15,Gold Leaf Chile,Sin Filtro,Negro,Normal,t,75
NIF-ALE-ING-15,Highland Peak Reino,Sin Filtro,Rubio,Normal,t,248
NIF-ALE-ING-15,Urban Classic Japon,Sin Filtro,Rubio,Normal,t,455
NIF-ALE-ING-15,Ocean Breeze Argentina,Con Filtro,Rubio,Light,f,204
NIF-ALE-ING-15,Royal Blend Reino,Con Filtro,Negro,SuperLight,f,467
NIF-ALE-ING-15,Mountain Mist Alemania,Sin Filtro,Negro,Normal,f,295
NIF-ALE-ING-15,Amber Haze Argentina,Con Filtro,Negro,Normal,t,480
NIF-ALE-ING-15,Highland Peak Reino,Con Filtro,Rubio,Normal,t,79
NIF-ALE-ING-15,Urban Classic Alemania,Con Filtro,Negro,Normal,t,417
NIF-ALE-ALT-1,Highland Peak Argentina,Con Filtro,Negro,Normal,f,248
NIF-ALE-ALT-1,Mountain Mist Argentina,Sin Filtro,Negro,Normal,t,381
NIF-ALE-ALT-1,Midnight Silk Reino,Con Filtro,Negro,Normal,t,356
NIF-ALE-ALT-1,Midnight Silk Argentina,Sin Filtro,Rubio,Normal,f,265
NIF-ALE-ALT-1,Ocean Breeze Reino,Sin Filtro,Negro,Normal,f,227
NIF-ALE-ALT-1,Amber Haze Argentina,Sin Filtro,Negro,Normal,t,329
NIF-ALE-ALT-1,Mountain Mist Reino,Con Filtro,Negro,SuperLight,f,290
NIF-ALE-ALT-1,Mountain Mist Alemania,Sin Filtro,Rubio,Normal,f,376
NIF-ALE-ALT-1,Royal Blend Reino,Sin Filtro,Rubio,Normal,f,467
NIF-ALE-ALT-1,Amber Haze Reino,Con Filtro,Rubio,Normal,t,134
NIF-ALE-ALT-1,Pure Essence Japon,Sin Filtro,Rubio,Normal,t,483
NIF-ALE-ALT-1,Royal Blend Argentina,Con Filtro,Negro,Light,f,191
NIF-ALE-ALT-1,Highland Peak Alemania,Con Filtro,Rubio,Normal,f,69
NIF-ALE-ALT-1,Pure Essence Alemania,Sin Filtro,Negro,Normal,f,243
NIF-ALE-ALT-1,Royal Blend Chile,Con Filtro,Negro,Normal,t,134
NIF-ALE-ALT-1,Highland Peak Argentina,Sin Filtro,Negro,Normal,f,259
NIF-ALE-ALT-1,Amber Haze Japon,Con Filtro,Rubio,SuperLight,f,481
NIF-ALE-ALT-1,Midnight Silk Alemania,Con Filtro,Negro,Normal,t,347
NIF-ALE-ALT-1,Ocean Breeze Chile,Con Filtro,Rubio,Normal,t,145
NIF-ALE-ALT-1,Silver Lining Argentina,Con Filtro,Rubio,Normal,t,329
NIF-ALE-ALT-1,Amber Haze Alemania,Sin Filtro,Rubio,Normal,f,189
NIF-ALE-ALT-1,Pure Essence Chile,Con Filtro,Rubio,SuperLight,f,330
NIF-ALE-ALT-1,Royal Blend Alemania,Sin Filtro,Rubio,Normal,t,362
NIF-ALE-ALT-1,Pure Essence Reino,Sin Filtro,Negro,Normal,t,59
NIF-ALE-ALT-1,Urban Classic Alemania,Con Filtro,Negro,Light,f,208
NIF-ALE-ALT-2,Royal Blend Japon,Sin Filtro,Rubio,Normal,t,488
NIF-ALE-ALT-2,Amber Haze Alemania,Con Filtro,Negro,Normal,f,454
NIF-ALE-ALT-2,Pure Essence Chile,Con Filtro,Rubio,Normal,t,491
NIF-ALE-ALT-2,Ocean Breeze Alemania,Con Filtro,Rubio,Normal,t,428
NIF-ALE-ALT-2,Amber Haze Chile,Sin Filtro,Rubio,Normal,t,263
NIF-ALE-ALT-2,Amber Haze Japon,Con Filtro,Rubio,SuperLight,f,97
NIF-ALE-ALT-2,Gold Leaf Argentina,Sin Filtro,Negro,Normal,t,264
NIF-ALE-ALT-2,Gold Leaf Alemania,Sin Filtro,Rubio,Normal,f,249
NIF-ALE-ALT-2,Silver Lining Reino,Sin Filtro,Negro,Normal,f,237
NIF-ALE-ALT-2,Silver Lining Alemania,Con Filtro,Negro,Normal,t,483
NIF-ALE-ALT-2,Amber Haze Reino,Sin Filtro,Rubio,Normal,t,361
NIF-ALE-ALT-2,Royal Blend Chile,Con Filtro,Rubio,SuperLight,f,197
NIF-ALE-ALT-2,Midnight Silk Japon,Con Filtro,Rubio,Normal,f,136
NIF-ALE-ALT-3,Urban Classic Chile,Sin Filtro,Negro,Normal,f,181
NIF-ALE-ALT-3,Gold Leaf Japon,Con Filtro,Rubio,UltraLight,f,230
NIF-ALE-ALT-3,Gold Leaf Reino,Sin Filtro,Negro,Normal,f,408
NIF-ALE-ALT-3,Royal Blend Alemania,Sin Filtro,Rubio,Normal,t,72
NIF-ALE-ALT-3,Mountain Mist Argentina,Con Filtro,Negro,UltraLight,f,353
NIF-ALE-ALT-3,Pure Essence Chile,Con Filtro,Negro,Normal,t,401
NIF-ALE-ALT-3,Urban Classic Japon,Con Filtro,Rubio,Normal,t,358
NIF-ALE-ALT-3,Pure Essence Reino,Sin Filtro,Rubio,Normal,t,374
NIF-ALE-ALT-3,Highland Peak Argentina,Sin Filtro,Rubio,Normal,f,212
NIF-ALE-ALT-3,Mountain Mist Argentina,Sin Filtro,Negro,Normal,t,67
NIF-ALE-ALT-3,Midnight Silk Alemania,Con Filtro,Rubio,Normal,t,338
NIF-ALE-ALT-3,Mountain Mist Japon,Sin Filtro,Negro,Normal,t,102
NIF-ALE-ALT-3,Gold Leaf Reino,Sin Filtro,Rubio,Normal,t,413
NIF-ALE-ALT-3,Gold Leaf Alemania,Sin Filtro,Rubio,Normal,f,491
NIF-ALE-ALT-3,Gold Leaf Alemania,Sin Filtro,Negro,Normal,t,75
NIF-ALE-ALT-3,Midnight Silk Reino,Sin Filtro,Negro,Normal,f,324
NIF-ALE-ALT-3,Amber Haze Alemania,Sin Filtro,Negro,Normal,t,343
NIF-ALE-ALT-3,Amber Haze Chile,Sin Filtro,Rubio,Normal,t,471
NIF-ALE-ALT-3,Highland Peak Japon,Con Filtro,Negro,Normal,f,374
NIF-ALE-ALT-4,Pure Essence Argentina,Sin Filtro,Negro,Normal,t,394
NIF-ALE-ALT-4,Midnight Silk Reino,Con Filtro,Negro,SuperLight,f,350
NIF-ALE-ALT-4,Urban Classic Chile,Sin Filtro,Negro,Normal,f,350
NIF-ALE-ALT-4,Royal Blend Alemania,Con Filtro,Rubio,Normal,t,446
NIF-ALE-ALT-4,Ocean Breeze Reino,Sin Filtro,Rubio,Normal,f,367
NIF-ALE-ALT-4,Urban Classic Japon,Con Filtro,Rubio,Normal,t,282
NIF-ALE-ALT-4,Ocean Breeze Argentina,Sin Filtro,Negro,Normal,f,327
NIF-ALE-ALT-4,Mountain Mist Japon,Con Filtro,Negro,Normal,t,470
NIF-ALE-ALT-4,Midnight Silk Chile,Con Filtro,Negro,Normal,t,228
NIF-ALE-ALT-4,Ocean Breeze Argentina,Con Filtro,Negro,Normal,t,381
NIF-ALE-ALT-4,Highland Peak Argentina,Sin Filtro,Negro,Normal,f,143
NIF-ALE-ALT-4,Gold Leaf Alemania,Sin Filtro,Rubio,Normal,f,126
NIF-ALE-ALT-4,Urban Classic Reino,Con Filtro,Negro,Normal,t,255
NIF-ALE-ALT-4,Ocean Breeze Argentina,Con Filtro,Negro,SuperLight,f,70
NIF-ALE-ALT-4,Royal Blend Reino,Con Filtro,Negro,Normal,f,113
NIF-ALE-ALT-4,Midnight Silk Reino,Sin Filtro,Rubio,Normal,t,292
NIF-ALE-ALT-4,Silver Lining Japon,Con Filtro,Rubio,Normal,f,475
NIF-ALE-ALT-5,Amber Haze Argentina,Con Filtro,Negro,Normal,t,465
NIF-ALE-ALT-5,Midnight Silk Chile,Con Filtro,Negro,UltraLight,f,196
NIF-ALE-ALT-5,Highland Peak Alemania,Con Filtro,Negro,UltraLight,f,247
NIF-ALE-ALT-5,Ocean Breeze Alemania,Con Filtro,Negro,SuperLight,f,483
NIF-ALE-ALT-5,Pure Essence Argentina,Con Filtro,Negro,Normal,t,234
NIF-ALE-ALT-5,Urban Classic Japon,Con Filtro,Rubio,Normal,t,325
NIF-ALE-ALT-5,Ocean Breeze Alemania,Con Filtro,Negro,Light,f,190
NIF-ALE-ALT-5,Highland Peak Alemania,Con Filtro,Negro,Normal,f,445
NIF-ALE-ALT-5,Silver Lining Japon,Con Filtro,Rubio,Light,f,319
NIF-ALE-ALT-5,Amber Haze Reino,Sin Filtro,Negro,Normal,t,289
NIF-ALE-ALT-5,Amber Haze Chile,Sin Filtro,Negro,Normal,f,254
NIF-ALE-ALT-5,Pure Essence Argentina,Sin Filtro,Rubio,Normal,t,144
NIF-ALE-ALT-5,Amber Haze Japon,Con Filtro,Rubio,Normal,t,276
NIF-ALE-ALT-5,Urban Classic Argentina,Sin Filtro,Rubio,Normal,f,470
NIF-ALE-ALT-5,Ocean Breeze Reino,Con Filtro,Rubio,UltraLight,f,104
NIF-ALE-ALT-5,Highland Peak Japon,Sin Filtro,Negro,Normal,t,201
NIF-ALE-ALT-5,Ocean Breeze Japon,Sin Filtro,Rubio,Normal,t,373
NIF-ALE-ALT-5,Urban Classic Japon,Con Filtro,Negro,Normal,f,491
NIF-ALE-ALT-5,Midnight Silk Japon,Con Filtro,Rubio,Normal,t,237
NIF-ALE-ALT-5,Urban Classic Japon,Sin Filtro,Rubio,Normal,f,271
NIF-ALE-ALT-5,Gold Leaf Chile,Sin Filtro,Negro,Normal,f,253
NIF-ALE-ALT-5,Highland Peak Chile,Con Filtro,Rubio,Normal,f,418
NIF-ALE-ALT-5,Amber Haze Japon,Sin Filtro,Negro,Normal,t,382
NIF-ALE-ALT-6,Urban Classic Alemania,Sin Filtro,Rubio,Normal,t,183
NIF-ALE-ALT-6,Highland Peak Japon,Con Filtro,Rubio,Normal,t,288
NIF-ALE-ALT-6,Royal Blend Argentina,Con Filtro,Negro,Normal,t,294
NIF-ALE-ALT-6,Ocean Breeze Reino,Sin Filtro,Negro,Normal,f,432
NIF-ALE-ALT-6,Gold Leaf Reino,Con Filtro,Negro,Light,f,296
NIF-ALE-ALT-6,Mountain Mist Argentina,Sin Filtro,Rubio,Normal,t,240
NIF-ALE-ALT-6,Amber Haze Japon,Con Filtro,Rubio,Light,f,241
NIF-ALE-ALT-6,Highland Peak Alemania,Con Filtro,Negro,UltraLight,f,332
NIF-ALE-ALT-6,Silver Lining Chile,Con Filtro,Rubio,Normal,t,453
NIF-ALE-ALT-6,Pure Essence Chile,Con Filtro,Rubio,SuperLight,f,266
NIF-ALE-ALT-6,Midnight Silk Argentina,Sin Filtro,Negro,Normal,f,361
NIF-ALE-ALT-6,Royal Blend Chile,Sin Filtro,Negro,Normal,t,448
NIF-ALE-ALT-6,Highland Peak Argentina,Sin Filtro,Negro,Normal,f,390
NIF-ALE-ALT-6,Mountain Mist Reino,Con Filtro,Rubio,UltraLight,f,420
NIF-ALE-ALT-6,Urban Classic Argentina,Con Filtro,Negro,UltraLight,f,484
NIF-ALE-ALT-6,Royal Blend Alemania,Sin Filtro,Negro,Normal,t,371
NIF-ALE-ALT-6,Royal Blend Chile,Con Filtro,Rubio,SuperLight,f,312
NIF-ALE-ALT-6,Royal Blend Japon,Sin Filtro,Rubio,Normal,t,262
NIF-ALE-ALT-6,Urban Classic Japon,Sin Filtro,Rubio,Normal,f,432
NIF-ALE-ALT-6,Gold Leaf Reino,Sin Filtro,Negro,Normal,f,388
NIF-ALE-ALT-6,Ocean Breeze Reino,Con Filtro,Rubio,Normal,f,491
NIF-ALE-ALT-7,Gold Leaf Chile,Con Filtro,Rubio,Normal,t,252
NIF-ALE-ALT-7,Mountain Mist Japon,Con Filtro,Rubio,Light,f,253
NIF-ALE-ALT-7,Ocean Breeze Japon,Sin Filtro,Rubio,Normal,t,372
NIF-ALE-ALT-7,Pure Essence Chile,Sin Filtro,Negro,Normal,f,349
NIF-ALE-ALT-7,Gold Leaf Reino,Sin Filtro,Negro,Normal,f,250
NIF-ALE-ALT-7,Midnight Silk Chile,Con Filtro,Negro,Normal,t,288
NIF-ALE-ALT-7,Mountain Mist Argentina,Con Filtro,Rubio,Normal,t,124
NIF-ALE-ALT-7,Silver Lining Alemania,Sin Filtro,Negro,Normal,f,487
NIF-ALE-ALT-7,Midnight Silk Alemania,Sin Filtro,Negro,Normal,f,89
NIF-ALE-ALT-7,Royal Blend Japon,Sin Filtro,Rubio,Normal,t,165
NIF-ALE-ALT-7,Amber Haze Reino,Sin Filtro,Rubio,Normal,t,448
NIF-ALE-ALT-7,Highland Peak Argentina,Sin Filtro,Negro,Normal,f,380
NIF-ALE-ALT-7,Royal Blend Reino,Con Filtro,Negro,Light,f,396
NIF-ALE-ALT-7,Gold Leaf Argentina,Con Filtro,Rubio,Normal,t,143
NIF-ALE-ALT-7,Gold Leaf Argentina,Sin Filtro,Rubio,Normal,f,190
NIF-ALE-ALT-7,Midnight Silk Japon,Con Filtro,Rubio,Normal,f,156
NIF-ALE-ALT-7,Gold Leaf Argentina,Sin Filtro,Negro,Normal,t,337
NIF-ALE-ALT-7,Silver Lining Japon,Sin Filtro,Negro,Normal,f,184
NIF-ALE-ALT-7,Gold Leaf Reino,Con Filtro,Rubio,Normal,f,332
NIF-ALE-ALT-7,Amber Haze Reino,Con Filtro,Negro,Normal,t,106
NIF-ALE-ALT-7,Urban Classic Japon,Sin Filtro,Rubio,Normal,t,160
NIF-ALE-ALT-7,Gold Leaf Reino,Con Filtro,Rubio,Normal,f,271
NIF-ALE-ALT-7,Amber Haze Argentina,Sin Filtro,Negro,Normal,t,419
NIF-ALE-ALT-7,Amber Haze Alemania,Sin Filtro,Rubio,Normal,t,478
NIF-ALE-ALT-8,Silver Lining Chile,Con Filtro,Rubio,Light,f,277
NIF-ALE-ALT-8,Gold Leaf Reino,Sin Filtro,Rubio,Normal,t,88
NIF-ALE-ALT-8,Silver Lining Alemania,Sin Filtro,Negro,Normal,f,246
NIF-ALE-ALT-8,Urban Classic Japon,Sin Filtro,Negro,Normal,f,279
NIF-ALE-ALT-8,Pure Essence Argentina,Con Filtro,Negro,Normal,t,341
NIF-ALE-ALT-8,Gold Leaf Chile,Con Filtro,Rubio,UltraLight,f,235
NIF-ALE-ALT-8,Highland Peak Argentina,Con Filtro,Rubio,SuperLight,f,96
NIF-ALE-ALT-8,Pure Essence Argentina,Con Filtro,Rubio,SuperLight,f,282
NIF-ALE-ALT-8,Mountain Mist Alemania,Sin Filtro,Rubio,Normal,f,220
NIF-ALE-ALT-8,Gold Leaf Argentina,Sin Filtro,Rubio,Normal,t,247
NIF-ALE-ALT-8,Highland Peak Reino,Sin Filtro,Rubio,Normal,t,376
NIF-ALE-ALT-8,Mountain Mist Alemania,Sin Filtro,Rubio,Normal,f,95
NIF-ALE-ALT-8,Pure Essence Reino,Sin Filtro,Rubio,Normal,f,142
NIF-ALE-ALT-8,Midnight Silk Japon,Sin Filtro,Rubio,Normal,f,195
NIF-ALE-ALT-8,Pure Essence Reino,Con Filtro,Negro,Normal,t,185
NIF-ALE-ALT-9,Pure Essence Argentina,Con Filtro,Rubio,Normal,t,472
NIF-ALE-ALT-9,Urban Classic Chile,Con Filtro,Negro,Normal,t,122
NIF-ALE-ALT-9,Gold Leaf Japon,Con Filtro,Rubio,Normal,f,296
NIF-ALE-ALT-9,Highland Peak Argentina,Con Filtro,Rubio,Normal,f,67
NIF-ALE-ALT-9,Royal Blend Japon,Sin Filtro,Rubio,Normal,t,427
NIF-ALE-ALT-9,Ocean Breeze Reino,Sin Filtro,Negro,Normal,t,271
NIF-ALE-ALT-9,Urban Classic Alemania,Con Filtro,Rubio,Normal,t,412
NIF-ALE-ALT-9,Urban Classic Alemania,Con Filtro,Negro,Normal,t,171
NIF-ALE-ALT-9,Mountain Mist Alemania,Sin Filtro,Rubio,Normal,t,204
NIF-ALE-ALT-9,Midnight Silk Alemania,Sin Filtro,Rubio,Normal,f,353
NIF-ALE-ALT-9,Royal Blend Japon,Sin Filtro,Rubio,Normal,t,101
NIF-ALE-ALT-9,Amber Haze Japon,Sin Filtro,Negro,Normal,t,277
NIF-ALE-ALT-9,Pure Essence Reino,Sin Filtro,Negro,Normal,t,489
NIF-ALE-ALT-9,Mountain Mist Chile,Sin Filtro,Rubio,Normal,f,197
NIF-ALE-ALT-9,Mountain Mist Argentina,Con Filtro,Negro,Light,f,317
NIF-ALE-ALT-9,Urban Classic Chile,Sin Filtro,Rubio,Normal,f,371
NIF-ALE-ALT-10,Mountain Mist Alemania,Sin Filtro,Negro,Normal,f,390
NIF-ALE-ALT-10,Midnight Silk Argentina,Sin Filtro,Rubio,Normal,f,60
NIF-ALE-ALT-10,Ocean Breeze Alemania,Sin Filtro,Negro,Normal,t,129
NIF-ALE-ALT-10,Royal Blend Argentina,Con Filtro,Negro,Light,f,55
NIF-ALE-ALT-10,Urban Classic Argentina,Sin Filtro,Negro,Normal,t,374
NIF-ALE-ALT-10,Silver Lining Japon,Sin Filtro,Rubio,Normal,f,121
NIF-ALE-ALT-10,Midnight Silk Reino,Sin Filtro,Negro,Normal,t,331
NIF-ALE-ALT-10,Ocean Breeze Alemania,Sin Filtro,Rubio,Normal,t,393
NIF-ALE-ALT-10,Urban Classic Reino,Con Filtro,Negro,Normal,t,408
NIF-ALE-ALT-10,Highland Peak Japon,Con Filtro,Rubio,Light,f,339
NIF-ALE-ALT-10,Highland Peak Argentina,Sin Filtro,Negro,Normal,f,367
NIF-ALE-ALT-10,Midnight Silk Alemania,Sin Filtro,Rubio,Normal,f,71
NIF-ALE-ALT-10,Gold Leaf Japon,Sin Filtro,Negro,Normal,f,298
NIF-ALE-ALT-10,Pure Essence Reino,Sin Filtro,Negro,Normal,t,461
NIF-ALE-ALT-10,Silver Lining Alemania,Con Filtro,Negro,Normal,t,289
NIF-ALE-ALT-11,Highland Peak Argentina,Sin Filtro,Negro,Normal,f,206
NIF-ALE-ALT-11,Silver Lining Reino,Sin Filtro,Rubio,Normal,f,327
NIF-ALE-ALT-11,Silver Lining Japon,Sin Filtro,Rubio,Normal,f,99
NIF-ALE-ALT-11,Gold Leaf Alemania,Sin Filtro,Rubio,Normal,f,98
NIF-ALE-ALT-11,Midnight Silk Argentina,Sin Filtro,Rubio,Normal,f,459
NIF-ALE-ALT-11,Ocean Breeze Reino,Sin Filtro,Negro,Normal,f,121
NIF-ALE-ALT-11,Gold Leaf Japon,Con Filtro,Rubio,UltraLight,f,484
NIF-ALE-ALT-11,Midnight Silk Alemania,Sin Filtro,Rubio,Normal,f,76
NIF-ALE-ALT-11,Pure Essence Japon,Sin Filtro,Rubio,Normal,t,53
NIF-ALE-ALT-11,Gold Leaf Reino,Con Filtro,Negro,SuperLight,f,287
NIF-ALE-ALT-11,Ocean Breeze Argentina,Con Filtro,Rubio,Normal,t,119
NIF-ALE-ALT-11,Midnight Silk Argentina,Sin Filtro,Rubio,Normal,t,81
NIF-ALE-ALT-11,Highland Peak Japon,Sin Filtro,Rubio,Normal,t,401
NIF-ALE-ALT-11,Urban Classic Chile,Sin Filtro,Negro,Normal,t,152
NIF-ALE-ALT-11,Highland Peak Chile,Con Filtro,Negro,Light,f,184
NIF-ALE-ALT-11,Highland Peak Reino,Con Filtro,Rubio,Normal,t,146
NIF-ALE-ALT-11,Ocean Breeze Argentina,Con Filtro,Negro,Normal,t,337
NIF-ALE-ALT-12,Gold Leaf Chile,Con Filtro,Rubio,Normal,t,224
NIF-ALE-ALT-12,Ocean Breeze Chile,Con Filtro,Negro,Normal,t,443
NIF-ALE-ALT-12,Midnight Silk Chile,Sin Filtro,Rubio,Normal,f,410
NIF-ALE-ALT-12,Highland Peak Argentina,Con Filtro,Negro,Normal,f,307
NIF-ALE-ALT-12,Ocean Breeze Chile,Con Filtro,Negro,Normal,t,296
NIF-ALE-ALT-12,Amber Haze Alemania,Con Filtro,Negro,Normal,t,141
NIF-ALE-ALT-12,Amber Haze Argentina,Sin Filtro,Rubio,Normal,f,51
NIF-ALE-ALT-12,Royal Blend Reino,Con Filtro,Negro,SuperLight,f,314
NIF-ALE-ALT-12,Midnight Silk Chile,Con Filtro,Rubio,Normal,t,470
NIF-ALE-ALT-12,Gold Leaf Alemania,Sin Filtro,Negro,Normal,t,255
NIF-ALE-ALT-12,Ocean Breeze Japon,Con Filtro,Rubio,Normal,f,202
NIF-ALE-ALT-12,Silver Lining Reino,Sin Filtro,Negro,Normal,f,182
NIF-ALE-ALT-12,Silver Lining Argentina,Sin Filtro,Negro,Normal,t,289
NIF-ALE-ALT-12,Ocean Breeze Argentina,Sin Filtro,Negro,Normal,f,394
NIF-ALE-ALT-12,Royal Blend Argentina,Sin Filtro,Negro,Normal,f,164
NIF-ALE-ALT-12,Midnight Silk Japon,Con Filtro,Rubio,Normal,f,289
NIF-ALE-ALT-12,Highland Peak Japon,Sin Filtro,Rubio,Normal,t,416
NIF-ALE-ALT-12,Amber Haze Chile,Sin Filtro,Negro,Normal,f,182
NIF-ALE-ALT-12,Royal Blend Reino,Sin Filtro,Rubio,Normal,f,228
NIF-ALE-ALT-12,Highland Peak Alemania,Con Filtro,Rubio,Normal,f,173
NIF-ALE-ALT-12,Pure Essence Reino,Sin Filtro,Negro,Normal,f,492
NIF-ALE-ALT-12,Midnight Silk Alemania,Con Filtro,Negro,Normal,t,164
NIF-ALE-ALT-12,Gold Leaf Japon,Sin Filtro,Rubio,Normal,t,191
NIF-ALE-ALT-12,Highland Peak Japon,Sin Filtro,Rubio,Normal,f,335
NIF-ALE-ALT-12,Highland Peak Reino,Sin Filtro,Rubio,Normal,t,395
NIF-ALE-ALT-12,Mountain Mist Alemania,Sin Filtro,Negro,Normal,f,368
NIF-ALE-ALT-12,Ocean Breeze Japon,Sin Filtro,Negro,Normal,f,142
NIF-ALE-ALT-12,Silver Lining Alemania,Sin Filtro,Rubio,Normal,f,490
NIF-ALE-ALT-12,Gold Leaf Alemania,Sin Filtro,Rubio,Normal,f,254
NIF-ALE-ALT-12,Silver Lining Chile,Con Filtro,Rubio,Light,f,105
NIF-ALE-ALT-13,Gold Leaf Japon,Con Filtro,Rubio,UltraLight,f,264
NIF-ALE-ALT-13,Pure Essence Argentina,Sin Filtro,Negro,Normal,f,233
NIF-ALE-ALT-13,Gold Leaf Reino,Con Filtro,Negro,Light,f,134
NIF-ALE-ALT-13,Amber Haze Japon,Sin Filtro,Rubio,Normal,f,153
NIF-ALE-ALT-13,Ocean Breeze Alemania,Con Filtro,Negro,Light,f,358
NIF-ALE-ALT-13,Mountain Mist Reino,Sin Filtro,Negro,Normal,f,141
NIF-ALE-ALT-13,Mountain Mist Reino,Sin Filtro,Negro,Normal,f,92
NIF-ALE-ALT-13,Midnight Silk Alemania,Sin Filtro,Negro,Normal,t,393
NIF-ALE-ALT-13,Pure Essence Argentina,Sin Filtro,Negro,Normal,t,288
NIF-ALE-ALT-13,Royal Blend Alemania,Con Filtro,Negro,Light,f,120
NIF-ALE-ALT-13,Silver Lining Japon,Sin Filtro,Rubio,Normal,f,225
NIF-ALE-ALT-13,Mountain Mist Japon,Sin Filtro,Negro,Normal,t,467
NIF-ALE-ALT-13,Silver Lining Alemania,Sin Filtro,Negro,Normal,t,488
NIF-ALE-ALT-13,Highland Peak Argentina,Sin Filtro,Rubio,Normal,f,255
NIF-ALE-ALT-13,Midnight Silk Japon,Con Filtro,Rubio,Normal,t,268
NIF-ALE-ALT-13,Urban Classic Japon,Con Filtro,Negro,SuperLight,f,401
NIF-ALE-ALT-13,Gold Leaf Chile,Con Filtro,Rubio,Normal,t,208
NIF-ALE-ALT-13,Silver Lining Reino,Sin Filtro,Rubio,Normal,f,129
NIF-ALE-ALT-13,Midnight Silk Argentina,Sin Filtro,Rubio,Normal,f,258
NIF-ALE-ALT-13,Ocean Breeze Alemania,Sin Filtro,Rubio,Normal,t,327
NIF-ALE-ALT-13,Pure Essence Reino,Sin Filtro,Rubio,Normal,f,163
NIF-ALE-ALT-13,Highland Peak Reino,Con Filtro,Rubio,Normal,t,383
NIF-ALE-ALT-13,Royal Blend Reino,Con Filtro,Rubio,Normal,t,464
NIF-ALE-ALT-13,Silver Lining Alemania,Con Filtro,Negro,Normal,t,167
NIF-ALE-ALT-13,Urban Classic Argentina,Con Filtro,Rubio,Normal,t,341
NIF-ALE-ALT-13,Ocean Breeze Argentina,Con Filtro,Negro,SuperLight,f,143
NIF-ALE-ALT-14,Mountain Mist Alemania,Sin Filtro,Rubio,Normal,t,154
NIF-ALE-ALT-14,Gold Leaf Argentina,Sin Filtro,Negro,Normal,t,268
NIF-ALE-ALT-14,Royal Blend Chile,Sin Filtro,Negro,Normal,t,450
NIF-ALE-ALT-14,Royal Blend Chile,Sin Filtro,Negro,Normal,t,143
NIF-ALE-ALT-14,Royal Blend Alemania,Con Filtro,Rubio,Normal,t,348
NIF-ALE-ALT-14,Royal Blend Chile,Con Filtro,Rubio,Normal,t,137
NIF-ALE-ALT-14,Ocean Breeze Argentina,Con Filtro,Negro,Normal,t,452
NIF-ALE-ALT-14,Urban Classic Argentina,Con Filtro,Rubio,SuperLight,f,343
NIF-ALE-ALT-14,Amber Haze Japon,Sin Filtro,Negro,Normal,t,406
NIF-ALE-ALT-14,Urban Classic Argentina,Sin Filtro,Rubio,Normal,t,72
NIF-ALE-ALT-14,Urban Classic Alemania,Sin Filtro,Negro,Normal,f,79
NIF-ALE-ALT-14,Midnight Silk Japon,Sin Filtro,Rubio,Normal,f,82
NIF-ALE-ALT-14,Urban Classic Reino,Sin Filtro,Rubio,Normal,f,120
NIF-ALE-ALT-14,Ocean Breeze Argentina,Con Filtro,Rubio,Normal,t,224
NIF-ALE-ALT-14,Mountain Mist Japon,Sin Filtro,Rubio,Normal,f,329
NIF-ALE-ALT-14,Pure Essence Japon,Sin Filtro,Negro,Normal,t,301
NIF-ALE-ALT-14,Gold Leaf Chile,Sin Filtro,Negro,Normal,f,108
NIF-ALE-ALT-14,Mountain Mist Reino,Sin Filtro,Rubio,Normal,f,405
NIF-ALE-ALT-14,Pure Essence Japon,Sin Filtro,Negro,Normal,f,121
NIF-ALE-ALT-14,Pure Essence Alemania,Con Filtro,Negro,Normal,f,456
NIF-ALE-ALT-14,Highland Peak Alemania,Sin Filtro,Rubio,Normal,t,391
NIF-ALE-ALT-14,Urban Classic Alemania,Sin Filtro,Rubio,Normal,t,314
NIF-ALE-ALT-14,Mountain Mist Alemania,Sin Filtro,Rubio,Normal,f,85
NIF-ALE-ALT-14,Royal Blend Argentina,Con Filtro,Negro,SuperLight,f,415
NIF-ALE-ALT-14,Highland Peak Reino,Sin Filtro,Rubio,Normal,t,271
NIF-ALE-ALT-14,Midnight Silk Argentina,Sin Filtro,Negro,Normal,f,383
NIF-ALE-ALT-14,Midnight Silk Argentina,Sin Filtro,Rubio,Normal,t,485
NIF-ALE-ALT-14,Silver Lining Japon,Con Filtro,Rubio,Normal,f,297
NIF-ALE-ALT-14,Amber Haze Argentina,Sin Filtro,Negro,Normal,t,488
NIF-ALE-ALT-14,Silver Lining Chile,Sin Filtro,Rubio,Normal,t,318
NIF-ALE-ALT-15,Ocean Breeze Chile,Sin Filtro,Negro,Normal,f,419
NIF-ALE-ALT-15,Midnight Silk Reino,Sin Filtro,Rubio,Normal,t,269
NIF-ALE-ALT-15,Amber Haze Reino,Sin Filtro,Rubio,Normal,t,231
NIF-ALE-ALT-15,Ocean Breeze Argentina,Con Filtro,Negro,SuperLight,f,204
NIF-ALE-ALT-15,Amber Haze Japon,Con Filtro,Rubio,SuperLight,f,127
NIF-ALE-ALT-15,Ocean Breeze Argentina,Con Filtro,Negro,Normal,t,232
NIF-ALE-ALT-15,Gold Leaf Chile,Sin Filtro,Negro,Normal,t,331
NIF-ALE-ALT-15,Highland Peak Reino,Con Filtro,Rubio,Normal,t,160
NIF-ALE-ALT-15,Amber Haze Alemania,Sin Filtro,Negro,Normal,t,251
NIF-ALE-ALT-15,Mountain Mist Chile,Con Filtro,Negro,Normal,t,56
NIF-ALE-ALT-15,Gold Leaf Reino,Con Filtro,Rubio,Normal,f,324
NIF-ALE-ALT-15,Royal Blend Argentina,Con Filtro,Negro,SuperLight,f,449
NIF-ALE-ALT-15,Mountain Mist Japon,Con Filtro,Negro,Normal,t,485
NIF-ALE-ALT-15,Midnight Silk Japon,Sin Filtro,Rubio,Normal,f,394
NIF-ALE-ALT-15,Highland Peak Alemania,Con Filtro,Negro,UltraLight,f,90
NIF-ALE-ALT-15,Amber Haze Alemania,Sin Filtro,Negro,Normal,t,107
NIF-ALE-ALT-15,Highland Peak Alemania,Sin Filtro,Negro,Normal,t,74
NIF-ALE-ALT-15,Silver Lining Reino,Con Filtro,Negro,UltraLight,f,232
NIF-ALE-ALT-15,Amber Haze Argentina,Con Filtro,Negro,SuperLight,f,346
NIF-ALE-ALT-15,Ocean Breeze Chile,Sin Filtro,Rubio,Normal,f,471
NIF-ALE-ALT-15,Midnight Silk Japon,Con Filtro,Rubio,Normal,t,439
NIF-ALE-ALT-15,Silver Lining Alemania,Sin Filtro,Negro,Normal,f,430
NIF-ALE-ALT-15,Midnight Silk Reino,Sin Filtro,Negro,Normal,t,293
NIF-ALE-ALT-15,Pure Essence Alemania,Sin Filtro,Rubio,Normal,t,463
NIF-ALE-ALT-15,Royal Blend Argentina,Con Filtro,Rubio,Light,f,328
NIF-ALE-ALT-15,Mountain Mist Reino,Sin Filtro,Negro,Normal,f,238
NIF-ALE-ALT-15,Urban Classic Reino,Con Filtro,Rubio,Normal,f,411
NIF-ALE-ALT-15,Pure Essence Chile,Con Filtro,Negro,SuperLight,f,400
NIF-ALE-ALT-15,Amber Haze Reino,Con Filtro,Rubio,Normal,t,128
NIF-ALE-ALT-15,Mountain Mist Argentina,Sin Filtro,Negro,Normal,f,259
NIF-ALE-BER-1,Amber Haze Japon,Sin Filtro,Rubio,Normal,f,322
NIF-ALE-BER-1,Gold Leaf Chile,Sin Filtro,Negro,Normal,f,263
NIF-ALE-BER-1,Ocean Breeze Argentina,Con Filtro,Negro,Normal,t,498
NIF-ALE-BER-1,Pure Essence Alemania,Con Filtro,Negro,Normal,f,82
NIF-ALE-BER-1,Mountain Mist Reino,Con Filtro,Negro,SuperLight,f,314
NIF-ALE-BER-1,Ocean Breeze Japon,Sin Filtro,Rubio,Normal,t,268
NIF-ALE-BER-1,Highland Peak Argentina,Con Filtro,Negro,Normal,f,197
NIF-ALE-BER-1,Royal Blend Argentina,Con Filtro,Rubio,UltraLight,f,420
NIF-ALE-BER-1,Urban Classic Argentina,Con Filtro,Negro,UltraLight,f,373
NIF-ALE-BER-1,Gold Leaf Japon,Con Filtro,Rubio,Normal,t,365
NIF-ALE-BER-1,Ocean Breeze Alemania,Sin Filtro,Negro,Normal,t,181
NIF-ALE-BER-1,Gold Leaf Japon,Sin Filtro,Rubio,Normal,t,211
NIF-ALE-BER-1,Urban Classic Alemania,Sin Filtro,Negro,Normal,f,142
NIF-ALE-BER-1,Silver Lining Alemania,Sin Filtro,Negro,Normal,f,264
NIF-ALE-BER-1,Urban Classic Chile,Sin Filtro,Rubio,Normal,t,53
NIF-ALE-BER-1,Pure Essence Alemania,Sin Filtro,Rubio,Normal,t,348
NIF-ALE-BER-1,Mountain Mist Argentina,Sin Filtro,Rubio,Normal,t,276
NIF-ALE-BER-1,Ocean Breeze Argentina,Con Filtro,Negro,SuperLight,f,185
NIF-ALE-BER-1,Silver Lining Reino,Sin Filtro,Negro,Normal,f,305
NIF-ALE-BER-2,Urban Classic Chile,Sin Filtro,Rubio,Normal,f,262
NIF-ALE-BER-2,Pure Essence Chile,Con Filtro,Negro,Normal,t,171
NIF-ALE-BER-2,Urban Classic Argentina,Sin Filtro,Negro,Normal,f,248
NIF-ALE-BER-2,Ocean Breeze Japon,Con Filtro,Rubio,Normal,f,310
NIF-ALE-BER-2,Amber Haze Argentina,Sin Filtro,Rubio,Normal,f,245
NIF-ALE-BER-2,Royal Blend Argentina,Con Filtro,Rubio,UltraLight,f,273
NIF-ALE-BER-2,Pure Essence Alemania,Sin Filtro,Rubio,Normal,f,404
NIF-ALE-BER-2,Amber Haze Reino,Sin Filtro,Rubio,Normal,t,172
NIF-ALE-BER-2,Highland Peak Japon,Sin Filtro,Rubio,Normal,f,398
NIF-ALE-BER-2,Mountain Mist Japon,Con Filtro,Negro,Normal,t,69
NIF-ALE-BER-2,Gold Leaf Japon,Con Filtro,Rubio,UltraLight,f,342
NIF-ALE-BER-2,Ocean Breeze Argentina,Con Filtro,Negro,Normal,t,174
NIF-ALE-BER-2,Silver Lining Chile,Sin Filtro,Negro,Normal,f,496
NIF-ALE-BER-2,Royal Blend Argentina,Sin Filtro,Negro,Normal,t,475
NIF-ALE-BER-2,Urban Classic Argentina,Sin Filtro,Negro,Normal,f,176
NIF-ALE-BER-2,Royal Blend Reino,Con Filtro,Rubio,Normal,t,354
NIF-ALE-BER-2,Mountain Mist Japon,Con Filtro,Rubio,Normal,t,103
NIF-ALE-BER-2,Ocean Breeze Japon,Sin Filtro,Negro,Normal,t,486
NIF-ALE-BER-2,Amber Haze Japon,Sin Filtro,Rubio,Normal,t,305
NIF-ALE-BER-2,Silver Lining Alemania,Con Filtro,Negro,Normal,t,357
NIF-ALE-BER-3,Amber Haze Chile,Con Filtro,Negro,Light,f,419
NIF-ALE-BER-3,Midnight Silk Reino,Con Filtro,Negro,SuperLight,f,333
NIF-ALE-BER-3,Gold Leaf Japon,Con Filtro,Rubio,Normal,f,103
NIF-ALE-BER-3,Royal Blend Chile,Sin Filtro,Rubio,Normal,t,496
NIF-ALE-BER-3,Mountain Mist Argentina,Sin Filtro,Negro,Normal,t,286
NIF-ALE-BER-3,Urban Classic Alemania,Sin Filtro,Negro,Normal,f,218
NIF-ALE-BER-3,Amber Haze Chile,Sin Filtro,Rubio,Normal,t,72
NIF-ALE-BER-3,Highland Peak Reino,Sin Filtro,Negro,Normal,t,295
NIF-ALE-BER-3,Royal Blend Alemania,Sin Filtro,Rubio,Normal,t,351
NIF-ALE-BER-3,Silver Lining Japon,Sin Filtro,Rubio,Normal,f,322
NIF-ALE-BER-3,Ocean Breeze Alemania,Sin Filtro,Negro,Normal,t,416
NIF-ALE-BER-3,Silver Lining Alemania,Sin Filtro,Negro,Normal,t,352
NIF-ALE-BER-3,Highland Peak Chile,Con Filtro,Negro,Normal,t,362
NIF-ALE-BER-3,Mountain Mist Reino,Con Filtro,Rubio,Light,f,65
NIF-ALE-BER-3,Mountain Mist Alemania,Sin Filtro,Negro,Normal,f,320
NIF-ALE-BER-3,Gold Leaf Alemania,Sin Filtro,Negro,Normal,f,263
NIF-ALE-BER-3,Highland Peak Alemania,Sin Filtro,Rubio,Normal,f,400
NIF-ALE-BER-3,Pure Essence Japon,Sin Filtro,Negro,Normal,f,308
NIF-ALE-BER-3,Mountain Mist Reino,Sin Filtro,Negro,Normal,f,484
NIF-ALE-BER-3,Urban Classic Alemania,Sin Filtro,Negro,Normal,f,118
NIF-ALE-BER-3,Royal Blend Japon,Sin Filtro,Rubio,Normal,t,374
NIF-ALE-BER-3,Amber Haze Argentina,Con Filtro,Negro,Normal,t,93
NIF-ALE-BER-3,Ocean Breeze Reino,Con Filtro,Rubio,Normal,f,492
NIF-ALE-BER-4,Pure Essence Japon,Sin Filtro,Negro,Normal,t,196
NIF-ALE-BER-4,Amber Haze Reino,Con Filtro,Rubio,Normal,t,461
NIF-ALE-BER-4,Amber Haze Japon,Con Filtro,Rubio,SuperLight,f,199
NIF-ALE-BER-4,Ocean Breeze Reino,Sin Filtro,Negro,Normal,f,344
NIF-ALE-BER-4,Urban Classic Reino,Con Filtro,Rubio,Normal,t,127
NIF-ALE-BER-4,Gold Leaf Argentina,Sin Filtro,Negro,Normal,t,275
NIF-ALE-BER-4,Urban Classic Alemania,Sin Filtro,Rubio,Normal,t,106
NIF-ALE-BER-4,Urban Classic Japon,Sin Filtro,Rubio,Normal,t,103
NIF-ALE-BER-4,Silver Lining Japon,Con Filtro,Rubio,Normal,f,378
NIF-ALE-BER-4,Ocean Breeze Chile,Sin Filtro,Negro,Normal,f,191
NIF-ALE-BER-4,Amber Haze Reino,Sin Filtro,Negro,Normal,t,81
NIF-ALE-BER-4,Urban Classic Alemania,Con Filtro,Negro,Normal,t,408
NIF-ALE-BER-4,Midnight Silk Alemania,Con Filtro,Negro,Normal,t,196
NIF-ALE-BER-4,Gold Leaf Reino,Sin Filtro,Rubio,Normal,f,254
NIF-ALE-BER-4,Midnight Silk Alemania,Sin Filtro,Rubio,Normal,f,261
NIF-ALE-BER-4,Silver Lining Reino,Con Filtro,Negro,UltraLight,f,261
NIF-ALE-BER-4,Royal Blend Chile,Sin Filtro,Negro,Normal,f,337
NIF-ALE-BER-4,Gold Leaf Alemania,Sin Filtro,Rubio,Normal,f,389
NIF-ALE-BER-4,Royal Blend Japon,Sin Filtro,Negro,Normal,t,163
NIF-ALE-BER-5,Midnight Silk Chile,Sin Filtro,Rubio,Normal,f,189
NIF-ALE-BER-5,Midnight Silk Japon,Sin Filtro,Rubio,Normal,f,412
NIF-ALE-BER-5,Midnight Silk Alemania,Sin Filtro,Rubio,Normal,f,115
NIF-ALE-BER-5,Mountain Mist Chile,Con Filtro,Negro,Normal,t,379
NIF-ALE-BER-5,Silver Lining Argentina,Con Filtro,Negro,Normal,t,82
NIF-ALE-BER-5,Pure Essence Chile,Con Filtro,Rubio,SuperLight,f,353
NIF-ALE-BER-5,Highland Peak Chile,Con Filtro,Rubio,SuperLight,f,485
NIF-ALE-BER-5,Gold Leaf Reino,Con Filtro,Rubio,Normal,t,477
NIF-ALE-BER-5,Mountain Mist Japon,Con Filtro,Negro,Normal,t,98
NIF-ALE-BER-5,Silver Lining Chile,Con Filtro,Rubio,Normal,t,328
NIF-ALE-BER-5,Gold Leaf Chile,Con Filtro,Rubio,Normal,t,125
NIF-ALE-BER-5,Urban Classic Chile,Sin Filtro,Rubio,Normal,f,352
NIF-ALE-BER-5,Urban Classic Chile,Sin Filtro,Negro,Normal,f,142
NIF-ALE-BER-5,Pure Essence Alemania,Sin Filtro,Negro,Normal,f,227
NIF-ALE-BER-5,Royal Blend Reino,Con Filtro,Negro,Normal,f,62
NIF-ALE-BER-6,Amber Haze Chile,Sin Filtro,Rubio,Normal,f,336
NIF-ALE-BER-6,Silver Lining Chile,Con Filtro,Negro,SuperLight,f,495
NIF-ALE-BER-6,Ocean Breeze Argentina,Sin Filtro,Rubio,Normal,f,383
NIF-ALE-BER-6,Mountain Mist Alemania,Sin Filtro,Negro,Normal,f,192
NIF-ALE-BER-6,Highland Peak Alemania,Sin Filtro,Negro,Normal,f,416
NIF-ALE-BER-6,Silver Lining Japon,Con Filtro,Negro,UltraLight,f,63
NIF-ALE-BER-6,Gold Leaf Japon,Con Filtro,Rubio,Normal,t,390
NIF-ALE-BER-6,Urban Classic Japon,Con Filtro,Rubio,Normal,t,375
NIF-ALE-BER-6,Highland Peak Argentina,Con Filtro,Rubio,SuperLight,f,372
NIF-ALE-BER-6,Royal Blend Reino,Con Filtro,Negro,Light,f,477
NIF-ALE-BER-6,Mountain Mist Japon,Con Filtro,Rubio,Light,f,197
NIF-ALE-BER-6,Urban Classic Reino,Con Filtro,Negro,Normal,t,139
NIF-ALE-BER-6,Mountain Mist Reino,Con Filtro,Rubio,SuperLight,f,422
NIF-ALE-BER-6,Gold Leaf Reino,Con Filtro,Rubio,Normal,f,188
NIF-ALE-BER-6,Ocean Breeze Reino,Con Filtro,Rubio,UltraLight,f,301
NIF-ALE-BER-6,Amber Haze Reino,Sin Filtro,Rubio,Normal,t,92
NIF-ALE-BER-6,Ocean Breeze Reino,Sin Filtro,Negro,Normal,t,209
NIF-ALE-BER-6,Mountain Mist Japon,Con Filtro,Negro,Normal,t,498
NIF-ALE-BER-6,Mountain Mist Alemania,Sin Filtro,Negro,Normal,f,430
NIF-ALE-BER-6,Mountain Mist Argentina,Sin Filtro,Negro,Normal,t,199
NIF-ALE-BER-6,Highland Peak Japon,Con Filtro,Negro,Normal,f,422
NIF-ALE-BER-6,Silver Lining Alemania,Con Filtro,Negro,Normal,t,188
NIF-ALE-BER-6,Ocean Breeze Alemania,Sin Filtro,Negro,Normal,t,159
NIF-ALE-BER-6,Urban Classic Reino,Con Filtro,Negro,Normal,t,238
NIF-ALE-BER-6,Gold Leaf Alemania,Sin Filtro,Rubio,Normal,f,359
NIF-ALE-BER-6,Royal Blend Reino,Con Filtro,Rubio,Normal,t,259
NIF-ALE-BER-6,Royal Blend Chile,Sin Filtro,Negro,Normal,f,80
NIF-ALE-BER-7,Gold Leaf Japon,Sin Filtro,Rubio,Normal,t,255
NIF-ALE-BER-7,Urban Classic Argentina,Sin Filtro,Negro,Normal,f,425
NIF-ALE-BER-7,Royal Blend Chile,Sin Filtro,Negro,Normal,f,266
NIF-ALE-BER-7,Urban Classic Chile,Sin Filtro,Rubio,Normal,t,356
NIF-ALE-BER-7,Highland Peak Alemania,Con Filtro,Rubio,UltraLight,f,426
NIF-ALE-BER-7,Royal Blend Reino,Con Filtro,Negro,Normal,t,385
NIF-ALE-BER-7,Mountain Mist Argentina,Sin Filtro,Negro,Normal,t,170
NIF-ALE-BER-7,Midnight Silk Reino,Con Filtro,Negro,UltraLight,f,384
NIF-ALE-BER-7,Gold Leaf Argentina,Sin Filtro,Rubio,Normal,t,390
NIF-ALE-BER-7,Amber Haze Chile,Con Filtro,Rubio,Normal,t,53
NIF-ALE-BER-7,Royal Blend Chile,Sin Filtro,Rubio,Normal,t,315
NIF-ALE-BER-7,Midnight Silk Japon,Con Filtro,Negro,UltraLight,f,260
NIF-ALE-BER-7,Amber Haze Alemania,Sin Filtro,Rubio,Normal,f,162
NIF-ALE-BER-7,Pure Essence Chile,Con Filtro,Negro,SuperLight,f,175
NIF-ALE-BER-7,Mountain Mist Japon,Con Filtro,Rubio,Light,f,387
NIF-ALE-BER-7,Pure Essence Argentina,Sin Filtro,Rubio,Normal,t,203
NIF-ALE-BER-7,Silver Lining Argentina,Con Filtro,Negro,Normal,t,59
NIF-ALE-BER-8,Ocean Breeze Argentina,Con Filtro,Negro,Normal,t,371
NIF-ALE-BER-8,Royal Blend Alemania,Sin Filtro,Rubio,Normal,t,178
NIF-ALE-BER-8,Pure Essence Alemania,Con Filtro,Rubio,UltraLight,f,455
NIF-ALE-BER-8,Pure Essence Chile,Sin Filtro,Negro,Normal,f,468
NIF-ALE-BER-8,Silver Lining Alemania,Sin Filtro,Negro,Normal,t,89
NIF-ALE-BER-8,Urban Classic Reino,Con Filtro,Negro,Normal,t,311
NIF-ALE-BER-8,Ocean Breeze Alemania,Sin Filtro,Rubio,Normal,t,130
NIF-ALE-BER-8,Mountain Mist Argentina,Sin Filtro,Negro,Normal,t,490
NIF-ALE-BER-8,Gold Leaf Reino,Con Filtro,Negro,SuperLight,f,218
NIF-ALE-BER-8,Amber Haze Japon,Con Filtro,Rubio,Normal,t,400
NIF-ALE-BER-8,Silver Lining Japon,Con Filtro,Rubio,Normal,f,230
NIF-ALE-BER-8,Pure Essence Argentina,Con Filtro,Rubio,UltraLight,f,266
NIF-ALE-BER-8,Pure Essence Chile,Sin Filtro,Rubio,Normal,f,437
NIF-ALE-BER-8,Mountain Mist Japon,Con Filtro,Negro,Normal,t,204
NIF-ALE-BER-8,Silver Lining Reino,Sin Filtro,Rubio,Normal,t,106
NIF-ALE-BER-8,Urban Classic Alemania,Con Filtro,Rubio,Normal,t,177
NIF-ALE-BER-8,Midnight Silk Chile,Con Filtro,Rubio,Normal,t,312
NIF-ALE-BER-8,Pure Essence Japon,Sin Filtro,Negro,Normal,f,133
NIF-ALE-BER-8,Highland Peak Reino,Sin Filtro,Rubio,Normal,t,241
NIF-ALE-BER-8,Silver Lining Reino,Con Filtro,Negro,Normal,t,84
NIF-ALE-BER-9,Silver Lining Argentina,Con Filtro,Rubio,Normal,t,180
NIF-ALE-BER-9,Highland Peak Argentina,Sin Filtro,Rubio,Normal,f,295
NIF-ALE-BER-9,Pure Essence Alemania,Con Filtro,Rubio,UltraLight,f,407
NIF-ALE-BER-9,Mountain Mist Alemania,Sin Filtro,Rubio,Normal,t,159
NIF-ALE-BER-9,Ocean Breeze Argentina,Con Filtro,Negro,SuperLight,f,400
NIF-ALE-BER-9,Urban Classic Reino,Con Filtro,Negro,Normal,t,337
NIF-ALE-BER-9,Midnight Silk Chile,Con Filtro,Negro,UltraLight,f,94
NIF-ALE-BER-9,Urban Classic Reino,Con Filtro,Rubio,Normal,t,246
NIF-ALE-BER-9,Ocean Breeze Reino,Sin Filtro,Rubio,Normal,f,385
NIF-ALE-BER-9,Urban Classic Reino,Con Filtro,Rubio,Normal,f,97
NIF-ALE-BER-9,Ocean Breeze Reino,Sin Filtro,Negro,Normal,t,382
NIF-ALE-BER-9,Highland Peak Japon,Sin Filtro,Rubio,Normal,f,271
NIF-ALE-BER-9,Pure Essence Japon,Con Filtro,Negro,UltraLight,f,237
NIF-ALE-BER-10,Mountain Mist Chile,Sin Filtro,Rubio,Normal,t,236
NIF-ALE-BER-10,Urban Classic Argentina,Sin Filtro,Negro,Normal,t,207
NIF-ALE-BER-10,Mountain Mist Argentina,Sin Filtro,Rubio,Normal,t,484
NIF-ALE-BER-10,Amber Haze Alemania,Con Filtro,Negro,Normal,t,338
NIF-ALE-BER-10,Ocean Breeze Alemania,Sin Filtro,Rubio,Normal,t,154
NIF-ALE-BER-10,Urban Classic Japon,Con Filtro,Negro,Normal,f,439
NIF-ALE-BER-10,Royal Blend Argentina,Con Filtro,Negro,Normal,t,297
NIF-ALE-BER-10,Mountain Mist Reino,Con Filtro,Rubio,Light,f,220
NIF-ALE-BER-10,Urban Classic Argentina,Con Filtro,Negro,UltraLight,f,372
NIF-ALE-BER-10,Highland Peak Reino,Con Filtro,Negro,SuperLight,f,481
NIF-ALE-BER-10,Pure Essence Japon,Sin Filtro,Rubio,Normal,f,205
NIF-ALE-BER-10,Gold Leaf Alemania,Sin Filtro,Rubio,Normal,f,326
NIF-ALE-BER-10,Midnight Silk Chile,Sin Filtro,Rubio,Normal,f,315
NIF-ALE-BER-10,Silver Lining Alemania,Con Filtro,Negro,Normal,t,468
NIF-ALE-BER-10,Silver Lining Alemania,Con Filtro,Negro,Normal,t,208
NIF-ALE-BER-10,Mountain Mist Alemania,Sin Filtro,Rubio,Normal,t,364
NIF-ALE-BER-10,Amber Haze Alemania,Sin Filtro,Rubio,Normal,t,293
NIF-ALE-BER-10,Royal Blend Argentina,Sin Filtro,Negro,Normal,t,341
NIF-ALE-BER-11,Midnight Silk Chile,Con Filtro,Negro,Normal,t,123
NIF-ALE-BER-11,Urban Classic Japon,Con Filtro,Negro,Normal,t,246
NIF-ALE-BER-11,Urban Classic Japon,Con Filtro,Rubio,Normal,t,185
NIF-ALE-BER-11,Mountain Mist Argentina,Sin Filtro,Negro,Normal,f,202
NIF-ALE-BER-11,Ocean Breeze Japon,Sin Filtro,Rubio,Normal,t,252
NIF-ALE-BER-11,Ocean Breeze Alemania,Con Filtro,Negro,Light,f,416
NIF-ALE-BER-11,Highland Peak Japon,Sin Filtro,Rubio,Normal,f,452
NIF-ALE-BER-11,Royal Blend Chile,Con Filtro,Negro,Normal,t,136
NIF-ALE-BER-11,Silver Lining Chile,Con Filtro,Rubio,Normal,t,274
NIF-ALE-BER-11,Pure Essence Chile,Con Filtro,Negro,Normal,t,431
NIF-ALE-BER-11,Pure Essence Chile,Con Filtro,Rubio,Normal,t,390
NIF-ALE-BER-11,Highland Peak Alemania,Sin Filtro,Negro,Normal,t,243
NIF-ALE-BER-11,Gold Leaf Chile,Sin Filtro,Negro,Normal,f,488
NIF-ALE-BER-12,Mountain Mist Reino,Con Filtro,Rubio,Light,f,369
NIF-ALE-BER-12,Gold Leaf Japon,Con Filtro,Rubio,Normal,t,463
NIF-ALE-BER-12,Royal Blend Reino,Sin Filtro,Rubio,Normal,t,153
NIF-ALE-BER-12,Mountain Mist Alemania,Sin Filtro,Rubio,Normal,f,475
NIF-ALE-BER-12,Mountain Mist Alemania,Sin Filtro,Negro,Normal,f,312
NIF-ALE-BER-12,Mountain Mist Reino,Sin Filtro,Negro,Normal,f,306
NIF-ALE-BER-12,Midnight Silk Chile,Con Filtro,Negro,Normal,t,485
NIF-ALE-BER-12,Gold Leaf Chile,Sin Filtro,Rubio,Normal,f,158
NIF-ALE-BER-12,Urban Classic Japon,Sin Filtro,Rubio,Normal,t,57
NIF-ALE-BER-12,Mountain Mist Alemania,Sin Filtro,Rubio,Normal,t,186
NIF-ALE-BER-12,Gold Leaf Alemania,Sin Filtro,Negro,Normal,t,342
NIF-ALE-BER-12,Amber Haze Argentina,Con Filtro,Negro,Normal,t,488
NIF-ALE-BER-12,Silver Lining Reino,Sin Filtro,Negro,Normal,f,341
NIF-ALE-BER-12,Amber Haze Japon,Con Filtro,Rubio,SuperLight,f,78
NIF-ALE-BER-12,Midnight Silk Alemania,Sin Filtro,Rubio,Normal,t,389
NIF-ALE-BER-12,Pure Essence Chile,Con Filtro,Negro,Normal,t,335
NIF-ALE-BER-12,Mountain Mist Reino,Con Filtro,Rubio,UltraLight,f,330
NIF-ALE-BER-12,Highland Peak Argentina,Con Filtro,Rubio,Normal,f,58
NIF-ALE-BER-12,Urban Classic Reino,Con Filtro,Negro,Normal,t,387
NIF-ALE-BER-12,Ocean Breeze Japon,Con Filtro,Rubio,Normal,t,460
NIF-ALE-BER-12,Gold Leaf Japon,Con Filtro,Negro,SuperLight,f,124
NIF-ALE-BER-12,Amber Haze Reino,Sin Filtro,Rubio,Normal,t,469
NIF-ALE-BER-12,Mountain Mist Argentina,Con Filtro,Rubio,Normal,t,246
NIF-ALE-BER-12,Ocean Breeze Japon,Sin Filtro,Negro,Normal,t,215
NIF-ALE-BER-12,Urban Classic Chile,Con Filtro,Negro,UltraLight,f,282
NIF-ALE-BER-12,Royal Blend Reino,Con Filtro,Negro,SuperLight,f,433
NIF-ALE-BER-12,Ocean Breeze Argentina,Con Filtro,Rubio,Light,f,224
NIF-ALE-BER-12,Royal Blend Reino,Con Filtro,Rubio,Normal,t,235
NIF-ALE-BER-13,Gold Leaf Japon,Con Filtro,Rubio,Normal,t,306
NIF-ALE-BER-13,Royal Blend Japon,Sin Filtro,Rubio,Normal,t,59
NIF-ALE-BER-13,Royal Blend Japon,Sin Filtro,Negro,Normal,t,489
NIF-ALE-BER-13,Royal Blend Alemania,Sin Filtro,Rubio,Normal,f,94
NIF-ALE-BER-13,Amber Haze Argentina,Con Filtro,Negro,Normal,t,340
NIF-ALE-BER-13,Ocean Breeze Reino,Con Filtro,Rubio,Normal,f,84
NIF-ALE-BER-13,Mountain Mist Reino,Sin Filtro,Negro,Normal,t,175
NIF-ALE-BER-13,Pure Essence Japon,Con Filtro,Negro,Normal,t,161
NIF-ALE-BER-13,Royal Blend Argentina,Con Filtro,Negro,Normal,t,290
NIF-ALE-BER-13,Midnight Silk Argentina,Sin Filtro,Negro,Normal,f,206
NIF-ALE-BER-13,Silver Lining Japon,Sin Filtro,Negro,Normal,f,238
NIF-ALE-BER-13,Silver Lining Alemania,Sin Filtro,Negro,Normal,t,164
NIF-ALE-BER-13,Ocean Breeze Japon,Sin Filtro,Negro,Normal,f,83
NIF-ALE-BER-13,Royal Blend Alemania,Con Filtro,Rubio,Normal,t,184
NIF-ALE-BER-13,Highland Peak Japon,Con Filtro,Negro,Normal,f,162
NIF-ALE-BER-13,Royal Blend Chile,Sin Filtro,Rubio,Normal,t,223
NIF-ALE-BER-13,Mountain Mist Alemania,Sin Filtro,Rubio,Normal,f,163
NIF-ALE-BER-13,Highland Peak Argentina,Sin Filtro,Negro,Normal,f,260
NIF-ALE-BER-13,Royal Blend Chile,Sin Filtro,Negro,Normal,f,62
NIF-ALE-BER-13,Urban Classic Reino,Con Filtro,Negro,Normal,t,289
NIF-ALE-BER-13,Ocean Breeze Alemania,Con Filtro,Negro,Light,f,204
NIF-ALE-BER-13,Urban Classic Reino,Con Filtro,Negro,Normal,t,242
NIF-ALE-BER-13,Pure Essence Alemania,Sin Filtro,Rubio,Normal,f,391
NIF-ALE-BER-13,Highland Peak Reino,Con Filtro,Rubio,Normal,t,174
NIF-ALE-BER-13,Highland Peak Argentina,Sin Filtro,Rubio,Normal,f,253
NIF-ALE-BER-13,Mountain Mist Argentina,Con Filtro,Rubio,Normal,t,482
NIF-ALE-BER-13,Midnight Silk Alemania,Sin Filtro,Rubio,Normal,f,157
NIF-ALE-BER-13,Ocean Breeze Japon,Sin Filtro,Rubio,Normal,t,463
NIF-ALE-BER-13,Highland Peak Reino,Con Filtro,Negro,SuperLight,f,286
NIF-ALE-BER-13,Pure Essence Alemania,Sin Filtro,Rubio,Normal,t,486
NIF-ALE-BER-14,Highland Peak Argentina,Sin Filtro,Negro,Normal,f,198
NIF-ALE-BER-14,Highland Peak Chile,Con Filtro,Negro,Normal,f,113
NIF-ALE-BER-14,Royal Blend Japon,Sin Filtro,Rubio,Normal,t,178
NIF-ALE-BER-14,Amber Haze Alemania,Sin Filtro,Negro,Normal,t,296
NIF-ALE-BER-14,Highland Peak Chile,Con Filtro,Negro,Light,f,417
NIF-ALE-BER-14,Midnight Silk Japon,Sin Filtro,Rubio,Normal,f,202
NIF-ALE-BER-14,Silver Lining Argentina,Sin Filtro,Negro,Normal,t,449
NIF-ALE-BER-14,Pure Essence Chile,Con Filtro,Negro,SuperLight,f,267
NIF-ALE-BER-14,Ocean Breeze Argentina,Con Filtro,Negro,Normal,t,313
NIF-ALE-BER-14,Ocean Breeze Argentina,Con Filtro,Negro,Normal,t,382
NIF-ALE-BER-14,Gold Leaf Chile,Sin Filtro,Rubio,Normal,t,394
NIF-ALE-BER-14,Highland Peak Chile,Sin Filtro,Rubio,Normal,f,388
NIF-ALE-BER-14,Urban Classic Argentina,Sin Filtro,Negro,Normal,t,361
NIF-ALE-BER-14,Mountain Mist Chile,Con Filtro,Negro,Normal,t,185
NIF-ALE-BER-14,Mountain Mist Reino,Sin Filtro,Negro,Normal,t,251
NIF-ALE-BER-14,Gold Leaf Alemania,Sin Filtro,Negro,Normal,t,348
NIF-ALE-BER-14,Gold Leaf Argentina,Sin Filtro,Rubio,Normal,f,194
NIF-ALE-BER-14,Amber Haze Japon,Sin Filtro,Rubio,Normal,t,177
NIF-ALE-BER-14,Pure Essence Argentina,Con Filtro,Rubio,SuperLight,f,245
NIF-ALE-BER-15,Pure Essence Argentina,Con Filtro,Rubio,Normal,t,422
NIF-ALE-BER-15,Ocean Breeze Japon,Sin Filtro,Negro,Normal,t,231
NIF-ALE-BER-15,Royal Blend Argentina,Con Filtro,Negro,Light,f,255
NIF-ALE-BER-15,Urban Classic Chile,Sin Filtro,Rubio,Normal,t,383
NIF-ALE-BER-15,Highland Peak Chile,Con Filtro,Negro,Normal,f,464
NIF-ALE-BER-15,Amber Haze Argentina,Con Filtro,Rubio,Light,f,400
NIF-ALE-BER-15,Mountain Mist Alemania,Sin Filtro,Negro,Normal,f,370
NIF-ALE-BER-15,Highland Peak Alemania,Con Filtro,Rubio,SuperLight,f,138
NIF-ALE-BER-15,Urban Classic Reino,Con Filtro,Rubio,Normal,t,393
NIF-ALE-BER-15,Ocean Breeze Alemania,Con Filtro,Rubio,Light,f,202
NIF-ALE-BER-15,Highland Peak Reino,Sin Filtro,Negro,Normal,f,278
NIF-ALE-BER-15,Gold Leaf Reino,Con Filtro,Rubio,Normal,f,197
NIF-ALE-BER-15,Mountain Mist Argentina,Sin Filtro,Negro,Normal,t,64
NIF-ALE-BER-15,Urban Classic Japon,Con Filtro,Negro,SuperLight,f,136
NIF-ALE-BER-15,Mountain Mist Alemania,Sin Filtro,Rubio,Normal,t,146
NIF-ALE-BER-15,Pure Essence Japon,Sin Filtro,Negro,Normal,t,57
NIF-ALE-BER-15,Midnight Silk Chile,Con Filtro,Negro,Normal,t,364
NIF-ALE-BER-15,Urban Classic Alemania,Con Filtro,Negro,Light,f,71
NIF-ALE-BER-15,Royal Blend Argentina,Con Filtro,Rubio,UltraLight,f,415
NIF-ALE-BER-15,Urban Classic Argentina,Sin Filtro,Negro,Normal,f,421
NIF-ALE-BER-15,Royal Blend Japon,Sin Filtro,Rubio,Normal,t,169
NIF-ALE-BER-15,Royal Blend Argentina,Con Filtro,Negro,SuperLight,f,351
NIF-ALE-BER-15,Amber Haze Argentina,Sin Filtro,Rubio,Normal,f,89
NIF-ALE-BER-15,Highland Peak Argentina,Con Filtro,Negro,Normal,f,145
NIF-ALE-BER-15,Urban Classic Japon,Sin Filtro,Rubio,Normal,t,71
NIF-ALE-BER-15,Ocean Breeze Japon,Con Filtro,Rubio,Normal,t,155
NIF-ALE-BER-15,Highland Peak Japon,Con Filtro,Rubio,Light,f,242
NIF-ALE-BER-15,Silver Lining Alemania,Sin Filtro,Negro,Normal,f,282
NIF-ALE-BER-15,Highland Peak Reino,Sin Filtro,Negro,Normal,t,399
NIF-ALE-EIM-1,Silver Lining Japon,Con Filtro,Negro,SuperLight,f,415
NIF-ALE-EIM-1,Royal Blend Chile,Sin Filtro,Negro,Normal,t,288
NIF-ALE-EIM-1,Amber Haze Japon,Sin Filtro,Rubio,Normal,f,210
NIF-ALE-EIM-1,Urban Classic Chile,Con Filtro,Negro,Normal,t,348
NIF-ALE-EIM-1,Highland Peak Argentina,Con Filtro,Negro,Normal,f,175
NIF-ALE-EIM-1,Mountain Mist Reino,Con Filtro,Rubio,SuperLight,f,103
NIF-ALE-EIM-1,Pure Essence Chile,Con Filtro,Rubio,SuperLight,f,281
NIF-ALE-EIM-1,Ocean Breeze Reino,Sin Filtro,Rubio,Normal,f,341
NIF-ALE-EIM-1,Royal Blend Chile,Con Filtro,Rubio,UltraLight,f,423
NIF-ALE-EIM-1,Highland Peak Alemania,Con Filtro,Rubio,UltraLight,f,465
NIF-ALE-EIM-1,Amber Haze Alemania,Con Filtro,Negro,Normal,f,113
NIF-ALE-EIM-1,Midnight Silk Argentina,Sin Filtro,Rubio,Normal,t,412
NIF-ALE-EIM-1,Ocean Breeze Chile,Sin Filtro,Negro,Normal,f,189
NIF-ALE-EIM-1,Mountain Mist Reino,Con Filtro,Rubio,UltraLight,f,285
NIF-ALE-EIM-1,Amber Haze Japon,Sin Filtro,Negro,Normal,t,474
NIF-ALE-EIM-1,Gold Leaf Argentina,Con Filtro,Rubio,Light,f,63
NIF-ALE-EIM-1,Urban Classic Alemania,Sin Filtro,Rubio,Normal,t,349
NIF-ALE-EIM-1,Mountain Mist Argentina,Con Filtro,Rubio,Normal,t,66
NIF-ALE-EIM-1,Gold Leaf Japon,Con Filtro,Rubio,Normal,t,208
NIF-ALE-EIM-1,Gold Leaf Alemania,Con Filtro,Negro,UltraLight,f,79
NIF-ALE-EIM-1,Gold Leaf Argentina,Sin Filtro,Rubio,Normal,f,188
NIF-ALE-EIM-1,Urban Classic Chile,Con Filtro,Negro,SuperLight,f,186
NIF-ALE-EIM-1,Mountain Mist Argentina,Con Filtro,Rubio,SuperLight,f,184
NIF-ALE-EIM-2,Pure Essence Alemania,Sin Filtro,Rubio,Normal,t,292
NIF-ALE-EIM-2,Urban Classic Reino,Sin Filtro,Negro,Normal,f,290
NIF-ALE-EIM-2,Urban Classic Japon,Con Filtro,Rubio,Light,f,259
NIF-ALE-EIM-2,Highland Peak Alemania,Sin Filtro,Negro,Normal,t,124
NIF-ALE-EIM-2,Royal Blend Argentina,Con Filtro,Rubio,Light,f,364
NIF-ALE-EIM-2,Royal Blend Reino,Con Filtro,Rubio,Normal,t,131
NIF-ALE-EIM-2,Highland Peak Chile,Con Filtro,Negro,Normal,t,161
NIF-ALE-EIM-2,Midnight Silk Argentina,Con Filtro,Rubio,Normal,f,200
NIF-ALE-EIM-2,Pure Essence Japon,Sin Filtro,Rubio,Normal,t,270
NIF-ALE-EIM-2,Silver Lining Chile,Sin Filtro,Rubio,Normal,t,209
NIF-ALE-EIM-2,Highland Peak Reino,Con Filtro,Rubio,Normal,t,160
NIF-ALE-EIM-2,Midnight Silk Japon,Sin Filtro,Rubio,Normal,f,67
NIF-ALE-EIM-2,Urban Classic Argentina,Sin Filtro,Rubio,Normal,t,122
NIF-ALE-EIM-2,Mountain Mist Japon,Sin Filtro,Rubio,Normal,t,383
NIF-ALE-EIM-2,Urban Classic Argentina,Con Filtro,Negro,Normal,f,495
NIF-ALE-EIM-2,Silver Lining Chile,Sin Filtro,Rubio,Normal,t,469
NIF-ALE-EIM-2,Silver Lining Argentina,Con Filtro,Negro,Light,f,460
NIF-ALE-EIM-2,Silver Lining Argentina,Sin Filtro,Negro,Normal,t,190
NIF-ALE-EIM-3,Pure Essence Chile,Sin Filtro,Negro,Normal,f,71
NIF-ALE-EIM-3,Mountain Mist Alemania,Sin Filtro,Negro,Normal,f,487
NIF-ALE-EIM-3,Pure Essence Chile,Sin Filtro,Rubio,Normal,f,232
NIF-ALE-EIM-3,Gold Leaf Japon,Con Filtro,Negro,SuperLight,f,262
NIF-ALE-EIM-3,Midnight Silk Japon,Con Filtro,Negro,UltraLight,f,317
NIF-ALE-EIM-3,Gold Leaf Argentina,Sin Filtro,Negro,Normal,f,120
NIF-ALE-EIM-3,Gold Leaf Japon,Sin Filtro,Rubio,Normal,t,114
NIF-ALE-EIM-3,Gold Leaf Reino,Con Filtro,Rubio,Normal,f,410
NIF-ALE-EIM-3,Highland Peak Alemania,Sin Filtro,Rubio,Normal,f,50
NIF-ALE-EIM-3,Silver Lining Alemania,Sin Filtro,Negro,Normal,f,80
NIF-ALE-EIM-3,Mountain Mist Japon,Sin Filtro,Rubio,Normal,f,338
NIF-ALE-EIM-3,Silver Lining Chile,Con Filtro,Rubio,Normal,f,441
NIF-ALE-EIM-3,Gold Leaf Reino,Sin Filtro,Rubio,Normal,t,413
NIF-ALE-EIM-3,Midnight Silk Alemania,Sin Filtro,Negro,Normal,t,298
NIF-ALE-EIM-3,Pure Essence Chile,Con Filtro,Rubio,Normal,t,110
NIF-ALE-EIM-3,Royal Blend Argentina,Con Filtro,Negro,Normal,t,432
NIF-ALE-EIM-3,Highland Peak Chile,Con Filtro,Negro,Normal,f,442
NIF-ALE-EIM-3,Mountain Mist Reino,Sin Filtro,Rubio,Normal,f,357
NIF-ALE-EIM-4,Highland Peak Reino,Con Filtro,Negro,SuperLight,f,175
NIF-ALE-EIM-4,Amber Haze Chile,Con Filtro,Rubio,SuperLight,f,98
NIF-ALE-EIM-4,Amber Haze Reino,Sin Filtro,Rubio,Normal,f,231
NIF-ALE-EIM-4,Mountain Mist Argentina,Sin Filtro,Negro,Normal,t,78
NIF-ALE-EIM-4,Royal Blend Alemania,Sin Filtro,Rubio,Normal,t,54
NIF-ALE-EIM-4,Urban Classic Argentina,Con Filtro,Negro,UltraLight,f,452
NIF-ALE-EIM-4,Midnight Silk Alemania,Sin Filtro,Negro,Normal,t,153
NIF-ALE-EIM-4,Midnight Silk Alemania,Sin Filtro,Rubio,Normal,f,380
NIF-ALE-EIM-4,Ocean Breeze Chile,Con Filtro,Negro,Normal,t,179
NIF-ALE-EIM-4,Royal Blend Argentina,Con Filtro,Negro,Normal,t,413
NIF-ALE-EIM-4,Silver Lining Alemania,Sin Filtro,Rubio,Normal,f,470
NIF-ALE-EIM-4,Ocean Breeze Chile,Sin Filtro,Negro,Normal,t,65
NIF-ALE-EIM-4,Urban Classic Japon,Con Filtro,Negro,Normal,t,214
NIF-ALE-EIM-4,Gold Leaf Alemania,Sin Filtro,Rubio,Normal,f,85
NIF-ALE-EIM-4,Highland Peak Reino,Con Filtro,Rubio,Normal,t,242
NIF-ALE-EIM-4,Highland Peak Argentina,Sin Filtro,Rubio,Normal,f,104
NIF-ALE-EIM-4,Amber Haze Japon,Con Filtro,Rubio,SuperLight,f,134
NIF-ALE-EIM-4,Amber Haze Reino,Sin Filtro,Rubio,Normal,t,227
NIF-ALE-EIM-4,Silver Lining Argentina,Con Filtro,Rubio,Normal,t,279
NIF-ALE-EIM-4,Highland Peak Japon,Con Filtro,Rubio,Normal,t,229
NIF-ALE-EIM-4,Ocean Breeze Japon,Sin Filtro,Rubio,Normal,t,494
NIF-ALE-EIM-4,Gold Leaf Chile,Sin Filtro,Negro,Normal,f,314
NIF-ALE-EIM-5,Mountain Mist Alemania,Sin Filtro,Rubio,Normal,t,110
NIF-ALE-EIM-5,Mountain Mist Argentina,Sin Filtro,Rubio,Normal,t,281
NIF-ALE-EIM-5,Midnight Silk Reino,Sin Filtro,Rubio,Normal,f,281
NIF-ALE-EIM-5,Pure Essence Argentina,Con Filtro,Rubio,Normal,t,85
NIF-ALE-EIM-5,Midnight Silk Alemania,Sin Filtro,Rubio,Normal,t,98
NIF-ALE-EIM-5,Pure Essence Alemania,Sin Filtro,Rubio,Normal,f,301
NIF-ALE-EIM-5,Midnight Silk Chile,Con Filtro,Rubio,Normal,t,51
NIF-ALE-EIM-5,Urban Classic Reino,Con Filtro,Negro,Normal,t,491
NIF-ALE-EIM-5,Mountain Mist Chile,Sin Filtro,Rubio,Normal,f,252
NIF-ALE-EIM-5,Pure Essence Chile,Sin Filtro,Negro,Normal,f,285
NIF-ALE-EIM-5,Amber Haze Japon,Sin Filtro,Negro,Normal,t,131
NIF-ALE-EIM-5,Silver Lining Argentina,Con Filtro,Rubio,Normal,t,350
NIF-ALE-EIM-5,Royal Blend Chile,Con Filtro,Rubio,SuperLight,f,390
NIF-ALE-EIM-5,Pure Essence Reino,Sin Filtro,Rubio,Normal,t,112
NIF-ALE-EIM-6,Silver Lining Japon,Con Filtro,Negro,Normal,t,463
NIF-ALE-EIM-6,Midnight Silk Japon,Con Filtro,Rubio,Normal,f,434
NIF-ALE-EIM-6,Mountain Mist Japon,Con Filtro,Negro,Normal,t,53
NIF-ALE-EIM-6,Silver Lining Japon,Sin Filtro,Negro,Normal,f,403
NIF-ALE-EIM-6,Silver Lining Alemania,Con Filtro,Negro,Normal,t,171
NIF-ALE-EIM-6,Gold Leaf Alemania,Con Filtro,Rubio,Normal,t,295
NIF-ALE-EIM-6,Midnight Silk Argentina,Sin Filtro,Negro,Normal,f,329
NIF-ALE-EIM-6,Midnight Silk Alemania,Sin Filtro,Negro,Normal,t,149
NIF-ALE-EIM-6,Urban Classic Alemania,Con Filtro,Negro,Light,f,51
NIF-ALE-EIM-6,Highland Peak Argentina,Con Filtro,Negro,Normal,f,196
NIF-ALE-EIM-6,Gold Leaf Japon,Sin Filtro,Rubio,Normal,t,113
NIF-ALE-EIM-6,Midnight Silk Argentina,Sin Filtro,Rubio,Normal,t,272
NIF-ALE-EIM-7,Highland Peak Alemania,Sin Filtro,Rubio,Normal,f,360
NIF-ALE-EIM-7,Mountain Mist Alemania,Sin Filtro,Negro,Normal,f,298
NIF-ALE-EIM-7,Urban Classic Argentina,Con Filtro,Negro,UltraLight,f,444
NIF-ALE-EIM-7,Silver Lining Japon,Sin Filtro,Rubio,Normal,f,244
NIF-ALE-EIM-7,Ocean Breeze Chile,Con Filtro,Rubio,UltraLight,f,206
NIF-ALE-EIM-7,Amber Haze Alemania,Con Filtro,Negro,Normal,t,106
NIF-ALE-EIM-7,Pure Essence Chile,Con Filtro,Rubio,SuperLight,f,221
NIF-ALE-EIM-7,Amber Haze Argentina,Con Filtro,Negro,SuperLight,f,152
NIF-ALE-EIM-7,Highland Peak Japon,Sin Filtro,Rubio,Normal,f,74
NIF-ALE-EIM-7,Mountain Mist Reino,Con Filtro,Rubio,UltraLight,f,407
NIF-ALE-EIM-7,Silver Lining Chile,Sin Filtro,Rubio,Normal,t,423
NIF-ALE-EIM-7,Silver Lining Reino,Sin Filtro,Negro,Normal,f,315
NIF-ALE-EIM-7,Amber Haze Argentina,Sin Filtro,Rubio,Normal,f,459
NIF-ALE-EIM-7,Mountain Mist Japon,Con Filtro,Rubio,Normal,t,323
NIF-ALE-EIM-7,Ocean Breeze Alemania,Con Filtro,Negro,SuperLight,f,268
NIF-ALE-EIM-7,Gold Leaf Chile,Con Filtro,Rubio,UltraLight,f,352
NIF-ALE-EIM-7,Ocean Breeze Japon,Con Filtro,Rubio,Normal,f,181
NIF-ALE-EIM-7,Silver Lining Japon,Con Filtro,Negro,Normal,t,281
NIF-ALE-EIM-7,Silver Lining Alemania,Sin Filtro,Negro,Normal,f,69
NIF-ALE-EIM-7,Gold Leaf Chile,Sin Filtro,Negro,Normal,f,144
NIF-ALE-EIM-7,Urban Classic Reino,Con Filtro,Negro,Normal,t,228
NIF-ALE-EIM-7,Silver Lining Japon,Con Filtro,Rubio,Normal,f,50
NIF-ALE-EIM-7,Ocean Breeze Reino,Sin Filtro,Negro,Normal,t,292
NIF-ALE-EIM-7,Pure Essence Argentina,Con Filtro,Rubio,Normal,t,278
NIF-ALE-EIM-7,Midnight Silk Reino,Con Filtro,Negro,Normal,t,324
NIF-ALE-EIM-7,Gold Leaf Japon,Con Filtro,Rubio,UltraLight,f,445
NIF-ALE-EIM-7,Royal Blend Chile,Con Filtro,Rubio,SuperLight,f,122
NIF-ALE-EIM-7,Pure Essence Chile,Sin Filtro,Negro,Normal,f,118
NIF-ALE-EIM-7,Amber Haze Reino,Sin Filtro,Negro,Normal,t,237
NIF-ALE-EIM-8,Pure Essence Chile,Con Filtro,Rubio,Light,f,58
NIF-ALE-EIM-8,Ocean Breeze Reino,Sin Filtro,Negro,Normal,t,190
NIF-ALE-EIM-8,Pure Essence Japon,Sin Filtro,Negro,Normal,t,114
NIF-ALE-EIM-8,Pure Essence Reino,Sin Filtro,Negro,Normal,f,497
NIF-ALE-EIM-8,Gold Leaf Chile,Con Filtro,Rubio,Normal,t,188
NIF-ALE-EIM-8,Midnight Silk Chile,Con Filtro,Negro,UltraLight,f,146
NIF-ALE-EIM-8,Highland Peak Argentina,Sin Filtro,Negro,Normal,f,96
NIF-ALE-EIM-8,Gold Leaf Reino,Con Filtro,Rubio,Normal,f,65
NIF-ALE-EIM-8,Gold Leaf Chile,Sin Filtro,Rubio,Normal,t,93
NIF-ALE-EIM-8,Silver Lining Japon,Sin Filtro,Rubio,Normal,f,204
NIF-ALE-EIM-8,Ocean Breeze Argentina,Con Filtro,Rubio,Normal,t,398
NIF-ALE-EIM-8,Amber Haze Argentina,Con Filtro,Negro,Normal,t,394
NIF-ALE-EIM-8,Midnight Silk Reino,Sin Filtro,Rubio,Normal,f,427
NIF-ALE-EIM-8,Ocean Breeze Alemania,Sin Filtro,Rubio,Normal,t,354
NIF-ALE-EIM-8,Silver Lining Chile,Con Filtro,Rubio,Normal,f,261
NIF-ALE-EIM-8,Mountain Mist Reino,Sin Filtro,Negro,Normal,f,262
NIF-ALE-EIM-8,Pure Essence Alemania,Sin Filtro,Rubio,Normal,t,271
NIF-ALE-EIM-9,Midnight Silk Alemania,Sin Filtro,Negro,Normal,t,327
NIF-ALE-EIM-9,Mountain Mist Chile,Sin Filtro,Rubio,Normal,t,199
NIF-ALE-EIM-9,Amber Haze Chile,Con Filtro,Rubio,SuperLight,f,186
NIF-ALE-EIM-9,Mountain Mist Chile,Sin Filtro,Negro,Normal,f,277
NIF-ALE-EIM-9,Royal Blend Japon,Sin Filtro,Negro,Normal,f,427
NIF-ALE-EIM-9,Royal Blend Chile,Con Filtro,Rubio,UltraLight,f,396
NIF-ALE-EIM-9,Highland Peak Reino,Con Filtro,Negro,SuperLight,f,341
NIF-ALE-EIM-9,Mountain Mist Japon,Con Filtro,Rubio,Light,f,200
NIF-ALE-EIM-9,Pure Essence Chile,Sin Filtro,Rubio,Normal,f,361
NIF-ALE-EIM-9,Midnight Silk Japon,Sin Filtro,Rubio,Normal,f,327
NIF-ALE-EIM-9,Pure Essence Reino,Con Filtro,Rubio,Normal,f,191
NIF-ALE-EIM-9,Highland Peak Japon,Sin Filtro,Rubio,Normal,f,273
NIF-ALE-EIM-9,Urban Classic Japon,Sin Filtro,Rubio,Normal,t,168
NIF-ALE-EIM-10,Pure Essence Argentina,Sin Filtro,Negro,Normal,f,326
NIF-ALE-EIM-10,Royal Blend Chile,Sin Filtro,Negro,Normal,t,242
NIF-ALE-EIM-10,Urban Classic Reino,Con Filtro,Negro,Normal,t,413
NIF-ALE-EIM-10,Midnight Silk Alemania,Sin Filtro,Negro,Normal,f,460
NIF-ALE-EIM-10,Silver Lining Chile,Sin Filtro,Rubio,Normal,t,476
NIF-ALE-EIM-10,Royal Blend Chile,Con Filtro,Negro,Normal,t,247
NIF-ALE-EIM-10,Gold Leaf Argentina,Con Filtro,Rubio,Normal,t,497
NIF-ALE-EIM-10,Silver Lining Chile,Sin Filtro,Negro,Normal,f,167
NIF-ALE-EIM-10,Pure Essence Japon,Sin Filtro,Rubio,Normal,f,479
NIF-ALE-EIM-10,Urban Classic Japon,Sin Filtro,Negro,Normal,f,66
NIF-ALE-EIM-10,Pure Essence Chile,Con Filtro,Negro,Normal,t,80
NIF-ALE-EIM-10,Amber Haze Argentina,Con Filtro,Rubio,Normal,t,408
NIF-ALE-EIM-10,Amber Haze Japon,Con Filtro,Rubio,SuperLight,f,232
NIF-ALE-EIM-10,Royal Blend Argentina,Con Filtro,Rubio,UltraLight,f,262
NIF-ALE-EIM-10,Urban Classic Chile,Sin Filtro,Negro,Normal,f,297
NIF-ALE-EIM-11,Urban Classic Alemania,Sin Filtro,Rubio,Normal,t,362
NIF-ALE-EIM-11,Pure Essence Argentina,Con Filtro,Rubio,SuperLight,f,388
NIF-ALE-EIM-11,Ocean Breeze Reino,Con Filtro,Rubio,UltraLight,f,210
NIF-ALE-EIM-11,Highland Peak Chile,Con Filtro,Negro,Light,f,187
NIF-ALE-EIM-11,Highland Peak Argentina,Sin Filtro,Rubio,Normal,f,161
NIF-ALE-EIM-11,Urban Classic Alemania,Sin Filtro,Rubio,Normal,f,191
NIF-ALE-EIM-11,Ocean Breeze Alemania,Con Filtro,Rubio,Light,f,474
NIF-ALE-EIM-11,Silver Lining Chile,Con Filtro,Rubio,Normal,t,109
NIF-ALE-EIM-11,Ocean Breeze Japon,Sin Filtro,Rubio,Normal,t,119
NIF-ALE-EIM-11,Ocean Breeze Japon,Sin Filtro,Negro,Normal,f,124
NIF-ALE-EIM-11,Gold Leaf Reino,Sin Filtro,Rubio,Normal,t,169
NIF-ALE-EIM-11,Royal Blend Japon,Sin Filtro,Negro,Normal,t,166
NIF-ALE-EIM-11,Amber Haze Japon,Sin Filtro,Rubio,Normal,f,195
NIF-ALE-EIM-11,Silver Lining Chile,Con Filtro,Negro,SuperLight,f,459
NIF-ALE-EIM-11,Gold Leaf Argentina,Con Filtro,Rubio,Light,f,498
NIF-ALE-EIM-11,Highland Peak Argentina,Sin Filtro,Rubio,Normal,f,324
NIF-ALE-EIM-11,Urban Classic Chile,Con Filtro,Negro,UltraLight,f,333
NIF-ALE-EIM-11,Ocean Breeze Chile,Con Filtro,Negro,Normal,t,153
NIF-ALE-EIM-11,Ocean Breeze Japon,Sin Filtro,Rubio,Normal,t,288
NIF-ALE-EIM-11,Mountain Mist Argentina,Sin Filtro,Negro,Normal,t,113
NIF-ALE-EIM-11,Urban Classic Reino,Con Filtro,Rubio,Normal,t,401
NIF-ALE-EIM-11,Silver Lining Alemania,Con Filtro,Negro,Normal,t,347
NIF-ALE-EIM-11,Gold Leaf Japon,Con Filtro,Negro,SuperLight,f,155
NIF-ALE-EIM-11,Amber Haze Alemania,Con Filtro,Rubio,Normal,t,190
NIF-ALE-EIM-11,Gold Leaf Argentina,Con Filtro,Negro,Normal,t,116
NIF-ALE-EIM-11,Mountain Mist Reino,Con Filtro,Rubio,Light,f,201
NIF-ALE-EIM-11,Gold Leaf Reino,Con Filtro,Negro,SuperLight,f,147
NIF-ALE-EIM-12,Gold Leaf Reino,Sin Filtro,Negro,Normal,f,159
NIF-ALE-EIM-12,Ocean Breeze Reino,Sin Filtro,Negro,Normal,f,366
NIF-ALE-EIM-12,Mountain Mist Chile,Con Filtro,Rubio,Normal,t,443
NIF-ALE-EIM-12,Highland Peak Chile,Con Filtro,Negro,Normal,t,153
NIF-ALE-EIM-12,Amber Haze Alemania,Sin Filtro,Negro,Normal,t,111
NIF-ALE-EIM-12,Pure Essence Chile,Con Filtro,Rubio,Normal,t,159
NIF-ALE-EIM-12,Mountain Mist Argentina,Sin Filtro,Negro,Normal,t,251
NIF-ALE-EIM-12,Royal Blend Chile,Sin Filtro,Negro,Normal,t,449
NIF-ALE-EIM-12,Mountain Mist Reino,Sin Filtro,Negro,Normal,f,285
NIF-ALE-EIM-12,Ocean Breeze Argentina,Con Filtro,Rubio,Normal,t,386
NIF-ALE-EIM-13,Mountain Mist Reino,Sin Filtro,Negro,Normal,t,412
NIF-ALE-EIM-13,Mountain Mist Chile,Sin Filtro,Rubio,Normal,f,322
NIF-ALE-EIM-13,Urban Classic Alemania,Sin Filtro,Negro,Normal,f,383
NIF-ALE-EIM-13,Urban Classic Alemania,Sin Filtro,Rubio,Normal,t,288
NIF-ALE-EIM-13,Royal Blend Alemania,Sin Filtro,Rubio,Normal,t,66
NIF-ALE-EIM-13,Gold Leaf Argentina,Sin Filtro,Negro,Normal,t,309
NIF-ALE-EIM-13,Silver Lining Argentina,Sin Filtro,Negro,Normal,t,327
NIF-ALE-EIM-13,Mountain Mist Argentina,Sin Filtro,Negro,Normal,t,97
NIF-ALE-EIM-13,Amber Haze Reino,Sin Filtro,Rubio,Normal,t,81
NIF-ALE-EIM-13,Midnight Silk Japon,Con Filtro,Rubio,Light,f,136
NIF-ALE-EIM-13,Gold Leaf Chile,Con Filtro,Rubio,UltraLight,f,202
NIF-ALE-EIM-13,Gold Leaf Alemania,Sin Filtro,Negro,Normal,f,256
NIF-ALE-EIM-13,Urban Classic Argentina,Sin Filtro,Rubio,Normal,f,398
NIF-ALE-EIM-14,Ocean Breeze Alemania,Con Filtro,Rubio,Normal,t,305
NIF-ALE-EIM-14,Amber Haze Japon,Sin Filtro,Rubio,Normal,f,330
NIF-ALE-EIM-14,Pure Essence Argentina,Con Filtro,Rubio,Normal,t,456
NIF-ALE-EIM-14,Royal Blend Alemania,Sin Filtro,Rubio,Normal,t,140
NIF-ALE-EIM-14,Pure Essence Argentina,Sin Filtro,Negro,Normal,f,407
NIF-ALE-EIM-14,Mountain Mist Argentina,Sin Filtro,Negro,Normal,t,176
NIF-ALE-EIM-14,Ocean Breeze Reino,Con Filtro,Rubio,Normal,f,123
NIF-ALE-EIM-14,Pure Essence Chile,Sin Filtro,Rubio,Normal,f,231
NIF-ALE-EIM-14,Royal Blend Japon,Sin Filtro,Rubio,Normal,t,232
NIF-ALE-EIM-14,Midnight Silk Japon,Con Filtro,Rubio,Normal,f,477
NIF-ALE-EIM-14,Midnight Silk Japon,Sin Filtro,Rubio,Normal,f,321
NIF-ALE-EIM-14,Amber Haze Reino,Sin Filtro,Rubio,Normal,t,330
NIF-ALE-EIM-14,Midnight Silk Reino,Sin Filtro,Rubio,Normal,f,482
NIF-ALE-EIM-14,Highland Peak Chile,Con Filtro,Negro,Normal,t,494
NIF-ALE-EIM-14,Gold Leaf Alemania,Sin Filtro,Negro,Normal,t,450
NIF-ALE-EIM-14,Silver Lining Argentina,Sin Filtro,Negro,Normal,t,174
NIF-ALE-EIM-14,Midnight Silk Japon,Sin Filtro,Negro,Normal,f,224
NIF-ALE-EIM-14,Pure Essence Alemania,Sin Filtro,Rubio,Normal,t,278
NIF-ALE-EIM-14,Amber Haze Reino,Sin Filtro,Negro,Normal,t,398
NIF-ALE-EIM-14,Royal Blend Argentina,Con Filtro,Negro,Normal,t,271
NIF-ALE-EIM-14,Royal Blend Chile,Con Filtro,Rubio,SuperLight,f,439
NIF-ALE-EIM-14,Silver Lining Chile,Con Filtro,Rubio,Normal,t,172
NIF-ALE-EIM-14,Silver Lining Argentina,Con Filtro,Rubio,Normal,t,172
NIF-ALE-EIM-14,Urban Classic Japon,Sin Filtro,Rubio,Normal,t,191
NIF-ALE-EIM-14,Pure Essence Argentina,Con Filtro,Negro,Normal,t,78
NIF-ALE-EIM-14,Silver Lining Reino,Con Filtro,Negro,Normal,t,307
NIF-ALE-EIM-15,Gold Leaf Alemania,Sin Filtro,Rubio,Normal,f,99
NIF-ALE-EIM-15,Gold Leaf Reino,Sin Filtro,Rubio,Normal,t,171
NIF-ALE-EIM-15,Pure Essence Chile,Con Filtro,Rubio,Light,f,166
NIF-ALE-EIM-15,Amber Haze Chile,Con Filtro,Rubio,Normal,t,158
NIF-ALE-EIM-15,Ocean Breeze Alemania,Sin Filtro,Rubio,Normal,t,262
NIF-ALE-EIM-15,Urban Classic Japon,Con Filtro,Negro,Normal,f,340
NIF-ALE-EIM-15,Royal Blend Reino,Con Filtro,Negro,Normal,f,54
NIF-ALE-EIM-15,Royal Blend Japon,Sin Filtro,Negro,Normal,t,413
NIF-ALE-EIM-15,Pure Essence Japon,Con Filtro,Negro,Normal,t,330
NIF-ALE-EIM-15,Mountain Mist Alemania,Sin Filtro,Rubio,Normal,t,88
NIF-ALE-EIM-15,Royal Blend Alemania,Sin Filtro,Rubio,Normal,t,458
NIF-ALE-EIM-15,Royal Blend Chile,Con Filtro,Negro,Normal,t,490
NIF-ALE-EIM-15,Royal Blend Japon,Sin Filtro,Negro,Normal,f,442
NIF-ALE-HAR-1,Ocean Breeze Argentina,Con Filtro,Negro,SuperLight,f,293
NIF-ALE-HAR-1,Silver Lining Chile,Con Filtro,Rubio,Normal,t,257
NIF-ALE-HAR-1,Silver Lining Japon,Con Filtro,Rubio,Light,f,326
NIF-ALE-HAR-1,Urban Classic Alemania,Con Filtro,Negro,Normal,t,493
NIF-ALE-HAR-1,Mountain Mist Alemania,Sin Filtro,Negro,Normal,f,334
NIF-ALE-HAR-1,Urban Classic Argentina,Sin Filtro,Rubio,Normal,t,207
NIF-ALE-HAR-1,Amber Haze Chile,Con Filtro,Rubio,Normal,t,118
NIF-ALE-HAR-1,Gold Leaf Alemania,Sin Filtro,Negro,Normal,f,174
NIF-ALE-HAR-1,Urban Classic Japon,Con Filtro,Negro,Normal,f,139
NIF-ALE-HAR-1,Highland Peak Chile,Con Filtro,Negro,Light,f,470
NIF-ALE-HAR-1,Silver Lining Argentina,Con Filtro,Rubio,Normal,t,206
NIF-ALE-HAR-1,Gold Leaf Alemania,Con Filtro,Rubio,Normal,t,261
NIF-ALE-HAR-1,Amber Haze Reino,Con Filtro,Negro,Normal,t,317
NIF-ALE-HAR-1,Silver Lining Alemania,Con Filtro,Negro,Normal,t,214
NIF-ALE-HAR-1,Mountain Mist Reino,Con Filtro,Rubio,SuperLight,f,117
NIF-ALE-HAR-1,Mountain Mist Chile,Sin Filtro,Negro,Normal,f,51
NIF-ALE-HAR-1,Amber Haze Japon,Sin Filtro,Negro,Normal,t,168
NIF-ALE-HAR-1,Silver Lining Chile,Con Filtro,Negro,SuperLight,f,426
NIF-ALE-HAR-1,Amber Haze Chile,Sin Filtro,Rubio,Normal,f,424
NIF-ALE-HAR-1,Pure Essence Argentina,Con Filtro,Rubio,Normal,t,102
NIF-ALE-HAR-1,Urban Classic Japon,Con Filtro,Rubio,Light,f,468
NIF-ALE-HAR-1,Ocean Breeze Reino,Sin Filtro,Negro,Normal,t,265
NIF-ALE-HAR-1,Ocean Breeze Japon,Sin Filtro,Negro,Normal,t,418
NIF-ALE-HAR-1,Midnight Silk Argentina,Sin Filtro,Rubio,Normal,f,278
NIF-ALE-HAR-1,Mountain Mist Argentina,Sin Filtro,Rubio,Normal,t,356
NIF-ALE-HAR-1,Mountain Mist Japon,Con Filtro,Rubio,Light,f,241
NIF-ALE-HAR-1,Gold Leaf Argentina,Sin Filtro,Rubio,Normal,f,475
NIF-ALE-HAR-1,Pure Essence Argentina,Con Filtro,Rubio,Normal,t,74
NIF-ALE-HAR-1,Gold Leaf Reino,Sin Filtro,Rubio,Normal,t,306
NIF-ALE-HAR-1,Royal Blend Alemania,Sin Filtro,Rubio,Normal,t,414
NIF-ALE-HAR-2,Amber Haze Reino,Con Filtro,Rubio,Normal,t,115
NIF-ALE-HAR-2,Ocean Breeze Reino,Sin Filtro,Negro,Normal,t,97
NIF-ALE-HAR-2,Highland Peak Japon,Sin Filtro,Rubio,Normal,t,106
NIF-ALE-HAR-2,Royal Blend Alemania,Con Filtro,Rubio,Normal,t,473
NIF-ALE-HAR-2,Ocean Breeze Reino,Con Filtro,Rubio,UltraLight,f,441
NIF-ALE-HAR-2,Gold Leaf Reino,Sin Filtro,Negro,Normal,f,216
NIF-ALE-HAR-2,Highland Peak Chile,Con Filtro,Negro,Light,f,495
NIF-ALE-HAR-2,Amber Haze Japon,Con Filtro,Rubio,Normal,t,414
NIF-ALE-HAR-2,Midnight Silk Chile,Con Filtro,Negro,Normal,t,313
NIF-ALE-HAR-2,Royal Blend Japon,Con Filtro,Rubio,SuperLight,f,68
NIF-ALE-HAR-2,Gold Leaf Alemania,Con Filtro,Negro,Light,f,143
NIF-ALE-HAR-2,Urban Classic Alemania,Sin Filtro,Rubio,Normal,t,464
NIF-ALE-HAR-2,Royal Blend Reino,Con Filtro,Rubio,Normal,t,138
NIF-ALE-HAR-2,Pure Essence Argentina,Sin Filtro,Rubio,Normal,t,139
NIF-ALE-HAR-2,Amber Haze Chile,Con Filtro,Rubio,Normal,t,246
NIF-ALE-HAR-2,Gold Leaf Reino,Con Filtro,Rubio,Normal,f,290
NIF-ALE-HAR-3,Mountain Mist Alemania,Sin Filtro,Negro,Normal,f,190
NIF-ALE-HAR-3,Urban Classic Alemania,Sin Filtro,Negro,Normal,f,378
NIF-ALE-HAR-3,Amber Haze Alemania,Sin Filtro,Rubio,Normal,f,53
NIF-ALE-HAR-3,Amber Haze Argentina,Sin Filtro,Rubio,Normal,f,53
NIF-ALE-HAR-3,Urban Classic Argentina,Con Filtro,Rubio,Normal,t,455
NIF-ALE-HAR-3,Pure Essence Reino,Con Filtro,Rubio,Normal,f,76
NIF-ALE-HAR-3,Mountain Mist Chile,Con Filtro,Negro,Normal,t,168
NIF-ALE-HAR-3,Mountain Mist Reino,Con Filtro,Rubio,SuperLight,f,94
NIF-ALE-HAR-3,Amber Haze Chile,Sin Filtro,Rubio,Normal,f,137
NIF-ALE-HAR-3,Silver Lining Argentina,Con Filtro,Negro,Normal,t,443
NIF-ALE-HAR-3,Amber Haze Japon,Con Filtro,Rubio,Normal,t,345
NIF-ALE-HAR-3,Ocean Breeze Argentina,Con Filtro,Negro,Normal,t,254
NIF-ALE-HAR-3,Urban Classic Japon,Con Filtro,Negro,Normal,t,205
NIF-ALE-HAR-3,Royal Blend Reino,Sin Filtro,Rubio,Normal,f,91
NIF-ALE-HAR-3,Urban Classic Reino,Con Filtro,Negro,Normal,t,158
NIF-ALE-HAR-3,Highland Peak Reino,Con Filtro,Rubio,Normal,t,276
NIF-ALE-HAR-3,Ocean Breeze Alemania,Con Filtro,Negro,Light,f,410
NIF-ALE-HAR-3,Highland Peak Reino,Con Filtro,Rubio,Normal,t,349
NIF-ALE-HAR-3,Midnight Silk Argentina,Con Filtro,Rubio,Normal,f,456
NIF-ALE-HAR-3,Pure Essence Chile,Sin Filtro,Rubio,Normal,f,102
NIF-ALE-HAR-3,Mountain Mist Chile,Sin Filtro,Negro,Normal,f,278
NIF-ALE-HAR-3,Midnight Silk Alemania,Sin Filtro,Negro,Normal,t,212
NIF-ALE-HAR-3,Gold Leaf Chile,Sin Filtro,Negro,Normal,f,264
NIF-ALE-HAR-4,Gold Leaf Japon,Sin Filtro,Rubio,Normal,t,366
NIF-ALE-HAR-4,Royal Blend Reino,Sin Filtro,Rubio,Normal,f,473
NIF-ALE-HAR-4,Pure Essence Argentina,Sin Filtro,Negro,Normal,t,367
NIF-ALE-HAR-4,Ocean Breeze Reino,Sin Filtro,Rubio,Normal,f,361
NIF-ALE-HAR-4,Amber Haze Chile,Sin Filtro,Rubio,Normal,t,465
NIF-ALE-HAR-4,Gold Leaf Reino,Con Filtro,Rubio,Normal,f,233
NIF-ALE-HAR-4,Midnight Silk Japon,Con Filtro,Negro,UltraLight,f,192
NIF-ALE-HAR-4,Silver Lining Japon,Con Filtro,Negro,Normal,t,150
NIF-ALE-HAR-4,Midnight Silk Chile,Sin Filtro,Rubio,Normal,f,418
NIF-ALE-HAR-4,Urban Classic Japon,Sin Filtro,Rubio,Normal,t,54
NIF-ALE-HAR-4,Mountain Mist Chile,Sin Filtro,Rubio,Normal,f,444
NIF-ALE-HAR-4,Urban Classic Reino,Sin Filtro,Negro,Normal,t,58
NIF-ALE-HAR-4,Ocean Breeze Alemania,Sin Filtro,Rubio,Normal,t,305
NIF-ALE-HAR-4,Highland Peak Japon,Sin Filtro,Rubio,Normal,f,463
NIF-ALE-HAR-4,Urban Classic Japon,Con Filtro,Rubio,Normal,t,337
NIF-ALE-HAR-4,Mountain Mist Alemania,Sin Filtro,Rubio,Normal,f,493
NIF-ALE-HAR-4,Amber Haze Japon,Con Filtro,Rubio,Normal,t,398
NIF-ALE-HAR-4,Urban Classic Argentina,Sin Filtro,Negro,Normal,t,334
NIF-ALE-HAR-4,Pure Essence Japon,Sin Filtro,Negro,Normal,t,227
NIF-ALE-HAR-4,Mountain Mist Chile,Sin Filtro,Rubio,Normal,f,68
NIF-ALE-HAR-4,Highland Peak Argentina,Sin Filtro,Rubio,Normal,f,244
NIF-ALE-HAR-4,Silver Lining Japon,Con Filtro,Negro,UltraLight,f,119
NIF-ALE-HAR-4,Mountain Mist Reino,Sin Filtro,Negro,Normal,f,365
NIF-ALE-HAR-4,Highland Peak Argentina,Con Filtro,Negro,Normal,f,132
NIF-ALE-HAR-4,Urban Classic Japon,Sin Filtro,Rubio,Normal,t,250
NIF-ALE-HAR-4,Gold Leaf Argentina,Con Filtro,Negro,Normal,t,269
NIF-ALE-HAR-4,Urban Classic Argentina,Sin Filtro,Negro,Normal,f,365
NIF-ALE-HAR-4,Ocean Breeze Japon,Sin Filtro,Negro,Normal,t,455
NIF-ALE-HAR-5,Amber Haze Alemania,Con Filtro,Rubio,Normal,t,62
NIF-ALE-HAR-5,Royal Blend Japon,Sin Filtro,Rubio,Normal,t,348
NIF-ALE-HAR-5,Highland Peak Argentina,Con Filtro,Negro,Normal,f,128
NIF-ALE-HAR-5,Pure Essence Reino,Sin Filtro,Rubio,Normal,t,323
NIF-ALE-HAR-5,Pure Essence Japon,Con Filtro,Negro,Normal,t,450
NIF-ALE-HAR-5,Urban Classic Reino,Sin Filtro,Rubio,Normal,f,454
NIF-ALE-HAR-5,Urban Classic Alemania,Sin Filtro,Negro,Normal,f,300
NIF-ALE-HAR-5,Urban Classic Argentina,Con Filtro,Negro,UltraLight,f,223
NIF-ALE-HAR-5,Urban Classic Chile,Sin Filtro,Rubio,Normal,t,471
NIF-ALE-HAR-5,Pure Essence Reino,Sin Filtro,Rubio,Normal,f,242
NIF-ALE-HAR-5,Gold Leaf Alemania,Sin Filtro,Rubio,Normal,f,97
NIF-ALE-HAR-5,Midnight Silk Japon,Con Filtro,Rubio,Light,f,249
NIF-ALE-HAR-5,Royal Blend Japon,Sin Filtro,Rubio,Normal,t,467
NIF-ALE-HAR-5,Ocean Breeze Alemania,Con Filtro,Rubio,Light,f,257
NIF-ALE-HAR-5,Mountain Mist Argentina,Sin Filtro,Negro,Normal,t,388
NIF-ALE-HAR-5,Highland Peak Argentina,Sin Filtro,Negro,Normal,f,435
NIF-ALE-HAR-5,Amber Haze Reino,Sin Filtro,Rubio,Normal,t,54
NIF-ALE-HAR-5,Silver Lining Argentina,Con Filtro,Negro,Normal,t,169
NIF-ALE-HAR-5,Pure Essence Argentina,Con Filtro,Rubio,SuperLight,f,446
NIF-ALE-HAR-5,Silver Lining Japon,Sin Filtro,Rubio,Normal,f,353
NIF-ALE-HAR-5,Royal Blend Reino,Sin Filtro,Rubio,Normal,f,421
NIF-ALE-HAR-5,Royal Blend Argentina,Sin Filtro,Negro,Normal,t,410
NIF-ALE-HAR-6,Amber Haze Alemania,Con Filtro,Negro,Normal,t,125
NIF-ALE-HAR-6,Royal Blend Alemania,Con Filtro,Rubio,Normal,t,448
NIF-ALE-HAR-6,Royal Blend Alemania,Con Filtro,Rubio,Normal,t,168
NIF-ALE-HAR-6,Midnight Silk Reino,Sin Filtro,Rubio,Normal,t,432
NIF-ALE-HAR-6,Amber Haze Alemania,Sin Filtro,Negro,Normal,t,467
NIF-ALE-HAR-6,Midnight Silk Reino,Con Filtro,Negro,Normal,t,311
NIF-ALE-HAR-6,Highland Peak Japon,Con Filtro,Rubio,Light,f,64
NIF-ALE-HAR-6,Amber Haze Alemania,Sin Filtro,Rubio,Normal,t,445
NIF-ALE-HAR-6,Ocean Breeze Reino,Sin Filtro,Negro,Normal,f,86
NIF-ALE-HAR-6,Midnight Silk Alemania,Sin Filtro,Rubio,Normal,t,449
NIF-ALE-HAR-6,Ocean Breeze Japon,Sin Filtro,Negro,Normal,t,95
NIF-ALE-HAR-6,Silver Lining Alemania,Sin Filtro,Negro,Normal,f,159
NIF-ALE-HAR-6,Amber Haze Argentina,Con Filtro,Negro,SuperLight,f,263
NIF-ALE-HAR-6,Amber Haze Reino,Sin Filtro,Rubio,Normal,t,294
NIF-ALE-HAR-6,Gold Leaf Reino,Sin Filtro,Rubio,Normal,f,192
NIF-ALE-HAR-6,Pure Essence Chile,Sin Filtro,Negro,Normal,f,474
NIF-ALE-HAR-6,Silver Lining Alemania,Sin Filtro,Negro,Normal,f,342
NIF-ALE-HAR-6,Silver Lining Reino,Sin Filtro,Negro,Normal,f,173
NIF-ALE-HAR-7,Mountain Mist Alemania,Sin Filtro,Rubio,Normal,f,366
NIF-ALE-HAR-7,Royal Blend Alemania,Con Filtro,Negro,Normal,t,134
NIF-ALE-HAR-7,Gold Leaf Alemania,Sin Filtro,Rubio,Normal,f,297
NIF-ALE-HAR-7,Ocean Breeze Argentina,Sin Filtro,Negro,Normal,f,437
NIF-ALE-HAR-7,Pure Essence Argentina,Con Filtro,Rubio,Normal,t,495
NIF-ALE-HAR-7,Pure Essence Japon,Sin Filtro,Rubio,Normal,t,353
NIF-ALE-HAR-7,Gold Leaf Argentina,Sin Filtro,Rubio,Normal,t,74
NIF-ALE-HAR-7,Gold Leaf Alemania,Sin Filtro,Rubio,Normal,f,264
NIF-ALE-HAR-7,Midnight Silk Reino,Sin Filtro,Negro,Normal,t,353
NIF-ALE-HAR-7,Pure Essence Argentina,Sin Filtro,Negro,Normal,t,421
NIF-ALE-HAR-8,Ocean Breeze Reino,Sin Filtro,Negro,Normal,t,251
NIF-ALE-HAR-8,Ocean Breeze Argentina,Con Filtro,Rubio,Normal,t,228
NIF-ALE-HAR-8,Royal Blend Argentina,Sin Filtro,Negro,Normal,t,102
NIF-ALE-HAR-8,Royal Blend Japon,Sin Filtro,Rubio,Normal,t,146
NIF-ALE-HAR-8,Gold Leaf Argentina,Sin Filtro,Rubio,Normal,f,434
NIF-ALE-HAR-8,Mountain Mist Japon,Con Filtro,Negro,Normal,t,82
NIF-ALE-HAR-8,Gold Leaf Reino,Sin Filtro,Negro,Normal,f,281
NIF-ALE-HAR-8,Urban Classic Alemania,Sin Filtro,Rubio,Normal,t,308
NIF-ALE-HAR-8,Highland Peak Alemania,Con Filtro,Negro,Normal,f,356
NIF-ALE-HAR-8,Royal Blend Chile,Sin Filtro,Negro,Normal,f,477
NIF-ALE-HAR-8,Pure Essence Argentina,Con Filtro,Rubio,Normal,t,301
NIF-ALE-HAR-8,Pure Essence Japon,Sin Filtro,Negro,Normal,f,243
NIF-ALE-HAR-8,Highland Peak Japon,Con Filtro,Rubio,Light,f,119
NIF-ALE-HAR-8,Pure Essence Chile,Sin Filtro,Rubio,Normal,f,179
NIF-ALE-HAR-8,Mountain Mist Alemania,Sin Filtro,Rubio,Normal,f,499
NIF-ALE-HAR-8,Silver Lining Alemania,Sin Filtro,Negro,Normal,t,259
NIF-ALE-HAR-8,Mountain Mist Argentina,Sin Filtro,Rubio,Normal,t,264
NIF-ALE-HAR-8,Highland Peak Chile,Con Filtro,Negro,Normal,t,89
NIF-ALE-HAR-8,Amber Haze Argentina,Con Filtro,Negro,SuperLight,f,438
NIF-ALE-HAR-8,Silver Lining Alemania,Con Filtro,Negro,Normal,t,482
NIF-ALE-HAR-8,Amber Haze Alemania,Sin Filtro,Negro,Normal,t,91
NIF-ALE-HAR-8,Gold Leaf Chile,Con Filtro,Rubio,Light,f,365
NIF-ALE-HAR-8,Highland Peak Japon,Con Filtro,Rubio,Normal,t,368
NIF-ALE-HAR-8,Gold Leaf Chile,Sin Filtro,Negro,Normal,t,330
NIF-ALE-HAR-8,Royal Blend Alemania,Sin Filtro,Negro,Normal,t,428
NIF-ALE-HAR-9,Royal Blend Reino,Con Filtro,Rubio,Normal,t,125
NIF-ALE-HAR-9,Gold Leaf Argentina,Sin Filtro,Negro,Normal,f,338
NIF-ALE-HAR-9,Gold Leaf Reino,Con Filtro,Rubio,Normal,f,383
NIF-ALE-HAR-9,Midnight Silk Japon,Sin Filtro,Rubio,Normal,f,83
NIF-ALE-HAR-9,Royal Blend Japon,Sin Filtro,Negro,Normal,t,345
NIF-ALE-HAR-9,Pure Essence Alemania,Con Filtro,Negro,Normal,f,400
NIF-ALE-HAR-9,Amber Haze Chile,Con Filtro,Negro,Light,f,173
NIF-ALE-HAR-9,Pure Essence Reino,Sin Filtro,Negro,Normal,t,469
NIF-ALE-HAR-9,Pure Essence Chile,Con Filtro,Negro,Normal,t,373
NIF-ALE-HAR-9,Mountain Mist Japon,Con Filtro,Negro,Normal,t,399
NIF-ALE-HAR-9,Mountain Mist Argentina,Sin Filtro,Negro,Normal,t,155
NIF-ALE-HAR-9,Highland Peak Argentina,Con Filtro,Negro,Normal,t,157
NIF-ALE-HAR-9,Amber Haze Alemania,Sin Filtro,Rubio,Normal,f,422
NIF-ALE-HAR-9,Silver Lining Argentina,Con Filtro,Rubio,Normal,t,70
NIF-ALE-HAR-9,Silver Lining Argentina,Con Filtro,Rubio,Normal,t,249
NIF-ALE-HAR-9,Ocean Breeze Reino,Sin Filtro,Negro,Normal,t,275
NIF-ALE-HAR-9,Silver Lining Alemania,Sin Filtro,Negro,Normal,t,465
NIF-ALE-HAR-9,Mountain Mist Alemania,Sin Filtro,Rubio,Normal,f,101
NIF-ALE-HAR-9,Highland Peak Alemania,Con Filtro,Rubio,SuperLight,f,472
NIF-ALE-HAR-9,Mountain Mist Chile,Sin Filtro,Rubio,Normal,f,225
NIF-ALE-HAR-9,Highland Peak Alemania,Con Filtro,Negro,Normal,f,146
NIF-ALE-HAR-9,Highland Peak Japon,Sin Filtro,Negro,Normal,f,213
NIF-ALE-HAR-9,Highland Peak Reino,Sin Filtro,Rubio,Normal,t,277
NIF-ALE-HAR-10,Royal Blend Chile,Con Filtro,Rubio,Normal,t,200
NIF-ALE-HAR-10,Mountain Mist Reino,Sin Filtro,Negro,Normal,t,66
NIF-ALE-HAR-10,Pure Essence Japon,Con Filtro,Negro,Normal,t,289
NIF-ALE-HAR-10,Urban Classic Reino,Con Filtro,Rubio,Normal,t,432
NIF-ALE-HAR-10,Silver Lining Reino,Con Filtro,Negro,Normal,t,215
NIF-ALE-HAR-10,Ocean Breeze Chile,Con Filtro,Negro,Normal,t,456
NIF-ALE-HAR-10,Ocean Breeze Chile,Sin Filtro,Negro,Normal,f,258
NIF-ALE-HAR-10,Silver Lining Japon,Sin Filtro,Negro,Normal,f,375
NIF-ALE-HAR-10,Midnight Silk Japon,Con Filtro,Rubio,Normal,t,67
NIF-ALE-HAR-10,Mountain Mist Argentina,Sin Filtro,Negro,Normal,f,116
NIF-ALE-HAR-10,Ocean Breeze Japon,Con Filtro,Rubio,Normal,t,223
NIF-ALE-HAR-10,Amber Haze Chile,Sin Filtro,Rubio,Normal,f,499
NIF-ALE-HAR-10,Midnight Silk Alemania,Con Filtro,Rubio,Normal,t,338
NIF-ALE-HAR-10,Mountain Mist Argentina,Con Filtro,Rubio,SuperLight,f,212
NIF-ALE-HAR-10,Silver Lining Japon,Con Filtro,Negro,SuperLight,f,88
NIF-ALE-HAR-10,Midnight Silk Alemania,Sin Filtro,Rubio,Normal,t,179
NIF-ALE-HAR-10,Pure Essence Argentina,Con Filtro,Rubio,Normal,t,229
NIF-ALE-HAR-10,Silver Lining Japon,Con Filtro,Negro,Normal,t,425
NIF-ALE-HAR-10,Gold Leaf Chile,Con Filtro,Rubio,UltraLight,f,194
NIF-ALE-HAR-10,Gold Leaf Japon,Con Filtro,Negro,SuperLight,f,450
NIF-ALE-HAR-10,Urban Classic Chile,Sin Filtro,Rubio,Normal,t,179
NIF-ALE-HAR-10,Silver Lining Argentina,Sin Filtro,Rubio,Normal,f,331
NIF-ALE-HAR-10,Urban Classic Chile,Sin Filtro,Negro,Normal,f,232
NIF-ALE-HAR-10,Mountain Mist Alemania,Sin Filtro,Negro,Normal,t,152
NIF-ALE-HAR-10,Urban Classic Japon,Con Filtro,Negro,SuperLight,f,265
NIF-ALE-HAR-10,Highland Peak Argentina,Sin Filtro,Rubio,Normal,f,374
NIF-ALE-HAR-10,Ocean Breeze Chile,Con Filtro,Rubio,UltraLight,f,276
NIF-ALE-HAR-10,Highland Peak Alemania,Con Filtro,Negro,UltraLight,f,300
NIF-ALE-HAR-10,Mountain Mist Chile,Con Filtro,Negro,Normal,t,235
NIF-ALE-HAR-10,Gold Leaf Japon,Con Filtro,Rubio,Normal,t,414
NIF-ALE-HAR-11,Highland Peak Chile,Con Filtro,Negro,Normal,t,481
NIF-ALE-HAR-11,Ocean Breeze Argentina,Con Filtro,Rubio,Normal,t,470
NIF-ALE-HAR-11,Urban Classic Reino,Sin Filtro,Rubio,Normal,f,97
NIF-ALE-HAR-11,Gold Leaf Japon,Con Filtro,Rubio,Normal,t,471
NIF-ALE-HAR-11,Pure Essence Reino,Sin Filtro,Rubio,Normal,t,113
NIF-ALE-HAR-11,Pure Essence Japon,Sin Filtro,Negro,Normal,t,263
NIF-ALE-HAR-11,Pure Essence Reino,Con Filtro,Negro,Normal,f,282
NIF-ALE-HAR-11,Pure Essence Reino,Sin Filtro,Rubio,Normal,f,127
NIF-ALE-HAR-11,Royal Blend Alemania,Con Filtro,Negro,Light,f,289
NIF-ALE-HAR-11,Urban Classic Japon,Con Filtro,Rubio,Normal,t,257
NIF-ALE-HAR-11,Gold Leaf Reino,Sin Filtro,Negro,Normal,f,372
NIF-ALE-HAR-11,Gold Leaf Japon,Con Filtro,Rubio,Normal,t,327
NIF-ALE-HAR-12,Midnight Silk Chile,Con Filtro,Rubio,Normal,t,311
NIF-ALE-HAR-12,Urban Classic Reino,Sin Filtro,Negro,Normal,f,237
NIF-ALE-HAR-12,Highland Peak Chile,Con Filtro,Negro,Normal,t,183
NIF-ALE-HAR-12,Royal Blend Japon,Sin Filtro,Rubio,Normal,t,182
NIF-ALE-HAR-12,Royal Blend Reino,Con Filtro,Negro,Normal,t,329
NIF-ALE-HAR-12,Pure Essence Chile,Sin Filtro,Negro,Normal,f,424
NIF-ALE-HAR-12,Urban Classic Reino,Sin Filtro,Rubio,Normal,f,287
NIF-ALE-HAR-12,Royal Blend Reino,Con Filtro,Rubio,Normal,t,209
NIF-ALE-HAR-12,Highland Peak Chile,Sin Filtro,Rubio,Normal,f,473
NIF-ALE-HAR-12,Amber Haze Chile,Con Filtro,Rubio,Light,f,166
NIF-ALE-HAR-12,Mountain Mist Japon,Con Filtro,Negro,Normal,t,199
NIF-ALE-HAR-12,Royal Blend Chile,Con Filtro,Rubio,UltraLight,f,463
NIF-ALE-HAR-13,Ocean Breeze Chile,Sin Filtro,Negro,Normal,t,437
NIF-ALE-HAR-13,Pure Essence Japon,Con Filtro,Negro,Light,f,98
NIF-ALE-HAR-13,Midnight Silk Argentina,Sin Filtro,Negro,Normal,f,146
NIF-ALE-HAR-13,Midnight Silk Argentina,Sin Filtro,Rubio,Normal,t,234
NIF-ALE-HAR-13,Highland Peak Argentina,Sin Filtro,Rubio,Normal,f,454
NIF-ALE-HAR-13,Midnight Silk Reino,Con Filtro,Rubio,SuperLight,f,253
NIF-ALE-HAR-13,Urban Classic Argentina,Sin Filtro,Rubio,Normal,t,426
NIF-ALE-HAR-13,Silver Lining Reino,Sin Filtro,Negro,Normal,f,315
NIF-ALE-HAR-13,Pure Essence Reino,Con Filtro,Rubio,Normal,f,425
NIF-ALE-HAR-13,Royal Blend Alemania,Sin Filtro,Rubio,Normal,f,78
NIF-ALE-HAR-13,Gold Leaf Chile,Sin Filtro,Rubio,Normal,t,371
NIF-ALE-HAR-13,Silver Lining Chile,Con Filtro,Rubio,Normal,t,116
NIF-ALE-HAR-13,Ocean Breeze Japon,Con Filtro,Rubio,Normal,f,120
NIF-ALE-HAR-13,Urban Classic Reino,Con Filtro,Negro,Normal,t,458
NIF-ALE-HAR-13,Mountain Mist Chile,Sin Filtro,Rubio,Normal,f,233
NIF-ALE-HAR-13,Gold Leaf Reino,Con Filtro,Rubio,Normal,f,270
NIF-ALE-HAR-13,Silver Lining Reino,Con Filtro,Negro,Normal,t,385
NIF-ALE-HAR-13,Amber Haze Argentina,Sin Filtro,Rubio,Normal,t,249
NIF-ALE-HAR-13,Silver Lining Reino,Sin Filtro,Rubio,Normal,f,163
NIF-ALE-HAR-13,Highland Peak Japon,Sin Filtro,Rubio,Normal,t,481
NIF-ALE-HAR-13,Mountain Mist Chile,Sin Filtro,Negro,Normal,f,204
NIF-ALE-HAR-13,Royal Blend Reino,Con Filtro,Negro,SuperLight,f,118
NIF-ALE-HAR-13,Gold Leaf Reino,Con Filtro,Negro,SuperLight,f,375
NIF-ALE-HAR-14,Ocean Breeze Japon,Sin Filtro,Rubio,Normal,t,366
NIF-ALE-HAR-14,Amber Haze Reino,Con Filtro,Rubio,Normal,t,305
NIF-ALE-HAR-14,Ocean Breeze Alemania,Sin Filtro,Rubio,Normal,t,340
NIF-ALE-HAR-14,Highland Peak Reino,Con Filtro,Rubio,Normal,t,407
NIF-ALE-HAR-14,Mountain Mist Reino,Sin Filtro,Negro,Normal,f,342
NIF-ALE-HAR-14,Midnight Silk Japon,Sin Filtro,Rubio,Normal,f,361
NIF-ALE-HAR-14,Urban Classic Japon,Con Filtro,Rubio,Normal,t,288
NIF-ALE-HAR-14,Royal Blend Chile,Con Filtro,Rubio,Normal,t,304
NIF-ALE-HAR-14,Highland Peak Reino,Con Filtro,Negro,SuperLight,f,374
NIF-ALE-HAR-14,Highland Peak Argentina,Sin Filtro,Rubio,Normal,f,216
NIF-ALE-HAR-14,Mountain Mist Chile,Con Filtro,Negro,Normal,t,128
NIF-ALE-HAR-14,Silver Lining Japon,Con Filtro,Rubio,Normal,f,81
NIF-ALE-HAR-14,Pure Essence Chile,Con Filtro,Rubio,SuperLight,f,377
NIF-ALE-HAR-14,Amber Haze Alemania,Sin Filtro,Rubio,Normal,f,294
NIF-ALE-HAR-14,Amber Haze Alemania,Con Filtro,Negro,Normal,f,408
NIF-ALE-HAR-14,Highland Peak Japon,Con Filtro,Rubio,Light,f,368
NIF-ALE-HAR-14,Highland Peak Alemania,Con Filtro,Rubio,SuperLight,f,381
NIF-ALE-HAR-14,Ocean Breeze Argentina,Con Filtro,Negro,SuperLight,f,294
NIF-ALE-HAR-14,Urban Classic Alemania,Sin Filtro,Rubio,Normal,f,207
NIF-ALE-HAR-14,Royal Blend Chile,Sin Filtro,Negro,Normal,t,208
NIF-ALE-HAR-14,Amber Haze Reino,Sin Filtro,Rubio,Normal,f,237
NIF-ALE-HAR-14,Royal Blend Chile,Sin Filtro,Negro,Normal,f,288
NIF-ALE-HAR-14,Ocean Breeze Japon,Con Filtro,Rubio,Normal,f,168
NIF-ALE-HAR-14,Amber Haze Chile,Sin Filtro,Rubio,Normal,f,105
NIF-ALE-HAR-14,Gold Leaf Chile,Sin Filtro,Negro,Normal,f,476
NIF-ALE-HAR-14,Silver Lining Alemania,Sin Filtro,Negro,Normal,f,124
NIF-ALE-HAR-14,Gold Leaf Chile,Sin Filtro,Rubio,Normal,t,242
NIF-ALE-HAR-14,Amber Haze Argentina,Sin Filtro,Rubio,Normal,f,443
NIF-ALE-HAR-14,Gold Leaf Alemania,Con Filtro,Negro,UltraLight,f,197
NIF-ALE-HAR-14,Urban Classic Argentina,Con Filtro,Rubio,SuperLight,f,355
NIF-ALE-HAR-15,Highland Peak Argentina,Con Filtro,Rubio,Normal,f,446
NIF-ALE-HAR-15,Highland Peak Japon,Con Filtro,Rubio,Light,f,324
NIF-ALE-HAR-15,Pure Essence Japon,Con Filtro,Negro,UltraLight,f,415
NIF-ALE-HAR-15,Mountain Mist Argentina,Con Filtro,Rubio,Normal,t,249
NIF-ALE-HAR-15,Amber Haze Chile,Sin Filtro,Rubio,Normal,f,228
NIF-ALE-HAR-15,Amber Haze Reino,Con Filtro,Rubio,Normal,t,178
NIF-ALE-HAR-15,Mountain Mist Reino,Con Filtro,Rubio,UltraLight,f,415
NIF-ALE-HAR-15,Amber Haze Japon,Sin Filtro,Negro,Normal,t,288
NIF-ALE-HAR-15,Pure Essence Argentina,Con Filtro,Rubio,Normal,t,407
NIF-ALE-HAR-15,Mountain Mist Reino,Sin Filtro,Negro,Normal,f,270
NIF-ALE-HAR-15,Midnight Silk Argentina,Con Filtro,Rubio,Normal,f,344
NIF-ALE-NOR-1,Highland Peak Japon,Sin Filtro,Rubio,Normal,t,463
NIF-ALE-NOR-1,Midnight Silk Alemania,Sin Filtro,Negro,Normal,f,491
NIF-ALE-NOR-1,Urban Classic Alemania,Sin Filtro,Rubio,Normal,t,464
NIF-ALE-NOR-1,Urban Classic Reino,Sin Filtro,Negro,Normal,t,51
NIF-ALE-NOR-1,Ocean Breeze Japon,Sin Filtro,Rubio,Normal,t,450
NIF-ALE-NOR-1,Royal Blend Chile,Sin Filtro,Negro,Normal,t,106
NIF-ALE-NOR-1,Ocean Breeze Argentina,Con Filtro,Rubio,Normal,t,495
NIF-ALE-NOR-1,Midnight Silk Reino,Sin Filtro,Rubio,Normal,t,257
NIF-ALE-NOR-1,Ocean Breeze Alemania,Con Filtro,Rubio,Normal,t,498
NIF-ALE-NOR-1,Gold Leaf Argentina,Con Filtro,Rubio,Normal,t,240
NIF-ALE-NOR-1,Ocean Breeze Alemania,Con Filtro,Negro,Light,f,461
NIF-ALE-NOR-1,Pure Essence Japon,Sin Filtro,Rubio,Normal,t,442
NIF-ALE-NOR-1,Gold Leaf Chile,Sin Filtro,Rubio,Normal,f,491
NIF-ALE-NOR-1,Urban Classic Japon,Sin Filtro,Negro,Normal,f,464
NIF-ALE-NOR-1,Highland Peak Chile,Con Filtro,Negro,Normal,t,137
NIF-ALE-NOR-1,Highland Peak Chile,Sin Filtro,Rubio,Normal,f,295
NIF-ALE-NOR-1,Urban Classic Chile,Sin Filtro,Rubio,Normal,t,198
NIF-ALE-NOR-1,Silver Lining Argentina,Con Filtro,Rubio,Normal,t,391
NIF-ALE-NOR-1,Urban Classic Alemania,Sin Filtro,Rubio,Normal,t,55
NIF-ALE-NOR-2,Ocean Breeze Chile,Con Filtro,Rubio,UltraLight,f,461
NIF-ALE-NOR-2,Urban Classic Alemania,Sin Filtro,Rubio,Normal,f,366
NIF-ALE-NOR-2,Ocean Breeze Chile,Con Filtro,Negro,Normal,t,345
NIF-ALE-NOR-2,Mountain Mist Reino,Sin Filtro,Negro,Normal,t,284
NIF-ALE-NOR-2,Mountain Mist Reino,Sin Filtro,Rubio,Normal,f,150
NIF-ALE-NOR-2,Midnight Silk Japon,Sin Filtro,Rubio,Normal,f,119
NIF-ALE-NOR-2,Silver Lining Alemania,Sin Filtro,Negro,Normal,f,178
NIF-ALE-NOR-2,Highland Peak Alemania,Sin Filtro,Negro,Normal,t,225
NIF-ALE-NOR-2,Silver Lining Reino,Con Filtro,Negro,Normal,t,243
NIF-ALE-NOR-2,Amber Haze Chile,Sin Filtro,Negro,Normal,f,472
NIF-ALE-NOR-2,Gold Leaf Reino,Sin Filtro,Rubio,Normal,f,424
NIF-ALE-NOR-2,Highland Peak Japon,Con Filtro,Negro,Normal,f,157
NIF-ALE-NOR-2,Pure Essence Chile,Con Filtro,Negro,Normal,t,319
NIF-ALE-NOR-2,Ocean Breeze Reino,Con Filtro,Rubio,UltraLight,f,384
NIF-ALE-NOR-2,Mountain Mist Japon,Con Filtro,Negro,Normal,t,238
NIF-ALE-NOR-2,Gold Leaf Argentina,Sin Filtro,Negro,Normal,f,250
NIF-ALE-NOR-3,Amber Haze Alemania,Sin Filtro,Rubio,Normal,f,125
NIF-ALE-NOR-3,Highland Peak Argentina,Sin Filtro,Rubio,Normal,f,479
NIF-ALE-NOR-3,Highland Peak Alemania,Sin Filtro,Rubio,Normal,t,129
NIF-ALE-NOR-3,Pure Essence Reino,Sin Filtro,Negro,Normal,f,174
NIF-ALE-NOR-3,Highland Peak Chile,Sin Filtro,Rubio,Normal,f,215
NIF-ALE-NOR-3,Amber Haze Chile,Sin Filtro,Rubio,Normal,f,408
NIF-ALE-NOR-3,Highland Peak Argentina,Con Filtro,Rubio,SuperLight,f,104
NIF-ALE-NOR-3,Silver Lining Argentina,Con Filtro,Negro,Normal,t,136
NIF-ALE-NOR-3,Highland Peak Alemania,Sin Filtro,Rubio,Normal,f,120
NIF-ALE-NOR-3,Royal Blend Argentina,Con Filtro,Negro,Light,f,292
NIF-ALE-NOR-3,Urban Classic Argentina,Sin Filtro,Negro,Normal,f,51
NIF-ALE-NOR-3,Royal Blend Japon,Sin Filtro,Negro,Normal,f,465
NIF-ALE-NOR-3,Midnight Silk Argentina,Sin Filtro,Rubio,Normal,f,395
NIF-ALE-NOR-3,Gold Leaf Alemania,Sin Filtro,Rubio,Normal,f,66
NIF-ALE-NOR-3,Urban Classic Alemania,Con Filtro,Negro,Normal,t,150
NIF-ALE-NOR-3,Amber Haze Reino,Sin Filtro,Rubio,Normal,t,202
NIF-ALE-NOR-3,Gold Leaf Reino,Con Filtro,Negro,SuperLight,f,187
NIF-ALE-NOR-3,Silver Lining Argentina,Con Filtro,Rubio,Normal,t,180
NIF-ALE-NOR-3,Amber Haze Reino,Sin Filtro,Rubio,Normal,t,173
NIF-ALE-NOR-3,Royal Blend Reino,Con Filtro,Rubio,Normal,t,134
NIF-ALE-NOR-3,Ocean Breeze Chile,Sin Filtro,Negro,Normal,f,73
NIF-ALE-NOR-4,Midnight Silk Argentina,Sin Filtro,Negro,Normal,t,77
NIF-ALE-NOR-4,Pure Essence Alemania,Sin Filtro,Rubio,Normal,t,52
NIF-ALE-NOR-4,Royal Blend Japon,Sin Filtro,Rubio,Normal,t,409
NIF-ALE-NOR-4,Highland Peak Japon,Sin Filtro,Negro,Normal,f,143
NIF-ALE-NOR-4,Midnight Silk Alemania,Sin Filtro,Rubio,Normal,t,199
NIF-ALE-NOR-4,Silver Lining Argentina,Con Filtro,Negro,Normal,t,295
NIF-ALE-NOR-4,Mountain Mist Argentina,Sin Filtro,Negro,Normal,f,149
NIF-ALE-NOR-4,Pure Essence Alemania,Sin Filtro,Rubio,Normal,f,350
NIF-ALE-NOR-4,Gold Leaf Alemania,Sin Filtro,Rubio,Normal,f,385
NIF-ALE-NOR-4,Gold Leaf Argentina,Con Filtro,Rubio,Normal,t,355
NIF-ALE-NOR-4,Gold Leaf Reino,Sin Filtro,Negro,Normal,f,303
NIF-ALE-NOR-4,Silver Lining Argentina,Sin Filtro,Rubio,Normal,f,155
NIF-ALE-NOR-4,Silver Lining Chile,Sin Filtro,Rubio,Normal,t,72
NIF-ALE-NOR-4,Midnight Silk Alemania,Sin Filtro,Negro,Normal,t,364
NIF-ALE-NOR-4,Amber Haze Chile,Sin Filtro,Rubio,Normal,t,284
NIF-ALE-NOR-4,Midnight Silk Chile,Con Filtro,Rubio,Normal,t,164
NIF-ALE-NOR-4,Pure Essence Alemania,Sin Filtro,Rubio,Normal,t,300
NIF-ALE-NOR-5,Royal Blend Japon,Sin Filtro,Negro,Normal,t,151
NIF-ALE-NOR-5,Mountain Mist Japon,Con Filtro,Negro,Normal,t,433
NIF-ALE-NOR-5,Amber Haze Reino,Sin Filtro,Negro,Normal,t,178
NIF-ALE-NOR-5,Midnight Silk Argentina,Sin Filtro,Negro,Normal,f,284
NIF-ALE-NOR-5,Urban Classic Alemania,Con Filtro,Negro,Normal,t,181
NIF-ALE-NOR-5,Ocean Breeze Reino,Con Filtro,Negro,Normal,t,92
NIF-ALE-NOR-5,Royal Blend Argentina,Sin Filtro,Negro,Normal,t,99
NIF-ALE-NOR-5,Ocean Breeze Japon,Con Filtro,Rubio,Normal,t,230
NIF-ALE-NOR-5,Royal Blend Chile,Con Filtro,Negro,Normal,t,473
NIF-ALE-NOR-5,Pure Essence Reino,Con Filtro,Rubio,Normal,f,115
NIF-ALE-NOR-5,Silver Lining Argentina,Sin Filtro,Negro,Normal,t,350
NIF-ALE-NOR-5,Amber Haze Alemania,Sin Filtro,Negro,Normal,t,468
NIF-ALE-NOR-5,Silver Lining Argentina,Sin Filtro,Rubio,Normal,f,60
NIF-ALE-NOR-5,Gold Leaf Argentina,Sin Filtro,Rubio,Normal,t,448
NIF-ALE-NOR-5,Midnight Silk Alemania,Sin Filtro,Negro,Normal,t,239
NIF-ALE-NOR-5,Silver Lining Chile,Con Filtro,Negro,SuperLight,f,93
NIF-ALE-NOR-5,Royal Blend Japon,Sin Filtro,Negro,Normal,f,296
NIF-ALE-NOR-5,Mountain Mist Alemania,Sin Filtro,Rubio,Normal,t,363
NIF-ALE-NOR-5,Gold Leaf Reino,Con Filtro,Rubio,Normal,f,432
NIF-ALE-NOR-5,Royal Blend Argentina,Con Filtro,Negro,Normal,t,55
NIF-ALE-NOR-5,Mountain Mist Japon,Con Filtro,Rubio,Normal,t,322
NIF-ALE-NOR-5,Pure Essence Alemania,Con Filtro,Rubio,UltraLight,f,140
NIF-ALE-NOR-5,Pure Essence Alemania,Sin Filtro,Negro,Normal,f,448
NIF-ALE-NOR-5,Midnight Silk Argentina,Sin Filtro,Rubio,Normal,f,102
NIF-ALE-NOR-5,Highland Peak Argentina,Sin Filtro,Rubio,Normal,f,190
NIF-ALE-NOR-5,Gold Leaf Argentina,Con Filtro,Rubio,Normal,t,469
NIF-ALE-NOR-5,Pure Essence Reino,Con Filtro,Rubio,Normal,f,196
NIF-ALE-NOR-5,Royal Blend Reino,Con Filtro,Rubio,Normal,t,449
NIF-ALE-NOR-5,Urban Classic Argentina,Con Filtro,Rubio,SuperLight,f,215
NIF-ALE-NOR-5,Mountain Mist Japon,Sin Filtro,Rubio,Normal,f,125
NIF-ALE-NOR-6,Urban Classic Alemania,Sin Filtro,Negro,Normal,f,481
NIF-ALE-NOR-6,Royal Blend Chile,Sin Filtro,Negro,Normal,t,230
NIF-ALE-NOR-6,Urban Classic Reino,Sin Filtro,Negro,Normal,t,128
NIF-ALE-NOR-6,Urban Classic Japon,Con Filtro,Negro,Normal,f,239
NIF-ALE-NOR-6,Royal Blend Chile,Con Filtro,Rubio,UltraLight,f,434
NIF-ALE-NOR-6,Pure Essence Alemania,Sin Filtro,Rubio,Normal,f,198
NIF-ALE-NOR-6,Royal Blend Japon,Sin Filtro,Negro,Normal,f,316
NIF-ALE-NOR-6,Midnight Silk Japon,Sin Filtro,Rubio,Normal,f,450
NIF-ALE-NOR-6,Silver Lining Argentina,Con Filtro,Negro,Light,f,283
NIF-ALE-NOR-6,Gold Leaf Argentina,Sin Filtro,Rubio,Normal,f,222
NIF-ALE-NOR-6,Royal Blend Argentina,Con Filtro,Negro,SuperLight,f,461
NIF-ALE-NOR-6,Pure Essence Reino,Con Filtro,Rubio,Normal,f,494
NIF-ALE-NOR-6,Royal Blend Argentina,Sin Filtro,Negro,Normal,f,177
NIF-ALE-NOR-6,Midnight Silk Argentina,Sin Filtro,Negro,Normal,t,395
NIF-ALE-NOR-6,Silver Lining Alemania,Con Filtro,Negro,Normal,t,357
NIF-ALE-NOR-7,Silver Lining Argentina,Con Filtro,Rubio,Normal,t,303
NIF-ALE-NOR-7,Ocean Breeze Chile,Con Filtro,Rubio,Normal,t,384
NIF-ALE-NOR-7,Royal Blend Alemania,Sin Filtro,Rubio,Normal,t,332
NIF-ALE-NOR-7,Mountain Mist Japon,Con Filtro,Rubio,Normal,t,429
NIF-ALE-NOR-7,Royal Blend Argentina,Con Filtro,Negro,SuperLight,f,134
NIF-ALE-NOR-7,Gold Leaf Argentina,Con Filtro,Rubio,Light,f,186
NIF-ALE-NOR-7,Highland Peak Argentina,Con Filtro,Rubio,Normal,f,406
NIF-ALE-NOR-7,Highland Peak Alemania,Sin Filtro,Negro,Normal,t,164
NIF-ALE-NOR-7,Ocean Breeze Argentina,Con Filtro,Rubio,Normal,t,477
NIF-ALE-NOR-7,Highland Peak Chile,Con Filtro,Rubio,SuperLight,f,310
NIF-ALE-NOR-7,Gold Leaf Alemania,Con Filtro,Negro,UltraLight,f,310
NIF-ALE-NOR-7,Highland Peak Reino,Con Filtro,Rubio,Normal,t,121
NIF-ALE-NOR-7,Gold Leaf Japon,Con Filtro,Rubio,Normal,t,88
NIF-ALE-NOR-7,Amber Haze Reino,Con Filtro,Negro,Normal,t,149
NIF-ALE-NOR-7,Ocean Breeze Argentina,Con Filtro,Negro,Normal,t,309
NIF-ALE-NOR-7,Urban Classic Chile,Con Filtro,Negro,UltraLight,f,378
NIF-ALE-NOR-7,Mountain Mist Japon,Sin Filtro,Rubio,Normal,f,246
NIF-ALE-NOR-7,Urban Classic Reino,Con Filtro,Negro,Normal,t,392
NIF-ALE-NOR-7,Silver Lining Alemania,Sin Filtro,Negro,Normal,t,121
NIF-ALE-NOR-7,Gold Leaf Reino,Con Filtro,Negro,Light,f,271
NIF-ALE-NOR-7,Pure Essence Japon,Sin Filtro,Negro,Normal,t,252
NIF-ALE-NOR-7,Royal Blend Chile,Sin Filtro,Negro,Normal,f,461
NIF-ALE-NOR-7,Royal Blend Chile,Sin Filtro,Negro,Normal,f,80
NIF-ALE-NOR-7,Highland Peak Alemania,Con Filtro,Rubio,UltraLight,f,290
NIF-ALE-NOR-7,Highland Peak Japon,Sin Filtro,Negro,Normal,f,464
NIF-ALE-NOR-7,Ocean Breeze Chile,Sin Filtro,Rubio,Normal,f,241
NIF-ALE-NOR-7,Gold Leaf Japon,Sin Filtro,Rubio,Normal,t,434
NIF-ALE-NOR-7,Urban Classic Alemania,Con Filtro,Negro,Normal,t,81
NIF-ALE-NOR-7,Silver Lining Japon,Sin Filtro,Rubio,Normal,f,332
NIF-ALE-NOR-7,Amber Haze Alemania,Sin Filtro,Rubio,Normal,t,210
NIF-ALE-NOR-8,Urban Classic Alemania,Sin Filtro,Rubio,Normal,f,438
NIF-ALE-NOR-8,Ocean Breeze Reino,Sin Filtro,Negro,Normal,t,261
NIF-ALE-NOR-8,Amber Haze Alemania,Sin Filtro,Negro,Normal,t,137
NIF-ALE-NOR-8,Ocean Breeze Alemania,Sin Filtro,Negro,Normal,t,375
NIF-ALE-NOR-8,Royal Blend Japon,Con Filtro,Negro,Normal,t,248
NIF-ALE-NOR-8,Urban Classic Argentina,Con Filtro,Negro,UltraLight,f,279
NIF-ALE-NOR-8,Urban Classic Reino,Con Filtro,Rubio,Normal,f,468
NIF-ALE-NOR-8,Ocean Breeze Reino,Con Filtro,Rubio,UltraLight,f,155
NIF-ALE-NOR-8,Midnight Silk Chile,Con Filtro,Negro,Normal,t,278
NIF-ALE-NOR-8,Amber Haze Argentina,Sin Filtro,Negro,Normal,t,374
NIF-ALE-NOR-8,Mountain Mist Alemania,Sin Filtro,Negro,Normal,f,61
NIF-ALE-NOR-8,Royal Blend Japon,Sin Filtro,Negro,Normal,t,496
NIF-ALE-NOR-8,Amber Haze Japon,Con Filtro,Rubio,SuperLight,f,484
NIF-ALE-NOR-8,Midnight Silk Chile,Sin Filtro,Rubio,Normal,f,329
NIF-ALE-NOR-8,Urban Classic Reino,Sin Filtro,Rubio,Normal,f,498
NIF-ALE-NOR-8,Mountain Mist Chile,Con Filtro,Rubio,Normal,t,186
NIF-ALE-NOR-8,Ocean Breeze Alemania,Sin Filtro,Rubio,Normal,t,465
NIF-ALE-NOR-8,Ocean Breeze Chile,Con Filtro,Rubio,Normal,t,348
NIF-ALE-NOR-8,Gold Leaf Alemania,Sin Filtro,Negro,Normal,t,389
NIF-ALE-NOR-8,Silver Lining Chile,Con Filtro,Negro,SuperLight,f,461
NIF-ALE-NOR-8,Mountain Mist Chile,Sin Filtro,Rubio,Normal,f,213
NIF-ALE-NOR-8,Amber Haze Alemania,Sin Filtro,Rubio,Normal,f,472
NIF-ALE-NOR-8,Highland Peak Alemania,Sin Filtro,Rubio,Normal,t,424
NIF-ALE-NOR-8,Midnight Silk Reino,Sin Filtro,Negro,Normal,t,170
NIF-ALE-NOR-8,Highland Peak Argentina,Sin Filtro,Negro,Normal,f,186
NIF-ALE-NOR-8,Highland Peak Japon,Con Filtro,Rubio,Normal,t,88
NIF-ALE-NOR-9,Ocean Breeze Alemania,Con Filtro,Negro,UltraLight,f,369
NIF-ALE-NOR-9,Midnight Silk Chile,Con Filtro,Negro,Normal,t,241
NIF-ALE-NOR-9,Midnight Silk Chile,Con Filtro,Rubio,Normal,t,310
NIF-ALE-NOR-9,Pure Essence Argentina,Sin Filtro,Negro,Normal,f,144
NIF-ALE-NOR-9,Pure Essence Alemania,Sin Filtro,Rubio,Normal,t,82
NIF-ALE-NOR-9,Amber Haze Reino,Sin Filtro,Rubio,Normal,t,74
NIF-ALE-NOR-9,Pure Essence Alemania,Sin Filtro,Rubio,Normal,t,173
NIF-ALE-NOR-9,Ocean Breeze Reino,Sin Filtro,Rubio,Normal,f,371
NIF-ALE-NOR-9,Royal Blend Japon,Sin Filtro,Rubio,Normal,f,346
NIF-ALE-NOR-9,Mountain Mist Argentina,Con Filtro,Negro,Light,f,353
NIF-ALE-NOR-9,Pure Essence Reino,Sin Filtro,Rubio,Normal,t,177
NIF-ALE-NOR-9,Ocean Breeze Argentina,Sin Filtro,Negro,Normal,f,104
NIF-ALE-NOR-9,Ocean Breeze Reino,Sin Filtro,Negro,Normal,t,98
NIF-ALE-NOR-9,Mountain Mist Chile,Sin Filtro,Rubio,Normal,t,378
NIF-ALE-NOR-9,Amber Haze Chile,Sin Filtro,Rubio,Normal,f,233
NIF-ALE-NOR-9,Urban Classic Reino,Con Filtro,Rubio,Normal,t,169
NIF-ALE-NOR-9,Mountain Mist Alemania,Sin Filtro,Negro,Normal,t,441
NIF-ALE-NOR-9,Ocean Breeze Japon,Sin Filtro,Rubio,Normal,t,203
NIF-ALE-NOR-9,Mountain Mist Alemania,Sin Filtro,Negro,Normal,f,262
NIF-ALE-NOR-9,Mountain Mist Japon,Con Filtro,Negro,Normal,t,388
NIF-ALE-NOR-9,Silver Lining Alemania,Sin Filtro,Negro,Normal,f,225
NIF-ALE-NOR-9,Silver Lining Reino,Con Filtro,Negro,SuperLight,f,335
NIF-ALE-NOR-10,Gold Leaf Japon,Con Filtro,Rubio,Normal,t,298
NIF-ALE-NOR-10,Amber Haze Alemania,Sin Filtro,Negro,Normal,t,78
NIF-ALE-NOR-10,Ocean Breeze Alemania,Con Filtro,Negro,Light,f,477
NIF-ALE-NOR-10,Highland Peak Reino,Sin Filtro,Negro,Normal,t,259
NIF-ALE-NOR-10,Royal Blend Alemania,Con Filtro,Negro,Normal,t,103
NIF-ALE-NOR-10,Midnight Silk Alemania,Sin Filtro,Rubio,Normal,t,496
NIF-ALE-NOR-10,Silver Lining Japon,Con Filtro,Rubio,Light,f,436
NIF-ALE-NOR-10,Ocean Breeze Chile,Con Filtro,Rubio,UltraLight,f,115
NIF-ALE-NOR-10,Highland Peak Argentina,Sin Filtro,Rubio,Normal,f,472
NIF-ALE-NOR-10,Silver Lining Alemania,Sin Filtro,Negro,Normal,t,76
NIF-ALE-NOR-10,Gold Leaf Argentina,Con Filtro,Rubio,Normal,t,83
NIF-ALE-NOR-10,Urban Classic Reino,Con Filtro,Negro,Normal,t,380
NIF-ALE-NOR-10,Royal Blend Reino,Con Filtro,Negro,Light,f,289
NIF-ALE-NOR-10,Amber Haze Alemania,Sin Filtro,Negro,Normal,t,131
NIF-ALE-NOR-10,Midnight Silk Reino,Sin Filtro,Rubio,Normal,t,367
NIF-ALE-NOR-10,Ocean Breeze Alemania,Sin Filtro,Negro,Normal,t,70
NIF-ALE-NOR-10,Mountain Mist Alemania,Sin Filtro,Rubio,Normal,t,344
NIF-ALE-NOR-10,Urban Classic Chile,Con Filtro,Negro,Normal,t,75
NIF-ALE-NOR-11,Pure Essence Alemania,Sin Filtro,Rubio,Normal,t,472
NIF-ALE-NOR-11,Amber Haze Alemania,Con Filtro,Negro,Normal,t,439
NIF-ALE-NOR-11,Amber Haze Alemania,Sin Filtro,Negro,Normal,t,232
NIF-ALE-NOR-11,Midnight Silk Chile,Con Filtro,Negro,Normal,t,424
NIF-ALE-NOR-11,Highland Peak Chile,Con Filtro,Negro,Light,f,71
NIF-ALE-NOR-11,Pure Essence Alemania,Con Filtro,Rubio,UltraLight,f,445
NIF-ALE-NOR-11,Ocean Breeze Chile,Sin Filtro,Rubio,Normal,f,478
NIF-ALE-NOR-11,Urban Classic Argentina,Sin Filtro,Rubio,Normal,t,500
NIF-ALE-NOR-11,Mountain Mist Reino,Con Filtro,Negro,SuperLight,f,410
NIF-ALE-NOR-11,Urban Classic Chile,Con Filtro,Negro,Normal,t,372
NIF-ALE-NOR-11,Urban Classic Alemania,Sin Filtro,Rubio,Normal,t,261
NIF-ALE-NOR-11,Amber Haze Japon,Con Filtro,Rubio,SuperLight,f,119
NIF-ALE-NOR-11,Royal Blend Japon,Con Filtro,Negro,Normal,t,494
NIF-ALE-NOR-11,Mountain Mist Argentina,Con Filtro,Rubio,SuperLight,f,300
NIF-ALE-NOR-11,Gold Leaf Reino,Con Filtro,Negro,SuperLight,f,389
NIF-ALE-NOR-11,Silver Lining Chile,Con Filtro,Negro,SuperLight,f,301
NIF-ALE-NOR-11,Gold Leaf Chile,Sin Filtro,Negro,Normal,t,239
NIF-ALE-NOR-11,Urban Classic Alemania,Con Filtro,Negro,Light,f,489
NIF-ALE-NOR-11,Amber Haze Argentina,Con Filtro,Negro,Normal,t,115
NIF-ALE-NOR-11,Pure Essence Alemania,Sin Filtro,Rubio,Normal,f,140
NIF-ALE-NOR-11,Silver Lining Chile,Con Filtro,Rubio,Normal,f,127
NIF-ALE-NOR-11,Urban Classic Alemania,Sin Filtro,Rubio,Normal,t,405
NIF-ALE-NOR-11,Midnight Silk Reino,Con Filtro,Negro,Normal,t,420
NIF-ALE-NOR-11,Midnight Silk Chile,Con Filtro,Rubio,Normal,t,439
NIF-ALE-NOR-11,Silver Lining Japon,Sin Filtro,Negro,Normal,f,68
NIF-ALE-NOR-11,Ocean Breeze Argentina,Sin Filtro,Negro,Normal,f,240
NIF-ALE-NOR-11,Royal Blend Reino,Con Filtro,Negro,Normal,f,114
NIF-ALE-NOR-11,Highland Peak Chile,Con Filtro,Negro,Normal,f,191
NIF-ALE-NOR-12,Gold Leaf Argentina,Con Filtro,Rubio,Light,f,415
NIF-ALE-NOR-12,Urban Classic Reino,Con Filtro,Rubio,Normal,f,131
NIF-ALE-NOR-12,Silver Lining Chile,Con Filtro,Negro,Normal,t,226
NIF-ALE-NOR-12,Ocean Breeze Reino,Con Filtro,Negro,Normal,t,282
NIF-ALE-NOR-12,Silver Lining Alemania,Con Filtro,Negro,Normal,t,425
NIF-ALE-NOR-12,Urban Classic Japon,Sin Filtro,Rubio,Normal,t,335
NIF-ALE-NOR-12,Mountain Mist Chile,Sin Filtro,Rubio,Normal,t,336
NIF-ALE-NOR-12,Mountain Mist Alemania,Sin Filtro,Rubio,Normal,f,365
NIF-ALE-NOR-12,Mountain Mist Alemania,Sin Filtro,Negro,Normal,f,277
NIF-ALE-NOR-12,Royal Blend Reino,Con Filtro,Negro,Light,f,239
NIF-ALE-NOR-13,Highland Peak Reino,Con Filtro,Negro,SuperLight,f,338
NIF-ALE-NOR-13,Amber Haze Chile,Sin Filtro,Rubio,Normal,t,348
NIF-ALE-NOR-13,Royal Blend Reino,Con Filtro,Negro,Normal,f,418
NIF-ALE-NOR-13,Ocean Breeze Reino,Con Filtro,Negro,Normal,t,132
NIF-ALE-NOR-13,Ocean Breeze Argentina,Con Filtro,Negro,Normal,t,229
NIF-ALE-NOR-13,Highland Peak Reino,Con Filtro,Negro,SuperLight,f,371
NIF-ALE-NOR-13,Pure Essence Chile,Con Filtro,Negro,Normal,t,406
NIF-ALE-NOR-13,Mountain Mist Alemania,Sin Filtro,Rubio,Normal,t,462
NIF-ALE-NOR-13,Mountain Mist Reino,Sin Filtro,Negro,Normal,f,166
NIF-ALE-NOR-13,Amber Haze Japon,Con Filtro,Rubio,SuperLight,f,355
NIF-ALE-NOR-13,Amber Haze Argentina,Con Filtro,Negro,SuperLight,f,105
NIF-ALE-NOR-13,Royal Blend Japon,Con Filtro,Rubio,SuperLight,f,78
NIF-ALE-NOR-13,Urban Classic Alemania,Con Filtro,Negro,Light,f,284
NIF-ALE-NOR-13,Gold Leaf Japon,Con Filtro,Rubio,Normal,f,490
NIF-ALE-NOR-13,Highland Peak Japon,Con Filtro,Rubio,Normal,t,105
NIF-ALE-NOR-13,Ocean Breeze Argentina,Sin Filtro,Negro,Normal,f,458
NIF-ALE-NOR-13,Royal Blend Reino,Con Filtro,Rubio,Normal,t,355
NIF-ALE-NOR-13,Ocean Breeze Japon,Con Filtro,Rubio,Normal,f,366
NIF-ALE-NOR-13,Silver Lining Japon,Sin Filtro,Rubio,Normal,f,227
NIF-ALE-NOR-13,Midnight Silk Reino,Con Filtro,Negro,SuperLight,f,164
NIF-ALE-NOR-13,Pure Essence Alemania,Sin Filtro,Rubio,Normal,f,391
NIF-ALE-NOR-13,Urban Classic Japon,Con Filtro,Negro,SuperLight,f,239
NIF-ALE-NOR-13,Mountain Mist Argentina,Con Filtro,Rubio,Normal,t,395
NIF-ALE-NOR-13,Midnight Silk Reino,Sin Filtro,Rubio,Normal,t,458
NIF-ALE-NOR-13,Gold Leaf Argentina,Con Filtro,Negro,Normal,t,142
NIF-ALE-NOR-13,Mountain Mist Argentina,Sin Filtro,Negro,Normal,t,283
NIF-ALE-NOR-13,Midnight Silk Reino,Sin Filtro,Negro,Normal,f,174
NIF-ALE-NOR-13,Royal Blend Alemania,Sin Filtro,Rubio,Normal,f,378
NIF-ALE-NOR-13,Silver Lining Japon,Con Filtro,Rubio,Light,f,110
NIF-ALE-NOR-13,Ocean Breeze Alemania,Sin Filtro,Negro,Normal,t,433
NIF-ALE-NOR-14,Urban Classic Japon,Sin Filtro,Rubio,Normal,t,183
NIF-ALE-NOR-14,Silver Lining Japon,Sin Filtro,Negro,Normal,f,89
NIF-ALE-NOR-14,Royal Blend Reino,Con Filtro,Negro,Normal,f,66
NIF-ALE-NOR-14,Ocean Breeze Alemania,Sin Filtro,Negro,Normal,t,200
NIF-ALE-NOR-14,Mountain Mist Japon,Con Filtro,Negro,Normal,t,307
NIF-ALE-NOR-14,Mountain Mist Alemania,Sin Filtro,Negro,Normal,t,315
NIF-ALE-NOR-14,Pure Essence Alemania,Sin Filtro,Rubio,Normal,f,87
NIF-ALE-NOR-14,Urban Classic Alemania,Sin Filtro,Rubio,Normal,f,95
NIF-ALE-NOR-14,Urban Classic Reino,Sin Filtro,Rubio,Normal,f,448
NIF-ALE-NOR-14,Highland Peak Japon,Con Filtro,Negro,Normal,f,149
NIF-ALE-NOR-14,Royal Blend Japon,Sin Filtro,Rubio,Normal,f,104
NIF-ALE-NOR-14,Ocean Breeze Reino,Sin Filtro,Negro,Normal,t,92
NIF-ALE-NOR-14,Urban Classic Chile,Con Filtro,Negro,Normal,t,154
NIF-ALE-NOR-14,Silver Lining Alemania,Sin Filtro,Rubio,Normal,f,367
NIF-ALE-NOR-14,Silver Lining Reino,Con Filtro,Negro,Normal,t,254
NIF-ALE-NOR-14,Silver Lining Chile,Sin Filtro,Rubio,Normal,t,105
NIF-ALE-NOR-14,Highland Peak Reino,Con Filtro,Rubio,Normal,t,136
NIF-ALE-NOR-14,Amber Haze Japon,Con Filtro,Rubio,Normal,t,167
NIF-ALE-NOR-14,Silver Lining Japon,Sin Filtro,Negro,Normal,f,350
NIF-ALE-NOR-14,Mountain Mist Chile,Sin Filtro,Rubio,Normal,f,215
NIF-ALE-NOR-14,Silver Lining Chile,Con Filtro,Rubio,Normal,t,95
NIF-ALE-NOR-14,Ocean Breeze Argentina,Con Filtro,Negro,Normal,t,219
NIF-ALE-NOR-14,Gold Leaf Reino,Con Filtro,Negro,Light,f,149
NIF-ALE-NOR-14,Amber Haze Argentina,Con Filtro,Rubio,Normal,t,294
NIF-ALE-NOR-15,Royal Blend Argentina,Con Filtro,Negro,Normal,t,170
NIF-ALE-NOR-15,Pure Essence Reino,Sin Filtro,Rubio,Normal,t,394
NIF-ALE-NOR-15,Midnight Silk Chile,Con Filtro,Rubio,Normal,t,179
NIF-ALE-NOR-15,Amber Haze Reino,Sin Filtro,Negro,Normal,t,391
NIF-ALE-NOR-15,Royal Blend Japon,Sin Filtro,Negro,Normal,t,458
NIF-ALE-NOR-15,Ocean Breeze Alemania,Sin Filtro,Rubio,Normal,t,489
NIF-ALE-NOR-15,Midnight Silk Alemania,Sin Filtro,Negro,Normal,f,335
NIF-ALE-NOR-15,Mountain Mist Chile,Sin Filtro,Rubio,Normal,f,307
NIF-ALE-NOR-15,Amber Haze Argentina,Con Filtro,Rubio,Normal,t,118
NIF-ALE-NOR-15,Highland Peak Argentina,Sin Filtro,Rubio,Normal,f,415
NIF-ALE-NOR-15,Highland Peak Chile,Sin Filtro,Negro,Normal,t,378
NIF-ALE-NOR-15,Ocean Breeze Chile,Con Filtro,Rubio,UltraLight,f,415
NIF-ALE-NOR-15,Amber Haze Chile,Sin Filtro,Negro,Normal,f,437
NIF-ALE-NOR-15,Midnight Silk Argentina,Sin Filtro,Rubio,Normal,t,177
NIF-ALE-NOR-15,Highland Peak Alemania,Sin Filtro,Negro,Normal,f,347
NIF-ALE-NOR-15,Urban Classic Argentina,Sin Filtro,Rubio,Normal,t,158
NIF-ALE-NOR-15,Midnight Silk Reino,Sin Filtro,Rubio,Normal,t,270
NIF-ALE-NOR-15,Ocean Breeze Japon,Sin Filtro,Negro,Normal,f,226
NIF-ALE-NOR-15,Highland Peak Japon,Sin Filtro,Rubio,Normal,f,348
NIF-JAP-SHI-1,Pure Essence Japon,Sin Filtro,Negro,Normal,f,75
NIF-JAP-SHI-1,Ocean Breeze Reino,Sin Filtro,Rubio,Normal,f,437
NIF-JAP-SHI-1,Midnight Silk Chile,Con Filtro,Rubio,Normal,t,462
NIF-JAP-SHI-1,Midnight Silk Chile,Con Filtro,Negro,UltraLight,f,214
NIF-JAP-SHI-1,Royal Blend Argentina,Sin Filtro,Negro,Normal,t,180
NIF-JAP-SHI-1,Gold Leaf Reino,Sin Filtro,Rubio,Normal,t,145
NIF-JAP-SHI-1,Gold Leaf Argentina,Con Filtro,Rubio,Light,f,50
NIF-JAP-SHI-1,Mountain Mist Alemania,Sin Filtro,Rubio,Normal,t,267
NIF-JAP-SHI-1,Mountain Mist Chile,Sin Filtro,Rubio,Normal,t,349
NIF-JAP-SHI-1,Amber Haze Chile,Con Filtro,Rubio,SuperLight,f,115
NIF-JAP-SHI-1,Gold Leaf Argentina,Con Filtro,Rubio,Normal,t,352
NIF-JAP-SHI-1,Pure Essence Alemania,Sin Filtro,Negro,Normal,f,123
NIF-JAP-SHI-1,Highland Peak Alemania,Sin Filtro,Negro,Normal,f,104
NIF-JAP-SHI-1,Silver Lining Alemania,Con Filtro,Negro,Normal,t,295
NIF-JAP-SHI-1,Urban Classic Argentina,Sin Filtro,Rubio,Normal,t,209
NIF-JAP-SHI-1,Ocean Breeze Alemania,Sin Filtro,Rubio,Normal,t,448
NIF-JAP-SHI-1,Midnight Silk Japon,Con Filtro,Rubio,Normal,t,164
NIF-JAP-SHI-1,Royal Blend Reino,Con Filtro,Rubio,Normal,t,216
NIF-JAP-SHI-1,Ocean Breeze Chile,Con Filtro,Negro,Normal,t,200
NIF-JAP-SHI-1,Midnight Silk Chile,Con Filtro,Negro,Normal,t,426
NIF-JAP-SHI-1,Silver Lining Chile,Con Filtro,Negro,SuperLight,f,92
NIF-JAP-SHI-1,Royal Blend Chile,Con Filtro,Rubio,UltraLight,f,303
NIF-JAP-SHI-1,Mountain Mist Japon,Sin Filtro,Negro,Normal,t,285
NIF-JAP-SHI-1,Highland Peak Argentina,Sin Filtro,Rubio,Normal,f,433
NIF-JAP-SHI-2,Ocean Breeze Alemania,Sin Filtro,Rubio,Normal,t,86
NIF-JAP-SHI-2,Gold Leaf Argentina,Con Filtro,Negro,Normal,t,182
NIF-JAP-SHI-2,Ocean Breeze Argentina,Con Filtro,Negro,Normal,t,385
NIF-JAP-SHI-2,Highland Peak Reino,Con Filtro,Rubio,Normal,t,278
NIF-JAP-SHI-2,Pure Essence Chile,Con Filtro,Negro,Normal,t,168
NIF-JAP-SHI-2,Pure Essence Japon,Sin Filtro,Negro,Normal,t,236
NIF-JAP-SHI-2,Gold Leaf Argentina,Con Filtro,Rubio,Light,f,169
NIF-JAP-SHI-2,Royal Blend Reino,Sin Filtro,Rubio,Normal,t,210
NIF-JAP-SHI-2,Amber Haze Reino,Sin Filtro,Rubio,Normal,t,374
NIF-JAP-SHI-2,Pure Essence Japon,Con Filtro,Negro,UltraLight,f,256
NIF-JAP-SHI-2,Pure Essence Argentina,Con Filtro,Rubio,Normal,t,373
NIF-JAP-SHI-2,Highland Peak Chile,Con Filtro,Negro,Normal,t,168
NIF-JAP-SHI-2,Amber Haze Japon,Con Filtro,Rubio,SuperLight,f,271
NIF-JAP-SHI-2,Gold Leaf Japon,Sin Filtro,Negro,Normal,f,417
NIF-JAP-SHI-2,Mountain Mist Reino,Sin Filtro,Negro,Normal,t,304
NIF-JAP-SHI-2,Mountain Mist Argentina,Con Filtro,Negro,UltraLight,f,120
NIF-JAP-SHI-2,Urban Classic Alemania,Con Filtro,Rubio,Normal,t,397
NIF-JAP-SHI-2,Royal Blend Japon,Sin Filtro,Rubio,Normal,t,102
NIF-JAP-SHI-2,Royal Blend Alemania,Con Filtro,Negro,Light,f,368
NIF-JAP-SHI-2,Royal Blend Chile,Sin Filtro,Negro,Normal,f,444
NIF-JAP-SHI-2,Ocean Breeze Chile,Con Filtro,Negro,Normal,t,131
NIF-JAP-SHI-2,Silver Lining Argentina,Con Filtro,Rubio,Normal,t,87
NIF-JAP-SHI-2,Pure Essence Reino,Sin Filtro,Rubio,Normal,f,267
NIF-JAP-SHI-2,Royal Blend Alemania,Sin Filtro,Rubio,Normal,f,375
NIF-JAP-SHI-3,Royal Blend Argentina,Con Filtro,Negro,SuperLight,f,450
NIF-JAP-SHI-3,Amber Haze Alemania,Sin Filtro,Rubio,Normal,f,193
NIF-JAP-SHI-3,Highland Peak Japon,Con Filtro,Rubio,Light,f,422
NIF-JAP-SHI-3,Gold Leaf Japon,Con Filtro,Rubio,UltraLight,f,296
NIF-JAP-SHI-3,Midnight Silk Argentina,Sin Filtro,Negro,Normal,t,299
NIF-JAP-SHI-3,Gold Leaf Reino,Sin Filtro,Negro,Normal,f,417
NIF-JAP-SHI-3,Midnight Silk Chile,Con Filtro,Rubio,Normal,t,177
NIF-JAP-SHI-3,Silver Lining Alemania,Con Filtro,Negro,Normal,t,59
NIF-JAP-SHI-3,Highland Peak Chile,Con Filtro,Negro,Normal,f,188
NIF-JAP-SHI-3,Gold Leaf Argentina,Sin Filtro,Rubio,Normal,f,276
NIF-JAP-SHI-3,Gold Leaf Argentina,Sin Filtro,Negro,Normal,t,363
NIF-JAP-SHI-4,Midnight Silk Alemania,Sin Filtro,Rubio,Normal,f,136
NIF-JAP-SHI-4,Mountain Mist Japon,Con Filtro,Rubio,Normal,t,230
NIF-JAP-SHI-4,Amber Haze Argentina,Con Filtro,Rubio,Light,f,341
NIF-JAP-SHI-4,Midnight Silk Reino,Con Filtro,Rubio,SuperLight,f,116
NIF-JAP-SHI-4,Highland Peak Reino,Con Filtro,Negro,SuperLight,f,174
NIF-JAP-SHI-4,Gold Leaf Alemania,Sin Filtro,Rubio,Normal,f,148
NIF-JAP-SHI-4,Amber Haze Reino,Con Filtro,Rubio,Normal,t,422
NIF-JAP-SHI-4,Urban Classic Reino,Sin Filtro,Rubio,Normal,f,71
NIF-JAP-SHI-4,Gold Leaf Chile,Con Filtro,Rubio,UltraLight,f,331
NIF-JAP-SHI-4,Gold Leaf Argentina,Sin Filtro,Rubio,Normal,f,397
NIF-JAP-SHI-4,Ocean Breeze Alemania,Sin Filtro,Negro,Normal,t,284
NIF-JAP-SHI-5,Highland Peak Reino,Con Filtro,Rubio,Normal,t,306
NIF-JAP-SHI-5,Highland Peak Alemania,Sin Filtro,Negro,Normal,t,217
NIF-JAP-SHI-5,Pure Essence Alemania,Sin Filtro,Rubio,Normal,t,100
NIF-JAP-SHI-5,Royal Blend Chile,Sin Filtro,Negro,Normal,t,216
NIF-JAP-SHI-5,Royal Blend Reino,Con Filtro,Negro,Light,f,51
NIF-JAP-SHI-5,Silver Lining Reino,Sin Filtro,Rubio,Normal,f,108
NIF-JAP-SHI-5,Midnight Silk Japon,Sin Filtro,Rubio,Normal,f,465
NIF-JAP-SHI-5,Royal Blend Alemania,Sin Filtro,Rubio,Normal,t,92
NIF-JAP-SHI-5,Royal Blend Argentina,Sin Filtro,Negro,Normal,t,314
NIF-JAP-SHI-5,Urban Classic Reino,Con Filtro,Rubio,Normal,f,237
NIF-JAP-SHI-5,Royal Blend Argentina,Con Filtro,Rubio,Light,f,149
NIF-JAP-SHI-5,Highland Peak Chile,Sin Filtro,Rubio,Normal,f,460
NIF-JAP-SHI-5,Urban Classic Reino,Sin Filtro,Negro,Normal,f,487
NIF-JAP-SHI-5,Silver Lining Argentina,Con Filtro,Rubio,Normal,f,261
NIF-JAP-SHI-5,Mountain Mist Japon,Con Filtro,Rubio,Normal,t,319
NIF-JAP-SHI-5,Midnight Silk Japon,Con Filtro,Negro,SuperLight,f,301
NIF-JAP-SHI-5,Mountain Mist Reino,Con Filtro,Rubio,Light,f,143
NIF-JAP-SHI-5,Highland Peak Argentina,Sin Filtro,Rubio,Normal,f,257
NIF-JAP-SHI-5,Pure Essence Argentina,Con Filtro,Rubio,UltraLight,f,411
NIF-JAP-SHI-5,Highland Peak Alemania,Con Filtro,Negro,UltraLight,f,208
NIF-JAP-SHI-5,Silver Lining Alemania,Sin Filtro,Negro,Normal,t,175
NIF-JAP-SHI-5,Mountain Mist Reino,Con Filtro,Rubio,SuperLight,f,410
NIF-JAP-SHI-5,Royal Blend Alemania,Sin Filtro,Rubio,Normal,t,468
NIF-JAP-SHI-5,Royal Blend Reino,Con Filtro,Rubio,Normal,t,267
NIF-JAP-SHI-5,Silver Lining Reino,Sin Filtro,Rubio,Normal,t,408
NIF-JAP-SHI-5,Pure Essence Alemania,Sin Filtro,Rubio,Normal,f,265
NIF-JAP-SHI-5,Silver Lining Alemania,Sin Filtro,Negro,Normal,f,404
NIF-JAP-SHI-6,Midnight Silk Chile,Con Filtro,Rubio,Normal,t,345
NIF-JAP-SHI-6,Mountain Mist Chile,Sin Filtro,Rubio,Normal,t,195
NIF-JAP-SHI-6,Highland Peak Argentina,Sin Filtro,Rubio,Normal,f,132
NIF-JAP-SHI-6,Midnight Silk Argentina,Sin Filtro,Rubio,Normal,t,293
NIF-JAP-SHI-6,Mountain Mist Argentina,Sin Filtro,Negro,Normal,t,97
NIF-JAP-SHI-6,Royal Blend Alemania,Sin Filtro,Negro,Normal,t,490
NIF-JAP-SHI-6,Amber Haze Japon,Sin Filtro,Rubio,Normal,t,135
NIF-JAP-SHI-6,Ocean Breeze Reino,Sin Filtro,Negro,Normal,f,172
NIF-JAP-SHI-6,Highland Peak Alemania,Con Filtro,Negro,UltraLight,f,448
NIF-JAP-SHI-6,Highland Peak Alemania,Sin Filtro,Negro,Normal,t,266
NIF-JAP-SHI-6,Mountain Mist Reino,Sin Filtro,Negro,Normal,f,300
NIF-JAP-SHI-6,Pure Essence Reino,Sin Filtro,Rubio,Normal,t,373
NIF-JAP-SHI-6,Amber Haze Argentina,Con Filtro,Negro,Normal,t,369
NIF-JAP-SHI-6,Midnight Silk Alemania,Sin Filtro,Negro,Normal,t,177
NIF-JAP-SHI-6,Royal Blend Chile,Sin Filtro,Negro,Normal,t,346
NIF-JAP-SHI-6,Midnight Silk Reino,Con Filtro,Rubio,SuperLight,f,280
NIF-JAP-SHI-6,Ocean Breeze Japon,Con Filtro,Rubio,Normal,f,319
NIF-JAP-SHI-6,Mountain Mist Japon,Con Filtro,Rubio,Normal,t,375
NIF-JAP-SHI-6,Pure Essence Japon,Sin Filtro,Rubio,Normal,f,285
NIF-JAP-SHI-6,Royal Blend Alemania,Sin Filtro,Rubio,Normal,t,474
NIF-JAP-SHI-6,Royal Blend Japon,Sin Filtro,Negro,Normal,f,363
NIF-JAP-SHI-6,Royal Blend Argentina,Con Filtro,Negro,Normal,t,194
NIF-JAP-SHI-6,Mountain Mist Chile,Sin Filtro,Rubio,Normal,f,338
NIF-JAP-SHI-6,Amber Haze Japon,Con Filtro,Rubio,Normal,t,259
NIF-JAP-SHI-6,Highland Peak Reino,Con Filtro,Rubio,Normal,t,471
NIF-JAP-SHI-7,Midnight Silk Argentina,Sin Filtro,Rubio,Normal,t,345
NIF-JAP-SHI-7,Silver Lining Alemania,Sin Filtro,Negro,Normal,f,183
NIF-JAP-SHI-7,Amber Haze Chile,Con Filtro,Negro,Light,f,156
NIF-JAP-SHI-7,Highland Peak Argentina,Sin Filtro,Negro,Normal,f,494
NIF-JAP-SHI-7,Midnight Silk Argentina,Sin Filtro,Rubio,Normal,t,292
NIF-JAP-SHI-7,Royal Blend Argentina,Con Filtro,Negro,Normal,t,140
NIF-JAP-SHI-7,Urban Classic Chile,Sin Filtro,Rubio,Normal,f,298
NIF-JAP-SHI-7,Midnight Silk Reino,Sin Filtro,Negro,Normal,t,81
NIF-JAP-SHI-7,Pure Essence Argentina,Sin Filtro,Rubio,Normal,t,284
NIF-JAP-SHI-7,Silver Lining Japon,Sin Filtro,Rubio,Normal,f,378
NIF-JAP-SHI-8,Pure Essence Reino,Sin Filtro,Negro,Normal,t,151
NIF-JAP-SHI-8,Mountain Mist Alemania,Sin Filtro,Rubio,Normal,f,253
NIF-JAP-SHI-8,Midnight Silk Reino,Sin Filtro,Negro,Normal,t,169
NIF-JAP-SHI-8,Urban Classic Chile,Sin Filtro,Rubio,Normal,f,50
NIF-JAP-SHI-8,Highland Peak Chile,Con Filtro,Rubio,Normal,f,99
NIF-JAP-SHI-8,Pure Essence Alemania,Sin Filtro,Negro,Normal,f,73
NIF-JAP-SHI-8,Gold Leaf Chile,Sin Filtro,Negro,Normal,f,54
NIF-JAP-SHI-8,Highland Peak Reino,Con Filtro,Rubio,Normal,t,100
NIF-JAP-SHI-8,Mountain Mist Alemania,Sin Filtro,Negro,Normal,f,378
NIF-JAP-SHI-8,Ocean Breeze Argentina,Con Filtro,Rubio,Light,f,484
NIF-JAP-SHI-8,Silver Lining Alemania,Sin Filtro,Negro,Normal,t,491
NIF-JAP-SHI-9,Urban Classic Chile,Sin Filtro,Negro,Normal,t,310
NIF-JAP-SHI-9,Pure Essence Argentina,Sin Filtro,Negro,Normal,f,364
NIF-JAP-SHI-9,Pure Essence Japon,Sin Filtro,Rubio,Normal,f,372
NIF-JAP-SHI-9,Gold Leaf Argentina,Sin Filtro,Rubio,Normal,t,479
NIF-JAP-SHI-9,Silver Lining Alemania,Sin Filtro,Negro,Normal,f,485
NIF-JAP-SHI-9,Silver Lining Japon,Sin Filtro,Negro,Normal,f,338
NIF-JAP-SHI-9,Highland Peak Argentina,Sin Filtro,Rubio,Normal,f,310
NIF-JAP-SHI-9,Silver Lining Reino,Sin Filtro,Rubio,Normal,t,66
NIF-JAP-SHI-9,Gold Leaf Japon,Con Filtro,Rubio,Normal,t,149
NIF-JAP-SHI-9,Mountain Mist Argentina,Sin Filtro,Rubio,Normal,t,247
NIF-JAP-SHI-9,Midnight Silk Japon,Sin Filtro,Rubio,Normal,f,263
NIF-JAP-SHI-9,Amber Haze Reino,Sin Filtro,Rubio,Normal,t,435
NIF-JAP-SHI-9,Midnight Silk Alemania,Sin Filtro,Rubio,Normal,t,102
NIF-JAP-SHI-9,Royal Blend Alemania,Con Filtro,Negro,Normal,t,66
NIF-JAP-SHI-9,Ocean Breeze Japon,Sin Filtro,Negro,Normal,f,122
NIF-JAP-SHI-9,Royal Blend Argentina,Con Filtro,Rubio,Light,f,277
NIF-JAP-SHI-9,Ocean Breeze Alemania,Sin Filtro,Rubio,Normal,t,378
NIF-JAP-SHI-9,Pure Essence Alemania,Sin Filtro,Rubio,Normal,t,353
NIF-JAP-SHI-9,Gold Leaf Chile,Con Filtro,Rubio,UltraLight,f,231
NIF-JAP-SHI-9,Mountain Mist Argentina,Con Filtro,Negro,UltraLight,f,304
NIF-JAP-SHI-9,Silver Lining Chile,Con Filtro,Negro,SuperLight,f,383
NIF-JAP-SHI-9,Pure Essence Alemania,Sin Filtro,Rubio,Normal,t,211
NIF-JAP-SHI-9,Mountain Mist Alemania,Sin Filtro,Negro,Normal,f,487
NIF-JAP-SHI-9,Amber Haze Chile,Sin Filtro,Rubio,Normal,t,233
NIF-JAP-SHI-9,Pure Essence Chile,Sin Filtro,Negro,Normal,f,436
NIF-JAP-SHI-10,Gold Leaf Alemania,Sin Filtro,Negro,Normal,t,367
NIF-JAP-SHI-10,Ocean Breeze Reino,Sin Filtro,Rubio,Normal,f,91
NIF-JAP-SHI-10,Amber Haze Argentina,Sin Filtro,Rubio,Normal,f,195
NIF-JAP-SHI-10,Urban Classic Japon,Con Filtro,Rubio,Normal,t,121
NIF-JAP-SHI-10,Amber Haze Japon,Con Filtro,Rubio,Normal,t,451
NIF-JAP-SHI-10,Ocean Breeze Argentina,Con Filtro,Rubio,Normal,t,280
NIF-JAP-SHI-10,Pure Essence Reino,Sin Filtro,Rubio,Normal,f,260
NIF-JAP-SHI-10,Pure Essence Argentina,Con Filtro,Rubio,UltraLight,f,170
NIF-JAP-SHI-10,Pure Essence Alemania,Sin Filtro,Rubio,Normal,t,213
NIF-JAP-SHI-10,Amber Haze Chile,Sin Filtro,Rubio,Normal,f,268
NIF-JAP-SHI-10,Mountain Mist Chile,Sin Filtro,Rubio,Normal,f,383
NIF-JAP-SHI-10,Royal Blend Argentina,Con Filtro,Negro,Light,f,484
NIF-JAP-SHI-10,Pure Essence Chile,Con Filtro,Negro,Normal,t,88
NIF-JAP-SHI-10,Mountain Mist Chile,Sin Filtro,Negro,Normal,f,470
NIF-JAP-SHI-10,Pure Essence Alemania,Sin Filtro,Rubio,Normal,t,393
NIF-JAP-SHI-10,Silver Lining Argentina,Con Filtro,Negro,Normal,t,182
NIF-JAP-SHI-10,Mountain Mist Japon,Sin Filtro,Rubio,Normal,t,165
NIF-JAP-SHI-11,Gold Leaf Alemania,Con Filtro,Negro,Light,f,500
NIF-JAP-SHI-11,Midnight Silk Chile,Con Filtro,Rubio,Normal,t,227
NIF-JAP-SHI-11,Silver Lining Argentina,Con Filtro,Rubio,Normal,t,110
NIF-JAP-SHI-11,Silver Lining Reino,Con Filtro,Negro,Normal,t,243
NIF-JAP-SHI-11,Midnight Silk Reino,Con Filtro,Negro,UltraLight,f,127
NIF-JAP-SHI-11,Silver Lining Argentina,Con Filtro,Negro,Normal,t,246
NIF-JAP-SHI-11,Mountain Mist Alemania,Sin Filtro,Negro,Normal,f,124
NIF-JAP-SHI-11,Silver Lining Chile,Con Filtro,Negro,Normal,t,326
NIF-JAP-SHI-11,Midnight Silk Japon,Con Filtro,Rubio,Normal,t,123
NIF-JAP-SHI-11,Pure Essence Argentina,Con Filtro,Negro,Normal,t,142
NIF-JAP-SHI-11,Highland Peak Reino,Sin Filtro,Negro,Normal,f,333
NIF-JAP-SHI-11,Gold Leaf Reino,Con Filtro,Rubio,Normal,t,213
NIF-JAP-SHI-11,Silver Lining Alemania,Con Filtro,Negro,Normal,t,79
NIF-JAP-SHI-11,Royal Blend Argentina,Sin Filtro,Negro,Normal,f,381
NIF-JAP-SHI-11,Silver Lining Argentina,Con Filtro,Rubio,Normal,t,228
NIF-JAP-SHI-11,Pure Essence Reino,Sin Filtro,Rubio,Normal,f,310
NIF-JAP-SHI-11,Royal Blend Argentina,Con Filtro,Negro,Normal,t,118
NIF-JAP-SHI-12,Highland Peak Chile,Sin Filtro,Rubio,Normal,f,105
NIF-JAP-SHI-12,Silver Lining Reino,Sin Filtro,Rubio,Normal,t,260
NIF-JAP-SHI-12,Pure Essence Chile,Con Filtro,Rubio,Light,f,212
NIF-JAP-SHI-12,Midnight Silk Argentina,Sin Filtro,Negro,Normal,t,191
NIF-JAP-SHI-12,Ocean Breeze Chile,Con Filtro,Rubio,Normal,t,94
NIF-JAP-SHI-12,Royal Blend Alemania,Sin Filtro,Rubio,Normal,f,479
NIF-JAP-SHI-12,Pure Essence Reino,Con Filtro,Negro,Normal,t,435
NIF-JAP-SHI-12,Pure Essence Reino,Sin Filtro,Negro,Normal,t,226
NIF-JAP-SHI-12,Gold Leaf Reino,Sin Filtro,Negro,Normal,f,326
NIF-JAP-SHI-12,Royal Blend Argentina,Con Filtro,Negro,Normal,t,459
NIF-JAP-SHI-12,Silver Lining Argentina,Con Filtro,Rubio,Normal,t,481
NIF-JAP-SHI-12,Royal Blend Argentina,Con Filtro,Rubio,Light,f,58
NIF-JAP-SHI-12,Ocean Breeze Japon,Sin Filtro,Negro,Normal,f,82
NIF-JAP-SHI-13,Midnight Silk Alemania,Sin Filtro,Negro,Normal,t,357
NIF-JAP-SHI-13,Mountain Mist Argentina,Sin Filtro,Negro,Normal,t,452
NIF-JAP-SHI-13,Pure Essence Argentina,Sin Filtro,Rubio,Normal,t,475
NIF-JAP-SHI-13,Silver Lining Argentina,Con Filtro,Negro,Normal,t,337
NIF-JAP-SHI-13,Midnight Silk Reino,Sin Filtro,Rubio,Normal,f,185
NIF-JAP-SHI-13,Ocean Breeze Argentina,Con Filtro,Rubio,Normal,t,318
NIF-JAP-SHI-13,Gold Leaf Reino,Con Filtro,Rubio,Normal,f,477
NIF-JAP-SHI-13,Highland Peak Alemania,Sin Filtro,Negro,Normal,t,235
NIF-JAP-SHI-13,Silver Lining Chile,Con Filtro,Negro,SuperLight,f,245
NIF-JAP-SHI-13,Ocean Breeze Chile,Sin Filtro,Rubio,Normal,f,66
NIF-JAP-SHI-13,Urban Classic Reino,Sin Filtro,Negro,Normal,f,177
NIF-JAP-SHI-13,Amber Haze Chile,Sin Filtro,Rubio,Normal,f,284
NIF-JAP-SHI-14,Royal Blend Argentina,Sin Filtro,Negro,Normal,t,235
NIF-JAP-SHI-14,Ocean Breeze Chile,Sin Filtro,Negro,Normal,t,246
NIF-JAP-SHI-14,Midnight Silk Japon,Sin Filtro,Rubio,Normal,f,87
NIF-JAP-SHI-14,Royal Blend Japon,Sin Filtro,Rubio,Normal,f,55
NIF-JAP-SHI-14,Silver Lining Argentina,Con Filtro,Rubio,Normal,t,467
NIF-JAP-SHI-14,Royal Blend Argentina,Con Filtro,Negro,Normal,t,291
NIF-JAP-SHI-14,Gold Leaf Reino,Con Filtro,Rubio,Normal,t,253
NIF-JAP-SHI-14,Amber Haze Alemania,Sin Filtro,Rubio,Normal,f,191
NIF-JAP-SHI-14,Pure Essence Chile,Con Filtro,Negro,Normal,t,426
NIF-JAP-SHI-14,Amber Haze Chile,Sin Filtro,Rubio,Normal,t,470
NIF-JAP-SHI-14,Urban Classic Chile,Con Filtro,Negro,UltraLight,f,330
NIF-JAP-SHI-14,Pure Essence Alemania,Sin Filtro,Negro,Normal,f,392
NIF-JAP-SHI-14,Mountain Mist Reino,Sin Filtro,Negro,Normal,t,121
NIF-JAP-SHI-14,Urban Classic Japon,Sin Filtro,Negro,Normal,f,430
NIF-JAP-SHI-14,Mountain Mist Chile,Sin Filtro,Rubio,Normal,f,470
NIF-JAP-SHI-14,Royal Blend Argentina,Con Filtro,Negro,SuperLight,f,386
NIF-JAP-SHI-14,Urban Classic Argentina,Sin Filtro,Negro,Normal,t,119
NIF-JAP-SHI-14,Amber Haze Chile,Con Filtro,Rubio,Normal,t,358
NIF-JAP-SHI-14,Pure Essence Reino,Con Filtro,Rubio,Normal,f,371
NIF-JAP-SHI-14,Urban Classic Argentina,Sin Filtro,Rubio,Normal,t,195
NIF-JAP-SHI-14,Amber Haze Reino,Sin Filtro,Negro,Normal,t,300
NIF-JAP-SHI-14,Gold Leaf Argentina,Sin Filtro,Rubio,Normal,t,330
NIF-JAP-SHI-14,Pure Essence Reino,Con Filtro,Negro,Normal,t,197
NIF-JAP-SHI-14,Gold Leaf Reino,Sin Filtro,Negro,Normal,f,150
NIF-JAP-SHI-14,Urban Classic Alemania,Con Filtro,Rubio,Normal,t,51
NIF-JAP-SHI-14,Gold Leaf Japon,Con Filtro,Negro,SuperLight,f,397
NIF-JAP-SHI-14,Mountain Mist Reino,Sin Filtro,Negro,Normal,t,142
NIF-JAP-SHI-14,Gold Leaf Chile,Sin Filtro,Negro,Normal,f,267
NIF-JAP-SHI-15,Silver Lining Reino,Sin Filtro,Negro,Normal,f,359
NIF-JAP-SHI-15,Amber Haze Alemania,Con Filtro,Negro,Normal,f,418
NIF-JAP-SHI-15,Silver Lining Reino,Con Filtro,Rubio,UltraLight,f,291
NIF-JAP-SHI-15,Ocean Breeze Japon,Sin Filtro,Negro,Normal,t,80
NIF-JAP-SHI-15,Ocean Breeze Japon,Sin Filtro,Negro,Normal,f,104
NIF-JAP-SHI-15,Urban Classic Alemania,Sin Filtro,Rubio,Normal,f,480
NIF-JAP-SHI-15,Urban Classic Alemania,Sin Filtro,Negro,Normal,t,426
NIF-JAP-SHI-15,Midnight Silk Reino,Sin Filtro,Rubio,Normal,t,405
NIF-JAP-SHI-15,Highland Peak Reino,Sin Filtro,Rubio,Normal,t,142
NIF-JAP-SHI-15,Urban Classic Argentina,Con Filtro,Rubio,Normal,t,181
NIF-JAP-SHI-15,Pure Essence Argentina,Con Filtro,Rubio,Normal,t,134
NIF-JAP-SHI-15,Midnight Silk Japon,Con Filtro,Negro,SuperLight,f,392
NIF-JAP-SHI-15,Mountain Mist Chile,Sin Filtro,Negro,Normal,f,407
NIF-JAP-SHI-15,Pure Essence Reino,Con Filtro,Rubio,Normal,f,221
NIF-JAP-SHI-1,Mountain Mist Argentina,Sin Filtro,Negro,Normal,t,239
NIF-JAP-SHI-1,Ocean Breeze Japon,Sin Filtro,Rubio,Normal,t,298
NIF-JAP-SHI-1,Ocean Breeze Reino,Con Filtro,Rubio,Normal,f,321
NIF-JAP-SHI-1,Midnight Silk Japon,Sin Filtro,Rubio,Normal,f,82
NIF-JAP-SHI-1,Ocean Breeze Alemania,Con Filtro,Negro,Light,f,471
NIF-JAP-SHI-1,Pure Essence Chile,Con Filtro,Rubio,Light,f,184
NIF-JAP-SHI-1,Royal Blend Alemania,Sin Filtro,Rubio,Normal,t,442
NIF-JAP-SHI-1,Royal Blend Japon,Sin Filtro,Rubio,Normal,t,407
NIF-JAP-SHI-1,Urban Classic Argentina,Sin Filtro,Negro,Normal,f,146
NIF-JAP-SHI-1,Pure Essence Argentina,Con Filtro,Negro,Normal,t,464
NIF-JAP-SHI-1,Gold Leaf Japon,Sin Filtro,Negro,Normal,t,460
NIF-JAP-SHI-1,Urban Classic Japon,Sin Filtro,Rubio,Normal,t,411
NIF-JAP-SHI-1,Highland Peak Japon,Con Filtro,Rubio,Normal,t,161
NIF-JAP-SHI-1,Amber Haze Argentina,Con Filtro,Negro,Normal,t,85
NIF-JAP-SHI-1,Midnight Silk Japon,Con Filtro,Rubio,Normal,t,424
NIF-JAP-SHI-1,Amber Haze Reino,Sin Filtro,Rubio,Normal,t,492
NIF-JAP-SHI-1,Highland Peak Argentina,Con Filtro,Rubio,Normal,f,328
NIF-JAP-SHI-1,Urban Classic Alemania,Sin Filtro,Negro,Normal,t,415
NIF-JAP-SHI-1,Ocean Breeze Argentina,Sin Filtro,Negro,Normal,f,303
NIF-JAP-SHI-2,Pure Essence Argentina,Con Filtro,Rubio,Normal,t,270
NIF-JAP-SHI-2,Amber Haze Reino,Sin Filtro,Rubio,Normal,f,323
NIF-JAP-SHI-2,Royal Blend Japon,Con Filtro,Rubio,SuperLight,f,153
NIF-JAP-SHI-2,Mountain Mist Alemania,Sin Filtro,Rubio,Normal,t,206
NIF-JAP-SHI-2,Gold Leaf Alemania,Con Filtro,Negro,UltraLight,f,271
NIF-JAP-SHI-2,Ocean Breeze Alemania,Sin Filtro,Rubio,Normal,t,407
NIF-JAP-SHI-2,Midnight Silk Reino,Con Filtro,Negro,Normal,t,375
NIF-JAP-SHI-2,Gold Leaf Reino,Sin Filtro,Rubio,Normal,t,461
NIF-JAP-SHI-2,Ocean Breeze Reino,Sin Filtro,Negro,Normal,t,51
NIF-JAP-SHI-2,Highland Peak Alemania,Sin Filtro,Negro,Normal,f,370
NIF-JAP-SHI-2,Royal Blend Chile,Con Filtro,Rubio,UltraLight,f,71
NIF-JAP-SHI-2,Midnight Silk Chile,Con Filtro,Rubio,Normal,t,106
NIF-JAP-SHI-2,Urban Classic Alemania,Sin Filtro,Negro,Normal,f,179
NIF-JAP-SHI-2,Gold Leaf Argentina,Sin Filtro,Negro,Normal,t,294
NIF-JAP-SHI-2,Mountain Mist Alemania,Sin Filtro,Negro,Normal,f,323
NIF-JAP-SHI-2,Ocean Breeze Reino,Con Filtro,Rubio,Normal,f,397
NIF-JAP-SHI-2,Midnight Silk Japon,Sin Filtro,Rubio,Normal,f,315
NIF-JAP-SHI-2,Ocean Breeze Reino,Sin Filtro,Negro,Normal,t,256
NIF-JAP-SHI-2,Pure Essence Chile,Con Filtro,Negro,Normal,t,464
NIF-JAP-SHI-2,Highland Peak Chile,Con Filtro,Negro,Normal,t,425
NIF-JAP-SHI-2,Highland Peak Chile,Sin Filtro,Negro,Normal,t,402
NIF-JAP-SHI-2,Mountain Mist Chile,Sin Filtro,Rubio,Normal,t,446
NIF-JAP-SHI-2,Midnight Silk Reino,Con Filtro,Negro,Normal,t,105
NIF-JAP-SHI-2,Amber Haze Chile,Sin Filtro,Rubio,Normal,f,369
NIF-JAP-SHI-2,Mountain Mist Reino,Con Filtro,Negro,SuperLight,f,306
NIF-JAP-SHI-2,Midnight Silk Japon,Con Filtro,Rubio,Normal,f,374
NIF-JAP-SHI-2,Pure Essence Reino,Sin Filtro,Rubio,Normal,f,278
NIF-JAP-SHI-2,Silver Lining Argentina,Con Filtro,Rubio,Normal,t,359
NIF-JAP-SHI-2,Highland Peak Japon,Sin Filtro,Negro,Normal,f,301
NIF-JAP-SHI-2,Ocean Breeze Alemania,Sin Filtro,Negro,Normal,t,127
NIF-JAP-SHI-3,Urban Classic Chile,Sin Filtro,Rubio,Normal,f,232
NIF-JAP-SHI-3,Silver Lining Argentina,Sin Filtro,Negro,Normal,t,245
NIF-JAP-SHI-3,Mountain Mist Argentina,Con Filtro,Rubio,SuperLight,f,203
NIF-JAP-SHI-3,Midnight Silk Chile,Sin Filtro,Rubio,Normal,f,272
NIF-JAP-SHI-3,Gold Leaf Argentina,Con Filtro,Negro,Normal,t,192
NIF-JAP-SHI-3,Midnight Silk Argentina,Sin Filtro,Rubio,Normal,t,221
NIF-JAP-SHI-3,Amber Haze Chile,Con Filtro,Rubio,Light,f,98
NIF-JAP-SHI-3,Mountain Mist Argentina,Sin Filtro,Negro,Normal,t,413
NIF-JAP-SHI-3,Urban Classic Reino,Sin Filtro,Negro,Normal,t,336
NIF-JAP-SHI-3,Amber Haze Chile,Con Filtro,Negro,Light,f,350
NIF-JAP-SHI-4,Gold Leaf Alemania,Con Filtro,Negro,UltraLight,f,485
NIF-JAP-SHI-4,Urban Classic Chile,Sin Filtro,Rubio,Normal,f,123
NIF-JAP-SHI-4,Urban Classic Alemania,Con Filtro,Rubio,Normal,t,261
NIF-JAP-SHI-4,Midnight Silk Reino,Con Filtro,Negro,SuperLight,f,115
NIF-JAP-SHI-4,Urban Classic Argentina,Sin Filtro,Negro,Normal,f,287
NIF-JAP-SHI-4,Highland Peak Argentina,Sin Filtro,Rubio,Normal,f,150
NIF-JAP-SHI-4,Midnight Silk Chile,Con Filtro,Negro,Normal,f,338
NIF-JAP-SHI-4,Pure Essence Alemania,Con Filtro,Rubio,UltraLight,f,75
NIF-JAP-SHI-4,Pure Essence Alemania,Sin Filtro,Rubio,Normal,t,293
NIF-JAP-SHI-4,Mountain Mist Japon,Sin Filtro,Rubio,Normal,f,248
NIF-JAP-SHI-4,Gold Leaf Alemania,Sin Filtro,Rubio,Normal,f,292
NIF-JAP-SHI-4,Royal Blend Alemania,Con Filtro,Negro,Light,f,96
NIF-JAP-SHI-4,Gold Leaf Reino,Sin Filtro,Rubio,Normal,f,326
NIF-JAP-SHI-4,Gold Leaf Argentina,Con Filtro,Rubio,Normal,t,385
NIF-JAP-SHI-5,Highland Peak Argentina,Sin Filtro,Rubio,Normal,f,179
NIF-JAP-SHI-5,Highland Peak Argentina,Sin Filtro,Negro,Normal,f,282
NIF-JAP-SHI-5,Gold Leaf Chile,Sin Filtro,Negro,Normal,t,370
NIF-JAP-SHI-5,Silver Lining Reino,Con Filtro,Negro,SuperLight,f,445
NIF-JAP-SHI-5,Amber Haze Reino,Sin Filtro,Rubio,Normal,t,490
NIF-JAP-SHI-5,Ocean Breeze Reino,Sin Filtro,Negro,Normal,t,244
NIF-JAP-SHI-5,Amber Haze Japon,Con Filtro,Rubio,Normal,t,455
NIF-JAP-SHI-5,Mountain Mist Reino,Con Filtro,Rubio,UltraLight,f,232
NIF-JAP-SHI-5,Midnight Silk Japon,Con Filtro,Rubio,Normal,t,288
NIF-JAP-SHI-5,Royal Blend Japon,Con Filtro,Negro,Normal,t,255
NIF-JAP-SHI-5,Silver Lining Chile,Con Filtro,Rubio,Normal,f,144
NIF-JAP-SHI-5,Ocean Breeze Reino,Con Filtro,Rubio,Normal,f,366
NIF-JAP-SHI-5,Mountain Mist Japon,Con Filtro,Negro,Normal,t,140
NIF-JAP-SHI-5,Pure Essence Alemania,Sin Filtro,Rubio,Normal,t,249
NIF-JAP-SHI-5,Highland Peak Alemania,Con Filtro,Rubio,Normal,f,54
NIF-JAP-SHI-5,Ocean Breeze Argentina,Con Filtro,Negro,SuperLight,f,114
NIF-JAP-SHI-5,Mountain Mist Alemania,Sin Filtro,Negro,Normal,f,398
NIF-JAP-SHI-5,Ocean Breeze Reino,Sin Filtro,Negro,Normal,f,485
NIF-JAP-SHI-6,Amber Haze Alemania,Con Filtro,Negro,Normal,f,443
NIF-JAP-SHI-6,Highland Peak Reino,Con Filtro,Rubio,Normal,t,287
NIF-JAP-SHI-6,Mountain Mist Chile,Sin Filtro,Rubio,Normal,f,69
NIF-JAP-SHI-6,Pure Essence Japon,Sin Filtro,Rubio,Normal,f,407
NIF-JAP-SHI-6,Gold Leaf Reino,Con Filtro,Rubio,Normal,f,393
NIF-JAP-SHI-6,Mountain Mist Alemania,Sin Filtro,Rubio,Normal,t,494
NIF-JAP-SHI-6,Amber Haze Chile,Sin Filtro,Rubio,Normal,t,334
NIF-JAP-SHI-6,Gold Leaf Reino,Sin Filtro,Rubio,Normal,t,379
NIF-JAP-SHI-6,Royal Blend Reino,Con Filtro,Rubio,Normal,t,290
NIF-JAP-SHI-6,Mountain Mist Reino,Sin Filtro,Negro,Normal,f,184
NIF-JAP-SHI-6,Amber Haze Reino,Con Filtro,Negro,Normal,t,246
NIF-JAP-SHI-6,Amber Haze Japon,Sin Filtro,Rubio,Normal,t,263
NIF-JAP-SHI-6,Pure Essence Japon,Con Filtro,Negro,Normal,t,398
NIF-JAP-SHI-6,Midnight Silk Japon,Sin Filtro,Rubio,Normal,f,160
NIF-JAP-SHI-7,Gold Leaf Chile,Sin Filtro,Rubio,Normal,f,133
NIF-JAP-SHI-7,Amber Haze Chile,Sin Filtro,Rubio,Normal,f,352
NIF-JAP-SHI-7,Highland Peak Japon,Con Filtro,Negro,Normal,f,401
NIF-JAP-SHI-7,Mountain Mist Chile,Sin Filtro,Rubio,Normal,f,351
NIF-JAP-SHI-7,Urban Classic Argentina,Sin Filtro,Negro,Normal,t,204
NIF-JAP-SHI-7,Urban Classic Alemania,Sin Filtro,Negro,Normal,f,221
NIF-JAP-SHI-7,Gold Leaf Chile,Sin Filtro,Negro,Normal,f,420
NIF-JAP-SHI-7,Pure Essence Alemania,Sin Filtro,Rubio,Normal,f,437
NIF-JAP-SHI-7,Midnight Silk Reino,Sin Filtro,Rubio,Normal,f,135
NIF-JAP-SHI-7,Amber Haze Argentina,Sin Filtro,Negro,Normal,t,393
NIF-JAP-SHI-7,Gold Leaf Argentina,Sin Filtro,Negro,Normal,f,352
NIF-JAP-SHI-7,Pure Essence Chile,Con Filtro,Rubio,SuperLight,f,400
NIF-JAP-SHI-7,Pure Essence Alemania,Sin Filtro,Rubio,Normal,t,271
NIF-JAP-SHI-7,Amber Haze Japon,Con Filtro,Rubio,SuperLight,f,248
NIF-JAP-SHI-7,Amber Haze Japon,Sin Filtro,Negro,Normal,t,367
NIF-JAP-SHI-7,Ocean Breeze Japon,Sin Filtro,Negro,Normal,t,493
NIF-JAP-SHI-7,Royal Blend Chile,Con Filtro,Rubio,UltraLight,f,177
NIF-JAP-SHI-7,Urban Classic Argentina,Sin Filtro,Rubio,Normal,t,282
NIF-JAP-SHI-8,Urban Classic Alemania,Sin Filtro,Negro,Normal,f,244
NIF-JAP-SHI-8,Highland Peak Alemania,Con Filtro,Rubio,Normal,f,309
NIF-JAP-SHI-8,Ocean Breeze Argentina,Con Filtro,Negro,SuperLight,f,251
NIF-JAP-SHI-8,Amber Haze Japon,Sin Filtro,Negro,Normal,t,122
NIF-JAP-SHI-8,Midnight Silk Japon,Con Filtro,Rubio,Normal,t,141
NIF-JAP-SHI-8,Gold Leaf Alemania,Sin Filtro,Negro,Normal,t,365
NIF-JAP-SHI-8,Amber Haze Reino,Con Filtro,Negro,Normal,t,109
NIF-JAP-SHI-8,Amber Haze Alemania,Con Filtro,Rubio,Normal,t,208
NIF-JAP-SHI-8,Mountain Mist Chile,Con Filtro,Rubio,Normal,t,492
NIF-JAP-SHI-8,Midnight Silk Reino,Con Filtro,Negro,SuperLight,f,482
NIF-JAP-SHI-8,Pure Essence Alemania,Sin Filtro,Rubio,Normal,t,499
NIF-JAP-SHI-8,Amber Haze Japon,Con Filtro,Rubio,Normal,t,245
NIF-JAP-SHI-9,Highland Peak Alemania,Con Filtro,Negro,Normal,f,427
NIF-JAP-SHI-9,Highland Peak Japon,Con Filtro,Negro,Normal,f,285
NIF-JAP-SHI-9,Silver Lining Alemania,Con Filtro,Negro,Normal,t,237
NIF-JAP-SHI-9,Amber Haze Chile,Con Filtro,Rubio,SuperLight,f,101
NIF-JAP-SHI-9,Mountain Mist Japon,Con Filtro,Rubio,Normal,t,454
NIF-JAP-SHI-9,Highland Peak Alemania,Con Filtro,Negro,UltraLight,f,366
NIF-JAP-SHI-9,Highland Peak Argentina,Sin Filtro,Negro,Normal,f,363
NIF-JAP-SHI-9,Midnight Silk Argentina,Sin Filtro,Negro,Normal,t,284
NIF-JAP-SHI-9,Midnight Silk Argentina,Sin Filtro,Rubio,Normal,f,88
NIF-JAP-SHI-9,Pure Essence Alemania,Sin Filtro,Rubio,Normal,t,75
NIF-JAP-SHI-9,Silver Lining Alemania,Sin Filtro,Negro,Normal,t,57
NIF-JAP-SHI-9,Silver Lining Argentina,Con Filtro,Rubio,Normal,t,309
NIF-JAP-SHI-9,Ocean Breeze Japon,Con Filtro,Rubio,Normal,t,162
NIF-JAP-SHI-9,Ocean Breeze Reino,Sin Filtro,Negro,Normal,f,193
NIF-JAP-SHI-9,Silver Lining Chile,Con Filtro,Rubio,Normal,t,94
NIF-JAP-SHI-10,Ocean Breeze Argentina,Con Filtro,Negro,SuperLight,f,258
NIF-JAP-SHI-10,Ocean Breeze Reino,Sin Filtro,Negro,Normal,t,238
NIF-JAP-SHI-10,Mountain Mist Reino,Sin Filtro,Negro,Normal,t,303
NIF-JAP-SHI-10,Highland Peak Chile,Con Filtro,Negro,Light,f,232
NIF-JAP-SHI-10,Pure Essence Reino,Sin Filtro,Rubio,Normal,t,126
NIF-JAP-SHI-10,Amber Haze Chile,Sin Filtro,Rubio,Normal,t,115
NIF-JAP-SHI-10,Royal Blend Japon,Sin Filtro,Rubio,Normal,t,158
NIF-JAP-SHI-10,Royal Blend Argentina,Con Filtro,Rubio,UltraLight,f,238
NIF-JAP-SHI-10,Urban Classic Argentina,Sin Filtro,Negro,Normal,f,117
NIF-JAP-SHI-10,Amber Haze Alemania,Sin Filtro,Negro,Normal,t,78
NIF-JAP-SHI-10,Urban Classic Chile,Sin Filtro,Rubio,Normal,f,499
NIF-JAP-SHI-10,Midnight Silk Chile,Con Filtro,Negro,Normal,t,350
NIF-JAP-SHI-10,Royal Blend Japon,Sin Filtro,Rubio,Normal,t,188
NIF-JAP-SHI-10,Amber Haze Alemania,Sin Filtro,Rubio,Normal,f,386
NIF-JAP-SHI-10,Ocean Breeze Alemania,Sin Filtro,Rubio,Normal,t,431
NIF-JAP-SHI-11,Pure Essence Japon,Con Filtro,Negro,UltraLight,f,162
NIF-JAP-SHI-11,Gold Leaf Alemania,Sin Filtro,Negro,Normal,f,278
NIF-JAP-SHI-11,Gold Leaf Alemania,Sin Filtro,Rubio,Normal,f,161
NIF-JAP-SHI-11,Highland Peak Argentina,Con Filtro,Rubio,Normal,f,101
NIF-JAP-SHI-11,Amber Haze Argentina,Sin Filtro,Rubio,Normal,t,134
NIF-JAP-SHI-11,Gold Leaf Reino,Sin Filtro,Rubio,Normal,f,323
NIF-JAP-SHI-11,Highland Peak Chile,Con Filtro,Negro,Normal,t,86
NIF-JAP-SHI-11,Gold Leaf Japon,Con Filtro,Rubio,Normal,t,337
NIF-JAP-SHI-11,Pure Essence Chile,Con Filtro,Rubio,SuperLight,f,363
NIF-JAP-SHI-11,Royal Blend Japon,Sin Filtro,Negro,Normal,t,183
NIF-JAP-SHI-11,Mountain Mist Argentina,Sin Filtro,Negro,Normal,t,500
NIF-JAP-SHI-11,Amber Haze Argentina,Con Filtro,Negro,Normal,t,83
NIF-JAP-SHI-11,Ocean Breeze Chile,Con Filtro,Rubio,UltraLight,f,114
NIF-JAP-SHI-11,Pure Essence Chile,Con Filtro,Rubio,Normal,t,360
NIF-JAP-SHI-11,Pure Essence Chile,Sin Filtro,Negro,Normal,f,375
NIF-JAP-SHI-11,Midnight Silk Japon,Sin Filtro,Rubio,Normal,f,463
NIF-JAP-SHI-11,Mountain Mist Alemania,Sin Filtro,Rubio,Normal,t,205
NIF-JAP-SHI-11,Midnight Silk Reino,Sin Filtro,Negro,Normal,t,209
NIF-JAP-SHI-11,Silver Lining Argentina,Con Filtro,Rubio,Normal,t,423
NIF-JAP-SHI-11,Pure Essence Reino,Sin Filtro,Rubio,Normal,t,349
NIF-JAP-SHI-11,Ocean Breeze Japon,Sin Filtro,Rubio,Normal,t,343
NIF-JAP-SHI-11,Pure Essence Argentina,Sin Filtro,Negro,Normal,f,461
NIF-JAP-SHI-11,Midnight Silk Chile,Con Filtro,Rubio,Normal,t,420
NIF-JAP-SHI-12,Gold Leaf Argentina,Con Filtro,Rubio,Normal,t,255
NIF-JAP-SHI-12,Highland Peak Argentina,Sin Filtro,Rubio,Normal,f,493
NIF-JAP-SHI-12,Silver Lining Argentina,Con Filtro,Rubio,Normal,f,165
NIF-JAP-SHI-12,Midnight Silk Japon,Con Filtro,Rubio,Normal,t,209
NIF-JAP-SHI-12,Highland Peak Alemania,Con Filtro,Negro,UltraLight,f,415
NIF-JAP-SHI-12,Urban Classic Chile,Sin Filtro,Negro,Normal,t,365
NIF-JAP-SHI-12,Pure Essence Chile,Con Filtro,Negro,SuperLight,f,244
NIF-JAP-SHI-12,Amber Haze Reino,Con Filtro,Rubio,Normal,t,253
NIF-JAP-SHI-12,Urban Classic Japon,Sin Filtro,Negro,Normal,f,93
NIF-JAP-SHI-12,Pure Essence Argentina,Con Filtro,Rubio,Normal,t,198
NIF-JAP-SHI-12,Ocean Breeze Argentina,Con Filtro,Rubio,Normal,t,332
NIF-JAP-SHI-12,Highland Peak Reino,Sin Filtro,Negro,Normal,t,494
NIF-JAP-SHI-12,Royal Blend Argentina,Con Filtro,Rubio,Light,f,185
NIF-JAP-SHI-12,Mountain Mist Reino,Sin Filtro,Rubio,Normal,f,346
NIF-JAP-SHI-13,Amber Haze Reino,Con Filtro,Rubio,Normal,t,124
NIF-JAP-SHI-13,Mountain Mist Alemania,Sin Filtro,Negro,Normal,t,473
NIF-JAP-SHI-13,Urban Classic Reino,Sin Filtro,Rubio,Normal,f,99
NIF-JAP-SHI-13,Urban Classic Chile,Con Filtro,Negro,Normal,t,235
NIF-JAP-SHI-13,Royal Blend Alemania,Con Filtro,Negro,Normal,t,150
NIF-JAP-SHI-13,Silver Lining Japon,Con Filtro,Rubio,Light,f,96
NIF-JAP-SHI-13,Midnight Silk Argentina,Sin Filtro,Negro,Normal,t,387
NIF-JAP-SHI-13,Ocean Breeze Reino,Sin Filtro,Negro,Normal,t,55
NIF-JAP-SHI-13,Ocean Breeze Alemania,Sin Filtro,Rubio,Normal,t,455
NIF-JAP-SHI-13,Royal Blend Japon,Sin Filtro,Negro,Normal,t,387
NIF-JAP-SHI-13,Midnight Silk Alemania,Sin Filtro,Negro,Normal,f,151
NIF-JAP-SHI-13,Ocean Breeze Japon,Con Filtro,Rubio,Normal,f,495
NIF-JAP-SHI-13,Amber Haze Argentina,Con Filtro,Rubio,Normal,t,121
NIF-JAP-SHI-14,Ocean Breeze Chile,Con Filtro,Rubio,Normal,t,348
NIF-JAP-SHI-14,Ocean Breeze Japon,Sin Filtro,Rubio,Normal,t,109
NIF-JAP-SHI-14,Mountain Mist Reino,Con Filtro,Rubio,SuperLight,f,348
NIF-JAP-SHI-14,Midnight Silk Chile,Con Filtro,Negro,Normal,t,487
NIF-JAP-SHI-14,Pure Essence Alemania,Sin Filtro,Rubio,Normal,t,216
NIF-JAP-SHI-14,Amber Haze Argentina,Con Filtro,Rubio,Normal,t,286
NIF-JAP-SHI-14,Highland Peak Alemania,Sin Filtro,Negro,Normal,t,92
NIF-JAP-SHI-14,Pure Essence Japon,Sin Filtro,Negro,Normal,t,283
NIF-JAP-SHI-14,Ocean Breeze Argentina,Sin Filtro,Rubio,Normal,f,389
NIF-JAP-SHI-14,Urban Classic Argentina,Sin Filtro,Rubio,Normal,t,372
NIF-JAP-SHI-14,Silver Lining Chile,Sin Filtro,Rubio,Normal,t,124
NIF-JAP-SHI-14,Highland Peak Reino,Con Filtro,Rubio,Normal,t,333
NIF-JAP-SHI-14,Royal Blend Argentina,Sin Filtro,Negro,Normal,f,163
NIF-JAP-SHI-14,Gold Leaf Reino,Con Filtro,Negro,SuperLight,f,161
NIF-JAP-SHI-14,Gold Leaf Argentina,Sin Filtro,Negro,Normal,f,333
NIF-JAP-SHI-14,Urban Classic Argentina,Sin Filtro,Negro,Normal,f,255
NIF-JAP-SHI-14,Ocean Breeze Japon,Sin Filtro,Rubio,Normal,t,92
NIF-JAP-SHI-14,Gold Leaf Chile,Sin Filtro,Negro,Normal,t,64
NIF-JAP-SHI-14,Amber Haze Argentina,Sin Filtro,Negro,Normal,t,336
NIF-JAP-SHI-14,Silver Lining Argentina,Con Filtro,Negro,Normal,t,464
NIF-JAP-SHI-14,Amber Haze Japon,Con Filtro,Rubio,Light,f,453
NIF-JAP-SHI-14,Royal Blend Reino,Con Filtro,Rubio,Normal,t,88
NIF-JAP-SHI-14,Silver Lining Argentina,Con Filtro,Rubio,Normal,t,322
NIF-JAP-SHI-15,Midnight Silk Alemania,Con Filtro,Rubio,Normal,t,90
NIF-JAP-SHI-15,Highland Peak Chile,Con Filtro,Negro,Normal,f,439
NIF-JAP-SHI-15,Amber Haze Chile,Con Filtro,Rubio,Normal,t,207
NIF-JAP-SHI-15,Amber Haze Chile,Sin Filtro,Rubio,Normal,t,85
NIF-JAP-SHI-15,Urban Classic Reino,Con Filtro,Rubio,Normal,t,367
NIF-JAP-SHI-15,Amber Haze Argentina,Sin Filtro,Rubio,Normal,t,405
NIF-JAP-SHI-15,Midnight Silk Chile,Con Filtro,Negro,Normal,t,304
NIF-JAP-SHI-15,Midnight Silk Chile,Con Filtro,Rubio,Normal,t,309
NIF-JAP-SHI-15,Royal Blend Argentina,Con Filtro,Negro,Normal,t,211
NIF-JAP-SHI-15,Royal Blend Japon,Sin Filtro,Rubio,Normal,t,116
NIF-JAP-MIN-1,Amber Haze Japon,Sin Filtro,Rubio,Normal,f,319
NIF-JAP-MIN-1,Silver Lining Alemania,Con Filtro,Negro,Normal,t,166
NIF-JAP-MIN-1,Gold Leaf Reino,Con Filtro,Rubio,Normal,f,475
NIF-JAP-MIN-1,Silver Lining Reino,Con Filtro,Negro,Normal,t,326
NIF-JAP-MIN-1,Silver Lining Argentina,Con Filtro,Rubio,Normal,t,194
NIF-JAP-MIN-1,Gold Leaf Alemania,Con Filtro,Rubio,Normal,t,107
NIF-JAP-MIN-1,Urban Classic Japon,Con Filtro,Rubio,Normal,t,201
NIF-JAP-MIN-1,Mountain Mist Chile,Sin Filtro,Negro,Normal,f,319
NIF-JAP-MIN-1,Pure Essence Alemania,Sin Filtro,Rubio,Normal,f,95
NIF-JAP-MIN-1,Silver Lining Alemania,Sin Filtro,Negro,Normal,t,91
NIF-JAP-MIN-1,Royal Blend Japon,Sin Filtro,Rubio,Normal,t,309
NIF-JAP-MIN-1,Ocean Breeze Chile,Sin Filtro,Rubio,Normal,f,293
NIF-JAP-MIN-1,Midnight Silk Argentina,Sin Filtro,Negro,Normal,f,470
NIF-JAP-MIN-1,Silver Lining Alemania,Sin Filtro,Negro,Normal,f,165
NIF-JAP-MIN-1,Royal Blend Argentina,Sin Filtro,Negro,Normal,f,286
NIF-JAP-MIN-1,Urban Classic Argentina,Con Filtro,Rubio,SuperLight,f,443
NIF-JAP-MIN-1,Ocean Breeze Alemania,Sin Filtro,Negro,Normal,t,193
NIF-JAP-MIN-1,Mountain Mist Chile,Sin Filtro,Rubio,Normal,f,465
NIF-JAP-MIN-1,Pure Essence Reino,Con Filtro,Negro,Normal,f,373
NIF-JAP-MIN-2,Midnight Silk Alemania,Con Filtro,Negro,Normal,t,266
NIF-JAP-MIN-2,Midnight Silk Alemania,Con Filtro,Rubio,Normal,t,437
NIF-JAP-MIN-2,Midnight Silk Japon,Sin Filtro,Rubio,Normal,f,389
NIF-JAP-MIN-2,Mountain Mist Japon,Con Filtro,Negro,Normal,t,302
NIF-JAP-MIN-2,Pure Essence Reino,Sin Filtro,Rubio,Normal,t,418
NIF-JAP-MIN-2,Ocean Breeze Argentina,Con Filtro,Rubio,Light,f,431
NIF-JAP-MIN-2,Silver Lining Argentina,Con Filtro,Rubio,Normal,f,134
NIF-JAP-MIN-2,Amber Haze Alemania,Con Filtro,Rubio,Normal,t,422
NIF-JAP-MIN-2,Pure Essence Alemania,Sin Filtro,Negro,Normal,f,409
NIF-JAP-MIN-2,Midnight Silk Argentina,Con Filtro,Rubio,Normal,f,179
NIF-JAP-MIN-2,Royal Blend Alemania,Con Filtro,Rubio,Normal,t,197
NIF-JAP-MIN-2,Gold Leaf Argentina,Sin Filtro,Negro,Normal,t,193
NIF-JAP-MIN-2,Silver Lining Argentina,Con Filtro,Rubio,Normal,t,258
NIF-JAP-MIN-2,Highland Peak Alemania,Con Filtro,Rubio,Normal,f,308
NIF-JAP-MIN-2,Gold Leaf Argentina,Sin Filtro,Rubio,Normal,t,467
NIF-JAP-MIN-2,Gold Leaf Alemania,Sin Filtro,Rubio,Normal,f,391
NIF-JAP-MIN-2,Urban Classic Reino,Con Filtro,Negro,Normal,t,287
NIF-JAP-MIN-2,Royal Blend Reino,Con Filtro,Rubio,Normal,t,131
NIF-JAP-MIN-2,Gold Leaf Alemania,Sin Filtro,Negro,Normal,t,419
NIF-JAP-MIN-2,Gold Leaf Argentina,Sin Filtro,Rubio,Normal,f,288
NIF-JAP-MIN-2,Highland Peak Reino,Con Filtro,Rubio,Normal,t,334
NIF-JAP-MIN-2,Amber Haze Alemania,Con Filtro,Negro,Normal,t,231
NIF-JAP-MIN-2,Gold Leaf Japon,Con Filtro,Rubio,Normal,t,193
NIF-JAP-MIN-3,Gold Leaf Alemania,Sin Filtro,Negro,Normal,t,422
NIF-JAP-MIN-3,Pure Essence Chile,Con Filtro,Rubio,Normal,t,313
NIF-JAP-MIN-3,Ocean Breeze Argentina,Con Filtro,Rubio,Normal,t,235
NIF-JAP-MIN-3,Pure Essence Japon,Sin Filtro,Rubio,Normal,t,116
NIF-JAP-MIN-3,Mountain Mist Japon,Sin Filtro,Negro,Normal,t,93
NIF-JAP-MIN-3,Highland Peak Reino,Sin Filtro,Rubio,Normal,t,106
NIF-JAP-MIN-3,Mountain Mist Chile,Sin Filtro,Rubio,Normal,f,479
NIF-JAP-MIN-3,Royal Blend Alemania,Sin Filtro,Rubio,Normal,t,155
NIF-JAP-MIN-3,Midnight Silk Reino,Sin Filtro,Negro,Normal,f,115
NIF-JAP-MIN-3,Mountain Mist Argentina,Con Filtro,Rubio,Normal,t,265
NIF-JAP-MIN-3,Urban Classic Japon,Sin Filtro,Rubio,Normal,f,148
NIF-JAP-MIN-4,Mountain Mist Japon,Con Filtro,Negro,Normal,t,75
NIF-JAP-MIN-4,Mountain Mist Alemania,Con Filtro,Negro,Normal,t,181
NIF-JAP-MIN-4,Silver Lining Reino,Sin Filtro,Negro,Normal,f,60
NIF-JAP-MIN-4,Royal Blend Japon,Sin Filtro,Rubio,Normal,t,320
NIF-JAP-MIN-4,Highland Peak Argentina,Sin Filtro,Negro,Normal,f,497
NIF-JAP-MIN-4,Mountain Mist Japon,Con Filtro,Rubio,Light,f,119
NIF-JAP-MIN-4,Amber Haze Chile,Sin Filtro,Rubio,Normal,t,141
NIF-JAP-MIN-4,Gold Leaf Reino,Con Filtro,Negro,SuperLight,f,228
NIF-JAP-MIN-4,Royal Blend Reino,Con Filtro,Rubio,Normal,t,188
NIF-JAP-MIN-4,Highland Peak Chile,Con Filtro,Negro,Normal,t,163
NIF-JAP-MIN-4,Gold Leaf Chile,Sin Filtro,Negro,Normal,f,296
NIF-JAP-MIN-4,Silver Lining Alemania,Sin Filtro,Negro,Normal,t,229
NIF-JAP-MIN-4,Pure Essence Alemania,Con Filtro,Rubio,UltraLight,f,135
NIF-JAP-MIN-4,Ocean Breeze Reino,Sin Filtro,Negro,Normal,t,296
NIF-JAP-MIN-4,Gold Leaf Reino,Con Filtro,Rubio,Normal,t,279
NIF-JAP-MIN-4,Ocean Breeze Alemania,Con Filtro,Rubio,Normal,t,352
NIF-JAP-MIN-4,Mountain Mist Argentina,Sin Filtro,Negro,Normal,t,169
NIF-JAP-MIN-4,Amber Haze Alemania,Con Filtro,Negro,Normal,f,362
NIF-JAP-MIN-4,Pure Essence Japon,Sin Filtro,Negro,Normal,f,440
NIF-JAP-MIN-4,Amber Haze Chile,Sin Filtro,Rubio,Normal,f,127
NIF-JAP-MIN-4,Royal Blend Chile,Sin Filtro,Negro,Normal,f,424
NIF-JAP-MIN-4,Midnight Silk Chile,Con Filtro,Negro,UltraLight,f,336
NIF-JAP-MIN-4,Midnight Silk Reino,Sin Filtro,Negro,Normal,t,150
NIF-JAP-MIN-4,Ocean Breeze Reino,Con Filtro,Negro,Normal,t,262
NIF-JAP-MIN-4,Gold Leaf Argentina,Sin Filtro,Negro,Normal,t,417
NIF-JAP-MIN-4,Midnight Silk Alemania,Sin Filtro,Negro,Normal,f,383
NIF-JAP-MIN-4,Amber Haze Chile,Con Filtro,Rubio,Normal,t,489
NIF-JAP-MIN-4,Gold Leaf Chile,Con Filtro,Rubio,Normal,t,431
NIF-JAP-MIN-5,Urban Classic Alemania,Sin Filtro,Rubio,Normal,t,103
NIF-JAP-MIN-5,Midnight Silk Reino,Con Filtro,Negro,Normal,t,57
NIF-JAP-MIN-5,Royal Blend Japon,Sin Filtro,Negro,Normal,f,215
NIF-JAP-MIN-5,Gold Leaf Chile,Sin Filtro,Negro,Normal,t,149
NIF-JAP-MIN-5,Midnight Silk Alemania,Sin Filtro,Negro,Normal,t,239
NIF-JAP-MIN-5,Highland Peak Argentina,Sin Filtro,Rubio,Normal,f,244
NIF-JAP-MIN-5,Pure Essence Japon,Con Filtro,Negro,Normal,t,249
NIF-JAP-MIN-5,Mountain Mist Alemania,Sin Filtro,Rubio,Normal,t,274
NIF-JAP-MIN-5,Amber Haze Reino,Con Filtro,Rubio,Normal,t,451
NIF-JAP-MIN-5,Highland Peak Chile,Con Filtro,Negro,Normal,t,412
NIF-JAP-MIN-6,Royal Blend Reino,Con Filtro,Negro,SuperLight,f,179
NIF-JAP-MIN-6,Ocean Breeze Chile,Con Filtro,Rubio,UltraLight,f,408
NIF-JAP-MIN-6,Amber Haze Alemania,Sin Filtro,Negro,Normal,t,67
NIF-JAP-MIN-6,Mountain Mist Japon,Con Filtro,Rubio,Normal,t,204
NIF-JAP-MIN-6,Ocean Breeze Chile,Con Filtro,Rubio,Normal,t,105
NIF-JAP-MIN-6,Ocean Breeze Argentina,Con Filtro,Negro,Normal,t,177
NIF-JAP-MIN-6,Royal Blend Chile,Sin Filtro,Negro,Normal,t,410
NIF-JAP-MIN-6,Highland Peak Argentina,Sin Filtro,Rubio,Normal,f,171
NIF-JAP-MIN-6,Gold Leaf Japon,Con Filtro,Rubio,Normal,f,262
NIF-JAP-MIN-6,Ocean Breeze Reino,Sin Filtro,Rubio,Normal,f,286
NIF-JAP-MIN-6,Midnight Silk Chile,Sin Filtro,Rubio,Normal,f,252
NIF-JAP-MIN-6,Urban Classic Reino,Sin Filtro,Negro,Normal,t,297
NIF-JAP-MIN-6,Gold Leaf Chile,Sin Filtro,Rubio,Normal,t,388
NIF-JAP-MIN-6,Mountain Mist Reino,Con Filtro,Rubio,SuperLight,f,398
NIF-JAP-MIN-6,Silver Lining Japon,Con Filtro,Rubio,Light,f,197
NIF-JAP-MIN-6,Silver Lining Argentina,Con Filtro,Rubio,Normal,t,338
NIF-JAP-MIN-6,Pure Essence Japon,Sin Filtro,Negro,Normal,f,175
NIF-JAP-MIN-6,Midnight Silk Japon,Con Filtro,Rubio,Light,f,210
NIF-JAP-MIN-6,Royal Blend Alemania,Sin Filtro,Rubio,Normal,t,160
NIF-JAP-MIN-6,Highland Peak Chile,Con Filtro,Rubio,Normal,f,354
NIF-JAP-MIN-6,Midnight Silk Reino,Sin Filtro,Negro,Normal,f,252
NIF-JAP-MIN-7,Silver Lining Japon,Con Filtro,Negro,Normal,t,289
NIF-JAP-MIN-7,Pure Essence Chile,Sin Filtro,Negro,Normal,f,119
NIF-JAP-MIN-7,Midnight Silk Alemania,Con Filtro,Negro,Normal,t,95
NIF-JAP-MIN-7,Amber Haze Reino,Sin Filtro,Negro,Normal,t,184
NIF-JAP-MIN-7,Gold Leaf Reino,Sin Filtro,Rubio,Normal,f,460
NIF-JAP-MIN-7,Silver Lining Reino,Con Filtro,Negro,Normal,t,298
NIF-JAP-MIN-7,Mountain Mist Argentina,Sin Filtro,Negro,Normal,t,318
NIF-JAP-MIN-7,Amber Haze Chile,Sin Filtro,Rubio,Normal,t,178
NIF-JAP-MIN-7,Highland Peak Alemania,Con Filtro,Negro,Normal,f,160
NIF-JAP-MIN-7,Highland Peak Argentina,Con Filtro,Rubio,Normal,f,281
NIF-JAP-MIN-7,Gold Leaf Alemania,Con Filtro,Negro,UltraLight,f,499
NIF-JAP-MIN-7,Highland Peak Argentina,Sin Filtro,Rubio,Normal,f,126
NIF-JAP-MIN-7,Gold Leaf Alemania,Sin Filtro,Negro,Normal,t,429
NIF-JAP-MIN-7,Mountain Mist Japon,Con Filtro,Rubio,Normal,t,149
NIF-JAP-MIN-7,Pure Essence Reino,Sin Filtro,Rubio,Normal,f,385
NIF-JAP-MIN-7,Mountain Mist Argentina,Sin Filtro,Rubio,Normal,t,214
NIF-JAP-MIN-7,Midnight Silk Chile,Con Filtro,Negro,Normal,t,458
NIF-JAP-MIN-7,Royal Blend Japon,Sin Filtro,Negro,Normal,f,241
NIF-JAP-MIN-7,Ocean Breeze Reino,Sin Filtro,Negro,Normal,t,317
NIF-JAP-MIN-7,Midnight Silk Japon,Sin Filtro,Rubio,Normal,f,326
NIF-JAP-MIN-8,Pure Essence Japon,Con Filtro,Negro,Normal,t,238
NIF-JAP-MIN-8,Mountain Mist Chile,Sin Filtro,Rubio,Normal,t,120
NIF-JAP-MIN-8,Ocean Breeze Argentina,Con Filtro,Rubio,Normal,t,75
NIF-JAP-MIN-8,Highland Peak Reino,Con Filtro,Negro,SuperLight,f,114
NIF-JAP-MIN-8,Ocean Breeze Argentina,Sin Filtro,Negro,Normal,f,441
NIF-JAP-MIN-8,Silver Lining Alemania,Sin Filtro,Negro,Normal,t,498
NIF-JAP-MIN-8,Midnight Silk Argentina,Sin Filtro,Rubio,Normal,f,291
NIF-JAP-MIN-8,Urban Classic Reino,Sin Filtro,Negro,Normal,t,251
NIF-JAP-MIN-8,Urban Classic Reino,Sin Filtro,Negro,Normal,f,255
NIF-JAP-MIN-8,Highland Peak Argentina,Con Filtro,Negro,Normal,t,154
NIF-JAP-MIN-8,Silver Lining Japon,Con Filtro,Rubio,Light,f,112
NIF-JAP-MIN-8,Highland Peak Alemania,Sin Filtro,Rubio,Normal,f,424
NIF-JAP-MIN-8,Amber Haze Argentina,Con Filtro,Negro,Normal,t,489
NIF-JAP-MIN-8,Silver Lining Chile,Con Filtro,Negro,Normal,t,195
NIF-JAP-MIN-8,Silver Lining Japon,Con Filtro,Negro,Normal,t,419
NIF-JAP-MIN-8,Royal Blend Reino,Sin Filtro,Rubio,Normal,t,226
NIF-JAP-MIN-8,Pure Essence Japon,Sin Filtro,Negro,Normal,f,468
NIF-JAP-MIN-8,Urban Classic Alemania,Sin Filtro,Rubio,Normal,f,96
NIF-JAP-MIN-8,Ocean Breeze Alemania,Con Filtro,Negro,UltraLight,f,235
NIF-JAP-MIN-8,Gold Leaf Argentina,Con Filtro,Rubio,Normal,t,404
NIF-JAP-MIN-8,Silver Lining Reino,Sin Filtro,Negro,Normal,f,405
NIF-JAP-MIN-8,Gold Leaf Alemania,Sin Filtro,Rubio,Normal,f,249
NIF-JAP-MIN-8,Urban Classic Chile,Sin Filtro,Negro,Normal,f,216
NIF-JAP-MIN-8,Amber Haze Chile,Sin Filtro,Rubio,Normal,t,327
NIF-JAP-MIN-8,Highland Peak Alemania,Con Filtro,Rubio,Normal,f,376
NIF-JAP-MIN-9,Ocean Breeze Alemania,Sin Filtro,Negro,Normal,t,188
NIF-JAP-MIN-9,Highland Peak Argentina,Sin Filtro,Negro,Normal,f,231
NIF-JAP-MIN-9,Mountain Mist Chile,Sin Filtro,Rubio,Normal,f,144
NIF-JAP-MIN-9,Silver Lining Japon,Con Filtro,Negro,Normal,t,50
NIF-JAP-MIN-9,Silver Lining Chile,Sin Filtro,Rubio,Normal,t,400
NIF-JAP-MIN-9,Midnight Silk Reino,Sin Filtro,Negro,Normal,t,126
NIF-JAP-MIN-9,Royal Blend Reino,Con Filtro,Rubio,Normal,t,407
NIF-JAP-MIN-9,Midnight Silk Chile,Con Filtro,Negro,Normal,t,105
NIF-JAP-MIN-9,Gold Leaf Argentina,Con Filtro,Rubio,Normal,t,117
NIF-JAP-MIN-9,Gold Leaf Reino,Con Filtro,Negro,Light,f,332
NIF-JAP-MIN-9,Ocean Breeze Alemania,Con Filtro,Rubio,Normal,t,330
NIF-JAP-MIN-9,Gold Leaf Japon,Sin Filtro,Negro,Normal,t,264
NIF-JAP-MIN-9,Urban Classic Argentina,Sin Filtro,Negro,Normal,t,390
NIF-JAP-MIN-9,Pure Essence Alemania,Sin Filtro,Rubio,Normal,t,454
NIF-JAP-MIN-9,Pure Essence Alemania,Sin Filtro,Rubio,Normal,t,307
NIF-JAP-MIN-9,Highland Peak Argentina,Con Filtro,Negro,Normal,t,310
NIF-JAP-MIN-10,Mountain Mist Chile,Sin Filtro,Rubio,Normal,t,305
NIF-JAP-MIN-10,Pure Essence Reino,Sin Filtro,Rubio,Normal,f,360
NIF-JAP-MIN-10,Gold Leaf Japon,Con Filtro,Rubio,Normal,t,442
NIF-JAP-MIN-10,Urban Classic Argentina,Sin Filtro,Negro,Normal,f,64
NIF-JAP-MIN-10,Mountain Mist Chile,Sin Filtro,Rubio,Normal,f,232
NIF-JAP-MIN-10,Gold Leaf Argentina,Sin Filtro,Negro,Normal,t,486
NIF-JAP-MIN-10,Ocean Breeze Reino,Sin Filtro,Negro,Normal,t,123
NIF-JAP-MIN-10,Highland Peak Japon,Sin Filtro,Rubio,Normal,t,330
NIF-JAP-MIN-10,Ocean Breeze Chile,Con Filtro,Rubio,UltraLight,f,492
NIF-JAP-MIN-10,Gold Leaf Argentina,Con Filtro,Negro,Normal,t,381
NIF-JAP-MIN-10,Urban Classic Reino,Con Filtro,Rubio,Normal,f,123
NIF-JAP-MIN-10,Midnight Silk Chile,Con Filtro,Rubio,Normal,t,420
NIF-JAP-MIN-10,Urban Classic Reino,Con Filtro,Negro,Normal,t,397
NIF-JAP-MIN-10,Highland Peak Alemania,Sin Filtro,Negro,Normal,f,352
NIF-JAP-MIN-10,Highland Peak Alemania,Con Filtro,Rubio,UltraLight,f,471
NIF-JAP-MIN-10,Midnight Silk Chile,Sin Filtro,Rubio,Normal,f,419
NIF-JAP-MIN-10,Midnight Silk Chile,Con Filtro,Negro,Normal,t,133
NIF-JAP-MIN-10,Highland Peak Argentina,Sin Filtro,Negro,Normal,f,471
NIF-JAP-MIN-10,Amber Haze Reino,Con Filtro,Negro,Normal,t,85
NIF-JAP-MIN-11,Urban Classic Japon,Sin Filtro,Rubio,Normal,f,421
NIF-JAP-MIN-11,Midnight Silk Japon,Con Filtro,Rubio,Normal,f,349
NIF-JAP-MIN-11,Urban Classic Japon,Sin Filtro,Rubio,Normal,t,417
NIF-JAP-MIN-11,Urban Classic Alemania,Sin Filtro,Rubio,Normal,t,333
NIF-JAP-MIN-11,Amber Haze Alemania,Con Filtro,Negro,Normal,t,246
NIF-JAP-MIN-11,Midnight Silk Japon,Sin Filtro,Rubio,Normal,f,112
NIF-JAP-MIN-11,Midnight Silk Chile,Sin Filtro,Rubio,Normal,f,150
NIF-JAP-MIN-11,Highland Peak Japon,Sin Filtro,Negro,Normal,t,460
NIF-JAP-MIN-11,Urban Classic Argentina,Sin Filtro,Rubio,Normal,t,113
NIF-JAP-MIN-11,Highland Peak Chile,Sin Filtro,Negro,Normal,t,174
NIF-JAP-MIN-11,Mountain Mist Alemania,Sin Filtro,Rubio,Normal,f,403
NIF-JAP-MIN-11,Royal Blend Alemania,Sin Filtro,Rubio,Normal,t,219
NIF-JAP-MIN-11,Royal Blend Argentina,Con Filtro,Rubio,Light,f,400
NIF-JAP-MIN-11,Pure Essence Japon,Con Filtro,Negro,Normal,t,310
NIF-JAP-MIN-11,Gold Leaf Japon,Con Filtro,Rubio,Normal,t,499
NIF-JAP-MIN-11,Urban Classic Chile,Sin Filtro,Negro,Normal,t,318
NIF-JAP-MIN-11,Ocean Breeze Reino,Sin Filtro,Negro,Normal,t,121
NIF-JAP-MIN-11,Silver Lining Japon,Sin Filtro,Rubio,Normal,f,295
NIF-JAP-MIN-11,Amber Haze Japon,Con Filtro,Rubio,SuperLight,f,305
NIF-JAP-MIN-12,Royal Blend Japon,Sin Filtro,Negro,Normal,t,382
NIF-JAP-MIN-12,Urban Classic Chile,Sin Filtro,Rubio,Normal,f,209
NIF-JAP-MIN-12,Pure Essence Alemania,Sin Filtro,Rubio,Normal,t,110
NIF-JAP-MIN-12,Midnight Silk Japon,Con Filtro,Rubio,Light,f,366
NIF-JAP-MIN-12,Gold Leaf Argentina,Con Filtro,Negro,Normal,t,84
NIF-JAP-MIN-12,Silver Lining Alemania,Sin Filtro,Negro,Normal,f,441
NIF-JAP-MIN-12,Highland Peak Argentina,Con Filtro,Rubio,SuperLight,f,234
NIF-JAP-MIN-12,Urban Classic Alemania,Sin Filtro,Rubio,Normal,t,87
NIF-JAP-MIN-12,Pure Essence Reino,Con Filtro,Rubio,Normal,f,311
NIF-JAP-MIN-12,Royal Blend Reino,Con Filtro,Rubio,Normal,t,106
NIF-JAP-MIN-12,Highland Peak Alemania,Con Filtro,Negro,Normal,f,356
NIF-JAP-MIN-12,Royal Blend Alemania,Con Filtro,Rubio,Normal,t,427
NIF-JAP-MIN-13,Urban Classic Japon,Con Filtro,Negro,SuperLight,f,203
NIF-JAP-MIN-13,Silver Lining Alemania,Sin Filtro,Negro,Normal,f,274
NIF-JAP-MIN-13,Pure Essence Reino,Con Filtro,Negro,Normal,f,455
NIF-JAP-MIN-13,Urban Classic Alemania,Sin Filtro,Negro,Normal,f,93
NIF-JAP-MIN-13,Mountain Mist Japon,Con Filtro,Negro,Normal,t,381
NIF-JAP-MIN-13,Ocean Breeze Alemania,Con Filtro,Negro,Light,f,281
NIF-JAP-MIN-13,Ocean Breeze Reino,Sin Filtro,Negro,Normal,t,260
NIF-JAP-MIN-13,Gold Leaf Argentina,Sin Filtro,Negro,Normal,f,336
NIF-JAP-MIN-13,Urban Classic Japon,Con Filtro,Rubio,Normal,t,495
NIF-JAP-MIN-13,Silver Lining Alemania,Sin Filtro,Negro,Normal,f,433
NIF-JAP-MIN-13,Silver Lining Reino,Con Filtro,Negro,SuperLight,f,385
NIF-JAP-MIN-13,Midnight Silk Reino,Con Filtro,Negro,Normal,t,88
NIF-JAP-MIN-13,Ocean Breeze Chile,Sin Filtro,Negro,Normal,t,100
NIF-JAP-MIN-13,Ocean Breeze Alemania,Sin Filtro,Negro,Normal,t,212
NIF-JAP-MIN-13,Royal Blend Reino,Con Filtro,Negro,Light,f,308
NIF-JAP-MIN-13,Highland Peak Argentina,Con Filtro,Negro,Normal,t,430
NIF-JAP-MIN-13,Royal Blend Alemania,Con Filtro,Rubio,Normal,t,417
NIF-JAP-MIN-13,Amber Haze Argentina,Sin Filtro,Negro,Normal,t,385
NIF-JAP-MIN-13,Silver Lining Reino,Con Filtro,Negro,Normal,t,191
NIF-JAP-MIN-13,Mountain Mist Japon,Sin Filtro,Rubio,Normal,t,54
NIF-JAP-MIN-13,Royal Blend Alemania,Sin Filtro,Rubio,Normal,t,401
NIF-JAP-MIN-13,Urban Classic Alemania,Con Filtro,Negro,Normal,t,361
NIF-JAP-MIN-13,Royal Blend Chile,Sin Filtro,Negro,Normal,f,125
NIF-JAP-MIN-13,Mountain Mist Argentina,Con Filtro,Rubio,SuperLight,f,194
NIF-JAP-MIN-13,Urban Classic Argentina,Sin Filtro,Rubio,Normal,t,131
NIF-JAP-MIN-14,Pure Essence Argentina,Sin Filtro,Rubio,Normal,t,176
NIF-JAP-MIN-14,Amber Haze Japon,Sin Filtro,Rubio,Normal,f,313
NIF-JAP-MIN-14,Ocean Breeze Chile,Sin Filtro,Rubio,Normal,f,382
NIF-JAP-MIN-14,Ocean Breeze Alemania,Sin Filtro,Negro,Normal,t,355
NIF-JAP-MIN-14,Royal Blend Chile,Con Filtro,Negro,Normal,t,119
NIF-JAP-MIN-14,Ocean Breeze Reino,Con Filtro,Rubio,Normal,f,490
NIF-JAP-MIN-14,Amber Haze Alemania,Sin Filtro,Negro,Normal,t,338
NIF-JAP-MIN-14,Pure Essence Japon,Sin Filtro,Negro,Normal,t,63
NIF-JAP-MIN-14,Silver Lining Chile,Con Filtro,Negro,Normal,t,152
NIF-JAP-MIN-14,Silver Lining Argentina,Con Filtro,Rubio,Normal,t,397
NIF-JAP-MIN-14,Pure Essence Alemania,Sin Filtro,Rubio,Normal,f,345
NIF-JAP-MIN-14,Silver Lining Chile,Con Filtro,Rubio,Light,f,249
NIF-JAP-MIN-14,Midnight Silk Alemania,Sin Filtro,Negro,Normal,t,175
NIF-JAP-MIN-14,Mountain Mist Alemania,Sin Filtro,Rubio,Normal,f,344
NIF-JAP-MIN-14,Mountain Mist Alemania,Sin Filtro,Negro,Normal,f,124
NIF-JAP-MIN-14,Urban Classic Argentina,Sin Filtro,Negro,Normal,f,152
NIF-JAP-MIN-14,Urban Classic Chile,Con Filtro,Negro,Normal,t,142
NIF-JAP-MIN-14,Midnight Silk Alemania,Sin Filtro,Rubio,Normal,f,318
NIF-JAP-MIN-15,Royal Blend Japon,Sin Filtro,Rubio,Normal,t,370
NIF-JAP-MIN-15,Silver Lining Japon,Con Filtro,Negro,SuperLight,f,305
NIF-JAP-MIN-15,Royal Blend Chile,Sin Filtro,Negro,Normal,t,119
NIF-JAP-MIN-15,Midnight Silk Chile,Con Filtro,Negro,Normal,f,195
NIF-JAP-MIN-15,Highland Peak Japon,Sin Filtro,Rubio,Normal,f,52
NIF-JAP-MIN-15,Royal Blend Argentina,Con Filtro,Negro,SuperLight,f,164
NIF-JAP-MIN-15,Gold Leaf Argentina,Sin Filtro,Negro,Normal,t,124
NIF-JAP-MIN-15,Silver Lining Chile,Sin Filtro,Negro,Normal,f,294
NIF-JAP-MIN-15,Silver Lining Argentina,Sin Filtro,Rubio,Normal,f,89
NIF-JAP-MIN-15,Urban Classic Alemania,Con Filtro,Rubio,Normal,t,400
NIF-JAP-MIN-15,Urban Classic Japon,Con Filtro,Rubio,Normal,t,308
NIF-JAP-MIN-15,Mountain Mist Japon,Con Filtro,Negro,Normal,t,219
NIF-JAP-MIN-15,Pure Essence Argentina,Con Filtro,Rubio,SuperLight,f,444
NIF-JAP-MIN-15,Gold Leaf Reino,Sin Filtro,Negro,Normal,f,149
NIF-JAP-MIN-15,Amber Haze Reino,Con Filtro,Negro,Normal,t,455
NIF-JAP-MIN-15,Royal Blend Japon,Sin Filtro,Rubio,Normal,t,253
NIF-JAP-MIN-15,Pure Essence Alemania,Sin Filtro,Rubio,Normal,t,192
NIF-JAP-MIN-15,Gold Leaf Argentina,Sin Filtro,Rubio,Normal,t,104
NIF-JAP-MIN-15,Highland Peak Japon,Con Filtro,Rubio,Light,f,58
NIF-JAP-MIN-15,Mountain Mist Chile,Sin Filtro,Rubio,Normal,t,99
NIF-JAP-MIN-15,Ocean Breeze Argentina,Con Filtro,Rubio,Normal,t,192
NIF-JAP-MIN-15,Silver Lining Chile,Sin Filtro,Rubio,Normal,t,432
NIF-JAP-MIN-15,Mountain Mist Japon,Con Filtro,Negro,Normal,t,184
NIF-JAP-CHI-1,Royal Blend Alemania,Sin Filtro,Rubio,Normal,t,383
NIF-JAP-CHI-1,Silver Lining Argentina,Con Filtro,Rubio,Normal,f,102
NIF-JAP-CHI-1,Highland Peak Reino,Con Filtro,Rubio,Normal,t,485
NIF-JAP-CHI-1,Pure Essence Reino,Con Filtro,Rubio,Normal,f,402
NIF-JAP-CHI-1,Ocean Breeze Chile,Sin Filtro,Rubio,Normal,f,482
NIF-JAP-CHI-1,Midnight Silk Reino,Sin Filtro,Rubio,Normal,f,183
NIF-JAP-CHI-1,Highland Peak Argentina,Sin Filtro,Rubio,Normal,f,375
NIF-JAP-CHI-1,Gold Leaf Alemania,Sin Filtro,Rubio,Normal,f,82
NIF-JAP-CHI-1,Royal Blend Argentina,Con Filtro,Rubio,UltraLight,f,484
NIF-JAP-CHI-1,Gold Leaf Japon,Sin Filtro,Rubio,Normal,t,290
NIF-JAP-CHI-1,Gold Leaf Argentina,Sin Filtro,Negro,Normal,f,490
NIF-JAP-CHI-1,Midnight Silk Argentina,Sin Filtro,Negro,Normal,t,359
NIF-JAP-CHI-1,Highland Peak Alemania,Sin Filtro,Negro,Normal,f,209
NIF-JAP-CHI-1,Amber Haze Reino,Con Filtro,Rubio,Normal,t,359
NIF-JAP-CHI-2,Urban Classic Argentina,Sin Filtro,Rubio,Normal,t,431
NIF-JAP-CHI-2,Mountain Mist Argentina,Sin Filtro,Negro,Normal,t,449
NIF-JAP-CHI-2,Royal Blend Argentina,Con Filtro,Negro,SuperLight,f,356
NIF-JAP-CHI-2,Urban Classic Alemania,Con Filtro,Rubio,Normal,t,325
NIF-JAP-CHI-2,Mountain Mist Chile,Con Filtro,Rubio,Normal,t,370
NIF-JAP-CHI-2,Silver Lining Reino,Con Filtro,Negro,Normal,t,417
NIF-JAP-CHI-2,Silver Lining Japon,Con Filtro,Negro,SuperLight,f,336
NIF-JAP-CHI-2,Royal Blend Japon,Sin Filtro,Rubio,Normal,t,418
NIF-JAP-CHI-2,Amber Haze Chile,Con Filtro,Negro,Light,f,90
NIF-JAP-CHI-2,Silver Lining Chile,Sin Filtro,Negro,Normal,f,497
NIF-JAP-CHI-2,Amber Haze Alemania,Con Filtro,Negro,Normal,t,343
NIF-JAP-CHI-2,Highland Peak Chile,Sin Filtro,Rubio,Normal,f,248
NIF-JAP-CHI-2,Highland Peak Alemania,Con Filtro,Rubio,SuperLight,f,382
NIF-JAP-CHI-2,Urban Classic Alemania,Sin Filtro,Rubio,Normal,t,215
NIF-JAP-CHI-2,Midnight Silk Chile,Con Filtro,Rubio,Normal,t,266
NIF-JAP-CHI-2,Urban Classic Reino,Con Filtro,Rubio,Normal,t,134
NIF-JAP-CHI-2,Amber Haze Alemania,Sin Filtro,Negro,Normal,t,168
NIF-JAP-CHI-2,Ocean Breeze Reino,Sin Filtro,Negro,Normal,t,62
NIF-JAP-CHI-2,Amber Haze Chile,Sin Filtro,Rubio,Normal,t,112
NIF-JAP-CHI-2,Midnight Silk Alemania,Sin Filtro,Negro,Normal,t,106
NIF-JAP-CHI-3,Gold Leaf Alemania,Con Filtro,Rubio,Normal,t,309
NIF-JAP-CHI-3,Mountain Mist Reino,Con Filtro,Rubio,Light,f,434
NIF-JAP-CHI-3,Silver Lining Argentina,Con Filtro,Rubio,Normal,t,50
NIF-JAP-CHI-3,Urban Classic Chile,Con Filtro,Negro,SuperLight,f,308
NIF-JAP-CHI-3,Midnight Silk Chile,Sin Filtro,Rubio,Normal,f,182
NIF-JAP-CHI-3,Ocean Breeze Argentina,Con Filtro,Rubio,Normal,t,319
NIF-JAP-CHI-3,Silver Lining Argentina,Con Filtro,Negro,Light,f,228
NIF-JAP-CHI-3,Silver Lining Chile,Sin Filtro,Rubio,Normal,t,442
NIF-JAP-CHI-3,Amber Haze Chile,Con Filtro,Negro,Light,f,437
NIF-JAP-CHI-3,Ocean Breeze Chile,Con Filtro,Negro,Normal,f,384
NIF-JAP-CHI-3,Royal Blend Reino,Con Filtro,Negro,SuperLight,f,135
NIF-JAP-CHI-3,Ocean Breeze Chile,Con Filtro,Rubio,UltraLight,f,138
NIF-JAP-CHI-3,Midnight Silk Alemania,Con Filtro,Rubio,Normal,t,387
NIF-JAP-CHI-3,Amber Haze Reino,Con Filtro,Rubio,Normal,t,101
NIF-JAP-CHI-4,Royal Blend Chile,Con Filtro,Rubio,SuperLight,f,456
NIF-JAP-CHI-4,Silver Lining Alemania,Sin Filtro,Negro,Normal,f,120
NIF-JAP-CHI-4,Silver Lining Argentina,Con Filtro,Rubio,Normal,f,480
NIF-JAP-CHI-4,Amber Haze Alemania,Sin Filtro,Negro,Normal,t,86
NIF-JAP-CHI-4,Pure Essence Alemania,Sin Filtro,Rubio,Normal,f,172
NIF-JAP-CHI-4,Ocean Breeze Japon,Sin Filtro,Rubio,Normal,t,103
NIF-JAP-CHI-4,Amber Haze Argentina,Sin Filtro,Rubio,Normal,t,51
NIF-JAP-CHI-4,Silver Lining Reino,Con Filtro,Negro,Normal,t,495
NIF-JAP-CHI-4,Ocean Breeze Alemania,Sin Filtro,Rubio,Normal,t,481
NIF-JAP-CHI-4,Gold Leaf Japon,Con Filtro,Rubio,UltraLight,f,420
NIF-JAP-CHI-4,Pure Essence Argentina,Con Filtro,Rubio,Normal,t,285
NIF-JAP-CHI-4,Midnight Silk Argentina,Sin Filtro,Negro,Normal,f,418
NIF-JAP-CHI-4,Mountain Mist Alemania,Sin Filtro,Rubio,Normal,f,265
NIF-JAP-CHI-4,Urban Classic Reino,Con Filtro,Rubio,Normal,t,198
NIF-JAP-CHI-4,Royal Blend Alemania,Sin Filtro,Rubio,Normal,t,403
NIF-JAP-CHI-4,Midnight Silk Reino,Con Filtro,Negro,Normal,t,354
NIF-JAP-CHI-4,Mountain Mist Reino,Sin Filtro,Negro,Normal,f,267
NIF-JAP-CHI-4,Gold Leaf Chile,Sin Filtro,Negro,Normal,f,445
NIF-JAP-CHI-4,Amber Haze Reino,Con Filtro,Rubio,Normal,t,495
NIF-JAP-CHI-4,Highland Peak Argentina,Sin Filtro,Rubio,Normal,f,288
NIF-JAP-CHI-4,Pure Essence Reino,Sin Filtro,Rubio,Normal,t,133
NIF-JAP-CHI-4,Gold Leaf Argentina,Sin Filtro,Rubio,Normal,f,162
NIF-JAP-CHI-5,Midnight Silk Japon,Con Filtro,Negro,SuperLight,f,387
NIF-JAP-CHI-5,Ocean Breeze Reino,Sin Filtro,Negro,Normal,f,449
NIF-JAP-CHI-5,Royal Blend Reino,Con Filtro,Rubio,Normal,t,234
NIF-JAP-CHI-5,Mountain Mist Reino,Sin Filtro,Rubio,Normal,f,160
NIF-JAP-CHI-5,Urban Classic Alemania,Sin Filtro,Negro,Normal,t,424
NIF-JAP-CHI-5,Pure Essence Argentina,Sin Filtro,Rubio,Normal,t,62
NIF-JAP-CHI-5,Royal Blend Chile,Sin Filtro,Rubio,Normal,t,59
NIF-JAP-CHI-5,Mountain Mist Reino,Sin Filtro,Negro,Normal,f,206
NIF-JAP-CHI-5,Urban Classic Alemania,Con Filtro,Rubio,Normal,t,379
NIF-JAP-CHI-5,Ocean Breeze Reino,Sin Filtro,Rubio,Normal,f,329
NIF-JAP-CHI-6,Pure Essence Japon,Sin Filtro,Negro,Normal,t,326
NIF-JAP-CHI-6,Highland Peak Reino,Con Filtro,Negro,SuperLight,f,276
NIF-JAP-CHI-6,Urban Classic Chile,Sin Filtro,Negro,Normal,f,269
NIF-JAP-CHI-6,Ocean Breeze Japon,Sin Filtro,Rubio,Normal,t,193
NIF-JAP-CHI-6,Gold Leaf Reino,Sin Filtro,Rubio,Normal,f,122
NIF-JAP-CHI-6,Royal Blend Japon,Con Filtro,Negro,Normal,t,77
NIF-JAP-CHI-6,Highland Peak Reino,Con Filtro,Rubio,Normal,t,328
NIF-JAP-CHI-6,Urban Classic Chile,Sin Filtro,Rubio,Normal,f,452
NIF-JAP-CHI-6,Pure Essence Japon,Sin Filtro,Negro,Normal,t,244
NIF-JAP-CHI-6,Pure Essence Alemania,Sin Filtro,Rubio,Normal,t,438
NIF-JAP-CHI-6,Midnight Silk Alemania,Sin Filtro,Rubio,Normal,t,430
NIF-JAP-CHI-6,Pure Essence Japon,Con Filtro,Negro,Light,f,156
NIF-JAP-CHI-7,Mountain Mist Japon,Con Filtro,Rubio,Normal,t,86
NIF-JAP-CHI-7,Highland Peak Argentina,Con Filtro,Rubio,Normal,f,281
NIF-JAP-CHI-7,Pure Essence Alemania,Con Filtro,Negro,Normal,f,498
NIF-JAP-CHI-7,Silver Lining Chile,Sin Filtro,Rubio,Normal,t,494
NIF-JAP-CHI-7,Silver Lining Alemania,Sin Filtro,Negro,Normal,t,403
NIF-JAP-CHI-7,Silver Lining Japon,Con Filtro,Negro,UltraLight,f,87
NIF-JAP-CHI-7,Amber Haze Argentina,Sin Filtro,Rubio,Normal,t,336
NIF-JAP-CHI-7,Silver Lining Argentina,Con Filtro,Negro,Light,f,434
NIF-JAP-CHI-7,Pure Essence Reino,Con Filtro,Negro,Normal,t,175
NIF-JAP-CHI-7,Gold Leaf Argentina,Con Filtro,Rubio,Normal,t,138
NIF-JAP-CHI-7,Amber Haze Chile,Con Filtro,Rubio,SuperLight,f,111
NIF-JAP-CHI-7,Mountain Mist Argentina,Sin Filtro,Negro,Normal,t,406
NIF-JAP-CHI-7,Royal Blend Argentina,Con Filtro,Rubio,Light,f,455
NIF-JAP-CHI-7,Amber Haze Japon,Sin Filtro,Negro,Normal,t,305
NIF-JAP-CHI-7,Highland Peak Reino,Con Filtro,Rubio,Normal,t,258
NIF-JAP-CHI-7,Gold Leaf Reino,Sin Filtro,Rubio,Normal,t,140
NIF-JAP-CHI-7,Silver Lining Chile,Con Filtro,Negro,SuperLight,f,89
NIF-JAP-CHI-7,Pure Essence Reino,Con Filtro,Negro,Normal,f,184
NIF-JAP-CHI-7,Highland Peak Reino,Con Filtro,Rubio,Normal,t,158
NIF-JAP-CHI-7,Pure Essence Alemania,Sin Filtro,Rubio,Normal,t,396
NIF-JAP-CHI-7,Urban Classic Japon,Sin Filtro,Rubio,Normal,t,228
NIF-JAP-CHI-7,Mountain Mist Chile,Con Filtro,Rubio,Normal,t,476
NIF-JAP-CHI-7,Ocean Breeze Argentina,Con Filtro,Rubio,Light,f,112
NIF-JAP-CHI-7,Royal Blend Chile,Con Filtro,Rubio,SuperLight,f,57
NIF-JAP-CHI-7,Mountain Mist Chile,Sin Filtro,Rubio,Normal,t,338
NIF-JAP-CHI-7,Royal Blend Japon,Sin Filtro,Rubio,Normal,t,275
NIF-JAP-CHI-7,Ocean Breeze Chile,Con Filtro,Negro,Normal,t,75
NIF-JAP-CHI-7,Silver Lining Argentina,Con Filtro,Rubio,Normal,t,288
NIF-JAP-CHI-7,Pure Essence Chile,Con Filtro,Negro,Normal,t,142
NIF-JAP-CHI-7,Gold Leaf Argentina,Con Filtro,Rubio,Normal,t,215
NIF-JAP-CHI-8,Gold Leaf Alemania,Sin Filtro,Rubio,Normal,f,243
NIF-JAP-CHI-8,Pure Essence Reino,Con Filtro,Negro,Normal,f,432
NIF-JAP-CHI-8,Midnight Silk Reino,Con Filtro,Negro,SuperLight,f,345
NIF-JAP-CHI-8,Urban Classic Japon,Con Filtro,Negro,SuperLight,f,464
NIF-JAP-CHI-8,Urban Classic Reino,Sin Filtro,Negro,Normal,f,212
NIF-JAP-CHI-8,Ocean Breeze Reino,Sin Filtro,Rubio,Normal,f,391
NIF-JAP-CHI-8,Gold Leaf Argentina,Con Filtro,Rubio,Normal,t,441
NIF-JAP-CHI-8,Midnight Silk Argentina,Sin Filtro,Negro,Normal,t,419
NIF-JAP-CHI-8,Midnight Silk Japon,Con Filtro,Rubio,Light,f,244
NIF-JAP-CHI-8,Mountain Mist Alemania,Con Filtro,Negro,Normal,t,173
NIF-JAP-CHI-8,Midnight Silk Reino,Sin Filtro,Rubio,Normal,t,408
NIF-JAP-CHI-8,Highland Peak Alemania,Sin Filtro,Rubio,Normal,f,426
NIF-JAP-CHI-8,Royal Blend Argentina,Sin Filtro,Negro,Normal,t,336
NIF-JAP-CHI-8,Amber Haze Japon,Sin Filtro,Negro,Normal,t,270
NIF-JAP-CHI-8,Midnight Silk Alemania,Sin Filtro,Rubio,Normal,t,126
NIF-JAP-CHI-8,Mountain Mist Chile,Sin Filtro,Rubio,Normal,f,124
NIF-JAP-CHI-8,Silver Lining Alemania,Con Filtro,Negro,Normal,t,139
NIF-JAP-CHI-8,Ocean Breeze Reino,Sin Filtro,Negro,Normal,t,318
NIF-JAP-CHI-8,Midnight Silk Argentina,Sin Filtro,Negro,Normal,f,419
NIF-JAP-CHI-8,Highland Peak Alemania,Con Filtro,Rubio,UltraLight,f,471
NIF-JAP-CHI-8,Gold Leaf Argentina,Con Filtro,Negro,Normal,t,338
NIF-JAP-CHI-8,Mountain Mist Japon,Con Filtro,Negro,Normal,t,173
NIF-JAP-CHI-9,Amber Haze Argentina,Sin Filtro,Rubio,Normal,t,101
NIF-JAP-CHI-9,Ocean Breeze Argentina,Con Filtro,Negro,SuperLight,f,161
NIF-JAP-CHI-9,Urban Classic Japon,Con Filtro,Negro,Normal,f,493
NIF-JAP-CHI-9,Ocean Breeze Argentina,Con Filtro,Negro,Normal,t,281
NIF-JAP-CHI-9,Pure Essence Argentina,Con Filtro,Rubio,SuperLight,f,194
NIF-JAP-CHI-9,Pure Essence Japon,Sin Filtro,Negro,Normal,f,299
NIF-JAP-CHI-9,Urban Classic Argentina,Con Filtro,Rubio,SuperLight,f,193
NIF-JAP-CHI-9,Ocean Breeze Japon,Con Filtro,Rubio,Normal,f,460
NIF-JAP-CHI-9,Highland Peak Japon,Con Filtro,Rubio,Normal,t,351
NIF-JAP-CHI-9,Gold Leaf Chile,Sin Filtro,Negro,Normal,t,396
NIF-JAP-CHI-9,Midnight Silk Alemania,Sin Filtro,Negro,Normal,t,341
NIF-JAP-CHI-9,Amber Haze Chile,Con Filtro,Rubio,Normal,t,206
NIF-JAP-CHI-9,Pure Essence Argentina,Con Filtro,Rubio,Normal,t,388
NIF-JAP-CHI-9,Pure Essence Argentina,Con Filtro,Rubio,Normal,t,201
NIF-JAP-CHI-9,Urban Classic Argentina,Con Filtro,Rubio,Normal,t,381
NIF-JAP-CHI-10,Ocean Breeze Alemania,Con Filtro,Rubio,Light,f,460
NIF-JAP-CHI-10,Midnight Silk Argentina,Sin Filtro,Negro,Normal,t,212
NIF-JAP-CHI-10,Royal Blend Japon,Sin Filtro,Rubio,Normal,f,267
NIF-JAP-CHI-10,Gold Leaf Argentina,Sin Filtro,Negro,Normal,f,134
NIF-JAP-CHI-10,Urban Classic Japon,Sin Filtro,Rubio,Normal,t,224
NIF-JAP-CHI-10,Highland Peak Reino,Sin Filtro,Negro,Normal,f,136
NIF-JAP-CHI-10,Highland Peak Japon,Con Filtro,Rubio,Light,f,71
NIF-JAP-CHI-10,Royal Blend Argentina,Sin Filtro,Negro,Normal,t,142
NIF-JAP-CHI-10,Pure Essence Chile,Con Filtro,Negro,SuperLight,f,96
NIF-JAP-CHI-10,Midnight Silk Chile,Con Filtro,Rubio,Normal,t,410
NIF-JAP-CHI-10,Amber Haze Argentina,Sin Filtro,Rubio,Normal,f,367
NIF-JAP-CHI-10,Ocean Breeze Alemania,Sin Filtro,Rubio,Normal,t,448
NIF-JAP-CHI-10,Mountain Mist Reino,Con Filtro,Rubio,Light,f,127
NIF-JAP-CHI-10,Mountain Mist Argentina,Sin Filtro,Negro,Normal,t,296
NIF-JAP-CHI-10,Silver Lining Alemania,Sin Filtro,Negro,Normal,t,439
NIF-JAP-CHI-10,Royal Blend Chile,Sin Filtro,Negro,Normal,t,88
NIF-JAP-CHI-10,Gold Leaf Argentina,Con Filtro,Rubio,Light,f,172
NIF-JAP-CHI-11,Royal Blend Reino,Sin Filtro,Rubio,Normal,t,467
NIF-JAP-CHI-11,Royal Blend Chile,Con Filtro,Rubio,SuperLight,f,143
NIF-JAP-CHI-11,Ocean Breeze Chile,Con Filtro,Negro,Normal,f,362
NIF-JAP-CHI-11,Midnight Silk Reino,Con Filtro,Negro,UltraLight,f,99
NIF-JAP-CHI-11,Midnight Silk Chile,Con Filtro,Negro,UltraLight,f,498
NIF-JAP-CHI-11,Urban Classic Japon,Sin Filtro,Rubio,Normal,t,303
NIF-JAP-CHI-11,Mountain Mist Reino,Sin Filtro,Negro,Normal,t,84
NIF-JAP-CHI-11,Gold Leaf Chile,Sin Filtro,Negro,Normal,f,57
NIF-JAP-CHI-11,Midnight Silk Alemania,Sin Filtro,Negro,Normal,t,340
NIF-JAP-CHI-11,Silver Lining Japon,Con Filtro,Negro,UltraLight,f,67
NIF-JAP-CHI-11,Midnight Silk Reino,Con Filtro,Negro,Normal,t,154
NIF-JAP-CHI-11,Pure Essence Chile,Con Filtro,Negro,SuperLight,f,131
NIF-JAP-CHI-11,Midnight Silk Argentina,Sin Filtro,Rubio,Normal,t,96
NIF-JAP-CHI-11,Pure Essence Japon,Con Filtro,Negro,Normal,t,175
NIF-JAP-CHI-11,Pure Essence Alemania,Sin Filtro,Rubio,Normal,t,127
NIF-JAP-CHI-11,Royal Blend Alemania,Sin Filtro,Rubio,Normal,f,188
NIF-JAP-CHI-11,Ocean Breeze Reino,Sin Filtro,Negro,Normal,t,434
NIF-JAP-CHI-11,Highland Peak Japon,Sin Filtro,Rubio,Normal,t,408
NIF-JAP-CHI-11,Ocean Breeze Alemania,Sin Filtro,Negro,Normal,t,190
NIF-JAP-CHI-11,Midnight Silk Japon,Sin Filtro,Rubio,Normal,f,443
NIF-JAP-CHI-11,Gold Leaf Japon,Con Filtro,Rubio,UltraLight,f,315
NIF-JAP-CHI-11,Highland Peak Japon,Con Filtro,Rubio,Light,f,461
NIF-JAP-CHI-11,Mountain Mist Reino,Sin Filtro,Negro,Normal,t,98
NIF-JAP-CHI-11,Pure Essence Alemania,Sin Filtro,Rubio,Normal,f,123
NIF-JAP-CHI-11,Gold Leaf Chile,Con Filtro,Rubio,Light,f,99
NIF-JAP-CHI-11,Gold Leaf Japon,Sin Filtro,Negro,Normal,t,296
NIF-JAP-CHI-11,Silver Lining Chile,Con Filtro,Negro,Normal,t,214
NIF-JAP-CHI-11,Pure Essence Alemania,Sin Filtro,Rubio,Normal,t,141
NIF-JAP-CHI-11,Highland Peak Argentina,Con Filtro,Rubio,SuperLight,f,127
NIF-JAP-CHI-11,Pure Essence Alemania,Sin Filtro,Negro,Normal,f,404
NIF-JAP-CHI-12,Highland Peak Argentina,Sin Filtro,Rubio,Normal,f,225
NIF-JAP-CHI-12,Urban Classic Alemania,Con Filtro,Negro,Light,f,279
NIF-JAP-CHI-12,Mountain Mist Japon,Con Filtro,Negro,Normal,t,477
NIF-JAP-CHI-12,Highland Peak Reino,Con Filtro,Rubio,Normal,t,143
NIF-JAP-CHI-12,Gold Leaf Japon,Con Filtro,Rubio,Normal,f,318
NIF-JAP-CHI-12,Pure Essence Argentina,Con Filtro,Rubio,UltraLight,f,147
NIF-JAP-CHI-12,Silver Lining Reino,Con Filtro,Negro,Normal,t,423
NIF-JAP-CHI-12,Silver Lining Argentina,Con Filtro,Rubio,Normal,t,154
NIF-JAP-CHI-12,Royal Blend Chile,Sin Filtro,Negro,Normal,f,220
NIF-JAP-CHI-12,Royal Blend Reino,Con Filtro,Negro,Normal,f,94
NIF-JAP-CHI-12,Urban Classic Alemania,Sin Filtro,Negro,Normal,f,165
NIF-JAP-CHI-12,Urban Classic Argentina,Con Filtro,Rubio,Normal,t,227
NIF-JAP-CHI-12,Amber Haze Reino,Sin Filtro,Rubio,Normal,t,483
NIF-JAP-CHI-13,Mountain Mist Alemania,Sin Filtro,Rubio,Normal,f,94
NIF-JAP-CHI-13,Royal Blend Japon,Sin Filtro,Rubio,Normal,t,358
NIF-JAP-CHI-13,Ocean Breeze Argentina,Con Filtro,Negro,Normal,t,234
NIF-JAP-CHI-13,Royal Blend Argentina,Con Filtro,Negro,Normal,t,328
NIF-JAP-CHI-13,Highland Peak Argentina,Sin Filtro,Rubio,Normal,f,400
NIF-JAP-CHI-13,Midnight Silk Argentina,Sin Filtro,Rubio,Normal,f,204
NIF-JAP-CHI-13,Mountain Mist Japon,Con Filtro,Negro,Normal,t,152
NIF-JAP-CHI-13,Silver Lining Argentina,Con Filtro,Negro,Normal,t,442
NIF-JAP-CHI-13,Mountain Mist Alemania,Sin Filtro,Rubio,Normal,t,104
NIF-JAP-CHI-13,Ocean Breeze Reino,Sin Filtro,Negro,Normal,f,434
NIF-JAP-CHI-13,Midnight Silk Alemania,Sin Filtro,Rubio,Normal,f,58
NIF-JAP-CHI-13,Urban Classic Argentina,Sin Filtro,Rubio,Normal,f,197
NIF-JAP-CHI-13,Urban Classic Alemania,Sin Filtro,Negro,Normal,f,444
NIF-JAP-CHI-13,Amber Haze Chile,Con Filtro,Rubio,Light,f,123
NIF-JAP-CHI-13,Urban Classic Reino,Sin Filtro,Negro,Normal,t,253
NIF-JAP-CHI-13,Gold Leaf Chile,Sin Filtro,Negro,Normal,t,112
NIF-JAP-CHI-13,Ocean Breeze Chile,Con Filtro,Rubio,Normal,t,219
NIF-JAP-CHI-13,Mountain Mist Argentina,Sin Filtro,Negro,Normal,t,365
NIF-JAP-CHI-13,Pure Essence Alemania,Con Filtro,Negro,Normal,f,318
NIF-JAP-CHI-13,Gold Leaf Argentina,Con Filtro,Rubio,Normal,t,371
NIF-JAP-CHI-13,Amber Haze Japon,Con Filtro,Rubio,Normal,t,479
NIF-JAP-CHI-13,Pure Essence Alemania,Sin Filtro,Rubio,Normal,t,215
NIF-JAP-CHI-13,Royal Blend Japon,Sin Filtro,Negro,Normal,f,386
NIF-JAP-CHI-13,Mountain Mist Alemania,Sin Filtro,Negro,Normal,t,408
NIF-JAP-CHI-13,Amber Haze Japon,Sin Filtro,Negro,Normal,t,456
NIF-JAP-CHI-14,Highland Peak Chile,Con Filtro,Rubio,SuperLight,f,139
NIF-JAP-CHI-14,Gold Leaf Argentina,Con Filtro,Rubio,Light,f,79
NIF-JAP-CHI-14,Urban Classic Chile,Sin Filtro,Rubio,Normal,f,499
NIF-JAP-CHI-14,Midnight Silk Chile,Con Filtro,Negro,Normal,t,108
NIF-JAP-CHI-14,Midnight Silk Reino,Sin Filtro,Rubio,Normal,t,61
NIF-JAP-CHI-14,Pure Essence Reino,Con Filtro,Negro,Normal,f,500
NIF-JAP-CHI-14,Gold Leaf Japon,Sin Filtro,Negro,Normal,t,368
NIF-JAP-CHI-14,Royal Blend Alemania,Sin Filtro,Rubio,Normal,t,116
NIF-JAP-CHI-14,Mountain Mist Alemania,Sin Filtro,Negro,Normal,f,115
NIF-JAP-CHI-14,Silver Lining Chile,Con Filtro,Negro,SuperLight,f,239
NIF-JAP-CHI-14,Amber Haze Argentina,Sin Filtro,Rubio,Normal,f,67
NIF-JAP-CHI-14,Gold Leaf Alemania,Sin Filtro,Rubio,Normal,f,198
NIF-JAP-CHI-14,Highland Peak Chile,Con Filtro,Negro,Normal,f,129
NIF-JAP-CHI-14,Silver Lining Reino,Con Filtro,Negro,SuperLight,f,491
NIF-JAP-CHI-14,Gold Leaf Reino,Con Filtro,Rubio,Normal,f,57
NIF-JAP-CHI-14,Royal Blend Japon,Sin Filtro,Negro,Normal,t,424
NIF-JAP-CHI-15,Royal Blend Chile,Con Filtro,Negro,Normal,t,109
NIF-JAP-CHI-15,Midnight Silk Japon,Con Filtro,Rubio,Normal,t,166
NIF-JAP-CHI-15,Amber Haze Reino,Sin Filtro,Rubio,Normal,t,60
NIF-JAP-CHI-15,Mountain Mist Japon,Con Filtro,Negro,Normal,t,53
NIF-JAP-CHI-15,Mountain Mist Chile,Con Filtro,Negro,Normal,t,456
NIF-JAP-CHI-15,Gold Leaf Alemania,Con Filtro,Rubio,Normal,t,256
NIF-JAP-CHI-15,Ocean Breeze Japon,Con Filtro,Rubio,Normal,t,57
NIF-JAP-CHI-15,Silver Lining Alemania,Sin Filtro,Negro,Normal,t,299
NIF-JAP-CHI-15,Ocean Breeze Reino,Sin Filtro,Negro,Normal,t,192
NIF-JAP-CHI-15,Ocean Breeze Alemania,Sin Filtro,Rubio,Normal,t,109
NIF-JAP-CHI-15,Mountain Mist Alemania,Con Filtro,Negro,Normal,t,173
NIF-JAP-CHI-15,Mountain Mist Japon,Sin Filtro,Rubio,Normal,t,289
NIF-JAP-TAI-1,Gold Leaf Alemania,Sin Filtro,Rubio,Normal,f,87
NIF-JAP-TAI-1,Ocean Breeze Alemania,Sin Filtro,Negro,Normal,t,307
NIF-JAP-TAI-1,Pure Essence Alemania,Sin Filtro,Rubio,Normal,f,264
NIF-JAP-TAI-1,Silver Lining Argentina,Con Filtro,Rubio,Normal,t,180
NIF-JAP-TAI-1,Pure Essence Alemania,Sin Filtro,Rubio,Normal,t,421
NIF-JAP-TAI-1,Ocean Breeze Reino,Con Filtro,Rubio,Normal,f,365
NIF-JAP-TAI-1,Royal Blend Reino,Con Filtro,Negro,Normal,f,285
NIF-JAP-TAI-1,Pure Essence Chile,Con Filtro,Rubio,SuperLight,f,75
NIF-JAP-TAI-1,Ocean Breeze Japon,Sin Filtro,Rubio,Normal,t,209
NIF-JAP-TAI-1,Gold Leaf Argentina,Con Filtro,Rubio,Light,f,466
NIF-JAP-TAI-1,Silver Lining Chile,Sin Filtro,Rubio,Normal,t,488
NIF-JAP-TAI-1,Pure Essence Reino,Sin Filtro,Rubio,Normal,t,304
NIF-JAP-TAI-1,Highland Peak Alemania,Con Filtro,Negro,Normal,f,190
NIF-JAP-TAI-1,Royal Blend Alemania,Con Filtro,Rubio,Normal,t,500
NIF-JAP-TAI-1,Highland Peak Japon,Con Filtro,Rubio,Light,f,311
NIF-JAP-TAI-1,Pure Essence Argentina,Sin Filtro,Rubio,Normal,t,55
NIF-JAP-TAI-1,Amber Haze Japon,Sin Filtro,Negro,Normal,t,56
NIF-JAP-TAI-1,Silver Lining Argentina,Con Filtro,Negro,Normal,t,348
NIF-JAP-TAI-1,Pure Essence Reino,Con Filtro,Rubio,Normal,f,378
NIF-JAP-TAI-1,Mountain Mist Chile,Sin Filtro,Rubio,Normal,f,381
NIF-JAP-TAI-1,Silver Lining Japon,Sin Filtro,Rubio,Normal,f,246
NIF-JAP-TAI-1,Midnight Silk Japon,Con Filtro,Rubio,Light,f,261
NIF-JAP-TAI-1,Amber Haze Chile,Con Filtro,Rubio,Normal,t,479
NIF-JAP-TAI-1,Urban Classic Argentina,Sin Filtro,Negro,Normal,f,226
NIF-JAP-TAI-2,Gold Leaf Reino,Sin Filtro,Rubio,Normal,t,104
NIF-JAP-TAI-2,Amber Haze Chile,Con Filtro,Rubio,SuperLight,f,109
NIF-JAP-TAI-2,Gold Leaf Japon,Sin Filtro,Rubio,Normal,t,430
NIF-JAP-TAI-2,Amber Haze Reino,Con Filtro,Rubio,Normal,t,231
NIF-JAP-TAI-2,Midnight Silk Japon,Con Filtro,Negro,SuperLight,f,279
NIF-JAP-TAI-2,Mountain Mist Japon,Sin Filtro,Rubio,Normal,t,458
NIF-JAP-TAI-2,Royal Blend Chile,Con Filtro,Rubio,Normal,t,124
NIF-JAP-TAI-2,Midnight Silk Chile,Sin Filtro,Rubio,Normal,f,405
NIF-JAP-TAI-2,Highland Peak Argentina,Con Filtro,Negro,Normal,f,241
NIF-JAP-TAI-2,Gold Leaf Reino,Con Filtro,Rubio,Normal,t,472
NIF-JAP-TAI-2,Mountain Mist Reino,Sin Filtro,Negro,Normal,f,315
NIF-JAP-TAI-2,Gold Leaf Argentina,Sin Filtro,Rubio,Normal,t,441
NIF-JAP-TAI-2,Royal Blend Japon,Sin Filtro,Rubio,Normal,f,326
NIF-JAP-TAI-2,Silver Lining Chile,Con Filtro,Negro,SuperLight,f,476
NIF-JAP-TAI-2,Highland Peak Reino,Sin Filtro,Rubio,Normal,t,257
NIF-JAP-TAI-2,Royal Blend Reino,Sin Filtro,Rubio,Normal,t,270
NIF-JAP-TAI-2,Royal Blend Japon,Sin Filtro,Negro,Normal,t,171
NIF-JAP-TAI-2,Ocean Breeze Argentina,Con Filtro,Negro,Normal,t,372
NIF-JAP-TAI-2,Silver Lining Alemania,Sin Filtro,Negro,Normal,t,477
NIF-JAP-TAI-2,Pure Essence Reino,Sin Filtro,Negro,Normal,t,327
NIF-JAP-TAI-2,Urban Classic Alemania,Sin Filtro,Rubio,Normal,t,186
NIF-JAP-TAI-2,Royal Blend Japon,Sin Filtro,Rubio,Normal,t,339
NIF-JAP-TAI-2,Mountain Mist Alemania,Sin Filtro,Negro,Normal,t,335
NIF-JAP-TAI-2,Pure Essence Chile,Sin Filtro,Rubio,Normal,f,420
NIF-JAP-TAI-2,Gold Leaf Alemania,Sin Filtro,Negro,Normal,t,131
NIF-JAP-TAI-2,Ocean Breeze Alemania,Con Filtro,Negro,SuperLight,f,456
NIF-JAP-TAI-3,Ocean Breeze Argentina,Con Filtro,Rubio,Normal,t,440
NIF-JAP-TAI-3,Gold Leaf Reino,Sin Filtro,Negro,Normal,f,113
NIF-JAP-TAI-3,Midnight Silk Reino,Con Filtro,Rubio,SuperLight,f,359
NIF-JAP-TAI-3,Urban Classic Alemania,Sin Filtro,Negro,Normal,t,391
NIF-JAP-TAI-3,Royal Blend Alemania,Sin Filtro,Rubio,Normal,t,148
NIF-JAP-TAI-3,Gold Leaf Alemania,Sin Filtro,Rubio,Normal,f,396
NIF-JAP-TAI-3,Royal Blend Chile,Sin Filtro,Negro,Normal,t,436
NIF-JAP-TAI-3,Royal Blend Argentina,Con Filtro,Negro,Normal,t,85
NIF-JAP-TAI-3,Pure Essence Reino,Sin Filtro,Rubio,Normal,t,196
NIF-JAP-TAI-3,Royal Blend Argentina,Sin Filtro,Negro,Normal,f,157
NIF-JAP-TAI-3,Amber Haze Argentina,Sin Filtro,Negro,Normal,t,375
NIF-JAP-TAI-3,Urban Classic Argentina,Sin Filtro,Negro,Normal,t,229
NIF-JAP-TAI-3,Midnight Silk Argentina,Sin Filtro,Rubio,Normal,t,245
NIF-JAP-TAI-3,Royal Blend Alemania,Con Filtro,Rubio,Normal,t,320
NIF-JAP-TAI-3,Gold Leaf Argentina,Con Filtro,Rubio,Light,f,448
NIF-JAP-TAI-3,Royal Blend Alemania,Sin Filtro,Rubio,Normal,t,261
NIF-JAP-TAI-3,Ocean Breeze Argentina,Sin Filtro,Negro,Normal,f,492
NIF-JAP-TAI-3,Royal Blend Reino,Con Filtro,Negro,SuperLight,f,155
NIF-JAP-TAI-3,Mountain Mist Japon,Con Filtro,Negro,Normal,t,415
NIF-JAP-TAI-3,Gold Leaf Chile,Sin Filtro,Negro,Normal,f,309
NIF-JAP-TAI-3,Silver Lining Reino,Con Filtro,Rubio,UltraLight,f,413
NIF-JAP-TAI-3,Midnight Silk Argentina,Sin Filtro,Negro,Normal,f,302
NIF-JAP-TAI-3,Ocean Breeze Argentina,Con Filtro,Negro,SuperLight,f,270
NIF-JAP-TAI-4,Silver Lining Chile,Con Filtro,Rubio,Normal,t,457
NIF-JAP-TAI-4,Mountain Mist Argentina,Sin Filtro,Negro,Normal,t,261
NIF-JAP-TAI-4,Midnight Silk Alemania,Sin Filtro,Rubio,Normal,f,236
NIF-JAP-TAI-4,Gold Leaf Japon,Con Filtro,Negro,SuperLight,f,417
NIF-JAP-TAI-4,Highland Peak Argentina,Sin Filtro,Rubio,Normal,f,82
NIF-JAP-TAI-4,Gold Leaf Japon,Con Filtro,Rubio,Normal,t,381
NIF-JAP-TAI-4,Gold Leaf Alemania,Con Filtro,Negro,Light,f,207
NIF-JAP-TAI-4,Midnight Silk Argentina,Sin Filtro,Rubio,Normal,t,132
NIF-JAP-TAI-4,Highland Peak Alemania,Con Filtro,Rubio,SuperLight,f,336
NIF-JAP-TAI-4,Urban Classic Chile,Sin Filtro,Rubio,Normal,f,136
NIF-JAP-TAI-4,Amber Haze Reino,Sin Filtro,Rubio,Normal,t,326
NIF-JAP-TAI-5,Amber Haze Japon,Con Filtro,Rubio,Normal,t,60
NIF-JAP-TAI-5,Amber Haze Chile,Con Filtro,Rubio,SuperLight,f,108
NIF-JAP-TAI-5,Mountain Mist Chile,Con Filtro,Rubio,Normal,t,359
NIF-JAP-TAI-5,Silver Lining Alemania,Con Filtro,Negro,Normal,t,484
NIF-JAP-TAI-5,Highland Peak Chile,Con Filtro,Negro,Normal,t,345
NIF-JAP-TAI-5,Royal Blend Reino,Con Filtro,Negro,SuperLight,f,90
NIF-JAP-TAI-5,Ocean Breeze Japon,Sin Filtro,Negro,Normal,t,211
NIF-JAP-TAI-5,Royal Blend Reino,Sin Filtro,Rubio,Normal,f,298
NIF-JAP-TAI-5,Silver Lining Argentina,Con Filtro,Rubio,Normal,t,485
NIF-JAP-TAI-5,Royal Blend Alemania,Con Filtro,Negro,Light,f,382
NIF-JAP-TAI-5,Gold Leaf Alemania,Sin Filtro,Rubio,Normal,f,183
NIF-JAP-TAI-5,Gold Leaf Reino,Con Filtro,Negro,SuperLight,f,345
NIF-JAP-TAI-5,Ocean Breeze Alemania,Sin Filtro,Rubio,Normal,t,363
NIF-JAP-TAI-5,Highland Peak Alemania,Con Filtro,Negro,Normal,f,311
NIF-JAP-TAI-5,Amber Haze Alemania,Sin Filtro,Negro,Normal,t,460
NIF-JAP-TAI-5,Urban Classic Argentina,Con Filtro,Negro,Normal,f,344
NIF-JAP-TAI-5,Amber Haze Japon,Sin Filtro,Rubio,Normal,f,110
NIF-JAP-TAI-5,Gold Leaf Argentina,Con Filtro,Negro,Normal,t,262
NIF-JAP-TAI-6,Ocean Breeze Reino,Con Filtro,Rubio,UltraLight,f,192
NIF-JAP-TAI-6,Silver Lining Chile,Con Filtro,Negro,SuperLight,f,210
NIF-JAP-TAI-6,Royal Blend Alemania,Sin Filtro,Rubio,Normal,t,375
NIF-JAP-TAI-6,Midnight Silk Reino,Sin Filtro,Negro,Normal,t,450
NIF-JAP-TAI-6,Highland Peak Reino,Sin Filtro,Rubio,Normal,t,174
NIF-JAP-TAI-6,Pure Essence Argentina,Con Filtro,Rubio,Normal,t,148
NIF-JAP-TAI-6,Royal Blend Chile,Sin Filtro,Negro,Normal,t,172
NIF-JAP-TAI-6,Pure Essence Alemania,Sin Filtro,Rubio,Normal,t,383
NIF-JAP-TAI-6,Mountain Mist Alemania,Sin Filtro,Negro,Normal,t,119
NIF-JAP-TAI-6,Pure Essence Reino,Sin Filtro,Rubio,Normal,t,384
NIF-JAP-TAI-6,Urban Classic Chile,Sin Filtro,Rubio,Normal,f,259
NIF-JAP-TAI-6,Royal Blend Reino,Con Filtro,Negro,Normal,f,51
NIF-JAP-TAI-6,Silver Lining Alemania,Con Filtro,Negro,Normal,t,366
NIF-JAP-TAI-6,Midnight Silk Reino,Con Filtro,Negro,Normal,t,148
NIF-JAP-TAI-6,Mountain Mist Japon,Sin Filtro,Negro,Normal,t,85
NIF-JAP-TAI-6,Silver Lining Chile,Con Filtro,Rubio,Normal,t,278
NIF-JAP-TAI-6,Gold Leaf Chile,Sin Filtro,Rubio,Normal,f,409
NIF-JAP-TAI-6,Silver Lining Chile,Sin Filtro,Negro,Normal,f,342
NIF-JAP-TAI-6,Midnight Silk Argentina,Sin Filtro,Negro,Normal,t,180
NIF-JAP-TAI-6,Midnight Silk Argentina,Con Filtro,Rubio,Normal,f,365
NIF-JAP-TAI-6,Gold Leaf Chile,Con Filtro,Rubio,UltraLight,f,401
NIF-JAP-TAI-6,Highland Peak Japon,Sin Filtro,Rubio,Normal,f,424
NIF-JAP-TAI-6,Highland Peak Reino,Con Filtro,Negro,SuperLight,f,381
NIF-JAP-TAI-6,Midnight Silk Chile,Con Filtro,Negro,Normal,t,426
NIF-JAP-TAI-6,Mountain Mist Japon,Con Filtro,Negro,Normal,t,381
NIF-JAP-TAI-6,Amber Haze Reino,Sin Filtro,Rubio,Normal,f,486
NIF-JAP-TAI-6,Amber Haze Reino,Sin Filtro,Negro,Normal,t,445
NIF-JAP-TAI-6,Midnight Silk Reino,Sin Filtro,Rubio,Normal,t,284
NIF-JAP-TAI-6,Highland Peak Argentina,Sin Filtro,Rubio,Normal,f,268
NIF-JAP-TAI-7,Gold Leaf Chile,Sin Filtro,Negro,Normal,t,436
NIF-JAP-TAI-7,Pure Essence Japon,Sin Filtro,Negro,Normal,f,287
NIF-JAP-TAI-7,Midnight Silk Alemania,Sin Filtro,Rubio,Normal,t,465
NIF-JAP-TAI-7,Silver Lining Japon,Con Filtro,Rubio,Normal,f,321
NIF-JAP-TAI-7,Midnight Silk Argentina,Sin Filtro,Rubio,Normal,t,154
NIF-JAP-TAI-7,Silver Lining Argentina,Sin Filtro,Negro,Normal,t,291
NIF-JAP-TAI-7,Amber Haze Chile,Con Filtro,Rubio,Normal,t,239
NIF-JAP-TAI-7,Gold Leaf Japon,Sin Filtro,Negro,Normal,f,79
NIF-JAP-TAI-7,Mountain Mist Reino,Sin Filtro,Negro,Normal,f,157
NIF-JAP-TAI-7,Mountain Mist Japon,Con Filtro,Rubio,Normal,t,68
NIF-JAP-TAI-7,Mountain Mist Chile,Sin Filtro,Rubio,Normal,t,385
NIF-JAP-TAI-7,Urban Classic Alemania,Sin Filtro,Rubio,Normal,f,341
NIF-JAP-TAI-7,Gold Leaf Japon,Con Filtro,Rubio,UltraLight,f,186
NIF-JAP-TAI-7,Highland Peak Alemania,Sin Filtro,Negro,Normal,t,455
NIF-JAP-TAI-7,Mountain Mist Alemania,Con Filtro,Negro,Normal,t,321
NIF-JAP-TAI-7,Amber Haze Reino,Sin Filtro,Negro,Normal,t,109
NIF-JAP-TAI-7,Pure Essence Alemania,Sin Filtro,Rubio,Normal,t,60
NIF-JAP-TAI-7,Royal Blend Argentina,Con Filtro,Rubio,UltraLight,f,471
NIF-JAP-TAI-7,Ocean Breeze Reino,Sin Filtro,Negro,Normal,f,148
NIF-JAP-TAI-7,Royal Blend Argentina,Con Filtro,Negro,Normal,t,75
NIF-JAP-TAI-7,Royal Blend Alemania,Con Filtro,Rubio,Normal,t,336
NIF-JAP-TAI-7,Midnight Silk Argentina,Sin Filtro,Rubio,Normal,f,118
NIF-JAP-TAI-7,Gold Leaf Reino,Con Filtro,Negro,SuperLight,f,195
NIF-JAP-TAI-7,Urban Classic Reino,Con Filtro,Rubio,Normal,t,221
NIF-JAP-TAI-7,Ocean Breeze Japon,Sin Filtro,Negro,Normal,f,135
NIF-JAP-TAI-8,Ocean Breeze Chile,Con Filtro,Negro,Normal,f,130
NIF-JAP-TAI-8,Royal Blend Argentina,Con Filtro,Rubio,Light,f,246
NIF-JAP-TAI-8,Urban Classic Japon,Sin Filtro,Rubio,Normal,t,62
NIF-JAP-TAI-8,Royal Blend Reino,Con Filtro,Rubio,Normal,t,189
NIF-JAP-TAI-8,Pure Essence Chile,Sin Filtro,Negro,Normal,f,72
NIF-JAP-TAI-8,Ocean Breeze Alemania,Con Filtro,Negro,SuperLight,f,360
NIF-JAP-TAI-8,Amber Haze Alemania,Sin Filtro,Rubio,Normal,f,256
NIF-JAP-TAI-8,Ocean Breeze Reino,Sin Filtro,Negro,Normal,t,385
NIF-JAP-TAI-8,Midnight Silk Chile,Con Filtro,Negro,Normal,t,449
NIF-JAP-TAI-8,Midnight Silk Argentina,Sin Filtro,Negro,Normal,f,141
NIF-JAP-TAI-8,Urban Classic Argentina,Con Filtro,Rubio,Normal,t,252
NIF-JAP-TAI-8,Mountain Mist Reino,Sin Filtro,Negro,Normal,t,166
NIF-JAP-TAI-8,Pure Essence Chile,Con Filtro,Rubio,SuperLight,f,358
NIF-JAP-TAI-8,Midnight Silk Alemania,Sin Filtro,Rubio,Normal,t,299
NIF-JAP-TAI-8,Urban Classic Argentina,Sin Filtro,Rubio,Normal,f,189
NIF-JAP-TAI-8,Silver Lining Argentina,Con Filtro,Rubio,Normal,t,303
NIF-JAP-TAI-8,Ocean Breeze Japon,Con Filtro,Rubio,Normal,f,385
NIF-JAP-TAI-8,Urban Classic Reino,Con Filtro,Negro,Normal,t,228
NIF-JAP-TAI-8,Silver Lining Chile,Con Filtro,Negro,Normal,t,106
NIF-JAP-TAI-8,Royal Blend Japon,Con Filtro,Negro,Normal,t,184
NIF-JAP-TAI-9,Ocean Breeze Alemania,Con Filtro,Negro,SuperLight,f,182
NIF-JAP-TAI-9,Pure Essence Argentina,Con Filtro,Negro,Normal,t,405
NIF-JAP-TAI-9,Pure Essence Reino,Sin Filtro,Negro,Normal,f,425
NIF-JAP-TAI-9,Pure Essence Alemania,Sin Filtro,Negro,Normal,f,360
NIF-JAP-TAI-9,Ocean Breeze Chile,Con Filtro,Rubio,UltraLight,f,102
NIF-JAP-TAI-9,Ocean Breeze Japon,Sin Filtro,Negro,Normal,f,498
NIF-JAP-TAI-9,Midnight Silk Argentina,Sin Filtro,Rubio,Normal,t,430
NIF-JAP-TAI-9,Pure Essence Argentina,Con Filtro,Rubio,Normal,t,202
NIF-JAP-TAI-9,Ocean Breeze Chile,Con Filtro,Rubio,Normal,t,474
NIF-JAP-TAI-9,Royal Blend Chile,Con Filtro,Rubio,Normal,t,165
NIF-JAP-TAI-9,Mountain Mist Reino,Con Filtro,Negro,SuperLight,f,451
NIF-JAP-TAI-9,Royal Blend Chile,Sin Filtro,Rubio,Normal,t,311
NIF-JAP-TAI-9,Gold Leaf Chile,Con Filtro,Rubio,Light,f,162
NIF-JAP-TAI-10,Gold Leaf Chile,Sin Filtro,Negro,Normal,t,307
NIF-JAP-TAI-10,Mountain Mist Alemania,Sin Filtro,Rubio,Normal,f,88
NIF-JAP-TAI-10,Pure Essence Chile,Con Filtro,Negro,SuperLight,f,291
NIF-JAP-TAI-10,Gold Leaf Japon,Sin Filtro,Negro,Normal,t,155
NIF-JAP-TAI-10,Pure Essence Argentina,Con Filtro,Rubio,UltraLight,f,493
NIF-JAP-TAI-10,Midnight Silk Japon,Con Filtro,Negro,UltraLight,f,78
NIF-JAP-TAI-10,Ocean Breeze Alemania,Con Filtro,Rubio,Light,f,371
NIF-JAP-TAI-10,Highland Peak Argentina,Sin Filtro,Rubio,Normal,f,247
NIF-JAP-TAI-10,Urban Classic Reino,Sin Filtro,Negro,Normal,t,267
NIF-JAP-TAI-10,Mountain Mist Japon,Sin Filtro,Negro,Normal,t,489
NIF-JAP-TAI-10,Urban Classic Alemania,Sin Filtro,Negro,Normal,f,293
NIF-JAP-TAI-10,Pure Essence Alemania,Sin Filtro,Rubio,Normal,t,95
NIF-JAP-TAI-10,Silver Lining Reino,Con Filtro,Rubio,UltraLight,f,108
NIF-JAP-TAI-10,Mountain Mist Reino,Sin Filtro,Negro,Normal,f,283
NIF-JAP-TAI-10,Highland Peak Japon,Sin Filtro,Rubio,Normal,t,364
NIF-JAP-TAI-10,Urban Classic Japon,Sin Filtro,Rubio,Normal,f,360
NIF-JAP-TAI-10,Mountain Mist Japon,Con Filtro,Rubio,Light,f,117
NIF-JAP-TAI-10,Royal Blend Chile,Sin Filtro,Negro,Normal,f,415
NIF-JAP-TAI-10,Silver Lining Japon,Con Filtro,Negro,Normal,t,287
NIF-JAP-TAI-10,Silver Lining Reino,Con Filtro,Negro,Normal,t,278
NIF-JAP-TAI-10,Silver Lining Reino,Sin Filtro,Negro,Normal,f,94
NIF-JAP-TAI-10,Midnight Silk Argentina,Sin Filtro,Rubio,Normal,f,260
NIF-JAP-TAI-10,Gold Leaf Reino,Con Filtro,Rubio,Normal,t,183
NIF-JAP-TAI-10,Amber Haze Chile,Con Filtro,Negro,Light,f,378
NIF-JAP-TAI-10,Ocean Breeze Alemania,Sin Filtro,Negro,Normal,t,84
NIF-JAP-TAI-10,Highland Peak Argentina,Sin Filtro,Rubio,Normal,f,188
NIF-JAP-TAI-10,Ocean Breeze Reino,Sin Filtro,Negro,Normal,t,471
NIF-JAP-TAI-10,Ocean Breeze Argentina,Con Filtro,Rubio,Normal,t,329
NIF-JAP-TAI-10,Ocean Breeze Chile,Sin Filtro,Negro,Normal,f,99
NIF-JAP-TAI-10,Highland Peak Alemania,Sin Filtro,Rubio,Normal,f,105
NIF-JAP-TAI-11,Amber Haze Alemania,Con Filtro,Negro,Normal,f,83
NIF-JAP-TAI-11,Pure Essence Reino,Sin Filtro,Negro,Normal,t,313
NIF-JAP-TAI-11,Royal Blend Chile,Sin Filtro,Negro,Normal,f,486
NIF-JAP-TAI-11,Pure Essence Reino,Con Filtro,Negro,Normal,t,261
NIF-JAP-TAI-11,Mountain Mist Argentina,Sin Filtro,Negro,Normal,t,130
NIF-JAP-TAI-11,Silver Lining Chile,Con Filtro,Rubio,Normal,t,208
NIF-JAP-TAI-11,Urban Classic Alemania,Con Filtro,Negro,Normal,t,77
NIF-JAP-TAI-11,Midnight Silk Japon,Sin Filtro,Rubio,Normal,f,62
NIF-JAP-TAI-11,Highland Peak Alemania,Con Filtro,Negro,Normal,f,203
NIF-JAP-TAI-11,Silver Lining Reino,Con Filtro,Negro,Normal,t,475
NIF-JAP-TAI-11,Royal Blend Chile,Con Filtro,Rubio,SuperLight,f,468
NIF-JAP-TAI-11,Amber Haze Alemania,Sin Filtro,Rubio,Normal,f,349
NIF-JAP-TAI-11,Royal Blend Japon,Sin Filtro,Rubio,Normal,t,439
NIF-JAP-TAI-11,Gold Leaf Japon,Con Filtro,Rubio,Normal,t,89
NIF-JAP-TAI-11,Amber Haze Japon,Con Filtro,Rubio,Normal,t,231
NIF-JAP-TAI-11,Royal Blend Chile,Sin Filtro,Negro,Normal,t,201
NIF-JAP-TAI-11,Urban Classic Chile,Sin Filtro,Rubio,Normal,f,496
NIF-JAP-TAI-11,Amber Haze Reino,Sin Filtro,Rubio,Normal,t,423
NIF-JAP-TAI-11,Pure Essence Japon,Sin Filtro,Negro,Normal,f,459
NIF-JAP-TAI-11,Midnight Silk Argentina,Sin Filtro,Negro,Normal,f,332
NIF-JAP-TAI-11,Amber Haze Chile,Con Filtro,Rubio,Light,f,275
NIF-JAP-TAI-12,Pure Essence Argentina,Sin Filtro,Rubio,Normal,t,345
NIF-JAP-TAI-12,Pure Essence Argentina,Con Filtro,Rubio,UltraLight,f,400
NIF-JAP-TAI-12,Midnight Silk Japon,Sin Filtro,Rubio,Normal,f,288
NIF-JAP-TAI-12,Amber Haze Reino,Sin Filtro,Negro,Normal,t,299
NIF-JAP-TAI-12,Gold Leaf Argentina,Sin Filtro,Rubio,Normal,f,433
NIF-JAP-TAI-12,Royal Blend Argentina,Sin Filtro,Negro,Normal,f,114
NIF-JAP-TAI-12,Gold Leaf Reino,Con Filtro,Rubio,Normal,f,110
NIF-JAP-TAI-12,Silver Lining Alemania,Sin Filtro,Rubio,Normal,f,59
NIF-JAP-TAI-12,Pure Essence Reino,Sin Filtro,Negro,Normal,t,246
NIF-JAP-TAI-12,Royal Blend Argentina,Con Filtro,Negro,Normal,t,115
NIF-JAP-TAI-12,Pure Essence Alemania,Sin Filtro,Rubio,Normal,t,52
NIF-JAP-TAI-12,Ocean Breeze Reino,Con Filtro,Rubio,UltraLight,f,482
NIF-JAP-TAI-12,Gold Leaf Alemania,Sin Filtro,Rubio,Normal,f,135
NIF-JAP-TAI-12,Midnight Silk Alemania,Sin Filtro,Rubio,Normal,t,400
NIF-JAP-TAI-12,Midnight Silk Reino,Con Filtro,Negro,UltraLight,f,438
NIF-JAP-TAI-12,Urban Classic Japon,Sin Filtro,Rubio,Normal,t,74
NIF-JAP-TAI-12,Silver Lining Argentina,Con Filtro,Negro,Normal,t,214
NIF-JAP-TAI-12,Amber Haze Reino,Sin Filtro,Rubio,Normal,t,388
NIF-JAP-TAI-12,Pure Essence Japon,Sin Filtro,Rubio,Normal,t,84
NIF-JAP-TAI-12,Highland Peak Reino,Con Filtro,Rubio,Normal,t,495
NIF-JAP-TAI-12,Urban Classic Argentina,Con Filtro,Negro,Normal,f,351
NIF-JAP-TAI-12,Ocean Breeze Japon,Con Filtro,Rubio,Normal,t,259
NIF-JAP-TAI-12,Royal Blend Argentina,Con Filtro,Negro,Normal,t,348
NIF-JAP-TAI-12,Highland Peak Argentina,Con Filtro,Rubio,Normal,f,393
NIF-JAP-TAI-12,Gold Leaf Alemania,Sin Filtro,Negro,Normal,f,122
NIF-JAP-TAI-12,Midnight Silk Argentina,Sin Filtro,Rubio,Normal,t,329
NIF-JAP-TAI-13,Urban Classic Alemania,Sin Filtro,Rubio,Normal,f,327
NIF-JAP-TAI-13,Highland Peak Chile,Con Filtro,Negro,Light,f,280
NIF-JAP-TAI-13,Silver Lining Japon,Sin Filtro,Rubio,Normal,f,443
NIF-JAP-TAI-13,Gold Leaf Alemania,Sin Filtro,Rubio,Normal,f,74
NIF-JAP-TAI-13,Pure Essence Reino,Sin Filtro,Rubio,Normal,t,344
NIF-JAP-TAI-13,Amber Haze Chile,Con Filtro,Rubio,Light,f,331
NIF-JAP-TAI-13,Mountain Mist Argentina,Sin Filtro,Rubio,Normal,t,430
NIF-JAP-TAI-13,Silver Lining Chile,Sin Filtro,Rubio,Normal,t,242
NIF-JAP-TAI-13,Silver Lining Argentina,Con Filtro,Negro,Normal,t,174
NIF-JAP-TAI-13,Urban Classic Japon,Con Filtro,Rubio,Normal,t,388
NIF-JAP-TAI-13,Pure Essence Japon,Con Filtro,Negro,Light,f,281
NIF-JAP-TAI-13,Royal Blend Argentina,Sin Filtro,Negro,Normal,f,389
NIF-JAP-TAI-13,Highland Peak Chile,Con Filtro,Negro,Normal,f,319
NIF-JAP-TAI-13,Highland Peak Chile,Sin Filtro,Negro,Normal,t,393
NIF-JAP-TAI-14,Pure Essence Chile,Sin Filtro,Negro,Normal,f,338
NIF-JAP-TAI-14,Mountain Mist Chile,Sin Filtro,Rubio,Normal,f,380
NIF-JAP-TAI-14,Gold Leaf Reino,Sin Filtro,Rubio,Normal,t,111
NIF-JAP-TAI-14,Amber Haze Reino,Sin Filtro,Rubio,Normal,t,248
NIF-JAP-TAI-14,Highland Peak Argentina,Con Filtro,Rubio,SuperLight,f,74
NIF-JAP-TAI-14,Highland Peak Reino,Sin Filtro,Rubio,Normal,t,267
NIF-JAP-TAI-14,Pure Essence Chile,Con Filtro,Rubio,SuperLight,f,98
NIF-JAP-TAI-14,Silver Lining Alemania,Sin Filtro,Negro,Normal,t,67
NIF-JAP-TAI-14,Midnight Silk Argentina,Sin Filtro,Rubio,Normal,f,101
NIF-JAP-TAI-14,Midnight Silk Alemania,Con Filtro,Negro,Normal,t,95
NIF-JAP-TAI-14,Urban Classic Reino,Con Filtro,Rubio,Normal,f,327
NIF-JAP-TAI-14,Urban Classic Alemania,Con Filtro,Rubio,Normal,t,116
NIF-JAP-TAI-15,Pure Essence Chile,Con Filtro,Rubio,Normal,t,437
NIF-JAP-TAI-15,Amber Haze Japon,Sin Filtro,Rubio,Normal,f,210
NIF-JAP-TAI-15,Highland Peak Argentina,Con Filtro,Negro,Normal,f,293
NIF-JAP-TAI-15,Urban Classic Argentina,Sin Filtro,Rubio,Normal,f,482
NIF-JAP-TAI-15,Ocean Breeze Japon,Sin Filtro,Negro,Normal,t,203
NIF-JAP-TAI-15,Amber Haze Chile,Sin Filtro,Rubio,Normal,f,314
NIF-JAP-TAI-15,Urban Classic Reino,Con Filtro,Negro,Normal,t,286
NIF-JAP-TAI-15,Urban Classic Argentina,Sin Filtro,Negro,Normal,f,223
NIF-JAP-TAI-15,Urban Classic Chile,Con Filtro,Negro,Normal,t,214
NIF-JAP-TAI-15,Ocean Breeze Chile,Sin Filtro,Negro,Normal,t,276
NIF-JAP-TAI-15,Ocean Breeze Reino,Sin Filtro,Negro,Normal,f,151
NIF-JAP-TAI-15,Mountain Mist Japon,Sin Filtro,Rubio,Normal,t,144
NIF-JAP-SAK-1,Ocean Breeze Reino,Sin Filtro,Negro,Normal,t,375
NIF-JAP-SAK-1,Urban Classic Chile,Sin Filtro,Negro,Normal,f,456
NIF-JAP-SAK-1,Gold Leaf Alemania,Sin Filtro,Rubio,Normal,f,398
NIF-JAP-SAK-1,Royal Blend Chile,Sin Filtro,Negro,Normal,f,471
NIF-JAP-SAK-1,Silver Lining Reino,Sin Filtro,Rubio,Normal,t,411
NIF-JAP-SAK-1,Urban Classic Japon,Sin Filtro,Rubio,Normal,t,316
NIF-JAP-SAK-1,Gold Leaf Argentina,Con Filtro,Negro,Normal,t,225
NIF-JAP-SAK-1,Amber Haze Chile,Con Filtro,Negro,Light,f,185
NIF-JAP-SAK-1,Pure Essence Japon,Con Filtro,Negro,Normal,t,185
NIF-JAP-SAK-1,Highland Peak Reino,Con Filtro,Rubio,Normal,t,437
NIF-JAP-SAK-1,Gold Leaf Reino,Con Filtro,Rubio,Normal,f,335
NIF-JAP-SAK-1,Mountain Mist Alemania,Sin Filtro,Rubio,Normal,f,215
NIF-JAP-SAK-1,Midnight Silk Argentina,Sin Filtro,Rubio,Normal,t,321
NIF-JAP-SAK-1,Amber Haze Japon,Con Filtro,Rubio,Normal,t,295
NIF-JAP-SAK-1,Urban Classic Alemania,Sin Filtro,Rubio,Normal,f,310
NIF-JAP-SAK-1,Urban Classic Argentina,Con Filtro,Negro,UltraLight,f,439
NIF-JAP-SAK-1,Highland Peak Chile,Con Filtro,Rubio,SuperLight,f,422
NIF-JAP-SAK-1,Gold Leaf Reino,Con Filtro,Negro,SuperLight,f,270
NIF-JAP-SAK-1,Urban Classic Japon,Sin Filtro,Negro,Normal,f,309
NIF-JAP-SAK-1,Silver Lining Reino,Con Filtro,Negro,Normal,t,399
NIF-JAP-SAK-2,Royal Blend Chile,Con Filtro,Negro,Normal,t,281
NIF-JAP-SAK-2,Amber Haze Alemania,Sin Filtro,Rubio,Normal,t,384
NIF-JAP-SAK-2,Urban Classic Reino,Sin Filtro,Negro,Normal,f,227
NIF-JAP-SAK-2,Mountain Mist Reino,Con Filtro,Negro,SuperLight,f,114
NIF-JAP-SAK-2,Pure Essence Reino,Sin Filtro,Negro,Normal,f,210
NIF-JAP-SAK-2,Amber Haze Chile,Con Filtro,Rubio,Light,f,370
NIF-JAP-SAK-2,Pure Essence Chile,Sin Filtro,Negro,Normal,f,113
NIF-JAP-SAK-2,Silver Lining Japon,Con Filtro,Negro,UltraLight,f,460
NIF-JAP-SAK-2,Mountain Mist Chile,Sin Filtro,Rubio,Normal,f,67
NIF-JAP-SAK-2,Highland Peak Japon,Sin Filtro,Negro,Normal,t,427
NIF-JAP-SAK-2,Pure Essence Argentina,Sin Filtro,Rubio,Normal,t,144
NIF-JAP-SAK-2,Mountain Mist Chile,Sin Filtro,Rubio,Normal,t,458
NIF-JAP-SAK-2,Amber Haze Chile,Sin Filtro,Rubio,Normal,f,366
NIF-JAP-SAK-2,Highland Peak Japon,Sin Filtro,Negro,Normal,f,445
NIF-JAP-SAK-2,Urban Classic Japon,Sin Filtro,Rubio,Normal,t,256
NIF-JAP-SAK-3,Royal Blend Argentina,Con Filtro,Rubio,UltraLight,f,303
NIF-JAP-SAK-3,Midnight Silk Argentina,Sin Filtro,Rubio,Normal,t,425
NIF-JAP-SAK-3,Highland Peak Alemania,Sin Filtro,Negro,Normal,t,239
NIF-JAP-SAK-3,Midnight Silk Japon,Sin Filtro,Rubio,Normal,f,187
NIF-JAP-SAK-3,Silver Lining Chile,Con Filtro,Negro,SuperLight,f,76
NIF-JAP-SAK-3,Amber Haze Chile,Sin Filtro,Rubio,Normal,f,108
NIF-JAP-SAK-3,Ocean Breeze Chile,Con Filtro,Negro,Normal,t,407
NIF-JAP-SAK-3,Silver Lining Alemania,Sin Filtro,Negro,Normal,f,286
NIF-JAP-SAK-3,Mountain Mist Alemania,Sin Filtro,Rubio,Normal,f,158
NIF-JAP-SAK-3,Mountain Mist Japon,Sin Filtro,Rubio,Normal,f,431
NIF-JAP-SAK-3,Mountain Mist Chile,Sin Filtro,Rubio,Normal,f,346
NIF-JAP-SAK-3,Ocean Breeze Japon,Con Filtro,Rubio,Normal,f,100
NIF-JAP-SAK-3,Gold Leaf Alemania,Con Filtro,Negro,Light,f,292
NIF-JAP-SAK-3,Pure Essence Chile,Sin Filtro,Negro,Normal,f,430
NIF-JAP-SAK-3,Silver Lining Argentina,Con Filtro,Negro,Normal,t,316
NIF-JAP-SAK-3,Highland Peak Chile,Con Filtro,Rubio,Normal,f,170
NIF-JAP-SAK-3,Amber Haze Japon,Sin Filtro,Negro,Normal,t,342
NIF-JAP-SAK-3,Ocean Breeze Alemania,Con Filtro,Rubio,Light,f,343
NIF-JAP-SAK-3,Midnight Silk Japon,Con Filtro,Negro,UltraLight,f,246
NIF-JAP-SAK-3,Gold Leaf Argentina,Con Filtro,Rubio,Normal,t,178
NIF-JAP-SAK-3,Mountain Mist Reino,Con Filtro,Rubio,UltraLight,f,484
NIF-JAP-SAK-3,Royal Blend Chile,Sin Filtro,Negro,Normal,t,149
NIF-JAP-SAK-3,Highland Peak Reino,Con Filtro,Rubio,Normal,t,186
NIF-JAP-SAK-3,Ocean Breeze Argentina,Con Filtro,Rubio,Normal,t,227
NIF-JAP-SAK-3,Silver Lining Reino,Sin Filtro,Negro,Normal,f,236
NIF-JAP-SAK-3,Amber Haze Chile,Sin Filtro,Negro,Normal,f,364
NIF-JAP-SAK-3,Gold Leaf Argentina,Sin Filtro,Negro,Normal,f,197
NIF-JAP-SAK-3,Gold Leaf Japon,Con Filtro,Rubio,Normal,t,491
NIF-JAP-SAK-3,Mountain Mist Argentina,Sin Filtro,Negro,Normal,t,223
NIF-JAP-SAK-3,Pure Essence Chile,Sin Filtro,Rubio,Normal,f,335
NIF-JAP-SAK-4,Pure Essence Alemania,Sin Filtro,Rubio,Normal,t,149
NIF-JAP-SAK-4,Amber Haze Alemania,Con Filtro,Negro,Normal,t,499
NIF-JAP-SAK-4,Amber Haze Reino,Sin Filtro,Rubio,Normal,f,121
NIF-JAP-SAK-4,Royal Blend Chile,Con Filtro,Rubio,Normal,t,477
NIF-JAP-SAK-4,Midnight Silk Japon,Sin Filtro,Rubio,Normal,f,99
NIF-JAP-SAK-4,Royal Blend Argentina,Con Filtro,Rubio,Light,f,246
NIF-JAP-SAK-4,Urban Classic Argentina,Sin Filtro,Negro,Normal,f,269
NIF-JAP-SAK-4,Gold Leaf Reino,Con Filtro,Negro,SuperLight,f,344
NIF-JAP-SAK-4,Highland Peak Alemania,Con Filtro,Rubio,Normal,f,403
NIF-JAP-SAK-4,Mountain Mist Alemania,Sin Filtro,Negro,Normal,t,101
NIF-JAP-SAK-4,Highland Peak Reino,Con Filtro,Rubio,Normal,t,213
NIF-JAP-SAK-4,Mountain Mist Chile,Sin Filtro,Rubio,Normal,f,58
NIF-JAP-SAK-4,Silver Lining Alemania,Sin Filtro,Negro,Normal,f,154
NIF-JAP-SAK-4,Royal Blend Argentina,Con Filtro,Negro,Light,f,437
NIF-JAP-SAK-4,Highland Peak Japon,Con Filtro,Rubio,Normal,t,197
NIF-JAP-SAK-4,Silver Lining Japon,Con Filtro,Negro,UltraLight,f,459
NIF-JAP-SAK-4,Silver Lining Japon,Con Filtro,Negro,Normal,t,179
NIF-JAP-SAK-4,Urban Classic Alemania,Con Filtro,Negro,Normal,t,350
NIF-JAP-SAK-4,Gold Leaf Alemania,Con Filtro,Negro,UltraLight,f,212
NIF-JAP-SAK-4,Highland Peak Argentina,Con Filtro,Rubio,SuperLight,f,397
NIF-JAP-SAK-4,Midnight Silk Reino,Sin Filtro,Rubio,Normal,t,138
NIF-JAP-SAK-4,Ocean Breeze Alemania,Con Filtro,Negro,SuperLight,f,373
NIF-JAP-SAK-4,Urban Classic Alemania,Con Filtro,Negro,Light,f,158
NIF-JAP-SAK-5,Royal Blend Alemania,Sin Filtro,Rubio,Normal,t,156
NIF-JAP-SAK-5,Silver Lining Alemania,Sin Filtro,Negro,Normal,f,289
NIF-JAP-SAK-5,Gold Leaf Argentina,Sin Filtro,Rubio,Normal,f,305
NIF-JAP-SAK-5,Pure Essence Chile,Con Filtro,Negro,SuperLight,f,121
NIF-JAP-SAK-5,Urban Classic Argentina,Sin Filtro,Negro,Normal,t,61
NIF-JAP-SAK-5,Gold Leaf Japon,Con Filtro,Negro,SuperLight,f,294
NIF-JAP-SAK-5,Silver Lining Argentina,Sin Filtro,Rubio,Normal,f,193
NIF-JAP-SAK-5,Royal Blend Reino,Con Filtro,Negro,Normal,f,411
NIF-JAP-SAK-5,Mountain Mist Argentina,Sin Filtro,Negro,Normal,t,123
NIF-JAP-SAK-5,Urban Classic Alemania,Sin Filtro,Rubio,Normal,t,128
NIF-JAP-SAK-5,Ocean Breeze Alemania,Sin Filtro,Negro,Normal,t,417
NIF-JAP-SAK-5,Royal Blend Argentina,Sin Filtro,Negro,Normal,f,499
NIF-JAP-SAK-5,Pure Essence Alemania,Sin Filtro,Rubio,Normal,t,143
NIF-JAP-SAK-5,Amber Haze Japon,Con Filtro,Rubio,Light,f,486
NIF-JAP-SAK-5,Midnight Silk Chile,Con Filtro,Rubio,Normal,t,54
NIF-JAP-SAK-5,Midnight Silk Argentina,Sin Filtro,Negro,Normal,f,400
NIF-JAP-SAK-5,Urban Classic Reino,Sin Filtro,Rubio,Normal,f,476
NIF-JAP-SAK-6,Midnight Silk Reino,Sin Filtro,Negro,Normal,t,364
NIF-JAP-SAK-6,Gold Leaf Argentina,Con Filtro,Rubio,Normal,t,161
NIF-JAP-SAK-6,Pure Essence Chile,Sin Filtro,Negro,Normal,f,276
NIF-JAP-SAK-6,Urban Classic Alemania,Con Filtro,Negro,Light,f,155
NIF-JAP-SAK-6,Urban Classic Argentina,Con Filtro,Rubio,SuperLight,f,285
NIF-JAP-SAK-6,Mountain Mist Reino,Sin Filtro,Negro,Normal,f,478
NIF-JAP-SAK-6,Gold Leaf Reino,Sin Filtro,Rubio,Normal,f,120
NIF-JAP-SAK-6,Mountain Mist Reino,Sin Filtro,Negro,Normal,f,138
NIF-JAP-SAK-6,Amber Haze Reino,Con Filtro,Negro,Normal,t,402
NIF-JAP-SAK-6,Urban Classic Alemania,Sin Filtro,Negro,Normal,t,307
NIF-JAP-SAK-6,Ocean Breeze Japon,Sin Filtro,Negro,Normal,f,247
NIF-JAP-SAK-6,Highland Peak Japon,Sin Filtro,Rubio,Normal,f,264
NIF-JAP-SAK-6,Gold Leaf Reino,Sin Filtro,Negro,Normal,f,391
NIF-JAP-SAK-6,Royal Blend Reino,Con Filtro,Negro,Normal,f,286
NIF-JAP-SAK-6,Gold Leaf Japon,Con Filtro,Rubio,Normal,f,130
NIF-JAP-SAK-6,Amber Haze Chile,Con Filtro,Negro,Light,f,422
NIF-JAP-SAK-6,Highland Peak Argentina,Sin Filtro,Rubio,Normal,f,453
NIF-JAP-SAK-7,Midnight Silk Chile,Con Filtro,Negro,Normal,t,354
NIF-JAP-SAK-7,Midnight Silk Chile,Con Filtro,Negro,Normal,t,145
NIF-JAP-SAK-7,Urban Classic Japon,Sin Filtro,Rubio,Normal,f,370
NIF-JAP-SAK-7,Pure Essence Argentina,Con Filtro,Rubio,Normal,t,445
NIF-JAP-SAK-7,Amber Haze Argentina,Con Filtro,Rubio,Light,f,353
NIF-JAP-SAK-7,Urban Classic Japon,Con Filtro,Negro,Normal,f,83
NIF-JAP-SAK-7,Urban Classic Argentina,Con Filtro,Negro,UltraLight,f,351
NIF-JAP-SAK-7,Amber Haze Argentina,Sin Filtro,Rubio,Normal,t,149
NIF-JAP-SAK-7,Mountain Mist Argentina,Con Filtro,Negro,Light,f,406
NIF-JAP-SAK-7,Royal Blend Argentina,Con Filtro,Rubio,UltraLight,f,312
NIF-JAP-SAK-7,Ocean Breeze Argentina,Con Filtro,Rubio,Normal,t,68
NIF-JAP-SAK-7,Midnight Silk Reino,Sin Filtro,Rubio,Normal,t,442
NIF-JAP-SAK-7,Gold Leaf Alemania,Con Filtro,Negro,UltraLight,f,302
NIF-JAP-SAK-7,Amber Haze Alemania,Con Filtro,Negro,Normal,f,370
NIF-JAP-SAK-7,Royal Blend Alemania,Sin Filtro,Negro,Normal,t,365
NIF-JAP-SAK-7,Ocean Breeze Reino,Con Filtro,Rubio,Normal,f,367
NIF-JAP-SAK-7,Urban Classic Japon,Con Filtro,Rubio,Normal,t,117
NIF-JAP-SAK-7,Urban Classic Japon,Con Filtro,Negro,Normal,t,339
NIF-JAP-SAK-7,Gold Leaf Chile,Sin Filtro,Rubio,Normal,f,314
NIF-JAP-SAK-7,Highland Peak Alemania,Sin Filtro,Negro,Normal,f,485
NIF-JAP-SAK-7,Gold Leaf Alemania,Sin Filtro,Negro,Normal,t,163
NIF-JAP-SAK-7,Mountain Mist Chile,Sin Filtro,Rubio,Normal,t,234
NIF-JAP-SAK-7,Urban Classic Chile,Sin Filtro,Rubio,Normal,f,264
NIF-JAP-SAK-7,Pure Essence Chile,Con Filtro,Negro,Normal,t,263
NIF-JAP-SAK-7,Royal Blend Reino,Con Filtro,Negro,Normal,f,500
NIF-JAP-SAK-7,Silver Lining Alemania,Con Filtro,Negro,Normal,t,496
NIF-JAP-SAK-7,Highland Peak Argentina,Con Filtro,Negro,Normal,f,449
NIF-JAP-SAK-8,Pure Essence Argentina,Con Filtro,Rubio,Normal,t,200
NIF-JAP-SAK-8,Ocean Breeze Reino,Con Filtro,Rubio,UltraLight,f,247
NIF-JAP-SAK-8,Highland Peak Chile,Con Filtro,Negro,Normal,t,245
NIF-JAP-SAK-8,Mountain Mist Japon,Con Filtro,Negro,Normal,t,339
NIF-JAP-SAK-8,Amber Haze Japon,Con Filtro,Rubio,Normal,t,378
NIF-JAP-SAK-8,Silver Lining Japon,Sin Filtro,Rubio,Normal,f,429
NIF-JAP-SAK-8,Gold Leaf Japon,Con Filtro,Rubio,Normal,t,332
NIF-JAP-SAK-8,Gold Leaf Reino,Sin Filtro,Rubio,Normal,f,78
NIF-JAP-SAK-8,Amber Haze Reino,Sin Filtro,Rubio,Normal,f,122
NIF-JAP-SAK-8,Highland Peak Japon,Con Filtro,Negro,Normal,f,453
NIF-JAP-SAK-8,Pure Essence Alemania,Con Filtro,Rubio,UltraLight,f,370
NIF-JAP-SAK-8,Gold Leaf Reino,Sin Filtro,Negro,Normal,f,410
NIF-JAP-SAK-8,Pure Essence Alemania,Sin Filtro,Rubio,Normal,f,151
NIF-JAP-SAK-8,Highland Peak Chile,Con Filtro,Rubio,Normal,f,327
NIF-JAP-SAK-8,Silver Lining Reino,Sin Filtro,Negro,Normal,f,76
NIF-JAP-SAK-8,Royal Blend Reino,Con Filtro,Negro,SuperLight,f,101
NIF-JAP-SAK-8,Amber Haze Alemania,Sin Filtro,Negro,Normal,t,100
NIF-JAP-SAK-8,Gold Leaf Reino,Con Filtro,Negro,Light,f,415
NIF-JAP-SAK-8,Urban Classic Japon,Con Filtro,Rubio,Normal,t,143
NIF-JAP-SAK-8,Amber Haze Alemania,Sin Filtro,Negro,Normal,t,226
NIF-JAP-SAK-8,Highland Peak Alemania,Sin Filtro,Rubio,Normal,t,255
NIF-JAP-SAK-8,Midnight Silk Japon,Con Filtro,Rubio,Normal,t,151
NIF-JAP-SAK-8,Ocean Breeze Alemania,Sin Filtro,Negro,Normal,t,164
NIF-JAP-SAK-9,Mountain Mist Chile,Sin Filtro,Rubio,Normal,f,362
NIF-JAP-SAK-9,Amber Haze Alemania,Con Filtro,Negro,Normal,t,209
NIF-JAP-SAK-9,Amber Haze Japon,Sin Filtro,Rubio,Normal,f,116
NIF-JAP-SAK-9,Amber Haze Chile,Sin Filtro,Rubio,Normal,t,497
NIF-JAP-SAK-9,Urban Classic Japon,Con Filtro,Negro,SuperLight,f,172
NIF-JAP-SAK-9,Ocean Breeze Japon,Con Filtro,Rubio,Normal,f,432
NIF-JAP-SAK-9,Highland Peak Argentina,Con Filtro,Rubio,Normal,f,339
NIF-JAP-SAK-9,Mountain Mist Alemania,Sin Filtro,Rubio,Normal,t,357
NIF-JAP-SAK-9,Midnight Silk Japon,Con Filtro,Negro,UltraLight,f,278
NIF-JAP-SAK-9,Mountain Mist Reino,Con Filtro,Rubio,Light,f,237
NIF-JAP-SAK-9,Urban Classic Argentina,Sin Filtro,Rubio,Normal,f,177
NIF-JAP-SAK-9,Silver Lining Chile,Sin Filtro,Negro,Normal,f,242
NIF-JAP-SAK-9,Gold Leaf Chile,Con Filtro,Rubio,Light,f,262
NIF-JAP-SAK-9,Midnight Silk Reino,Sin Filtro,Negro,Normal,t,136
NIF-JAP-SAK-9,Mountain Mist Alemania,Sin Filtro,Rubio,Normal,f,50
NIF-JAP-SAK-9,Midnight Silk Reino,Con Filtro,Negro,Normal,t,333
NIF-JAP-SAK-9,Urban Classic Argentina,Sin Filtro,Negro,Normal,t,451
NIF-JAP-SAK-9,Midnight Silk Alemania,Sin Filtro,Rubio,Normal,t,387
NIF-JAP-SAK-9,Amber Haze Chile,Sin Filtro,Rubio,Normal,f,281
NIF-JAP-SAK-9,Royal Blend Alemania,Sin Filtro,Rubio,Normal,t,497
NIF-JAP-SAK-9,Ocean Breeze Chile,Sin Filtro,Rubio,Normal,f,117
NIF-JAP-SAK-9,Midnight Silk Argentina,Sin Filtro,Negro,Normal,f,191
NIF-JAP-SAK-9,Amber Haze Reino,Sin Filtro,Rubio,Normal,t,188
NIF-JAP-SAK-9,Highland Peak Reino,Sin Filtro,Negro,Normal,t,150
NIF-JAP-SAK-9,Midnight Silk Argentina,Sin Filtro,Negro,Normal,f,162
NIF-JAP-SAK-10,Silver Lining Japon,Sin Filtro,Rubio,Normal,f,58
NIF-JAP-SAK-10,Gold Leaf Chile,Sin Filtro,Rubio,Normal,t,391
NIF-JAP-SAK-10,Mountain Mist Argentina,Con Filtro,Rubio,SuperLight,f,318
NIF-JAP-SAK-10,Urban Classic Reino,Sin Filtro,Rubio,Normal,f,438
NIF-JAP-SAK-10,Silver Lining Chile,Con Filtro,Negro,SuperLight,f,487
NIF-JAP-SAK-10,Gold Leaf Reino,Con Filtro,Negro,Light,f,309
NIF-JAP-SAK-10,Mountain Mist Chile,Sin Filtro,Rubio,Normal,t,297
NIF-JAP-SAK-10,Mountain Mist Alemania,Sin Filtro,Rubio,Normal,f,291
NIF-JAP-SAK-10,Pure Essence Alemania,Sin Filtro,Rubio,Normal,t,475
NIF-JAP-SAK-10,Pure Essence Chile,Con Filtro,Negro,Normal,t,350
NIF-JAP-SAK-10,Silver Lining Argentina,Con Filtro,Rubio,Normal,t,391
NIF-JAP-SAK-10,Mountain Mist Japon,Con Filtro,Negro,Normal,t,106
NIF-JAP-SAK-10,Mountain Mist Argentina,Sin Filtro,Negro,Normal,t,438
NIF-JAP-SAK-10,Amber Haze Chile,Sin Filtro,Rubio,Normal,f,332
NIF-JAP-SAK-10,Amber Haze Reino,Sin Filtro,Rubio,Normal,t,50
NIF-JAP-SAK-10,Midnight Silk Argentina,Sin Filtro,Rubio,Normal,f,367
NIF-JAP-SAK-10,Pure Essence Japon,Con Filtro,Negro,Light,f,135
NIF-JAP-SAK-10,Urban Classic Chile,Con Filtro,Negro,UltraLight,f,448
NIF-JAP-SAK-10,Silver Lining Reino,Con Filtro,Negro,SuperLight,f,225
NIF-JAP-SAK-10,Ocean Breeze Japon,Sin Filtro,Rubio,Normal,t,474
NIF-JAP-SAK-10,Silver Lining Chile,Sin Filtro,Rubio,Normal,t,262
NIF-JAP-SAK-10,Gold Leaf Argentina,Con Filtro,Negro,Normal,t,323
NIF-JAP-SAK-10,Ocean Breeze Chile,Con Filtro,Rubio,UltraLight,f,451
NIF-JAP-SAK-11,Highland Peak Reino,Con Filtro,Rubio,Normal,t,158
NIF-JAP-SAK-11,Amber Haze Japon,Con Filtro,Rubio,Light,f,179
NIF-JAP-SAK-11,Ocean Breeze Argentina,Con Filtro,Negro,SuperLight,f,120
NIF-JAP-SAK-11,Highland Peak Japon,Con Filtro,Negro,Normal,f,252
NIF-JAP-SAK-11,Highland Peak Alemania,Sin Filtro,Negro,Normal,t,324
NIF-JAP-SAK-11,Mountain Mist Reino,Con Filtro,Negro,SuperLight,f,61
NIF-JAP-SAK-11,Gold Leaf Reino,Con Filtro,Rubio,Normal,f,349
NIF-JAP-SAK-11,Silver Lining Reino,Sin Filtro,Rubio,Normal,f,428
NIF-JAP-SAK-11,Royal Blend Reino,Con Filtro,Negro,Light,f,311
NIF-JAP-SAK-11,Urban Classic Japon,Con Filtro,Negro,SuperLight,f,181
NIF-JAP-SAK-11,Royal Blend Argentina,Con Filtro,Negro,Light,f,286
NIF-JAP-SAK-11,Silver Lining Argentina,Con Filtro,Rubio,Normal,t,417
NIF-JAP-SAK-11,Silver Lining Japon,Sin Filtro,Rubio,Normal,f,271
NIF-JAP-SAK-11,Midnight Silk Reino,Con Filtro,Negro,SuperLight,f,451
NIF-JAP-SAK-11,Royal Blend Reino,Con Filtro,Negro,Normal,f,314
NIF-JAP-SAK-11,Ocean Breeze Reino,Con Filtro,Negro,Normal,t,134
NIF-JAP-SAK-12,Mountain Mist Argentina,Con Filtro,Negro,Light,f,297
NIF-JAP-SAK-12,Urban Classic Japon,Con Filtro,Rubio,Normal,t,409
NIF-JAP-SAK-12,Midnight Silk Japon,Con Filtro,Negro,UltraLight,f,461
NIF-JAP-SAK-12,Highland Peak Reino,Sin Filtro,Rubio,Normal,t,479
NIF-JAP-SAK-12,Silver Lining Alemania,Con Filtro,Negro,Normal,t,100
NIF-JAP-SAK-12,Pure Essence Chile,Sin Filtro,Negro,Normal,f,389
NIF-JAP-SAK-12,Amber Haze Argentina,Sin Filtro,Negro,Normal,t,118
NIF-JAP-SAK-12,Gold Leaf Chile,Sin Filtro,Negro,Normal,f,345
NIF-JAP-SAK-12,Amber Haze Alemania,Sin Filtro,Negro,Normal,t,181
NIF-JAP-SAK-12,Amber Haze Chile,Con Filtro,Rubio,SuperLight,f,418
NIF-JAP-SAK-12,Highland Peak Chile,Con Filtro,Negro,Normal,f,298
NIF-JAP-SAK-12,Gold Leaf Japon,Con Filtro,Rubio,Normal,t,368
NIF-JAP-SAK-12,Urban Classic Alemania,Con Filtro,Negro,Normal,t,287
NIF-JAP-SAK-12,Pure Essence Alemania,Sin Filtro,Rubio,Normal,t,493
NIF-JAP-SAK-12,Ocean Breeze Alemania,Sin Filtro,Rubio,Normal,t,305
NIF-JAP-SAK-12,Pure Essence Reino,Sin Filtro,Rubio,Normal,t,332
NIF-JAP-SAK-12,Amber Haze Argentina,Sin Filtro,Rubio,Normal,t,253
NIF-JAP-SAK-12,Royal Blend Chile,Con Filtro,Rubio,SuperLight,f,95
NIF-JAP-SAK-12,Amber Haze Japon,Con Filtro,Rubio,Light,f,159
NIF-JAP-SAK-12,Highland Peak Alemania,Sin Filtro,Rubio,Normal,f,251
NIF-JAP-SAK-12,Silver Lining Argentina,Con Filtro,Negro,Light,f,406
NIF-JAP-SAK-12,Pure Essence Alemania,Sin Filtro,Rubio,Normal,f,409
NIF-JAP-SAK-13,Silver Lining Chile,Sin Filtro,Rubio,Normal,t,197
NIF-JAP-SAK-13,Mountain Mist Reino,Con Filtro,Rubio,Light,f,77
NIF-JAP-SAK-13,Silver Lining Alemania,Sin Filtro,Negro,Normal,f,349
NIF-JAP-SAK-13,Mountain Mist Chile,Sin Filtro,Rubio,Normal,t,247
NIF-JAP-SAK-13,Highland Peak Chile,Sin Filtro,Negro,Normal,t,98
NIF-JAP-SAK-13,Mountain Mist Chile,Sin Filtro,Rubio,Normal,f,236
NIF-JAP-SAK-13,Silver Lining Argentina,Con Filtro,Negro,Normal,t,429
NIF-JAP-SAK-13,Pure Essence Reino,Sin Filtro,Negro,Normal,f,400
NIF-JAP-SAK-13,Amber Haze Alemania,Con Filtro,Negro,Normal,t,276
NIF-JAP-SAK-13,Urban Classic Argentina,Con Filtro,Rubio,Normal,t,132
NIF-JAP-SAK-13,Ocean Breeze Japon,Sin Filtro,Rubio,Normal,t,451
NIF-JAP-SAK-13,Gold Leaf Argentina,Con Filtro,Negro,Normal,t,216
NIF-JAP-SAK-13,Royal Blend Alemania,Con Filtro,Negro,Light,f,445
NIF-JAP-SAK-13,Urban Classic Chile,Con Filtro,Negro,Normal,t,421
NIF-JAP-SAK-13,Ocean Breeze Reino,Sin Filtro,Negro,Normal,t,103
NIF-JAP-SAK-13,Royal Blend Reino,Sin Filtro,Rubio,Normal,t,77
NIF-JAP-SAK-13,Urban Classic Alemania,Sin Filtro,Rubio,Normal,t,232
NIF-JAP-SAK-13,Midnight Silk Japon,Con Filtro,Negro,UltraLight,f,289
NIF-JAP-SAK-13,Highland Peak Alemania,Con Filtro,Negro,UltraLight,f,387
NIF-JAP-SAK-13,Mountain Mist Japon,Con Filtro,Negro,Normal,t,225
NIF-JAP-SAK-14,Mountain Mist Japon,Sin Filtro,Negro,Normal,t,488
NIF-JAP-SAK-14,Pure Essence Chile,Con Filtro,Negro,Normal,t,94
NIF-JAP-SAK-14,Amber Haze Chile,Con Filtro,Rubio,SuperLight,f,468
NIF-JAP-SAK-14,Urban Classic Argentina,Sin Filtro,Negro,Normal,t,482
NIF-JAP-SAK-14,Ocean Breeze Reino,Sin Filtro,Negro,Normal,t,188
NIF-JAP-SAK-14,Midnight Silk Japon,Con Filtro,Rubio,Normal,t,113
NIF-JAP-SAK-14,Urban Classic Japon,Con Filtro,Negro,Normal,t,191
NIF-JAP-SAK-14,Mountain Mist Reino,Sin Filtro,Rubio,Normal,f,133
NIF-JAP-SAK-14,Royal Blend Alemania,Con Filtro,Rubio,Normal,t,477
NIF-JAP-SAK-14,Royal Blend Japon,Sin Filtro,Negro,Normal,t,453
NIF-JAP-SAK-14,Highland Peak Chile,Con Filtro,Negro,Normal,t,350
NIF-JAP-SAK-14,Gold Leaf Reino,Con Filtro,Negro,Light,f,484
NIF-JAP-SAK-15,Highland Peak Japon,Sin Filtro,Rubio,Normal,t,365
NIF-JAP-SAK-15,Ocean Breeze Alemania,Con Filtro,Negro,SuperLight,f,217
NIF-JAP-SAK-15,Pure Essence Alemania,Sin Filtro,Rubio,Normal,t,74
NIF-JAP-SAK-15,Silver Lining Japon,Con Filtro,Rubio,Normal,f,339
NIF-JAP-SAK-15,Gold Leaf Japon,Sin Filtro,Rubio,Normal,t,377
NIF-JAP-SAK-15,Ocean Breeze Reino,Con Filtro,Negro,Normal,t,468
NIF-JAP-SAK-15,Ocean Breeze Chile,Sin Filtro,Negro,Normal,t,237
NIF-JAP-SAK-15,Silver Lining Japon,Con Filtro,Negro,UltraLight,f,232
NIF-JAP-SAK-15,Mountain Mist Alemania,Sin Filtro,Negro,Normal,f,81
NIF-JAP-SAK-15,Urban Classic Reino,Con Filtro,Rubio,Normal,t,209
NIF-JAP-SAK-15,Silver Lining Argentina,Sin Filtro,Negro,Normal,t,146
NIF-JAP-SAK-15,Royal Blend Japon,Con Filtro,Rubio,SuperLight,f,420
NIF-JAP-SAK-15,Amber Haze Argentina,Con Filtro,Negro,SuperLight,f,494
NIF-JAP-SAK-15,Silver Lining Reino,Con Filtro,Negro,UltraLight,f,291
NIF-JAP-SAK-15,Highland Peak Japon,Sin Filtro,Rubio,Normal,f,276
NIF-JAP-SAK-15,Highland Peak Chile,Con Filtro,Negro,Normal,t,203
NIF-JAP-SAK-15,Mountain Mist Chile,Sin Filtro,Rubio,Normal,f,454
NIF-JAP-SAK-15,Royal Blend Alemania,Sin Filtro,Rubio,Normal,f,337
NIF-JAP-SAK-15,Silver Lining Argentina,Con Filtro,Rubio,Normal,t,246
NIF-JAP-SAK-15,Ocean Breeze Alemania,Sin Filtro,Rubio,Normal,t,185
NIF-JAP-SAK-15,Pure Essence Argentina,Con Filtro,Rubio,Normal,t,268
NIF-JAP-SAK-15,Royal Blend Argentina,Con Filtro,Rubio,UltraLight,f,234
NIF-JAP-SAK-15,Ocean Breeze Argentina,Con Filtro,Negro,Normal,t,420
NIF-JAP-SAK-15,Amber Haze Alemania,Sin Filtro,Rubio,Normal,f,443
NIF-JAP-SAK-15,Royal Blend Argentina,Sin Filtro,Negro,Normal,t,206
NIF-JAP-SAK-15,Urban Classic Japon,Con Filtro,Negro,Normal,t,372
NIF-JAP-SAK-15,Mountain Mist Reino,Sin Filtro,Negro,Normal,f,277
NIF-JAP-SAK-15,Highland Peak Chile,Sin Filtro,Rubio,Normal,f,344
NIF-JAP-SAK-15,Urban Classic Japon,Con Filtro,Negro,Normal,f,176
NIF-JAP-HIG-1,Pure Essence Alemania,Sin Filtro,Rubio,Normal,t,384
NIF-JAP-HIG-1,Gold Leaf Reino,Sin Filtro,Rubio,Normal,t,405
NIF-JAP-HIG-1,Silver Lining Chile,Sin Filtro,Rubio,Normal,t,444
NIF-JAP-HIG-1,Midnight Silk Reino,Sin Filtro,Negro,Normal,t,284
NIF-JAP-HIG-1,Ocean Breeze Japon,Sin Filtro,Negro,Normal,f,282
NIF-JAP-HIG-1,Urban Classic Argentina,Sin Filtro,Rubio,Normal,t,271
NIF-JAP-HIG-1,Pure Essence Alemania,Con Filtro,Rubio,UltraLight,f,356
NIF-JAP-HIG-1,Royal Blend Chile,Con Filtro,Rubio,UltraLight,f,220
NIF-JAP-HIG-1,Royal Blend Reino,Sin Filtro,Rubio,Normal,t,71
NIF-JAP-HIG-1,Highland Peak Argentina,Sin Filtro,Negro,Normal,f,344
NIF-JAP-HIG-1,Midnight Silk Alemania,Sin Filtro,Negro,Normal,f,448
NIF-JAP-HIG-1,Mountain Mist Japon,Con Filtro,Rubio,Normal,t,467
NIF-JAP-HIG-1,Ocean Breeze Reino,Sin Filtro,Rubio,Normal,f,135
NIF-JAP-HIG-1,Royal Blend Reino,Con Filtro,Rubio,Normal,t,397
NIF-JAP-HIG-1,Highland Peak Reino,Con Filtro,Negro,SuperLight,f,336
NIF-JAP-HIG-2,Mountain Mist Alemania,Sin Filtro,Rubio,Normal,t,50
NIF-JAP-HIG-2,Midnight Silk Alemania,Sin Filtro,Rubio,Normal,t,205
NIF-JAP-HIG-2,Pure Essence Argentina,Sin Filtro,Negro,Normal,t,192
NIF-JAP-HIG-2,Gold Leaf Argentina,Con Filtro,Rubio,Normal,t,401
NIF-JAP-HIG-2,Midnight Silk Japon,Sin Filtro,Rubio,Normal,f,452
NIF-JAP-HIG-2,Gold Leaf Argentina,Con Filtro,Rubio,Normal,t,331
NIF-JAP-HIG-2,Silver Lining Argentina,Con Filtro,Negro,Normal,t,273
NIF-JAP-HIG-2,Mountain Mist Reino,Sin Filtro,Negro,Normal,f,442
NIF-JAP-HIG-2,Silver Lining Japon,Sin Filtro,Negro,Normal,f,266
NIF-JAP-HIG-2,Mountain Mist Reino,Con Filtro,Rubio,SuperLight,f,92
NIF-JAP-HIG-2,Highland Peak Alemania,Sin Filtro,Negro,Normal,t,480
NIF-JAP-HIG-2,Pure Essence Japon,Con Filtro,Negro,Normal,t,427
NIF-JAP-HIG-2,Urban Classic Japon,Sin Filtro,Rubio,Normal,t,451
NIF-JAP-HIG-2,Amber Haze Reino,Sin Filtro,Rubio,Normal,t,488
NIF-JAP-HIG-2,Amber Haze Chile,Con Filtro,Rubio,Normal,t,416
NIF-JAP-HIG-2,Amber Haze Chile,Sin Filtro,Rubio,Normal,f,245
NIF-JAP-HIG-2,Royal Blend Reino,Con Filtro,Negro,Normal,f,455
NIF-JAP-HIG-2,Urban Classic Reino,Con Filtro,Negro,Normal,t,464
NIF-JAP-HIG-2,Silver Lining Japon,Con Filtro,Rubio,Normal,f,114
NIF-JAP-HIG-2,Midnight Silk Reino,Sin Filtro,Rubio,Normal,t,115
NIF-JAP-HIG-2,Gold Leaf Japon,Con Filtro,Rubio,Normal,t,322
NIF-JAP-HIG-2,Gold Leaf Alemania,Con Filtro,Negro,UltraLight,f,167
NIF-JAP-HIG-2,Highland Peak Chile,Sin Filtro,Rubio,Normal,f,166
NIF-JAP-HIG-2,Silver Lining Argentina,Con Filtro,Rubio,Normal,t,163
NIF-JAP-HIG-2,Urban Classic Reino,Sin Filtro,Negro,Normal,f,61
NIF-JAP-HIG-3,Highland Peak Argentina,Sin Filtro,Rubio,Normal,f,421
NIF-JAP-HIG-3,Highland Peak Argentina,Con Filtro,Negro,Normal,t,255
NIF-JAP-HIG-3,Ocean Breeze Argentina,Con Filtro,Negro,Normal,t,296
NIF-JAP-HIG-3,Ocean Breeze Japon,Sin Filtro,Rubio,Normal,t,325
NIF-JAP-HIG-3,Silver Lining Argentina,Con Filtro,Rubio,Normal,t,226
NIF-JAP-HIG-3,Mountain Mist Chile,Sin Filtro,Rubio,Normal,t,465
NIF-JAP-HIG-3,Mountain Mist Japon,Con Filtro,Negro,Normal,t,82
NIF-JAP-HIG-3,Mountain Mist Reino,Con Filtro,Rubio,UltraLight,f,76
NIF-JAP-HIG-3,Gold Leaf Japon,Con Filtro,Rubio,Normal,t,324
NIF-JAP-HIG-3,Highland Peak Reino,Sin Filtro,Rubio,Normal,t,90
NIF-JAP-HIG-3,Highland Peak Reino,Con Filtro,Negro,SuperLight,f,126
NIF-JAP-HIG-3,Mountain Mist Japon,Sin Filtro,Rubio,Normal,t,181
NIF-JAP-HIG-3,Pure Essence Chile,Con Filtro,Rubio,Light,f,330
NIF-JAP-HIG-3,Pure Essence Reino,Sin Filtro,Negro,Normal,t,281
NIF-JAP-HIG-3,Urban Classic Reino,Con Filtro,Rubio,Normal,t,70
NIF-JAP-HIG-3,Highland Peak Japon,Con Filtro,Rubio,Normal,t,351
NIF-JAP-HIG-3,Urban Classic Chile,Sin Filtro,Negro,Normal,t,375
NIF-JAP-HIG-3,Pure Essence Alemania,Con Filtro,Negro,Normal,f,142
NIF-JAP-HIG-3,Silver Lining Argentina,Con Filtro,Rubio,Normal,t,116
NIF-JAP-HIG-3,Urban Classic Argentina,Con Filtro,Rubio,Normal,t,452
NIF-JAP-HIG-3,Midnight Silk Japon,Con Filtro,Negro,UltraLight,f,359
NIF-JAP-HIG-3,Midnight Silk Japon,Sin Filtro,Rubio,Normal,f,114
NIF-JAP-HIG-3,Pure Essence Reino,Sin Filtro,Rubio,Normal,f,496
NIF-JAP-HIG-3,Urban Classic Alemania,Sin Filtro,Rubio,Normal,f,241
NIF-JAP-HIG-3,Urban Classic Chile,Con Filtro,Negro,UltraLight,f,453
NIF-JAP-HIG-3,Highland Peak Argentina,Sin Filtro,Negro,Normal,f,58
NIF-JAP-HIG-3,Royal Blend Reino,Con Filtro,Negro,Normal,f,85
NIF-JAP-HIG-4,Royal Blend Chile,Con Filtro,Rubio,Normal,t,60
NIF-JAP-HIG-4,Amber Haze Chile,Con Filtro,Rubio,Light,f,75
NIF-JAP-HIG-4,Silver Lining Japon,Sin Filtro,Rubio,Normal,f,152
NIF-JAP-HIG-4,Gold Leaf Japon,Con Filtro,Rubio,Normal,t,419
NIF-JAP-HIG-4,Royal Blend Alemania,Con Filtro,Rubio,Normal,t,346
NIF-JAP-HIG-4,Midnight Silk Alemania,Sin Filtro,Negro,Normal,t,123
NIF-JAP-HIG-4,Urban Classic Chile,Con Filtro,Negro,UltraLight,f,486
NIF-JAP-HIG-4,Midnight Silk Argentina,Sin Filtro,Negro,Normal,f,195
NIF-JAP-HIG-4,Urban Classic Alemania,Con Filtro,Rubio,Normal,t,370
NIF-JAP-HIG-4,Silver Lining Argentina,Con Filtro,Rubio,Normal,t,445
NIF-JAP-HIG-4,Amber Haze Japon,Sin Filtro,Rubio,Normal,t,389
NIF-JAP-HIG-4,Silver Lining Chile,Con Filtro,Negro,SuperLight,f,483
NIF-JAP-HIG-4,Gold Leaf Argentina,Sin Filtro,Negro,Normal,f,466
NIF-JAP-HIG-4,Pure Essence Reino,Con Filtro,Negro,Normal,f,261
NIF-JAP-HIG-4,Mountain Mist Reino,Con Filtro,Negro,SuperLight,f,312
NIF-JAP-HIG-4,Urban Classic Japon,Con Filtro,Negro,Normal,f,232
NIF-JAP-HIG-4,Urban Classic Reino,Sin Filtro,Negro,Normal,t,458
NIF-JAP-HIG-4,Pure Essence Chile,Con Filtro,Rubio,Light,f,178
NIF-JAP-HIG-4,Gold Leaf Japon,Con Filtro,Rubio,Normal,t,311
NIF-JAP-HIG-4,Royal Blend Argentina,Con Filtro,Negro,Light,f,60
NIF-JAP-HIG-4,Urban Classic Alemania,Sin Filtro,Rubio,Normal,f,212
NIF-JAP-HIG-4,Royal Blend Alemania,Con Filtro,Negro,Normal,t,340
NIF-JAP-HIG-4,Midnight Silk Argentina,Sin Filtro,Negro,Normal,t,127
NIF-JAP-HIG-4,Midnight Silk Chile,Con Filtro,Negro,UltraLight,f,216
NIF-JAP-HIG-4,Silver Lining Alemania,Con Filtro,Negro,Normal,t,191
NIF-JAP-HIG-4,Ocean Breeze Chile,Con Filtro,Rubio,Normal,t,344
NIF-JAP-HIG-5,Royal Blend Chile,Sin Filtro,Negro,Normal,t,281
NIF-JAP-HIG-5,Midnight Silk Japon,Con Filtro,Negro,SuperLight,f,81
NIF-JAP-HIG-5,Silver Lining Chile,Sin Filtro,Rubio,Normal,t,272
NIF-JAP-HIG-5,Urban Classic Alemania,Con Filtro,Negro,Normal,t,131
NIF-JAP-HIG-5,Ocean Breeze Argentina,Sin Filtro,Negro,Normal,f,248
NIF-JAP-HIG-5,Ocean Breeze Japon,Sin Filtro,Rubio,Normal,t,90
NIF-JAP-HIG-5,Pure Essence Alemania,Con Filtro,Rubio,UltraLight,f,188
NIF-JAP-HIG-5,Midnight Silk Argentina,Sin Filtro,Rubio,Normal,f,366
NIF-JAP-HIG-5,Mountain Mist Alemania,Sin Filtro,Negro,Normal,f,241
NIF-JAP-HIG-5,Midnight Silk Reino,Sin Filtro,Rubio,Normal,f,246
NIF-JAP-HIG-5,Highland Peak Reino,Sin Filtro,Rubio,Normal,t,301
NIF-JAP-HIG-5,Mountain Mist Chile,Sin Filtro,Negro,Normal,f,442
NIF-JAP-HIG-5,Amber Haze Reino,Sin Filtro,Negro,Normal,t,496
NIF-JAP-HIG-5,Gold Leaf Reino,Sin Filtro,Negro,Normal,f,345
NIF-JAP-HIG-5,Silver Lining Alemania,Sin Filtro,Negro,Normal,f,374
NIF-JAP-HIG-5,Mountain Mist Argentina,Con Filtro,Rubio,SuperLight,f,317
NIF-JAP-HIG-5,Amber Haze Alemania,Con Filtro,Negro,Normal,f,373
NIF-JAP-HIG-5,Royal Blend Argentina,Sin Filtro,Negro,Normal,f,308
NIF-JAP-HIG-5,Silver Lining Alemania,Sin Filtro,Negro,Normal,t,379
NIF-JAP-HIG-5,Silver Lining Chile,Sin Filtro,Rubio,Normal,t,341
NIF-JAP-HIG-5,Pure Essence Reino,Sin Filtro,Rubio,Normal,t,308
NIF-JAP-HIG-5,Amber Haze Japon,Con Filtro,Rubio,Normal,t,159
NIF-JAP-HIG-5,Ocean Breeze Japon,Sin Filtro,Rubio,Normal,t,64
NIF-JAP-HIG-5,Urban Classic Chile,Sin Filtro,Rubio,Normal,t,350
NIF-JAP-HIG-5,Amber Haze Chile,Sin Filtro,Rubio,Normal,t,237
NIF-JAP-HIG-5,Ocean Breeze Reino,Con Filtro,Rubio,Normal,f,175
NIF-JAP-HIG-5,Silver Lining Reino,Sin Filtro,Rubio,Normal,f,193
NIF-JAP-HIG-5,Pure Essence Reino,Con Filtro,Rubio,Normal,f,197
NIF-JAP-HIG-6,Midnight Silk Argentina,Sin Filtro,Rubio,Normal,f,400
NIF-JAP-HIG-6,Silver Lining Japon,Sin Filtro,Rubio,Normal,f,408
NIF-JAP-HIG-6,Silver Lining Reino,Con Filtro,Negro,UltraLight,f,111
NIF-JAP-HIG-6,Amber Haze Chile,Sin Filtro,Negro,Normal,f,110
NIF-JAP-HIG-6,Pure Essence Japon,Con Filtro,Negro,Light,f,161
NIF-JAP-HIG-6,Midnight Silk Reino,Con Filtro,Negro,Normal,t,361
NIF-JAP-HIG-6,Midnight Silk Chile,Con Filtro,Negro,Normal,t,133
NIF-JAP-HIG-6,Urban Classic Reino,Sin Filtro,Negro,Normal,t,60
NIF-JAP-HIG-6,Urban Classic Reino,Con Filtro,Rubio,Normal,t,72
NIF-JAP-HIG-6,Mountain Mist Alemania,Con Filtro,Negro,Normal,t,397
NIF-JAP-HIG-6,Ocean Breeze Argentina,Con Filtro,Rubio,Normal,t,428
NIF-JAP-HIG-6,Pure Essence Alemania,Sin Filtro,Rubio,Normal,t,383
NIF-JAP-HIG-6,Amber Haze Alemania,Con Filtro,Negro,Normal,t,164
NIF-JAP-HIG-6,Silver Lining Argentina,Con Filtro,Negro,Normal,t,294
NIF-JAP-HIG-6,Urban Classic Chile,Con Filtro,Negro,UltraLight,f,58
NIF-JAP-HIG-6,Silver Lining Chile,Con Filtro,Rubio,Normal,f,74
NIF-JAP-HIG-6,Amber Haze Reino,Sin Filtro,Negro,Normal,t,190
NIF-JAP-HIG-6,Royal Blend Japon,Con Filtro,Rubio,SuperLight,f,162
NIF-JAP-HIG-6,Royal Blend Japon,Sin Filtro,Negro,Normal,t,304
NIF-JAP-HIG-6,Mountain Mist Chile,Con Filtro,Negro,Normal,t,361
NIF-JAP-HIG-6,Mountain Mist Chile,Sin Filtro,Rubio,Normal,f,148
NIF-JAP-HIG-6,Royal Blend Japon,Sin Filtro,Rubio,Normal,t,355
NIF-JAP-HIG-6,Royal Blend Argentina,Con Filtro,Rubio,UltraLight,f,240
NIF-JAP-HIG-6,Silver Lining Alemania,Sin Filtro,Negro,Normal,t,430
NIF-JAP-HIG-6,Pure Essence Chile,Con Filtro,Negro,Normal,t,376
NIF-JAP-HIG-7,Gold Leaf Chile,Sin Filtro,Negro,Normal,t,442
NIF-JAP-HIG-7,Pure Essence Japon,Con Filtro,Negro,UltraLight,f,291
NIF-JAP-HIG-7,Royal Blend Reino,Sin Filtro,Rubio,Normal,t,450
NIF-JAP-HIG-7,Gold Leaf Japon,Con Filtro,Rubio,Normal,t,146
NIF-JAP-HIG-7,Highland Peak Chile,Con Filtro,Rubio,SuperLight,f,467
NIF-JAP-HIG-7,Urban Classic Chile,Sin Filtro,Rubio,Normal,f,288
NIF-JAP-HIG-7,Mountain Mist Chile,Sin Filtro,Rubio,Normal,t,138
NIF-JAP-HIG-7,Highland Peak Alemania,Con Filtro,Rubio,UltraLight,f,54
NIF-JAP-HIG-7,Pure Essence Japon,Sin Filtro,Negro,Normal,f,298
NIF-JAP-HIG-7,Silver Lining Alemania,Con Filtro,Negro,Normal,t,73
NIF-JAP-HIG-7,Gold Leaf Argentina,Sin Filtro,Rubio,Normal,t,409
NIF-JAP-HIG-7,Urban Classic Chile,Sin Filtro,Rubio,Normal,f,166
NIF-JAP-HIG-7,Urban Classic Chile,Con Filtro,Negro,UltraLight,f,301
NIF-JAP-HIG-7,Gold Leaf Japon,Con Filtro,Rubio,Normal,t,60
NIF-JAP-HIG-7,Midnight Silk Argentina,Sin Filtro,Rubio,Normal,t,490
NIF-JAP-HIG-7,Amber Haze Alemania,Sin Filtro,Negro,Normal,t,78
NIF-JAP-HIG-7,Urban Classic Reino,Con Filtro,Rubio,Normal,t,233
NIF-JAP-HIG-7,Royal Blend Alemania,Sin Filtro,Rubio,Normal,t,58
NIF-JAP-HIG-7,Silver Lining Chile,Sin Filtro,Rubio,Normal,t,58
NIF-JAP-HIG-7,Amber Haze Reino,Con Filtro,Negro,Normal,t,370
NIF-JAP-HIG-7,Mountain Mist Japon,Con Filtro,Negro,Normal,t,181
NIF-JAP-HIG-8,Urban Classic Reino,Con Filtro,Rubio,Normal,t,215
NIF-JAP-HIG-8,Midnight Silk Reino,Sin Filtro,Rubio,Normal,t,107
NIF-JAP-HIG-8,Urban Classic Japon,Con Filtro,Rubio,Normal,t,174
NIF-JAP-HIG-8,Urban Classic Reino,Con Filtro,Negro,Normal,t,130
NIF-JAP-HIG-8,Amber Haze Reino,Sin Filtro,Rubio,Normal,f,182
NIF-JAP-HIG-8,Urban Classic Japon,Sin Filtro,Rubio,Normal,t,440
NIF-JAP-HIG-8,Ocean Breeze Chile,Con Filtro,Negro,Normal,f,290
NIF-JAP-HIG-8,Mountain Mist Chile,Sin Filtro,Rubio,Normal,f,434
NIF-JAP-HIG-8,Highland Peak Reino,Sin Filtro,Rubio,Normal,t,205
NIF-JAP-HIG-8,Gold Leaf Reino,Con Filtro,Rubio,Normal,f,109
NIF-JAP-HIG-8,Gold Leaf Chile,Sin Filtro,Rubio,Normal,t,299
NIF-JAP-HIG-8,Pure Essence Chile,Con Filtro,Rubio,Light,f,227
NIF-JAP-HIG-9,Midnight Silk Japon,Con Filtro,Negro,SuperLight,f,439
NIF-JAP-HIG-9,Amber Haze Reino,Sin Filtro,Negro,Normal,t,276
NIF-JAP-HIG-9,Amber Haze Reino,Con Filtro,Rubio,Normal,t,326
NIF-JAP-HIG-9,Pure Essence Chile,Sin Filtro,Negro,Normal,f,497
NIF-JAP-HIG-9,Silver Lining Chile,Con Filtro,Rubio,Light,f,395
NIF-JAP-HIG-9,Ocean Breeze Reino,Sin Filtro,Negro,Normal,t,213
NIF-JAP-HIG-9,Urban Classic Chile,Sin Filtro,Negro,Normal,f,115
NIF-JAP-HIG-9,Gold Leaf Argentina,Con Filtro,Negro,Normal,t,282
NIF-JAP-HIG-9,Royal Blend Chile,Con Filtro,Rubio,Normal,t,357
NIF-JAP-HIG-9,Amber Haze Reino,Sin Filtro,Rubio,Normal,t,116
NIF-JAP-HIG-9,Mountain Mist Chile,Sin Filtro,Rubio,Normal,f,249
NIF-JAP-HIG-9,Gold Leaf Japon,Con Filtro,Rubio,Normal,t,490
NIF-JAP-HIG-9,Silver Lining Alemania,Con Filtro,Negro,Normal,t,187
NIF-JAP-HIG-9,Royal Blend Chile,Sin Filtro,Negro,Normal,f,468
NIF-JAP-HIG-9,Royal Blend Reino,Con Filtro,Rubio,Normal,t,439
NIF-JAP-HIG-9,Gold Leaf Argentina,Con Filtro,Rubio,Normal,t,67
NIF-JAP-HIG-9,Midnight Silk Alemania,Sin Filtro,Negro,Normal,t,467
NIF-JAP-HIG-9,Mountain Mist Japon,Con Filtro,Negro,Normal,t,167
NIF-JAP-HIG-9,Silver Lining Chile,Con Filtro,Negro,SuperLight,f,322
NIF-JAP-HIG-9,Ocean Breeze Reino,Sin Filtro,Rubio,Normal,f,178
NIF-JAP-HIG-10,Silver Lining Japon,Sin Filtro,Rubio,Normal,f,198
NIF-JAP-HIG-10,Amber Haze Japon,Con Filtro,Rubio,Normal,t,312
NIF-JAP-HIG-10,Highland Peak Chile,Con Filtro,Negro,Normal,t,444
NIF-JAP-HIG-10,Highland Peak Chile,Con Filtro,Negro,Light,f,255
NIF-JAP-HIG-10,Ocean Breeze Argentina,Con Filtro,Rubio,Normal,t,313
NIF-JAP-HIG-10,Mountain Mist Alemania,Sin Filtro,Negro,Normal,f,375
NIF-JAP-HIG-10,Ocean Breeze Alemania,Con Filtro,Rubio,Light,f,412
NIF-JAP-HIG-10,Midnight Silk Alemania,Sin Filtro,Rubio,Normal,f,118
NIF-JAP-HIG-10,Silver Lining Alemania,Sin Filtro,Negro,Normal,t,266
NIF-JAP-HIG-10,Royal Blend Reino,Con Filtro,Negro,Normal,f,259
NIF-JAP-HIG-11,Highland Peak Alemania,Con Filtro,Negro,Normal,f,360
NIF-JAP-HIG-11,Urban Classic Argentina,Con Filtro,Rubio,Normal,t,358
NIF-JAP-HIG-11,Amber Haze Japon,Con Filtro,Rubio,Normal,t,332
NIF-JAP-HIG-11,Mountain Mist Reino,Sin Filtro,Negro,Normal,t,224
NIF-JAP-HIG-11,Highland Peak Alemania,Con Filtro,Rubio,UltraLight,f,478
NIF-JAP-HIG-11,Royal Blend Japon,Sin Filtro,Rubio,Normal,t,170
NIF-JAP-HIG-11,Silver Lining Reino,Con Filtro,Rubio,UltraLight,f,292
NIF-JAP-HIG-11,Gold Leaf Reino,Con Filtro,Rubio,Normal,t,142
NIF-JAP-HIG-11,Ocean Breeze Argentina,Sin Filtro,Negro,Normal,f,395
NIF-JAP-HIG-11,Gold Leaf Alemania,Sin Filtro,Rubio,Normal,f,118
NIF-JAP-HIG-11,Ocean Breeze Reino,Sin Filtro,Negro,Normal,f,464
NIF-JAP-HIG-11,Pure Essence Chile,Con Filtro,Rubio,SuperLight,f,407
NIF-JAP-HIG-11,Mountain Mist Reino,Sin Filtro,Negro,Normal,f,60
NIF-JAP-HIG-11,Urban Classic Alemania,Sin Filtro,Rubio,Normal,t,239
NIF-JAP-HIG-11,Gold Leaf Japon,Sin Filtro,Rubio,Normal,t,498
NIF-JAP-HIG-11,Ocean Breeze Argentina,Sin Filtro,Rubio,Normal,f,361
NIF-JAP-HIG-11,Royal Blend Reino,Con Filtro,Negro,Light,f,309
NIF-JAP-HIG-11,Mountain Mist Reino,Con Filtro,Negro,SuperLight,f,128
NIF-JAP-HIG-11,Ocean Breeze Argentina,Con Filtro,Negro,SuperLight,f,204
NIF-JAP-HIG-11,Midnight Silk Japon,Sin Filtro,Rubio,Normal,f,443
NIF-JAP-HIG-12,Urban Classic Chile,Sin Filtro,Negro,Normal,t,148
NIF-JAP-HIG-12,Royal Blend Japon,Sin Filtro,Rubio,Normal,t,279
NIF-JAP-HIG-12,Midnight Silk Argentina,Sin Filtro,Rubio,Normal,t,298
NIF-JAP-HIG-12,Mountain Mist Alemania,Sin Filtro,Negro,Normal,t,455
NIF-JAP-HIG-12,Highland Peak Alemania,Sin Filtro,Negro,Normal,f,199
NIF-JAP-HIG-12,Royal Blend Chile,Sin Filtro,Negro,Normal,t,122
NIF-JAP-HIG-12,Pure Essence Chile,Sin Filtro,Rubio,Normal,f,300
NIF-JAP-HIG-12,Ocean Breeze Alemania,Con Filtro,Rubio,Normal,t,368
NIF-JAP-HIG-12,Ocean Breeze Reino,Sin Filtro,Negro,Normal,t,283
NIF-JAP-HIG-12,Silver Lining Japon,Sin Filtro,Rubio,Normal,f,218
NIF-JAP-HIG-12,Highland Peak Argentina,Con Filtro,Rubio,Normal,f,353
NIF-JAP-HIG-12,Amber Haze Chile,Con Filtro,Rubio,SuperLight,f,140
NIF-JAP-HIG-12,Gold Leaf Chile,Sin Filtro,Negro,Normal,t,307
NIF-JAP-HIG-12,Amber Haze Argentina,Sin Filtro,Negro,Normal,t,483
NIF-JAP-HIG-12,Silver Lining Alemania,Sin Filtro,Negro,Normal,t,406
NIF-JAP-HIG-12,Gold Leaf Reino,Sin Filtro,Rubio,Normal,t,89
NIF-JAP-HIG-12,Pure Essence Alemania,Sin Filtro,Rubio,Normal,f,207
NIF-JAP-HIG-12,Urban Classic Japon,Con Filtro,Rubio,Light,f,431
NIF-JAP-HIG-12,Royal Blend Reino,Con Filtro,Negro,Normal,t,274
NIF-JAP-HIG-12,Gold Leaf Reino,Con Filtro,Negro,SuperLight,f,355
NIF-JAP-HIG-12,Royal Blend Argentina,Sin Filtro,Negro,Normal,f,384
NIF-JAP-HIG-12,Amber Haze Chile,Sin Filtro,Rubio,Normal,t,267
NIF-JAP-HIG-12,Urban Classic Chile,Sin Filtro,Rubio,Normal,t,448
NIF-JAP-HIG-12,Royal Blend Japon,Sin Filtro,Rubio,Normal,f,328
NIF-JAP-HIG-12,Silver Lining Chile,Con Filtro,Negro,Normal,t,491
NIF-JAP-HIG-12,Royal Blend Japon,Sin Filtro,Rubio,Normal,t,128
NIF-JAP-HIG-12,Ocean Breeze Chile,Con Filtro,Rubio,Normal,t,74
NIF-JAP-HIG-12,Amber Haze Reino,Sin Filtro,Rubio,Normal,f,436
NIF-JAP-HIG-12,Gold Leaf Argentina,Con Filtro,Rubio,Light,f,267
NIF-JAP-HIG-12,Pure Essence Japon,Sin Filtro,Rubio,Normal,t,340
NIF-JAP-HIG-13,Midnight Silk Japon,Con Filtro,Rubio,Normal,t,188
NIF-JAP-HIG-13,Amber Haze Argentina,Con Filtro,Rubio,Normal,t,166
NIF-JAP-HIG-13,Urban Classic Alemania,Sin Filtro,Negro,Normal,f,474
NIF-JAP-HIG-13,Royal Blend Chile,Con Filtro,Rubio,Normal,t,253
NIF-JAP-HIG-13,Royal Blend Japon,Con Filtro,Negro,Normal,t,472
NIF-JAP-HIG-13,Mountain Mist Reino,Con Filtro,Negro,SuperLight,f,500
NIF-JAP-HIG-13,Midnight Silk Reino,Sin Filtro,Rubio,Normal,f,445
NIF-JAP-HIG-13,Ocean Breeze Alemania,Con Filtro,Rubio,Light,f,50
NIF-JAP-HIG-13,Ocean Breeze Alemania,Sin Filtro,Rubio,Normal,t,238
NIF-JAP-HIG-13,Pure Essence Chile,Con Filtro,Negro,Normal,t,495
NIF-JAP-HIG-13,Midnight Silk Argentina,Sin Filtro,Rubio,Normal,t,185
NIF-JAP-HIG-13,Urban Classic Alemania,Sin Filtro,Negro,Normal,f,265
NIF-JAP-HIG-13,Silver Lining Alemania,Sin Filtro,Negro,Normal,t,103
NIF-JAP-HIG-13,Pure Essence Argentina,Con Filtro,Rubio,Normal,t,306
NIF-JAP-HIG-13,Ocean Breeze Argentina,Con Filtro,Negro,Normal,t,238
NIF-JAP-HIG-14,Mountain Mist Alemania,Sin Filtro,Negro,Normal,f,54
NIF-JAP-HIG-14,Gold Leaf Argentina,Con Filtro,Rubio,Normal,t,132
NIF-JAP-HIG-14,Gold Leaf Japon,Sin Filtro,Rubio,Normal,t,172
NIF-JAP-HIG-14,Amber Haze Japon,Sin Filtro,Rubio,Normal,t,227
NIF-JAP-HIG-14,Midnight Silk Japon,Con Filtro,Rubio,Normal,t,165
NIF-JAP-HIG-14,Mountain Mist Alemania,Sin Filtro,Rubio,Normal,f,370
NIF-JAP-HIG-14,Highland Peak Japon,Sin Filtro,Rubio,Normal,t,372
NIF-JAP-HIG-14,Ocean Breeze Japon,Con Filtro,Rubio,Normal,f,285
NIF-JAP-HIG-14,Highland Peak Argentina,Sin Filtro,Negro,Normal,f,425
NIF-JAP-HIG-14,Midnight Silk Japon,Sin Filtro,Negro,Normal,f,83
NIF-JAP-HIG-14,Silver Lining Argentina,Con Filtro,Rubio,Normal,f,484
NIF-JAP-HIG-14,Midnight Silk Chile,Con Filtro,Rubio,Normal,t,61
NIF-JAP-HIG-14,Pure Essence Reino,Sin Filtro,Negro,Normal,t,125
NIF-JAP-HIG-14,Silver Lining Chile,Sin Filtro,Rubio,Normal,t,431
NIF-JAP-HIG-14,Amber Haze Chile,Sin Filtro,Rubio,Normal,f,399
NIF-JAP-HIG-14,Urban Classic Japon,Con Filtro,Negro,Normal,f,111
NIF-JAP-HIG-14,Silver Lining Alemania,Sin Filtro,Negro,Normal,f,446
NIF-JAP-HIG-14,Highland Peak Alemania,Sin Filtro,Negro,Normal,t,421
NIF-JAP-HIG-14,Gold Leaf Chile,Sin Filtro,Negro,Normal,f,359
NIF-JAP-HIG-14,Mountain Mist Argentina,Sin Filtro,Negro,Normal,t,255
NIF-JAP-HIG-15,Pure Essence Chile,Sin Filtro,Negro,Normal,f,486
NIF-JAP-HIG-15,Highland Peak Argentina,Sin Filtro,Negro,Normal,f,69
NIF-JAP-HIG-15,Amber Haze Argentina,Con Filtro,Rubio,Normal,t,201
NIF-JAP-HIG-15,Royal Blend Reino,Con Filtro,Rubio,Normal,t,88
NIF-JAP-HIG-15,Amber Haze Japon,Sin Filtro,Negro,Normal,t,311
NIF-JAP-HIG-15,Silver Lining Chile,Sin Filtro,Rubio,Normal,t,315
NIF-JAP-HIG-15,Amber Haze Reino,Sin Filtro,Rubio,Normal,f,153
NIF-JAP-HIG-15,Pure Essence Alemania,Sin Filtro,Rubio,Normal,t,495
NIF-JAP-HIG-15,Midnight Silk Japon,Con Filtro,Negro,UltraLight,f,378
NIF-JAP-HIG-15,Amber Haze Argentina,Sin Filtro,Negro,Normal,t,269
NIF-JAP-HIG-15,Pure Essence Chile,Con Filtro,Rubio,Normal,t,66
NIF-JAP-HIG-15,Highland Peak Alemania,Con Filtro,Negro,UltraLight,f,286
NIF-JAP-TOY-1,Midnight Silk Argentina,Sin Filtro,Rubio,Normal,t,411
NIF-JAP-TOY-1,Amber Haze Chile,Sin Filtro,Negro,Normal,f,332
NIF-JAP-TOY-1,Highland Peak Reino,Con Filtro,Rubio,Normal,t,364
NIF-JAP-TOY-1,Gold Leaf Japon,Sin Filtro,Negro,Normal,t,363
NIF-JAP-TOY-1,Highland Peak Alemania,Sin Filtro,Negro,Normal,f,360
NIF-JAP-TOY-1,Urban Classic Chile,Sin Filtro,Negro,Normal,t,122
NIF-JAP-TOY-1,Pure Essence Alemania,Sin Filtro,Rubio,Normal,f,63
NIF-JAP-TOY-1,Highland Peak Japon,Con Filtro,Rubio,Light,f,283
NIF-JAP-TOY-1,Amber Haze Alemania,Sin Filtro,Negro,Normal,t,289
NIF-JAP-TOY-1,Royal Blend Argentina,Con Filtro,Negro,SuperLight,f,123
NIF-JAP-TOY-1,Highland Peak Argentina,Sin Filtro,Rubio,Normal,f,305
NIF-JAP-TOY-1,Highland Peak Alemania,Sin Filtro,Rubio,Normal,t,286
NIF-JAP-TOY-1,Urban Classic Alemania,Sin Filtro,Negro,Normal,f,305
NIF-JAP-TOY-1,Royal Blend Chile,Sin Filtro,Negro,Normal,t,227
NIF-JAP-TOY-1,Mountain Mist Japon,Con Filtro,Rubio,Normal,t,307
NIF-JAP-TOY-1,Royal Blend Argentina,Sin Filtro,Negro,Normal,f,186
NIF-JAP-TOY-1,Mountain Mist Chile,Con Filtro,Rubio,Normal,t,366
NIF-JAP-TOY-1,Mountain Mist Alemania,Sin Filtro,Negro,Normal,t,118
NIF-JAP-TOY-1,Highland Peak Chile,Con Filtro,Negro,Normal,f,352
NIF-JAP-TOY-1,Amber Haze Argentina,Con Filtro,Negro,Normal,t,389
NIF-JAP-TOY-1,Ocean Breeze Argentina,Con Filtro,Negro,SuperLight,f,161
NIF-JAP-TOY-2,Royal Blend Alemania,Sin Filtro,Rubio,Normal,f,51
NIF-JAP-TOY-2,Midnight Silk Alemania,Sin Filtro,Negro,Normal,t,115
NIF-JAP-TOY-2,Pure Essence Reino,Sin Filtro,Rubio,Normal,f,254
NIF-JAP-TOY-2,Gold Leaf Japon,Con Filtro,Rubio,Normal,t,123
NIF-JAP-TOY-2,Amber Haze Alemania,Sin Filtro,Rubio,Normal,t,499
NIF-JAP-TOY-2,Mountain Mist Japon,Con Filtro,Rubio,Normal,t,154
NIF-JAP-TOY-2,Urban Classic Argentina,Con Filtro,Rubio,SuperLight,f,181
NIF-JAP-TOY-2,Gold Leaf Argentina,Sin Filtro,Negro,Normal,f,180
NIF-JAP-TOY-2,Pure Essence Alemania,Sin Filtro,Rubio,Normal,f,87
NIF-JAP-TOY-2,Mountain Mist Chile,Sin Filtro,Rubio,Normal,t,292
NIF-JAP-TOY-2,Mountain Mist Japon,Sin Filtro,Rubio,Normal,f,233
NIF-JAP-TOY-2,Gold Leaf Chile,Sin Filtro,Negro,Normal,t,388
NIF-JAP-TOY-2,Highland Peak Reino,Con Filtro,Negro,SuperLight,f,182
NIF-JAP-TOY-2,Royal Blend Reino,Con Filtro,Negro,Normal,t,270
NIF-JAP-TOY-2,Midnight Silk Japon,Con Filtro,Rubio,Normal,t,65
NIF-JAP-TOY-2,Urban Classic Chile,Sin Filtro,Rubio,Normal,f,366
NIF-JAP-TOY-2,Royal Blend Alemania,Sin Filtro,Rubio,Normal,t,365
NIF-JAP-TOY-2,Ocean Breeze Japon,Sin Filtro,Rubio,Normal,t,413
NIF-JAP-TOY-2,Pure Essence Chile,Con Filtro,Negro,SuperLight,f,275
NIF-JAP-TOY-2,Mountain Mist Alemania,Sin Filtro,Rubio,Normal,t,386
NIF-JAP-TOY-2,Midnight Silk Argentina,Con Filtro,Rubio,Normal,f,415
NIF-JAP-TOY-2,Mountain Mist Chile,Sin Filtro,Rubio,Normal,f,355
NIF-JAP-TOY-2,Amber Haze Japon,Con Filtro,Rubio,SuperLight,f,72
NIF-JAP-TOY-3,Gold Leaf Japon,Con Filtro,Rubio,Normal,t,479
NIF-JAP-TOY-3,Royal Blend Argentina,Sin Filtro,Negro,Normal,f,192
NIF-JAP-TOY-3,Pure Essence Japon,Sin Filtro,Rubio,Normal,f,103
NIF-JAP-TOY-3,Gold Leaf Chile,Sin Filtro,Negro,Normal,t,220
NIF-JAP-TOY-3,Royal Blend Argentina,Con Filtro,Negro,Light,f,173
NIF-JAP-TOY-3,Amber Haze Alemania,Sin Filtro,Negro,Normal,t,437
NIF-JAP-TOY-3,Midnight Silk Chile,Con Filtro,Rubio,Normal,t,239
NIF-JAP-TOY-3,Silver Lining Japon,Sin Filtro,Negro,Normal,f,298
NIF-JAP-TOY-3,Amber Haze Chile,Sin Filtro,Rubio,Normal,f,344
NIF-JAP-TOY-3,Gold Leaf Argentina,Sin Filtro,Rubio,Normal,f,483
NIF-JAP-TOY-3,Gold Leaf Reino,Sin Filtro,Rubio,Normal,t,294
NIF-JAP-TOY-3,Royal Blend Japon,Con Filtro,Rubio,SuperLight,f,445
NIF-JAP-TOY-3,Midnight Silk Japon,Con Filtro,Rubio,Normal,t,424
NIF-JAP-TOY-3,Highland Peak Japon,Sin Filtro,Rubio,Normal,t,91
NIF-JAP-TOY-3,Highland Peak Reino,Con Filtro,Negro,SuperLight,f,254
NIF-JAP-TOY-3,Gold Leaf Alemania,Sin Filtro,Negro,Normal,t,235
NIF-JAP-TOY-3,Silver Lining Chile,Con Filtro,Rubio,Normal,t,82
NIF-JAP-TOY-3,Urban Classic Argentina,Sin Filtro,Negro,Normal,t,115
NIF-JAP-TOY-3,Amber Haze Argentina,Sin Filtro,Rubio,Normal,t,278
NIF-JAP-TOY-3,Mountain Mist Alemania,Sin Filtro,Rubio,Normal,t,382
NIF-JAP-TOY-4,Royal Blend Japon,Con Filtro,Negro,Normal,t,332
NIF-JAP-TOY-4,Midnight Silk Alemania,Sin Filtro,Negro,Normal,t,488
NIF-JAP-TOY-4,Mountain Mist Alemania,Sin Filtro,Rubio,Normal,f,324
NIF-JAP-TOY-4,Pure Essence Chile,Sin Filtro,Negro,Normal,f,499
NIF-JAP-TOY-4,Pure Essence Reino,Con Filtro,Rubio,Normal,f,464
NIF-JAP-TOY-4,Mountain Mist Reino,Sin Filtro,Negro,Normal,f,307
NIF-JAP-TOY-4,Highland Peak Argentina,Con Filtro,Negro,Normal,f,161
NIF-JAP-TOY-4,Mountain Mist Japon,Sin Filtro,Negro,Normal,t,52
NIF-JAP-TOY-4,Urban Classic Reino,Con Filtro,Rubio,Normal,t,491
NIF-JAP-TOY-4,Gold Leaf Alemania,Sin Filtro,Negro,Normal,t,171
NIF-JAP-TOY-4,Amber Haze Japon,Sin Filtro,Negro,Normal,t,378
NIF-JAP-TOY-4,Highland Peak Reino,Sin Filtro,Negro,Normal,t,152
NIF-JAP-TOY-4,Highland Peak Argentina,Sin Filtro,Negro,Normal,f,356
NIF-JAP-TOY-4,Urban Classic Chile,Con Filtro,Negro,Normal,t,167
NIF-JAP-TOY-4,Pure Essence Japon,Sin Filtro,Rubio,Normal,f,312
NIF-JAP-TOY-4,Amber Haze Japon,Con Filtro,Rubio,Normal,t,322
NIF-JAP-TOY-4,Highland Peak Reino,Con Filtro,Negro,SuperLight,f,305
NIF-JAP-TOY-4,Urban Classic Reino,Con Filtro,Rubio,Normal,t,63
NIF-JAP-TOY-4,Pure Essence Chile,Con Filtro,Negro,Normal,t,149
NIF-JAP-TOY-4,Royal Blend Argentina,Con Filtro,Negro,SuperLight,f,52
NIF-JAP-TOY-4,Midnight Silk Japon,Con Filtro,Rubio,Light,f,148
NIF-JAP-TOY-5,Amber Haze Argentina,Con Filtro,Negro,Normal,t,241
NIF-JAP-TOY-5,Ocean Breeze Japon,Sin Filtro,Negro,Normal,f,167
NIF-JAP-TOY-5,Ocean Breeze Reino,Sin Filtro,Negro,Normal,t,312
NIF-JAP-TOY-5,Silver Lining Japon,Sin Filtro,Rubio,Normal,f,474
NIF-JAP-TOY-5,Amber Haze Argentina,Sin Filtro,Rubio,Normal,t,466
NIF-JAP-TOY-5,Gold Leaf Japon,Con Filtro,Rubio,UltraLight,f,338
NIF-JAP-TOY-5,Amber Haze Japon,Sin Filtro,Negro,Normal,t,455
NIF-JAP-TOY-5,Pure Essence Reino,Sin Filtro,Rubio,Normal,t,155
NIF-JAP-TOY-5,Mountain Mist Alemania,Sin Filtro,Rubio,Normal,t,139
NIF-JAP-TOY-5,Urban Classic Alemania,Con Filtro,Negro,Light,f,362
NIF-JAP-TOY-5,Highland Peak Japon,Con Filtro,Rubio,Normal,t,389
NIF-JAP-TOY-5,Urban Classic Chile,Sin Filtro,Negro,Normal,f,335
NIF-JAP-TOY-6,Mountain Mist Chile,Sin Filtro,Rubio,Normal,f,496
NIF-JAP-TOY-6,Mountain Mist Argentina,Con Filtro,Rubio,Normal,t,451
NIF-JAP-TOY-6,Gold Leaf Chile,Sin Filtro,Negro,Normal,f,228
NIF-JAP-TOY-6,Mountain Mist Reino,Con Filtro,Rubio,Light,f,248
NIF-JAP-TOY-6,Silver Lining Japon,Sin Filtro,Rubio,Normal,f,373
NIF-JAP-TOY-6,Silver Lining Chile,Con Filtro,Rubio,Normal,t,402
NIF-JAP-TOY-6,Highland Peak Alemania,Con Filtro,Rubio,SuperLight,f,496
NIF-JAP-TOY-6,Pure Essence Argentina,Con Filtro,Rubio,SuperLight,f,443
NIF-JAP-TOY-6,Ocean Breeze Japon,Sin Filtro,Rubio,Normal,t,164
NIF-JAP-TOY-6,Silver Lining Japon,Con Filtro,Negro,UltraLight,f,185
NIF-JAP-TOY-6,Urban Classic Chile,Con Filtro,Negro,UltraLight,f,221
NIF-JAP-TOY-6,Royal Blend Argentina,Con Filtro,Rubio,Light,f,446
NIF-JAP-TOY-6,Pure Essence Reino,Con Filtro,Rubio,Normal,f,116
NIF-JAP-TOY-6,Pure Essence Chile,Sin Filtro,Rubio,Normal,f,300
NIF-JAP-TOY-6,Highland Peak Reino,Con Filtro,Negro,SuperLight,f,110
NIF-JAP-TOY-6,Royal Blend Alemania,Sin Filtro,Rubio,Normal,t,468
NIF-JAP-TOY-6,Silver Lining Argentina,Con Filtro,Negro,Normal,t,298
NIF-JAP-TOY-6,Ocean Breeze Chile,Con Filtro,Rubio,Normal,t,407
NIF-JAP-TOY-6,Royal Blend Reino,Sin Filtro,Rubio,Normal,t,265
NIF-JAP-TOY-6,Royal Blend Chile,Con Filtro,Rubio,Normal,t,128
NIF-JAP-TOY-6,Midnight Silk Reino,Sin Filtro,Rubio,Normal,t,395
NIF-JAP-TOY-6,Midnight Silk Argentina,Sin Filtro,Rubio,Normal,f,450
NIF-JAP-TOY-6,Urban Classic Alemania,Con Filtro,Rubio,Normal,t,122
NIF-JAP-TOY-6,Mountain Mist Chile,Con Filtro,Negro,Normal,t,319
NIF-JAP-TOY-6,Ocean Breeze Chile,Sin Filtro,Negro,Normal,t,78
NIF-JAP-TOY-6,Highland Peak Argentina,Sin Filtro,Rubio,Normal,f,195
NIF-JAP-TOY-6,Midnight Silk Japon,Con Filtro,Rubio,Normal,f,222
NIF-JAP-TOY-6,Highland Peak Japon,Con Filtro,Negro,Normal,f,499
NIF-JAP-TOY-6,Mountain Mist Chile,Sin Filtro,Rubio,Normal,t,195
NIF-JAP-TOY-7,Pure Essence Reino,Sin Filtro,Rubio,Normal,f,395
NIF-JAP-TOY-7,Royal Blend Alemania,Sin Filtro,Rubio,Normal,f,196
NIF-JAP-TOY-7,Mountain Mist Alemania,Con Filtro,Negro,Normal,t,321
NIF-JAP-TOY-7,Ocean Breeze Japon,Sin Filtro,Negro,Normal,f,484
NIF-JAP-TOY-7,Gold Leaf Reino,Con Filtro,Negro,SuperLight,f,355
NIF-JAP-TOY-7,Midnight Silk Alemania,Sin Filtro,Negro,Normal,t,207
NIF-JAP-TOY-7,Royal Blend Japon,Sin Filtro,Rubio,Normal,t,74
NIF-JAP-TOY-7,Silver Lining Japon,Con Filtro,Rubio,Light,f,305
NIF-JAP-TOY-7,Gold Leaf Reino,Con Filtro,Negro,SuperLight,f,374
NIF-JAP-TOY-7,Mountain Mist Argentina,Con Filtro,Rubio,Normal,t,244
NIF-JAP-TOY-8,Silver Lining Alemania,Sin Filtro,Negro,Normal,f,388
NIF-JAP-TOY-8,Ocean Breeze Japon,Sin Filtro,Rubio,Normal,t,231
NIF-JAP-TOY-8,Silver Lining Alemania,Con Filtro,Negro,Normal,t,425
NIF-JAP-TOY-8,Amber Haze Japon,Con Filtro,Rubio,SuperLight,f,471
NIF-JAP-TOY-8,Gold Leaf Reino,Sin Filtro,Rubio,Normal,t,376
NIF-JAP-TOY-8,Highland Peak Alemania,Sin Filtro,Rubio,Normal,f,367
NIF-JAP-TOY-8,Ocean Breeze Argentina,Con Filtro,Negro,SuperLight,f,89
NIF-JAP-TOY-8,Urban Classic Chile,Sin Filtro,Negro,Normal,t,320
NIF-JAP-TOY-8,Mountain Mist Reino,Sin Filtro,Negro,Normal,t,457
NIF-JAP-TOY-8,Ocean Breeze Alemania,Sin Filtro,Rubio,Normal,t,61
NIF-JAP-TOY-8,Highland Peak Argentina,Con Filtro,Negro,Normal,t,414
NIF-JAP-TOY-8,Silver Lining Chile,Sin Filtro,Rubio,Normal,t,134
NIF-JAP-TOY-8,Ocean Breeze Alemania,Con Filtro,Negro,SuperLight,f,61
NIF-JAP-TOY-8,Mountain Mist Alemania,Sin Filtro,Negro,Normal,f,411
NIF-JAP-TOY-8,Silver Lining Japon,Con Filtro,Negro,UltraLight,f,152
NIF-JAP-TOY-8,Royal Blend Chile,Sin Filtro,Negro,Normal,t,356
NIF-JAP-TOY-8,Amber Haze Reino,Sin Filtro,Rubio,Normal,t,263
NIF-JAP-TOY-8,Highland Peak Reino,Sin Filtro,Rubio,Normal,t,255
NIF-JAP-TOY-8,Ocean Breeze Reino,Sin Filtro,Negro,Normal,f,445
NIF-JAP-TOY-8,Mountain Mist Reino,Sin Filtro,Negro,Normal,f,455
NIF-JAP-TOY-8,Midnight Silk Japon,Sin Filtro,Negro,Normal,f,407
NIF-JAP-TOY-8,Midnight Silk Argentina,Sin Filtro,Negro,Normal,f,220
NIF-JAP-TOY-8,Pure Essence Alemania,Con Filtro,Negro,Normal,f,183
NIF-JAP-TOY-8,Amber Haze Chile,Con Filtro,Rubio,Normal,t,261
NIF-JAP-TOY-8,Amber Haze Alemania,Sin Filtro,Negro,Normal,t,333
NIF-JAP-TOY-9,Urban Classic Alemania,Con Filtro,Rubio,Normal,t,277
NIF-JAP-TOY-9,Midnight Silk Japon,Con Filtro,Rubio,Light,f,156
NIF-JAP-TOY-9,Ocean Breeze Japon,Sin Filtro,Rubio,Normal,t,91
NIF-JAP-TOY-9,Ocean Breeze Chile,Sin Filtro,Negro,Normal,f,417
NIF-JAP-TOY-9,Silver Lining Japon,Con Filtro,Negro,Normal,t,361
NIF-JAP-TOY-9,Amber Haze Chile,Con Filtro,Rubio,Light,f,280
NIF-JAP-TOY-9,Highland Peak Japon,Sin Filtro,Rubio,Normal,f,96
NIF-JAP-TOY-9,Royal Blend Japon,Sin Filtro,Negro,Normal,t,55
NIF-JAP-TOY-9,Royal Blend Chile,Con Filtro,Rubio,UltraLight,f,148
NIF-JAP-TOY-9,Midnight Silk Alemania,Sin Filtro,Rubio,Normal,t,113
NIF-JAP-TOY-9,Mountain Mist Chile,Con Filtro,Rubio,Normal,t,210
NIF-JAP-TOY-9,Midnight Silk Reino,Con Filtro,Negro,Normal,t,77
NIF-JAP-TOY-9,Amber Haze Alemania,Con Filtro,Negro,Normal,t,55
NIF-JAP-TOY-9,Mountain Mist Reino,Con Filtro,Rubio,Light,f,263
NIF-JAP-TOY-9,Silver Lining Argentina,Sin Filtro,Negro,Normal,t,113
NIF-JAP-TOY-9,Royal Blend Chile,Con Filtro,Negro,Normal,t,261
NIF-JAP-TOY-9,Amber Haze Japon,Sin Filtro,Rubio,Normal,t,428
NIF-JAP-TOY-9,Amber Haze Argentina,Con Filtro,Negro,SuperLight,f,91
NIF-JAP-TOY-9,Ocean Breeze Chile,Con Filtro,Negro,Normal,t,308
NIF-JAP-TOY-10,Amber Haze Chile,Con Filtro,Negro,Light,f,347
NIF-JAP-TOY-10,Pure Essence Japon,Con Filtro,Negro,Light,f,305
NIF-JAP-TOY-10,Royal Blend Chile,Con Filtro,Rubio,UltraLight,f,91
NIF-JAP-TOY-10,Pure Essence Japon,Sin Filtro,Negro,Normal,t,53
NIF-JAP-TOY-10,Amber Haze Argentina,Con Filtro,Rubio,Normal,t,418
NIF-JAP-TOY-10,Midnight Silk Argentina,Sin Filtro,Rubio,Normal,t,157
NIF-JAP-TOY-10,Amber Haze Alemania,Con Filtro,Negro,Normal,f,391
NIF-JAP-TOY-10,Amber Haze Argentina,Sin Filtro,Rubio,Normal,t,458
NIF-JAP-TOY-10,Highland Peak Japon,Sin Filtro,Negro,Normal,f,285
NIF-JAP-TOY-10,Gold Leaf Alemania,Con Filtro,Rubio,Normal,t,361
NIF-JAP-TOY-10,Urban Classic Japon,Con Filtro,Rubio,Normal,t,70
NIF-JAP-TOY-10,Midnight Silk Alemania,Sin Filtro,Rubio,Normal,f,360
NIF-JAP-TOY-10,Mountain Mist Argentina,Sin Filtro,Negro,Normal,t,181
NIF-JAP-TOY-10,Gold Leaf Japon,Sin Filtro,Rubio,Normal,t,432
NIF-JAP-TOY-10,Gold Leaf Argentina,Sin Filtro,Rubio,Normal,f,225
NIF-JAP-TOY-10,Royal Blend Alemania,Con Filtro,Rubio,Normal,t,272
NIF-JAP-TOY-10,Silver Lining Argentina,Sin Filtro,Rubio,Normal,f,400
NIF-JAP-TOY-10,Urban Classic Alemania,Sin Filtro,Rubio,Normal,t,309
NIF-JAP-TOY-10,Urban Classic Reino,Sin Filtro,Rubio,Normal,f,462
NIF-JAP-TOY-10,Midnight Silk Alemania,Sin Filtro,Negro,Normal,f,369
NIF-JAP-TOY-10,Pure Essence Chile,Con Filtro,Negro,SuperLight,f,63
NIF-JAP-TOY-10,Gold Leaf Argentina,Sin Filtro,Negro,Normal,t,391
NIF-JAP-TOY-10,Highland Peak Japon,Sin Filtro,Rubio,Normal,f,436
NIF-JAP-TOY-10,Ocean Breeze Japon,Sin Filtro,Rubio,Normal,t,286
NIF-JAP-TOY-10,Midnight Silk Japon,Con Filtro,Rubio,Light,f,253
NIF-JAP-TOY-10,Urban Classic Argentina,Con Filtro,Negro,Normal,f,253
NIF-JAP-TOY-10,Silver Lining Chile,Con Filtro,Negro,SuperLight,f,437
NIF-JAP-TOY-10,Urban Classic Alemania,Con Filtro,Negro,Light,f,343
NIF-JAP-TOY-10,Gold Leaf Reino,Sin Filtro,Negro,Normal,f,192
NIF-JAP-TOY-10,Midnight Silk Alemania,Con Filtro,Rubio,Normal,t,426
NIF-JAP-TOY-11,Royal Blend Reino,Con Filtro,Rubio,Normal,t,371
NIF-JAP-TOY-11,Urban Classic Argentina,Con Filtro,Rubio,Normal,t,367
NIF-JAP-TOY-11,Midnight Silk Reino,Sin Filtro,Negro,Normal,f,470
NIF-JAP-TOY-11,Royal Blend Chile,Con Filtro,Rubio,Normal,t,459
NIF-JAP-TOY-11,Gold Leaf Reino,Con Filtro,Negro,Light,f,286
NIF-JAP-TOY-11,Royal Blend Japon,Sin Filtro,Negro,Normal,t,218
NIF-JAP-TOY-11,Mountain Mist Alemania,Sin Filtro,Negro,Normal,f,344
NIF-JAP-TOY-11,Mountain Mist Argentina,Sin Filtro,Negro,Normal,t,386
NIF-JAP-TOY-11,Urban Classic Argentina,Sin Filtro,Rubio,Normal,f,428
NIF-JAP-TOY-11,Urban Classic Chile,Sin Filtro,Rubio,Normal,f,460
NIF-JAP-TOY-11,Royal Blend Argentina,Con Filtro,Rubio,UltraLight,f,481
NIF-JAP-TOY-11,Gold Leaf Alemania,Sin Filtro,Negro,Normal,t,280
NIF-JAP-TOY-11,Midnight Silk Chile,Con Filtro,Rubio,Normal,t,160
NIF-JAP-TOY-11,Urban Classic Reino,Con Filtro,Negro,Normal,t,151
NIF-JAP-TOY-11,Mountain Mist Argentina,Sin Filtro,Negro,Normal,t,52
NIF-JAP-TOY-11,Mountain Mist Argentina,Con Filtro,Rubio,SuperLight,f,219
NIF-JAP-TOY-11,Highland Peak Japon,Con Filtro,Rubio,Light,f,225
NIF-JAP-TOY-11,Ocean Breeze Chile,Sin Filtro,Negro,Normal,f,138
NIF-JAP-TOY-11,Urban Classic Argentina,Sin Filtro,Negro,Normal,t,356
NIF-JAP-TOY-11,Ocean Breeze Chile,Con Filtro,Rubio,Normal,t,314
NIF-JAP-TOY-11,Royal Blend Chile,Con Filtro,Negro,Normal,t,344
NIF-JAP-TOY-11,Urban Classic Argentina,Sin Filtro,Negro,Normal,f,475
NIF-JAP-TOY-11,Urban Classic Argentina,Con Filtro,Rubio,Normal,t,304
NIF-JAP-TOY-11,Mountain Mist Alemania,Sin Filtro,Rubio,Normal,t,236
NIF-JAP-TOY-11,Royal Blend Alemania,Con Filtro,Negro,Normal,t,239
NIF-JAP-TOY-11,Amber Haze Reino,Con Filtro,Negro,Normal,t,382
NIF-JAP-TOY-11,Mountain Mist Reino,Con Filtro,Rubio,UltraLight,f,450
NIF-JAP-TOY-11,Mountain Mist Chile,Sin Filtro,Rubio,Normal,t,80
NIF-JAP-TOY-12,Gold Leaf Chile,Con Filtro,Rubio,UltraLight,f,448
NIF-JAP-TOY-12,Pure Essence Reino,Con Filtro,Rubio,Normal,f,154
NIF-JAP-TOY-12,Amber Haze Argentina,Sin Filtro,Rubio,Normal,f,182
NIF-JAP-TOY-12,Pure Essence Alemania,Con Filtro,Rubio,UltraLight,f,269
NIF-JAP-TOY-12,Ocean Breeze Reino,Sin Filtro,Negro,Normal,t,324
NIF-JAP-TOY-12,Pure Essence Argentina,Sin Filtro,Negro,Normal,t,406
NIF-JAP-TOY-12,Amber Haze Alemania,Con Filtro,Negro,Normal,f,439
NIF-JAP-TOY-12,Highland Peak Reino,Con Filtro,Rubio,Normal,t,91
NIF-JAP-TOY-12,Pure Essence Chile,Sin Filtro,Negro,Normal,f,64
NIF-JAP-TOY-12,Pure Essence Chile,Sin Filtro,Negro,Normal,f,421
NIF-JAP-TOY-12,Highland Peak Alemania,Con Filtro,Rubio,SuperLight,f,241
NIF-JAP-TOY-12,Royal Blend Reino,Con Filtro,Negro,SuperLight,f,344
NIF-JAP-TOY-12,Midnight Silk Argentina,Sin Filtro,Rubio,Normal,f,260
NIF-JAP-TOY-12,Pure Essence Reino,Sin Filtro,Negro,Normal,f,151
NIF-JAP-TOY-12,Urban Classic Japon,Con Filtro,Rubio,Light,f,51
NIF-JAP-TOY-12,Amber Haze Japon,Con Filtro,Rubio,SuperLight,f,351
NIF-JAP-TOY-12,Silver Lining Argentina,Con Filtro,Negro,Normal,t,360
NIF-JAP-TOY-12,Urban Classic Alemania,Sin Filtro,Rubio,Normal,f,308
NIF-JAP-TOY-12,Mountain Mist Japon,Con Filtro,Negro,Normal,t,360
NIF-JAP-TOY-12,Pure Essence Reino,Sin Filtro,Rubio,Normal,t,402
NIF-JAP-TOY-12,Midnight Silk Japon,Sin Filtro,Rubio,Normal,f,324
NIF-JAP-TOY-12,Highland Peak Alemania,Con Filtro,Rubio,UltraLight,f,475
NIF-JAP-TOY-12,Ocean Breeze Argentina,Con Filtro,Negro,Normal,t,203
NIF-JAP-TOY-12,Pure Essence Chile,Con Filtro,Negro,Normal,t,57
NIF-JAP-TOY-12,Pure Essence Argentina,Con Filtro,Rubio,Normal,t,140
NIF-JAP-TOY-12,Mountain Mist Alemania,Sin Filtro,Negro,Normal,f,263
NIF-JAP-TOY-12,Mountain Mist Argentina,Sin Filtro,Rubio,Normal,t,79
NIF-JAP-TOY-12,Highland Peak Japon,Sin Filtro,Rubio,Normal,f,123
NIF-JAP-TOY-12,Mountain Mist Chile,Sin Filtro,Rubio,Normal,f,247
NIF-JAP-TOY-12,Gold Leaf Argentina,Sin Filtro,Rubio,Normal,f,137
NIF-JAP-TOY-13,Mountain Mist Alemania,Sin Filtro,Rubio,Normal,f,373
NIF-JAP-TOY-13,Urban Classic Reino,Sin Filtro,Negro,Normal,f,214
NIF-JAP-TOY-13,Gold Leaf Japon,Sin Filtro,Negro,Normal,t,360
NIF-JAP-TOY-13,Amber Haze Japon,Con Filtro,Rubio,Normal,t,282
NIF-JAP-TOY-13,Amber Haze Japon,Con Filtro,Rubio,SuperLight,f,485
NIF-JAP-TOY-13,Pure Essence Japon,Sin Filtro,Negro,Normal,t,297
NIF-JAP-TOY-13,Urban Classic Reino,Con Filtro,Negro,Normal,t,412
NIF-JAP-TOY-13,Highland Peak Alemania,Con Filtro,Rubio,Normal,f,300
NIF-JAP-TOY-13,Highland Peak Japon,Con Filtro,Rubio,Light,f,345
NIF-JAP-TOY-13,Silver Lining Japon,Con Filtro,Negro,Normal,t,429
NIF-JAP-TOY-13,Silver Lining Reino,Con Filtro,Negro,Normal,t,112
NIF-JAP-TOY-13,Urban Classic Argentina,Con Filtro,Rubio,Normal,t,185
NIF-JAP-TOY-13,Midnight Silk Chile,Con Filtro,Negro,UltraLight,f,458
NIF-JAP-TOY-13,Midnight Silk Chile,Con Filtro,Rubio,Normal,t,142
NIF-JAP-TOY-13,Pure Essence Chile,Con Filtro,Negro,Normal,t,381
NIF-JAP-TOY-13,Mountain Mist Alemania,Sin Filtro,Rubio,Normal,t,323
NIF-JAP-TOY-13,Ocean Breeze Reino,Sin Filtro,Rubio,Normal,f,367
NIF-JAP-TOY-13,Pure Essence Japon,Con Filtro,Negro,Normal,t,341
NIF-JAP-TOY-13,Midnight Silk Alemania,Sin Filtro,Rubio,Normal,f,426
NIF-JAP-TOY-13,Highland Peak Chile,Con Filtro,Negro,Normal,f,414
NIF-JAP-TOY-13,Ocean Breeze Chile,Con Filtro,Rubio,UltraLight,f,479
NIF-JAP-TOY-13,Royal Blend Reino,Sin Filtro,Rubio,Normal,f,166
NIF-JAP-TOY-13,Midnight Silk Alemania,Sin Filtro,Negro,Normal,t,500
NIF-JAP-TOY-13,Gold Leaf Argentina,Con Filtro,Rubio,Normal,t,464
NIF-JAP-TOY-13,Gold Leaf Chile,Sin Filtro,Rubio,Normal,t,299
NIF-JAP-TOY-13,Silver Lining Reino,Con Filtro,Negro,Normal,t,438
NIF-JAP-TOY-13,Mountain Mist Argentina,Sin Filtro,Rubio,Normal,t,439
NIF-JAP-TOY-13,Amber Haze Japon,Con Filtro,Rubio,Normal,t,208
NIF-JAP-TOY-14,Urban Classic Reino,Con Filtro,Negro,Normal,t,137
NIF-JAP-TOY-14,Urban Classic Alemania,Sin Filtro,Rubio,Normal,f,107
NIF-JAP-TOY-14,Royal Blend Chile,Con Filtro,Negro,Normal,t,212
NIF-JAP-TOY-14,Gold Leaf Argentina,Con Filtro,Negro,Normal,t,183
NIF-JAP-TOY-14,Amber Haze Reino,Sin Filtro,Rubio,Normal,t,313
NIF-JAP-TOY-14,Ocean Breeze Reino,Sin Filtro,Negro,Normal,f,203
NIF-JAP-TOY-14,Mountain Mist Argentina,Con Filtro,Negro,Light,f,342
NIF-JAP-TOY-14,Highland Peak Japon,Sin Filtro,Negro,Normal,f,223
NIF-JAP-TOY-14,Royal Blend Reino,Sin Filtro,Rubio,Normal,f,155
NIF-JAP-TOY-14,Midnight Silk Japon,Sin Filtro,Rubio,Normal,f,65
NIF-JAP-TOY-14,Mountain Mist Japon,Sin Filtro,Rubio,Normal,f,463
NIF-JAP-TOY-14,Highland Peak Japon,Sin Filtro,Rubio,Normal,t,470
NIF-JAP-TOY-15,Mountain Mist Reino,Sin Filtro,Rubio,Normal,f,272
NIF-JAP-TOY-15,Midnight Silk Alemania,Sin Filtro,Negro,Normal,f,442
NIF-JAP-TOY-15,Ocean Breeze Japon,Sin Filtro,Rubio,Normal,t,95
NIF-JAP-TOY-15,Amber Haze Argentina,Sin Filtro,Negro,Normal,t,216
NIF-JAP-TOY-15,Amber Haze Alemania,Con Filtro,Negro,Normal,t,116
NIF-JAP-TOY-15,Highland Peak Alemania,Con Filtro,Negro,UltraLight,f,166
NIF-JAP-TOY-15,Pure Essence Reino,Sin Filtro,Negro,Normal,t,422
NIF-JAP-TOY-15,Gold Leaf Japon,Sin Filtro,Rubio,Normal,t,195
NIF-JAP-TOY-15,Gold Leaf Argentina,Con Filtro,Rubio,Light,f,204
NIF-JAP-TOY-15,Pure Essence Chile,Sin Filtro,Negro,Normal,f,373
NIF-JAP-TOY-15,Mountain Mist Reino,Sin Filtro,Negro,Normal,t,168
NIF-JAP-TOY-15,Mountain Mist Reino,Con Filtro,Negro,SuperLight,f,168
NIF-JAP-TOY-15,Highland Peak Chile,Con Filtro,Rubio,Normal,f,451
NIF-JAP-TOY-15,Urban Classic Alemania,Con Filtro,Rubio,Normal,t,136
NIF-JAP-TOY-15,Urban Classic Japon,Sin Filtro,Rubio,Normal,f,96
NIF-JAP-TOY-15,Amber Haze Alemania,Sin Filtro,Rubio,Normal,f,359
NIF-JAP-TOY-15,Ocean Breeze Alemania,Con Filtro,Negro,Light,f,141
NIF-JAP-TOY-15,Mountain Mist Argentina,Sin Filtro,Negro,Normal,t,189
NIF-JAP-TOY-15,Gold Leaf Japon,Con Filtro,Negro,SuperLight,f,388
NIF-JAP-TOY-15,Midnight Silk Alemania,Con Filtro,Rubio,Normal,t,481
NIF-JAP-TOY-15,Royal Blend Alemania,Sin Filtro,Rubio,Normal,t,366
NIF-JAP-TOY-15,Gold Leaf Alemania,Sin Filtro,Negro,Normal,t,449
NIF-JAP-TOY-15,Mountain Mist Reino,Con Filtro,Rubio,UltraLight,f,485
NIF-JAP-TOY-15,Royal Blend Reino,Sin Filtro,Rubio,Normal,t,285
NIF-JAP-TOY-15,Ocean Breeze Argentina,Sin Filtro,Rubio,Normal,f,59
NIF-JAP-TOY-15,Urban Classic Reino,Con Filtro,Rubio,Normal,f,413
NIF-JAP-TOY-15,Silver Lining Argentina,Con Filtro,Rubio,Normal,f,266
NIF-JAP-HIR-1,Amber Haze Reino,Sin Filtro,Negro,Normal,t,76
NIF-JAP-HIR-1,Pure Essence Alemania,Sin Filtro,Rubio,Normal,t,120
NIF-JAP-HIR-1,Mountain Mist Japon,Sin Filtro,Negro,Normal,t,467
NIF-JAP-HIR-1,Midnight Silk Argentina,Sin Filtro,Negro,Normal,f,465
NIF-JAP-HIR-1,Mountain Mist Reino,Con Filtro,Rubio,Light,f,88
NIF-JAP-HIR-1,Highland Peak Chile,Sin Filtro,Rubio,Normal,f,321
NIF-JAP-HIR-1,Royal Blend Alemania,Sin Filtro,Rubio,Normal,t,73
NIF-JAP-HIR-1,Ocean Breeze Alemania,Sin Filtro,Negro,Normal,t,400
NIF-JAP-HIR-1,Midnight Silk Chile,Con Filtro,Negro,Normal,f,197
NIF-JAP-HIR-1,Midnight Silk Alemania,Sin Filtro,Rubio,Normal,f,458
NIF-JAP-HIR-1,Urban Classic Argentina,Sin Filtro,Negro,Normal,f,322
NIF-JAP-HIR-1,Royal Blend Japon,Sin Filtro,Rubio,Normal,t,372
NIF-JAP-HIR-1,Mountain Mist Reino,Sin Filtro,Negro,Normal,t,400
NIF-JAP-HIR-1,Ocean Breeze Japon,Sin Filtro,Rubio,Normal,t,69
NIF-JAP-HIR-1,Silver Lining Argentina,Con Filtro,Rubio,Normal,t,176
NIF-JAP-HIR-1,Highland Peak Argentina,Sin Filtro,Rubio,Normal,f,73
NIF-JAP-HIR-1,Royal Blend Reino,Sin Filtro,Rubio,Normal,f,203
NIF-JAP-HIR-1,Highland Peak Argentina,Con Filtro,Negro,Normal,t,480
NIF-JAP-HIR-1,Urban Classic Reino,Con Filtro,Rubio,Normal,t,219
NIF-JAP-HIR-1,Urban Classic Reino,Con Filtro,Rubio,Normal,f,343
NIF-JAP-HIR-1,Urban Classic Alemania,Sin Filtro,Negro,Normal,f,301
NIF-JAP-HIR-1,Amber Haze Alemania,Sin Filtro,Rubio,Normal,f,78
NIF-JAP-HIR-1,Silver Lining Alemania,Con Filtro,Negro,Normal,t,409
NIF-JAP-HIR-1,Royal Blend Japon,Con Filtro,Rubio,SuperLight,f,373
NIF-JAP-HIR-1,Pure Essence Japon,Con Filtro,Negro,Normal,t,319
NIF-JAP-HIR-1,Amber Haze Chile,Con Filtro,Rubio,Light,f,264
NIF-JAP-HIR-1,Pure Essence Alemania,Sin Filtro,Rubio,Normal,t,244
NIF-JAP-HIR-2,Silver Lining Argentina,Con Filtro,Rubio,Normal,t,395
NIF-JAP-HIR-2,Royal Blend Argentina,Con Filtro,Negro,Normal,t,148
NIF-JAP-HIR-2,Silver Lining Argentina,Con Filtro,Rubio,Normal,t,331
NIF-JAP-HIR-2,Urban Classic Reino,Sin Filtro,Negro,Normal,t,53
NIF-JAP-HIR-2,Mountain Mist Japon,Sin Filtro,Rubio,Normal,t,157
NIF-JAP-HIR-2,Gold Leaf Japon,Con Filtro,Rubio,Normal,t,213
NIF-JAP-HIR-2,Silver Lining Alemania,Sin Filtro,Negro,Normal,f,115
NIF-JAP-HIR-2,Pure Essence Alemania,Sin Filtro,Rubio,Normal,t,175
NIF-JAP-HIR-2,Royal Blend Reino,Con Filtro,Negro,Light,f,208
NIF-JAP-HIR-2,Highland Peak Argentina,Sin Filtro,Negro,Normal,f,228
NIF-JAP-HIR-2,Pure Essence Chile,Sin Filtro,Negro,Normal,f,417
NIF-JAP-HIR-2,Gold Leaf Reino,Con Filtro,Rubio,Normal,t,467
NIF-JAP-HIR-2,Ocean Breeze Argentina,Sin Filtro,Negro,Normal,f,179
NIF-JAP-HIR-2,Ocean Breeze Reino,Con Filtro,Negro,Normal,t,381
NIF-JAP-HIR-2,Midnight Silk Japon,Con Filtro,Rubio,Light,f,210
NIF-JAP-HIR-2,Mountain Mist Alemania,Sin Filtro,Negro,Normal,t,58
NIF-JAP-HIR-2,Midnight Silk Argentina,Sin Filtro,Rubio,Normal,t,271
NIF-JAP-HIR-2,Ocean Breeze Reino,Sin Filtro,Negro,Normal,t,326
NIF-JAP-HIR-3,Ocean Breeze Chile,Con Filtro,Negro,Normal,f,399
NIF-JAP-HIR-3,Midnight Silk Reino,Sin Filtro,Negro,Normal,t,487
NIF-JAP-HIR-3,Urban Classic Argentina,Sin Filtro,Negro,Normal,t,384
NIF-JAP-HIR-3,Royal Blend Japon,Sin Filtro,Negro,Normal,f,97
NIF-JAP-HIR-3,Amber Haze Chile,Con Filtro,Rubio,Light,f,418
NIF-JAP-HIR-3,Urban Classic Japon,Sin Filtro,Rubio,Normal,t,115
NIF-JAP-HIR-3,Royal Blend Reino,Sin Filtro,Rubio,Normal,t,287
NIF-JAP-HIR-3,Highland Peak Reino,Con Filtro,Rubio,Normal,t,343
NIF-JAP-HIR-3,Gold Leaf Reino,Sin Filtro,Rubio,Normal,f,301
NIF-JAP-HIR-3,Urban Classic Argentina,Sin Filtro,Rubio,Normal,f,130
NIF-JAP-HIR-3,Highland Peak Chile,Con Filtro,Rubio,Normal,f,55
NIF-JAP-HIR-3,Highland Peak Reino,Con Filtro,Rubio,Normal,t,311
NIF-JAP-HIR-3,Silver Lining Alemania,Sin Filtro,Negro,Normal,t,490
NIF-JAP-HIR-3,Ocean Breeze Alemania,Sin Filtro,Negro,Normal,t,376
NIF-JAP-HIR-3,Amber Haze Chile,Sin Filtro,Rubio,Normal,f,406
NIF-JAP-HIR-3,Highland Peak Japon,Sin Filtro,Rubio,Normal,f,70
NIF-JAP-HIR-3,Gold Leaf Chile,Sin Filtro,Negro,Normal,f,195
NIF-JAP-HIR-3,Ocean Breeze Argentina,Sin Filtro,Negro,Normal,f,497
NIF-JAP-HIR-3,Ocean Breeze Japon,Con Filtro,Rubio,Normal,t,241
NIF-JAP-HIR-3,Highland Peak Alemania,Con Filtro,Rubio,UltraLight,f,149
NIF-JAP-HIR-3,Gold Leaf Argentina,Sin Filtro,Rubio,Normal,f,457
NIF-JAP-HIR-3,Mountain Mist Alemania,Sin Filtro,Negro,Normal,t,256
NIF-JAP-HIR-4,Silver Lining Reino,Sin Filtro,Negro,Normal,f,326
NIF-JAP-HIR-4,Mountain Mist Chile,Sin Filtro,Rubio,Normal,f,440
NIF-JAP-HIR-4,Amber Haze Japon,Sin Filtro,Rubio,Normal,f,357
NIF-JAP-HIR-4,Silver Lining Reino,Con Filtro,Negro,Normal,t,156
NIF-JAP-HIR-4,Gold Leaf Argentina,Con Filtro,Negro,Normal,t,240
NIF-JAP-HIR-4,Pure Essence Chile,Sin Filtro,Negro,Normal,f,382
NIF-JAP-HIR-4,Urban Classic Argentina,Sin Filtro,Negro,Normal,f,308
NIF-JAP-HIR-4,Gold Leaf Alemania,Sin Filtro,Negro,Normal,f,388
NIF-JAP-HIR-4,Silver Lining Chile,Con Filtro,Negro,SuperLight,f,371
NIF-JAP-HIR-4,Gold Leaf Alemania,Sin Filtro,Negro,Normal,t,491
NIF-JAP-HIR-4,Midnight Silk Argentina,Sin Filtro,Rubio,Normal,f,281
NIF-JAP-HIR-4,Ocean Breeze Chile,Con Filtro,Negro,Normal,t,431
NIF-JAP-HIR-4,Urban Classic Japon,Sin Filtro,Rubio,Normal,f,185
NIF-JAP-HIR-4,Ocean Breeze Alemania,Con Filtro,Negro,Light,f,468
NIF-JAP-HIR-4,Mountain Mist Alemania,Sin Filtro,Negro,Normal,f,200
NIF-JAP-HIR-4,Royal Blend Argentina,Sin Filtro,Negro,Normal,t,286
NIF-JAP-HIR-4,Midnight Silk Alemania,Sin Filtro,Rubio,Normal,f,177
NIF-JAP-HIR-4,Highland Peak Alemania,Con Filtro,Negro,UltraLight,f,332
NIF-JAP-HIR-4,Gold Leaf Chile,Con Filtro,Rubio,Light,f,313
NIF-JAP-HIR-4,Urban Classic Chile,Con Filtro,Negro,UltraLight,f,339
NIF-JAP-HIR-4,Pure Essence Reino,Con Filtro,Rubio,Normal,f,259
NIF-JAP-HIR-4,Highland Peak Alemania,Sin Filtro,Rubio,Normal,f,140
NIF-JAP-HIR-4,Urban Classic Japon,Con Filtro,Rubio,Normal,t,385
NIF-JAP-HIR-4,Silver Lining Japon,Con Filtro,Negro,SuperLight,f,341
NIF-JAP-HIR-4,Mountain Mist Chile,Con Filtro,Negro,Normal,t,84
NIF-JAP-HIR-4,Silver Lining Alemania,Con Filtro,Negro,Normal,t,122
NIF-JAP-HIR-5,Pure Essence Japon,Sin Filtro,Negro,Normal,t,187
NIF-JAP-HIR-5,Midnight Silk Argentina,Sin Filtro,Rubio,Normal,t,413
NIF-JAP-HIR-5,Mountain Mist Reino,Sin Filtro,Rubio,Normal,f,216
NIF-JAP-HIR-5,Gold Leaf Alemania,Sin Filtro,Negro,Normal,t,249
NIF-JAP-HIR-5,Silver Lining Japon,Sin Filtro,Negro,Normal,f,63
NIF-JAP-HIR-5,Gold Leaf Japon,Con Filtro,Rubio,Normal,f,180
NIF-JAP-HIR-5,Silver Lining Japon,Sin Filtro,Rubio,Normal,f,264
NIF-JAP-HIR-5,Silver Lining Reino,Sin Filtro,Negro,Normal,f,335
NIF-JAP-HIR-5,Mountain Mist Argentina,Sin Filtro,Negro,Normal,f,74
NIF-JAP-HIR-5,Midnight Silk Argentina,Sin Filtro,Rubio,Normal,t,166
NIF-JAP-HIR-5,Amber Haze Japon,Con Filtro,Rubio,Light,f,100
NIF-JAP-HIR-5,Mountain Mist Chile,Sin Filtro,Rubio,Normal,t,463
NIF-JAP-HIR-5,Midnight Silk Alemania,Con Filtro,Negro,Normal,t,180
NIF-JAP-HIR-5,Silver Lining Japon,Sin Filtro,Rubio,Normal,f,314
NIF-JAP-HIR-5,Highland Peak Chile,Con Filtro,Rubio,SuperLight,f,123
NIF-JAP-HIR-5,Ocean Breeze Argentina,Con Filtro,Negro,Normal,t,476
NIF-JAP-HIR-5,Amber Haze Japon,Sin Filtro,Rubio,Normal,f,309
NIF-JAP-HIR-5,Pure Essence Chile,Sin Filtro,Rubio,Normal,f,479
NIF-JAP-HIR-5,Ocean Breeze Chile,Sin Filtro,Negro,Normal,t,483
NIF-JAP-HIR-5,Silver Lining Japon,Con Filtro,Negro,SuperLight,f,256
NIF-JAP-HIR-5,Pure Essence Alemania,Con Filtro,Negro,Normal,f,355
NIF-JAP-HIR-5,Silver Lining Alemania,Con Filtro,Negro,Normal,t,204
NIF-JAP-HIR-5,Royal Blend Alemania,Con Filtro,Rubio,Normal,t,76
NIF-JAP-HIR-5,Urban Classic Japon,Sin Filtro,Rubio,Normal,t,246
NIF-JAP-HIR-6,Silver Lining Japon,Con Filtro,Negro,Normal,t,358
NIF-JAP-HIR-6,Gold Leaf Argentina,Con Filtro,Rubio,Normal,t,91
NIF-JAP-HIR-6,Mountain Mist Chile,Sin Filtro,Rubio,Normal,t,52
NIF-JAP-HIR-6,Midnight Silk Japon,Con Filtro,Rubio,Normal,t,101
NIF-JAP-HIR-6,Silver Lining Alemania,Sin Filtro,Negro,Normal,t,433
NIF-JAP-HIR-6,Highland Peak Japon,Sin Filtro,Negro,Normal,t,178
NIF-JAP-HIR-6,Gold Leaf Chile,Sin Filtro,Negro,Normal,t,449
NIF-JAP-HIR-6,Amber Haze Japon,Sin Filtro,Rubio,Normal,t,247
NIF-JAP-HIR-6,Gold Leaf Alemania,Sin Filtro,Negro,Normal,t,289
NIF-JAP-HIR-6,Amber Haze Reino,Sin Filtro,Rubio,Normal,f,218
NIF-JAP-HIR-6,Silver Lining Chile,Con Filtro,Negro,Normal,t,90
NIF-JAP-HIR-6,Mountain Mist Argentina,Sin Filtro,Negro,Normal,t,466
NIF-JAP-HIR-6,Ocean Breeze Japon,Sin Filtro,Rubio,Normal,t,379
NIF-JAP-HIR-6,Amber Haze Reino,Con Filtro,Rubio,Normal,t,342
NIF-JAP-HIR-6,Amber Haze Chile,Sin Filtro,Rubio,Normal,t,426
NIF-JAP-HIR-6,Amber Haze Alemania,Sin Filtro,Rubio,Normal,f,124
NIF-JAP-HIR-6,Pure Essence Chile,Con Filtro,Rubio,Normal,t,422
NIF-JAP-HIR-6,Amber Haze Alemania,Sin Filtro,Negro,Normal,t,260
NIF-JAP-HIR-6,Urban Classic Reino,Con Filtro,Rubio,Normal,f,297
NIF-JAP-HIR-7,Mountain Mist Japon,Con Filtro,Negro,Normal,t,313
NIF-JAP-HIR-7,Gold Leaf Alemania,Con Filtro,Rubio,Normal,t,79
NIF-JAP-HIR-7,Gold Leaf Argentina,Sin Filtro,Negro,Normal,f,288
NIF-JAP-HIR-7,Urban Classic Reino,Con Filtro,Negro,Normal,t,458
NIF-JAP-HIR-7,Pure Essence Reino,Con Filtro,Negro,Normal,t,65
NIF-JAP-HIR-7,Mountain Mist Japon,Con Filtro,Negro,Normal,t,369
NIF-JAP-HIR-7,Urban Classic Chile,Sin Filtro,Negro,Normal,t,90
NIF-JAP-HIR-7,Mountain Mist Alemania,Con Filtro,Negro,Normal,t,53
NIF-JAP-HIR-7,Mountain Mist Chile,Sin Filtro,Rubio,Normal,f,361
NIF-JAP-HIR-7,Ocean Breeze Alemania,Sin Filtro,Negro,Normal,t,181
NIF-JAP-HIR-7,Highland Peak Alemania,Con Filtro,Rubio,SuperLight,f,272
NIF-JAP-HIR-7,Pure Essence Alemania,Sin Filtro,Rubio,Normal,t,442
NIF-JAP-HIR-7,Silver Lining Chile,Sin Filtro,Negro,Normal,f,331
NIF-JAP-HIR-7,Amber Haze Reino,Sin Filtro,Rubio,Normal,t,118
NIF-JAP-HIR-7,Gold Leaf Argentina,Con Filtro,Rubio,Normal,t,121
NIF-JAP-HIR-7,Gold Leaf Japon,Con Filtro,Rubio,UltraLight,f,434
NIF-JAP-HIR-7,Pure Essence Chile,Con Filtro,Rubio,Light,f,406
NIF-JAP-HIR-7,Gold Leaf Chile,Sin Filtro,Negro,Normal,t,141
NIF-JAP-HIR-7,Mountain Mist Argentina,Con Filtro,Negro,Light,f,469
NIF-JAP-HIR-7,Royal Blend Argentina,Con Filtro,Negro,Normal,t,177
NIF-JAP-HIR-8,Gold Leaf Reino,Con Filtro,Negro,SuperLight,f,370
NIF-JAP-HIR-8,Gold Leaf Japon,Sin Filtro,Negro,Normal,t,456
NIF-JAP-HIR-8,Urban Classic Chile,Sin Filtro,Negro,Normal,f,199
NIF-JAP-HIR-8,Silver Lining Alemania,Sin Filtro,Negro,Normal,t,64
NIF-JAP-HIR-8,Mountain Mist Alemania,Sin Filtro,Negro,Normal,t,472
NIF-JAP-HIR-8,Mountain Mist Alemania,Sin Filtro,Rubio,Normal,f,144
NIF-JAP-HIR-8,Midnight Silk Alemania,Con Filtro,Rubio,Normal,t,222
NIF-JAP-HIR-8,Midnight Silk Alemania,Con Filtro,Negro,Normal,t,90
NIF-JAP-HIR-8,Urban Classic Japon,Con Filtro,Negro,Normal,f,340
NIF-JAP-HIR-8,Amber Haze Japon,Con Filtro,Rubio,Normal,t,231
NIF-JAP-HIR-8,Amber Haze Chile,Sin Filtro,Rubio,Normal,t,281
NIF-JAP-HIR-8,Pure Essence Japon,Sin Filtro,Negro,Normal,t,288
NIF-JAP-HIR-8,Amber Haze Chile,Sin Filtro,Rubio,Normal,f,114
NIF-JAP-HIR-8,Gold Leaf Reino,Con Filtro,Rubio,Normal,f,268
NIF-JAP-HIR-8,Urban Classic Alemania,Sin Filtro,Rubio,Normal,t,112
NIF-JAP-HIR-8,Highland Peak Japon,Sin Filtro,Rubio,Normal,f,244
NIF-JAP-HIR-8,Mountain Mist Reino,Sin Filtro,Negro,Normal,t,189
NIF-JAP-HIR-8,Urban Classic Argentina,Sin Filtro,Negro,Normal,f,158
NIF-JAP-HIR-8,Mountain Mist Alemania,Sin Filtro,Negro,Normal,f,215
NIF-JAP-HIR-8,Ocean Breeze Alemania,Con Filtro,Rubio,Light,f,291
NIF-JAP-HIR-8,Midnight Silk Reino,Sin Filtro,Rubio,Normal,f,220
NIF-JAP-HIR-9,Pure Essence Chile,Sin Filtro,Negro,Normal,f,278
NIF-JAP-HIR-9,Pure Essence Argentina,Con Filtro,Negro,Normal,t,216
NIF-JAP-HIR-9,Pure Essence Alemania,Sin Filtro,Negro,Normal,f,239
NIF-JAP-HIR-9,Amber Haze Japon,Sin Filtro,Rubio,Normal,f,263
NIF-JAP-HIR-9,Amber Haze Alemania,Con Filtro,Negro,Normal,f,442
NIF-JAP-HIR-9,Silver Lining Alemania,Sin Filtro,Negro,Normal,t,214
NIF-JAP-HIR-9,Urban Classic Alemania,Sin Filtro,Rubio,Normal,t,98
NIF-JAP-HIR-9,Royal Blend Reino,Con Filtro,Negro,Normal,f,290
NIF-JAP-HIR-9,Ocean Breeze Chile,Sin Filtro,Negro,Normal,t,113
NIF-JAP-HIR-9,Gold Leaf Argentina,Con Filtro,Rubio,Normal,t,217
NIF-JAP-HIR-9,Gold Leaf Alemania,Con Filtro,Negro,Light,f,130
NIF-JAP-HIR-9,Silver Lining Chile,Con Filtro,Negro,SuperLight,f,218
NIF-JAP-HIR-9,Pure Essence Reino,Con Filtro,Negro,Normal,f,171
NIF-JAP-HIR-9,Royal Blend Alemania,Sin Filtro,Negro,Normal,t,499
NIF-JAP-HIR-9,Urban Classic Japon,Con Filtro,Negro,Normal,f,499
NIF-JAP-HIR-9,Gold Leaf Reino,Sin Filtro,Rubio,Normal,t,231
NIF-JAP-HIR-9,Pure Essence Reino,Sin Filtro,Negro,Normal,t,102
NIF-JAP-HIR-9,Royal Blend Argentina,Con Filtro,Rubio,UltraLight,f,130
NIF-JAP-HIR-9,Gold Leaf Reino,Con Filtro,Negro,Light,f,209
NIF-JAP-HIR-9,Silver Lining Japon,Con Filtro,Rubio,Light,f,97
NIF-JAP-HIR-9,Pure Essence Japon,Con Filtro,Negro,Light,f,170
NIF-JAP-HIR-9,Urban Classic Argentina,Sin Filtro,Rubio,Normal,f,465
NIF-JAP-HIR-9,Silver Lining Reino,Sin Filtro,Rubio,Normal,f,297
NIF-JAP-HIR-9,Amber Haze Argentina,Sin Filtro,Negro,Normal,t,167
NIF-JAP-HIR-9,Midnight Silk Chile,Con Filtro,Rubio,Normal,t,270
NIF-JAP-HIR-9,Midnight Silk Alemania,Sin Filtro,Rubio,Normal,t,191
NIF-JAP-HIR-10,Silver Lining Argentina,Con Filtro,Rubio,Normal,t,426
NIF-JAP-HIR-10,Ocean Breeze Reino,Sin Filtro,Rubio,Normal,f,145
NIF-JAP-HIR-10,Mountain Mist Reino,Con Filtro,Rubio,SuperLight,f,165
NIF-JAP-HIR-10,Ocean Breeze Chile,Sin Filtro,Rubio,Normal,f,406
NIF-JAP-HIR-10,Mountain Mist Alemania,Sin Filtro,Negro,Normal,f,265
NIF-JAP-HIR-10,Highland Peak Chile,Sin Filtro,Negro,Normal,t,260
NIF-JAP-HIR-10,Royal Blend Japon,Sin Filtro,Rubio,Normal,f,338
NIF-JAP-HIR-10,Amber Haze Reino,Sin Filtro,Negro,Normal,t,298
NIF-JAP-HIR-10,Midnight Silk Japon,Con Filtro,Rubio,Normal,f,215
NIF-JAP-HIR-10,Pure Essence Argentina,Sin Filtro,Negro,Normal,f,54
NIF-JAP-HIR-10,Urban Classic Argentina,Sin Filtro,Negro,Normal,f,105
NIF-JAP-HIR-10,Gold Leaf Alemania,Sin Filtro,Negro,Normal,f,314
NIF-JAP-HIR-10,Pure Essence Argentina,Sin Filtro,Rubio,Normal,t,164
NIF-JAP-HIR-10,Royal Blend Argentina,Sin Filtro,Negro,Normal,f,199
NIF-JAP-HIR-10,Urban Classic Chile,Sin Filtro,Rubio,Normal,f,375
NIF-JAP-HIR-10,Silver Lining Chile,Con Filtro,Negro,SuperLight,f,240
NIF-JAP-HIR-10,Highland Peak Chile,Con Filtro,Rubio,SuperLight,f,191
NIF-JAP-HIR-10,Pure Essence Argentina,Sin Filtro,Negro,Normal,t,200
NIF-JAP-HIR-10,Ocean Breeze Reino,Sin Filtro,Negro,Normal,f,486
NIF-JAP-HIR-10,Pure Essence Alemania,Con Filtro,Rubio,UltraLight,f,268
NIF-JAP-HIR-10,Midnight Silk Alemania,Sin Filtro,Rubio,Normal,t,422
NIF-JAP-HIR-11,Silver Lining Alemania,Sin Filtro,Negro,Normal,t,437
NIF-JAP-HIR-11,Highland Peak Argentina,Sin Filtro,Negro,Normal,f,486
NIF-JAP-HIR-11,Pure Essence Alemania,Sin Filtro,Rubio,Normal,t,277
NIF-JAP-HIR-11,Gold Leaf Japon,Con Filtro,Rubio,Normal,t,394
NIF-JAP-HIR-11,Ocean Breeze Chile,Con Filtro,Rubio,UltraLight,f,268
NIF-JAP-HIR-11,Midnight Silk Japon,Sin Filtro,Rubio,Normal,f,406
NIF-JAP-HIR-11,Midnight Silk Reino,Con Filtro,Negro,SuperLight,f,72
NIF-JAP-HIR-11,Urban Classic Argentina,Con Filtro,Negro,Normal,f,170
NIF-JAP-HIR-11,Urban Classic Alemania,Sin Filtro,Rubio,Normal,t,398
NIF-JAP-HIR-11,Royal Blend Japon,Sin Filtro,Rubio,Normal,f,63
NIF-JAP-HIR-11,Royal Blend Alemania,Con Filtro,Rubio,Normal,t,410
NIF-JAP-HIR-11,Highland Peak Reino,Con Filtro,Negro,SuperLight,f,118
NIF-JAP-HIR-11,Ocean Breeze Alemania,Sin Filtro,Negro,Normal,t,72
NIF-JAP-HIR-11,Pure Essence Reino,Con Filtro,Negro,Normal,f,226
NIF-JAP-HIR-11,Ocean Breeze Argentina,Con Filtro,Negro,SuperLight,f,332
NIF-JAP-HIR-11,Mountain Mist Alemania,Sin Filtro,Negro,Normal,f,130
NIF-JAP-HIR-11,Ocean Breeze Argentina,Con Filtro,Negro,Normal,t,91
NIF-JAP-HIR-12,Silver Lining Japon,Con Filtro,Negro,Normal,t,162
NIF-JAP-HIR-12,Urban Classic Japon,Con Filtro,Negro,Normal,t,228
NIF-JAP-HIR-12,Silver Lining Argentina,Con Filtro,Rubio,Normal,t,74
NIF-JAP-HIR-12,Silver Lining Reino,Sin Filtro,Negro,Normal,f,134
NIF-JAP-HIR-12,Midnight Silk Japon,Con Filtro,Rubio,Light,f,344
NIF-JAP-HIR-12,Amber Haze Reino,Con Filtro,Rubio,Normal,t,107
NIF-JAP-HIR-12,Gold Leaf Chile,Sin Filtro,Negro,Normal,f,120
NIF-JAP-HIR-12,Royal Blend Alemania,Sin Filtro,Rubio,Normal,t,470
NIF-JAP-HIR-12,Silver Lining Alemania,Sin Filtro,Negro,Normal,f,497
NIF-JAP-HIR-12,Pure Essence Japon,Sin Filtro,Rubio,Normal,f,312
NIF-JAP-HIR-12,Mountain Mist Japon,Con Filtro,Negro,Normal,t,152
NIF-JAP-HIR-12,Highland Peak Reino,Sin Filtro,Negro,Normal,t,210
NIF-JAP-HIR-12,Highland Peak Argentina,Sin Filtro,Rubio,Normal,f,148
NIF-JAP-HIR-12,Royal Blend Argentina,Con Filtro,Rubio,UltraLight,f,441
NIF-JAP-HIR-12,Midnight Silk Chile,Con Filtro,Negro,Normal,t,271
NIF-JAP-HIR-12,Royal Blend Chile,Con Filtro,Rubio,Normal,t,429
NIF-JAP-HIR-12,Amber Haze Argentina,Sin Filtro,Rubio,Normal,t,120
NIF-JAP-HIR-12,Mountain Mist Japon,Sin Filtro,Rubio,Normal,f,322
NIF-JAP-HIR-12,Amber Haze Alemania,Sin Filtro,Negro,Normal,t,130
NIF-JAP-HIR-12,Ocean Breeze Reino,Sin Filtro,Negro,Normal,t,274
NIF-JAP-HIR-12,Amber Haze Alemania,Con Filtro,Negro,Normal,f,437
NIF-JAP-HIR-12,Royal Blend Alemania,Sin Filtro,Negro,Normal,t,336
NIF-JAP-HIR-13,Ocean Breeze Argentina,Con Filtro,Negro,SuperLight,f,306
NIF-JAP-HIR-13,Ocean Breeze Japon,Con Filtro,Rubio,Normal,t,140
NIF-JAP-HIR-13,Gold Leaf Reino,Sin Filtro,Negro,Normal,f,97
NIF-JAP-HIR-13,Silver Lining Reino,Con Filtro,Negro,SuperLight,f,303
NIF-JAP-HIR-13,Gold Leaf Alemania,Sin Filtro,Rubio,Normal,f,471
NIF-JAP-HIR-13,Royal Blend Alemania,Con Filtro,Rubio,Normal,t,123
NIF-JAP-HIR-13,Gold Leaf Japon,Con Filtro,Rubio,UltraLight,f,464
NIF-JAP-HIR-13,Highland Peak Argentina,Sin Filtro,Negro,Normal,f,487
NIF-JAP-HIR-13,Amber Haze Japon,Con Filtro,Rubio,SuperLight,f,356
NIF-JAP-HIR-13,Midnight Silk Argentina,Sin Filtro,Rubio,Normal,f,181
NIF-JAP-HIR-13,Highland Peak Chile,Con Filtro,Negro,Normal,t,459
NIF-JAP-HIR-13,Midnight Silk Chile,Con Filtro,Rubio,Normal,t,100
NIF-JAP-HIR-13,Mountain Mist Chile,Sin Filtro,Negro,Normal,f,420
NIF-JAP-HIR-13,Ocean Breeze Alemania,Sin Filtro,Rubio,Normal,t,129
NIF-JAP-HIR-13,Midnight Silk Japon,Con Filtro,Rubio,Normal,t,313
NIF-JAP-HIR-13,Midnight Silk Reino,Con Filtro,Negro,SuperLight,f,448
NIF-JAP-HIR-14,Silver Lining Chile,Con Filtro,Rubio,Light,f,323
NIF-JAP-HIR-14,Ocean Breeze Japon,Con Filtro,Rubio,Normal,f,231
NIF-JAP-HIR-14,Royal Blend Chile,Con Filtro,Rubio,Normal,t,141
NIF-JAP-HIR-14,Pure Essence Chile,Con Filtro,Negro,Normal,t,478
NIF-JAP-HIR-14,Royal Blend Argentina,Con Filtro,Negro,Normal,t,482
NIF-JAP-HIR-14,Royal Blend Reino,Con Filtro,Negro,Normal,f,375
NIF-JAP-HIR-14,Silver Lining Reino,Sin Filtro,Negro,Normal,f,499
NIF-JAP-HIR-14,Amber Haze Alemania,Sin Filtro,Rubio,Normal,f,451
NIF-JAP-HIR-14,Urban Classic Reino,Con Filtro,Negro,Normal,t,297
NIF-JAP-HIR-14,Gold Leaf Chile,Sin Filtro,Rubio,Normal,f,326
NIF-JAP-HIR-14,Royal Blend Chile,Sin Filtro,Negro,Normal,t,342
NIF-JAP-HIR-14,Mountain Mist Alemania,Sin Filtro,Negro,Normal,f,102
NIF-JAP-HIR-14,Pure Essence Reino,Con Filtro,Negro,Normal,t,481
NIF-JAP-HIR-14,Silver Lining Argentina,Con Filtro,Negro,Light,f,103
NIF-JAP-HIR-14,Gold Leaf Japon,Con Filtro,Rubio,Normal,t,186
NIF-JAP-HIR-14,Ocean Breeze Alemania,Con Filtro,Rubio,Light,f,92
NIF-JAP-HIR-14,Ocean Breeze Japon,Sin Filtro,Negro,Normal,t,352
NIF-JAP-HIR-14,Ocean Breeze Alemania,Con Filtro,Rubio,Normal,t,324
NIF-JAP-HIR-14,Mountain Mist Argentina,Sin Filtro,Rubio,Normal,t,128
NIF-JAP-HIR-14,Mountain Mist Alemania,Sin Filtro,Rubio,Normal,f,286
NIF-JAP-HIR-15,Urban Classic Alemania,Sin Filtro,Rubio,Normal,t,280
NIF-JAP-HIR-15,Royal Blend Alemania,Con Filtro,Rubio,Normal,t,430
NIF-JAP-HIR-15,Silver Lining Reino,Con Filtro,Negro,SuperLight,f,159
NIF-JAP-HIR-15,Royal Blend Japon,Con Filtro,Rubio,SuperLight,f,423
NIF-JAP-HIR-15,Ocean Breeze Argentina,Sin Filtro,Rubio,Normal,f,304
NIF-JAP-HIR-15,Midnight Silk Chile,Con Filtro,Negro,Normal,f,365
NIF-JAP-HIR-15,Urban Classic Argentina,Sin Filtro,Negro,Normal,f,360
NIF-JAP-HIR-15,Silver Lining Chile,Con Filtro,Negro,Normal,t,60
NIF-JAP-HIR-15,Pure Essence Reino,Sin Filtro,Rubio,Normal,f,411
NIF-JAP-HIR-15,Midnight Silk Alemania,Sin Filtro,Negro,Normal,t,100
NIF-JAP-HIR-15,Amber Haze Alemania,Sin Filtro,Rubio,Normal,f,394
NIF-JAP-HIR-15,Pure Essence Argentina,Sin Filtro,Rubio,Normal,t,218
NIF-JAP-HIR-15,Silver Lining Reino,Sin Filtro,Negro,Normal,f,405
NIF-JAP-HIR-15,Gold Leaf Alemania,Con Filtro,Negro,Light,f,386
NIF-JAP-HIR-15,Highland Peak Alemania,Con Filtro,Negro,Normal,f,465
NIF-JAP-HIR-15,Royal Blend Japon,Sin Filtro,Negro,Normal,t,322
NIF-JAP-HIR-15,Midnight Silk Argentina,Sin Filtro,Negro,Normal,f,396
NIF-JAP-HIR-15,Gold Leaf Argentina,Con Filtro,Rubio,Light,f,356
NIF-JAP-HIR-15,Gold Leaf Argentina,Sin Filtro,Rubio,Normal,t,292
NIF-JAP-HIR-15,Gold Leaf Japon,Con Filtro,Rubio,UltraLight,f,319
NIF-JAP-HIR-15,Highland Peak Reino,Con Filtro,Rubio,Normal,t,151
NIF-JAP-HIR-15,Silver Lining Chile,Con Filtro,Rubio,Normal,f,99
NIF-JAP-HIR-15,Ocean Breeze Reino,Sin Filtro,Negro,Normal,t,194
NIF-JAP-SUI-1,Mountain Mist Argentina,Sin Filtro,Negro,Normal,t,456
NIF-JAP-SUI-1,Royal Blend Japon,Sin Filtro,Rubio,Normal,t,113
NIF-JAP-SUI-1,Amber Haze Japon,Con Filtro,Rubio,Normal,t,398
NIF-JAP-SUI-1,Silver Lining Reino,Sin Filtro,Negro,Normal,f,310
NIF-JAP-SUI-1,Silver Lining Chile,Con Filtro,Negro,SuperLight,f,73
NIF-JAP-SUI-1,Pure Essence Alemania,Sin Filtro,Negro,Normal,f,490
NIF-JAP-SUI-1,Midnight Silk Reino,Con Filtro,Negro,Normal,t,241
NIF-JAP-SUI-1,Mountain Mist Alemania,Sin Filtro,Rubio,Normal,t,100
NIF-JAP-SUI-1,Royal Blend Reino,Con Filtro,Negro,Normal,f,192
NIF-JAP-SUI-1,Midnight Silk Japon,Sin Filtro,Rubio,Normal,f,310
NIF-JAP-SUI-2,Royal Blend Reino,Con Filtro,Rubio,Normal,t,113
NIF-JAP-SUI-2,Gold Leaf Chile,Con Filtro,Rubio,UltraLight,f,265
NIF-JAP-SUI-2,Amber Haze Chile,Con Filtro,Rubio,Normal,t,84
NIF-JAP-SUI-2,Pure Essence Argentina,Con Filtro,Rubio,SuperLight,f,353
NIF-JAP-SUI-2,Royal Blend Reino,Sin Filtro,Rubio,Normal,f,52
NIF-JAP-SUI-2,Silver Lining Chile,Con Filtro,Rubio,Normal,t,421
NIF-JAP-SUI-2,Amber Haze Japon,Con Filtro,Rubio,Light,f,337
NIF-JAP-SUI-2,Pure Essence Argentina,Con Filtro,Rubio,Normal,t,369
NIF-JAP-SUI-2,Midnight Silk Argentina,Sin Filtro,Rubio,Normal,t,188
NIF-JAP-SUI-2,Silver Lining Alemania,Sin Filtro,Negro,Normal,f,245
NIF-JAP-SUI-2,Midnight Silk Japon,Con Filtro,Rubio,Normal,t,83
NIF-JAP-SUI-2,Gold Leaf Alemania,Con Filtro,Negro,Light,f,488
NIF-JAP-SUI-2,Gold Leaf Reino,Con Filtro,Negro,SuperLight,f,412
NIF-JAP-SUI-2,Pure Essence Japon,Sin Filtro,Negro,Normal,t,351
NIF-JAP-SUI-2,Pure Essence Alemania,Sin Filtro,Negro,Normal,f,492
NIF-JAP-SUI-2,Midnight Silk Alemania,Sin Filtro,Rubio,Normal,f,123
NIF-JAP-SUI-2,Pure Essence Argentina,Con Filtro,Rubio,Normal,t,112
NIF-JAP-SUI-2,Royal Blend Alemania,Con Filtro,Negro,Light,f,434
NIF-JAP-SUI-2,Midnight Silk Japon,Sin Filtro,Rubio,Normal,f,89
NIF-JAP-SUI-2,Urban Classic Japon,Con Filtro,Negro,Normal,t,456
NIF-JAP-SUI-2,Ocean Breeze Reino,Sin Filtro,Negro,Normal,t,248
NIF-JAP-SUI-3,Silver Lining Japon,Con Filtro,Rubio,Light,f,430
NIF-JAP-SUI-3,Royal Blend Reino,Con Filtro,Rubio,Normal,t,343
NIF-JAP-SUI-3,Royal Blend Argentina,Sin Filtro,Negro,Normal,t,231
NIF-JAP-SUI-3,Highland Peak Chile,Sin Filtro,Rubio,Normal,f,302
NIF-JAP-SUI-3,Midnight Silk Argentina,Sin Filtro,Rubio,Normal,t,399
NIF-JAP-SUI-3,Pure Essence Alemania,Sin Filtro,Rubio,Normal,t,425
NIF-JAP-SUI-3,Midnight Silk Reino,Con Filtro,Negro,SuperLight,f,244
NIF-JAP-SUI-3,Urban Classic Argentina,Sin Filtro,Rubio,Normal,t,108
NIF-JAP-SUI-3,Amber Haze Alemania,Sin Filtro,Rubio,Normal,t,487
NIF-JAP-SUI-3,Mountain Mist Reino,Sin Filtro,Negro,Normal,t,58
NIF-JAP-SUI-3,Amber Haze Argentina,Sin Filtro,Rubio,Normal,f,445
NIF-JAP-SUI-3,Gold Leaf Reino,Sin Filtro,Rubio,Normal,t,144
NIF-JAP-SUI-3,Midnight Silk Argentina,Sin Filtro,Negro,Normal,t,174
NIF-JAP-SUI-3,Urban Classic Japon,Sin Filtro,Rubio,Normal,f,164
NIF-JAP-SUI-3,Gold Leaf Argentina,Sin Filtro,Negro,Normal,t,354
NIF-JAP-SUI-3,Ocean Breeze Chile,Con Filtro,Rubio,UltraLight,f,400
NIF-JAP-SUI-3,Royal Blend Japon,Sin Filtro,Rubio,Normal,t,126
NIF-JAP-SUI-3,Silver Lining Chile,Sin Filtro,Negro,Normal,f,404
NIF-JAP-SUI-3,Mountain Mist Alemania,Sin Filtro,Negro,Normal,f,230
NIF-JAP-SUI-3,Pure Essence Reino,Sin Filtro,Rubio,Normal,f,225
NIF-JAP-SUI-3,Gold Leaf Chile,Sin Filtro,Negro,Normal,t,305
NIF-JAP-SUI-4,Midnight Silk Reino,Sin Filtro,Negro,Normal,t,116
NIF-JAP-SUI-4,Royal Blend Reino,Con Filtro,Rubio,Normal,t,99
NIF-JAP-SUI-4,Silver Lining Argentina,Sin Filtro,Negro,Normal,t,218
NIF-JAP-SUI-4,Gold Leaf Chile,Sin Filtro,Rubio,Normal,t,457
NIF-JAP-SUI-4,Silver Lining Chile,Sin Filtro,Rubio,Normal,t,312
NIF-JAP-SUI-4,Midnight Silk Chile,Con Filtro,Rubio,Normal,t,169
NIF-JAP-SUI-4,Urban Classic Chile,Sin Filtro,Negro,Normal,t,432
NIF-JAP-SUI-4,Amber Haze Reino,Sin Filtro,Rubio,Normal,t,458
NIF-JAP-SUI-4,Amber Haze Alemania,Con Filtro,Negro,Normal,t,340
NIF-JAP-SUI-4,Royal Blend Argentina,Sin Filtro,Negro,Normal,t,193
NIF-JAP-SUI-4,Royal Blend Argentina,Con Filtro,Negro,Normal,t,172
NIF-JAP-SUI-4,Pure Essence Alemania,Sin Filtro,Rubio,Normal,t,310
NIF-JAP-SUI-4,Highland Peak Reino,Con Filtro,Negro,SuperLight,f,463
NIF-JAP-SUI-4,Highland Peak Chile,Con Filtro,Rubio,Normal,f,483
NIF-JAP-SUI-4,Urban Classic Argentina,Sin Filtro,Rubio,Normal,t,59
NIF-JAP-SUI-4,Gold Leaf Reino,Sin Filtro,Negro,Normal,f,146
NIF-JAP-SUI-4,Ocean Breeze Alemania,Sin Filtro,Rubio,Normal,t,77
NIF-JAP-SUI-4,Mountain Mist Reino,Sin Filtro,Rubio,Normal,f,421
NIF-JAP-SUI-4,Mountain Mist Japon,Con Filtro,Negro,Normal,t,227
NIF-JAP-SUI-4,Highland Peak Japon,Sin Filtro,Rubio,Normal,t,490
NIF-JAP-SUI-4,Amber Haze Chile,Sin Filtro,Rubio,Normal,f,460
NIF-JAP-SUI-4,Silver Lining Japon,Con Filtro,Negro,UltraLight,f,416
NIF-JAP-SUI-4,Amber Haze Chile,Con Filtro,Rubio,SuperLight,f,67
NIF-JAP-SUI-4,Highland Peak Argentina,Sin Filtro,Negro,Normal,f,337
NIF-JAP-SUI-4,Royal Blend Argentina,Con Filtro,Rubio,UltraLight,f,175
NIF-JAP-SUI-4,Midnight Silk Japon,Sin Filtro,Rubio,Normal,f,333
NIF-JAP-SUI-4,Urban Classic Chile,Con Filtro,Negro,SuperLight,f,213
NIF-JAP-SUI-5,Royal Blend Chile,Sin Filtro,Negro,Normal,t,456
NIF-JAP-SUI-5,Midnight Silk Chile,Con Filtro,Negro,UltraLight,f,152
NIF-JAP-SUI-5,Mountain Mist Chile,Sin Filtro,Rubio,Normal,f,428
NIF-JAP-SUI-5,Royal Blend Argentina,Con Filtro,Rubio,Light,f,131
NIF-JAP-SUI-5,Amber Haze Argentina,Sin Filtro,Rubio,Normal,t,484
NIF-JAP-SUI-5,Urban Classic Chile,Con Filtro,Negro,Normal,t,449
NIF-JAP-SUI-5,Ocean Breeze Chile,Con Filtro,Rubio,Normal,t,267
NIF-JAP-SUI-5,Silver Lining Alemania,Con Filtro,Negro,Normal,t,337
NIF-JAP-SUI-5,Urban Classic Chile,Sin Filtro,Rubio,Normal,f,415
NIF-JAP-SUI-5,Midnight Silk Japon,Con Filtro,Rubio,Normal,t,448
NIF-JAP-SUI-5,Royal Blend Chile,Sin Filtro,Negro,Normal,f,404
NIF-JAP-SUI-5,Ocean Breeze Alemania,Sin Filtro,Negro,Normal,t,393
NIF-JAP-SUI-5,Ocean Breeze Alemania,Con Filtro,Negro,Light,f,475
NIF-JAP-SUI-5,Urban Classic Japon,Con Filtro,Rubio,Normal,t,459
NIF-JAP-SUI-5,Mountain Mist Reino,Con Filtro,Rubio,SuperLight,f,108
NIF-JAP-SUI-5,Royal Blend Argentina,Sin Filtro,Negro,Normal,f,430
NIF-JAP-SUI-5,Amber Haze Alemania,Con Filtro,Rubio,Normal,t,354
NIF-JAP-SUI-5,Gold Leaf Argentina,Sin Filtro,Negro,Normal,t,72
NIF-JAP-SUI-5,Ocean Breeze Japon,Sin Filtro,Rubio,Normal,t,301
NIF-JAP-SUI-5,Mountain Mist Reino,Sin Filtro,Rubio,Normal,f,192
NIF-JAP-SUI-5,Mountain Mist Reino,Sin Filtro,Negro,Normal,f,156
NIF-JAP-SUI-5,Midnight Silk Japon,Con Filtro,Rubio,Light,f,480
NIF-JAP-SUI-5,Royal Blend Chile,Con Filtro,Rubio,Normal,t,299
NIF-JAP-SUI-6,Mountain Mist Reino,Sin Filtro,Negro,Normal,f,354
NIF-JAP-SUI-6,Gold Leaf Reino,Con Filtro,Rubio,Normal,f,139
NIF-JAP-SUI-6,Highland Peak Alemania,Con Filtro,Rubio,UltraLight,f,491
NIF-JAP-SUI-6,Midnight Silk Argentina,Con Filtro,Rubio,Normal,f,190
NIF-JAP-SUI-6,Midnight Silk Japon,Con Filtro,Rubio,Normal,t,109
NIF-JAP-SUI-6,Royal Blend Alemania,Sin Filtro,Rubio,Normal,t,180
NIF-JAP-SUI-6,Royal Blend Alemania,Con Filtro,Negro,Light,f,90
NIF-JAP-SUI-6,Midnight Silk Chile,Con Filtro,Negro,Normal,f,406
NIF-JAP-SUI-6,Ocean Breeze Argentina,Con Filtro,Rubio,Light,f,420
NIF-JAP-SUI-6,Midnight Silk Alemania,Sin Filtro,Rubio,Normal,t,175
NIF-JAP-SUI-6,Urban Classic Chile,Sin Filtro,Negro,Normal,f,321
NIF-JAP-SUI-6,Midnight Silk Reino,Sin Filtro,Rubio,Normal,t,363
NIF-JAP-SUI-7,Pure Essence Japon,Con Filtro,Negro,Light,f,212
NIF-JAP-SUI-7,Silver Lining Chile,Con Filtro,Negro,Normal,t,204
NIF-JAP-SUI-7,Midnight Silk Reino,Con Filtro,Negro,Normal,t,135
NIF-JAP-SUI-7,Pure Essence Japon,Con Filtro,Negro,Normal,t,303
NIF-JAP-SUI-7,Silver Lining Alemania,Sin Filtro,Negro,Normal,f,168
NIF-JAP-SUI-7,Amber Haze Alemania,Con Filtro,Negro,Normal,f,473
NIF-JAP-SUI-7,Pure Essence Reino,Sin Filtro,Rubio,Normal,t,270
NIF-JAP-SUI-7,Silver Lining Japon,Sin Filtro,Rubio,Normal,f,483
NIF-JAP-SUI-7,Midnight Silk Argentina,Con Filtro,Rubio,Normal,f,393
NIF-JAP-SUI-7,Ocean Breeze Alemania,Con Filtro,Negro,SuperLight,f,285
NIF-JAP-SUI-7,Gold Leaf Japon,Con Filtro,Rubio,UltraLight,f,109
NIF-JAP-SUI-7,Midnight Silk Argentina,Sin Filtro,Rubio,Normal,t,351
NIF-JAP-SUI-7,Silver Lining Alemania,Sin Filtro,Negro,Normal,f,486
NIF-JAP-SUI-7,Amber Haze Argentina,Con Filtro,Rubio,Light,f,408
NIF-JAP-SUI-7,Highland Peak Reino,Con Filtro,Rubio,Normal,t,239
NIF-JAP-SUI-7,Gold Leaf Japon,Con Filtro,Rubio,Normal,t,188
NIF-JAP-SUI-7,Amber Haze Chile,Sin Filtro,Rubio,Normal,t,348
NIF-JAP-SUI-7,Pure Essence Argentina,Con Filtro,Negro,Normal,t,499
NIF-JAP-SUI-7,Royal Blend Japon,Sin Filtro,Rubio,Normal,t,338
NIF-JAP-SUI-8,Midnight Silk Chile,Con Filtro,Negro,Normal,t,199
NIF-JAP-SUI-8,Urban Classic Argentina,Con Filtro,Rubio,Normal,t,440
NIF-JAP-SUI-8,Urban Classic Reino,Sin Filtro,Negro,Normal,t,201
NIF-JAP-SUI-8,Ocean Breeze Argentina,Sin Filtro,Negro,Normal,f,500
NIF-JAP-SUI-8,Mountain Mist Alemania,Sin Filtro,Negro,Normal,f,416
NIF-JAP-SUI-8,Silver Lining Argentina,Con Filtro,Negro,Light,f,253
NIF-JAP-SUI-8,Midnight Silk Alemania,Sin Filtro,Rubio,Normal,t,186
NIF-JAP-SUI-8,Royal Blend Japon,Con Filtro,Negro,Normal,t,240
NIF-JAP-SUI-8,Highland Peak Japon,Con Filtro,Negro,Normal,f,452
NIF-JAP-SUI-8,Gold Leaf Alemania,Sin Filtro,Rubio,Normal,f,257
NIF-JAP-SUI-8,Mountain Mist Chile,Con Filtro,Negro,Normal,t,310
NIF-JAP-SUI-8,Pure Essence Alemania,Sin Filtro,Rubio,Normal,t,100
NIF-JAP-SUI-8,Amber Haze Alemania,Con Filtro,Negro,Normal,f,228
NIF-JAP-SUI-8,Silver Lining Chile,Con Filtro,Negro,SuperLight,f,149
NIF-JAP-SUI-8,Ocean Breeze Japon,Con Filtro,Rubio,Normal,t,217
NIF-JAP-SUI-8,Ocean Breeze Japon,Sin Filtro,Rubio,Normal,t,130
NIF-JAP-SUI-8,Silver Lining Chile,Con Filtro,Rubio,Normal,t,450
NIF-JAP-SUI-8,Royal Blend Japon,Sin Filtro,Rubio,Normal,t,333
NIF-JAP-SUI-8,Gold Leaf Japon,Con Filtro,Rubio,Normal,t,185
NIF-JAP-SUI-8,Highland Peak Chile,Con Filtro,Negro,Normal,t,417
NIF-JAP-SUI-8,Silver Lining Reino,Sin Filtro,Negro,Normal,f,206
NIF-JAP-SUI-8,Midnight Silk Chile,Con Filtro,Negro,Normal,t,251
NIF-JAP-SUI-8,Midnight Silk Chile,Con Filtro,Negro,Normal,t,315
NIF-JAP-SUI-8,Urban Classic Alemania,Con Filtro,Negro,Normal,t,427
NIF-JAP-SUI-8,Royal Blend Alemania,Con Filtro,Negro,Normal,t,193
NIF-JAP-SUI-8,Highland Peak Reino,Con Filtro,Negro,SuperLight,f,491
NIF-JAP-SUI-8,Pure Essence Argentina,Con Filtro,Rubio,UltraLight,f,283
NIF-JAP-SUI-8,Mountain Mist Argentina,Sin Filtro,Negro,Normal,t,468
NIF-JAP-SUI-8,Silver Lining Alemania,Sin Filtro,Negro,Normal,f,292
NIF-JAP-SUI-8,Highland Peak Reino,Sin Filtro,Rubio,Normal,t,50
NIF-JAP-SUI-9,Amber Haze Reino,Con Filtro,Negro,Normal,t,364
NIF-JAP-SUI-9,Silver Lining Japon,Sin Filtro,Rubio,Normal,f,64
NIF-JAP-SUI-9,Pure Essence Japon,Sin Filtro,Negro,Normal,f,287
NIF-JAP-SUI-9,Pure Essence Argentina,Sin Filtro,Negro,Normal,f,137
NIF-JAP-SUI-9,Pure Essence Chile,Sin Filtro,Rubio,Normal,f,99
NIF-JAP-SUI-9,Ocean Breeze Japon,Sin Filtro,Rubio,Normal,t,474
NIF-JAP-SUI-9,Mountain Mist Alemania,Sin Filtro,Negro,Normal,f,372
NIF-JAP-SUI-9,Mountain Mist Argentina,Sin Filtro,Negro,Normal,t,83
NIF-JAP-SUI-9,Royal Blend Japon,Con Filtro,Negro,Normal,t,318
NIF-JAP-SUI-9,Midnight Silk Japon,Con Filtro,Rubio,Normal,t,490
NIF-JAP-SUI-9,Ocean Breeze Reino,Con Filtro,Rubio,Normal,f,244
NIF-JAP-SUI-9,Ocean Breeze Argentina,Con Filtro,Negro,Normal,t,346
NIF-JAP-SUI-9,Urban Classic Reino,Con Filtro,Negro,Normal,t,122
NIF-JAP-SUI-9,Urban Classic Argentina,Con Filtro,Negro,UltraLight,f,334
NIF-JAP-SUI-9,Amber Haze Argentina,Sin Filtro,Negro,Normal,t,402
NIF-JAP-SUI-9,Midnight Silk Japon,Con Filtro,Negro,UltraLight,f,443
NIF-JAP-SUI-9,Gold Leaf Chile,Sin Filtro,Rubio,Normal,t,273
NIF-JAP-SUI-9,Mountain Mist Argentina,Sin Filtro,Negro,Normal,t,63
NIF-JAP-SUI-9,Urban Classic Chile,Con Filtro,Negro,SuperLight,f,164
NIF-JAP-SUI-9,Urban Classic Japon,Con Filtro,Rubio,Normal,t,169
NIF-JAP-SUI-9,Mountain Mist Chile,Sin Filtro,Rubio,Normal,t,143
NIF-JAP-SUI-9,Silver Lining Alemania,Sin Filtro,Negro,Normal,t,265
NIF-JAP-SUI-9,Pure Essence Argentina,Sin Filtro,Rubio,Normal,t,103
NIF-JAP-SUI-10,Royal Blend Argentina,Sin Filtro,Negro,Normal,f,126
NIF-JAP-SUI-10,Royal Blend Reino,Con Filtro,Negro,Normal,f,324
NIF-JAP-SUI-10,Midnight Silk Japon,Con Filtro,Rubio,Normal,f,200
NIF-JAP-SUI-10,Highland Peak Argentina,Sin Filtro,Rubio,Normal,f,88
NIF-JAP-SUI-10,Mountain Mist Alemania,Sin Filtro,Negro,Normal,f,425
NIF-JAP-SUI-10,Urban Classic Alemania,Sin Filtro,Negro,Normal,f,96
NIF-JAP-SUI-10,Ocean Breeze Alemania,Con Filtro,Negro,SuperLight,f,133
NIF-JAP-SUI-10,Amber Haze Argentina,Sin Filtro,Rubio,Normal,t,329
NIF-JAP-SUI-10,Gold Leaf Argentina,Con Filtro,Rubio,Normal,t,285
NIF-JAP-SUI-10,Amber Haze Reino,Sin Filtro,Rubio,Normal,f,146
NIF-JAP-SUI-11,Royal Blend Alemania,Sin Filtro,Rubio,Normal,t,281
NIF-JAP-SUI-11,Urban Classic Chile,Sin Filtro,Negro,Normal,f,189
NIF-JAP-SUI-11,Urban Classic Alemania,Sin Filtro,Negro,Normal,f,397
NIF-JAP-SUI-11,Ocean Breeze Japon,Con Filtro,Rubio,Normal,t,401
NIF-JAP-SUI-11,Amber Haze Japon,Con Filtro,Rubio,Normal,t,373
NIF-JAP-SUI-11,Midnight Silk Chile,Con Filtro,Negro,UltraLight,f,170
NIF-JAP-SUI-11,Midnight Silk Alemania,Sin Filtro,Negro,Normal,t,107
NIF-JAP-SUI-11,Highland Peak Argentina,Con Filtro,Negro,Normal,t,173
NIF-JAP-SUI-11,Gold Leaf Reino,Con Filtro,Rubio,Normal,t,105
NIF-JAP-SUI-11,Pure Essence Alemania,Con Filtro,Negro,Normal,f,238
NIF-JAP-SUI-11,Urban Classic Alemania,Sin Filtro,Negro,Normal,t,63
NIF-JAP-SUI-11,Amber Haze Japon,Sin Filtro,Rubio,Normal,f,134
NIF-JAP-SUI-11,Midnight Silk Japon,Con Filtro,Negro,UltraLight,f,115
NIF-JAP-SUI-11,Royal Blend Argentina,Sin Filtro,Negro,Normal,t,386
NIF-JAP-SUI-12,Highland Peak Chile,Con Filtro,Negro,Normal,t,484
NIF-JAP-SUI-12,Gold Leaf Japon,Con Filtro,Rubio,Normal,t,413
NIF-JAP-SUI-12,Midnight Silk Alemania,Sin Filtro,Rubio,Normal,f,156
NIF-JAP-SUI-12,Silver Lining Alemania,Sin Filtro,Negro,Normal,f,311
NIF-JAP-SUI-12,Silver Lining Japon,Sin Filtro,Rubio,Normal,f,456
NIF-JAP-SUI-12,Gold Leaf Argentina,Con Filtro,Rubio,Normal,t,354
NIF-JAP-SUI-12,Gold Leaf Alemania,Sin Filtro,Rubio,Normal,f,159
NIF-JAP-SUI-12,Royal Blend Argentina,Sin Filtro,Negro,Normal,t,191
NIF-JAP-SUI-12,Silver Lining Argentina,Con Filtro,Rubio,Normal,f,73
NIF-JAP-SUI-12,Mountain Mist Japon,Sin Filtro,Negro,Normal,t,190
NIF-JAP-SUI-12,Royal Blend Reino,Con Filtro,Rubio,Normal,t,226
NIF-JAP-SUI-12,Royal Blend Alemania,Con Filtro,Rubio,Normal,t,389
NIF-JAP-SUI-12,Mountain Mist Alemania,Sin Filtro,Rubio,Normal,f,295
NIF-JAP-SUI-13,Royal Blend Argentina,Con Filtro,Rubio,Light,f,292
NIF-JAP-SUI-13,Pure Essence Japon,Sin Filtro,Negro,Normal,t,481
NIF-JAP-SUI-13,Silver Lining Reino,Sin Filtro,Negro,Normal,f,363
NIF-JAP-SUI-13,Highland Peak Japon,Con Filtro,Rubio,Light,f,231
NIF-JAP-SUI-13,Pure Essence Chile,Sin Filtro,Negro,Normal,f,443
NIF-JAP-SUI-13,Silver Lining Chile,Con Filtro,Rubio,Normal,t,275
NIF-JAP-SUI-13,Midnight Silk Reino,Con Filtro,Negro,SuperLight,f,180
NIF-JAP-SUI-13,Mountain Mist Alemania,Sin Filtro,Negro,Normal,t,350
NIF-JAP-SUI-13,Urban Classic Chile,Con Filtro,Negro,Normal,t,207
NIF-JAP-SUI-13,Highland Peak Japon,Con Filtro,Negro,Normal,f,435
NIF-JAP-SUI-13,Midnight Silk Chile,Con Filtro,Rubio,Normal,t,488
NIF-JAP-SUI-13,Highland Peak Argentina,Sin Filtro,Negro,Normal,f,430
NIF-JAP-SUI-13,Mountain Mist Japon,Con Filtro,Negro,Normal,t,233
NIF-JAP-SUI-13,Ocean Breeze Reino,Sin Filtro,Negro,Normal,t,169
NIF-JAP-SUI-13,Amber Haze Chile,Con Filtro,Rubio,SuperLight,f,462
NIF-JAP-SUI-13,Royal Blend Reino,Con Filtro,Rubio,Normal,t,385
NIF-JAP-SUI-13,Midnight Silk Argentina,Sin Filtro,Rubio,Normal,t,62
NIF-JAP-SUI-13,Amber Haze Alemania,Sin Filtro,Rubio,Normal,f,380
NIF-JAP-SUI-13,Midnight Silk Reino,Sin Filtro,Rubio,Normal,t,363
NIF-JAP-SUI-13,Royal Blend Japon,Sin Filtro,Negro,Normal,t,156
NIF-JAP-SUI-13,Highland Peak Reino,Con Filtro,Rubio,Normal,t,391
NIF-JAP-SUI-13,Pure Essence Chile,Con Filtro,Negro,Normal,t,370
NIF-JAP-SUI-13,Silver Lining Chile,Sin Filtro,Negro,Normal,f,239
NIF-JAP-SUI-14,Silver Lining Chile,Sin Filtro,Rubio,Normal,t,106
NIF-JAP-SUI-14,Highland Peak Reino,Con Filtro,Rubio,Normal,t,328
NIF-JAP-SUI-14,Ocean Breeze Argentina,Con Filtro,Rubio,Normal,t,368
NIF-JAP-SUI-14,Pure Essence Chile,Sin Filtro,Negro,Normal,f,471
NIF-JAP-SUI-14,Amber Haze Alemania,Sin Filtro,Rubio,Normal,t,66
NIF-JAP-SUI-14,Urban Classic Japon,Sin Filtro,Rubio,Normal,t,95
NIF-JAP-SUI-14,Pure Essence Japon,Sin Filtro,Rubio,Normal,t,405
NIF-JAP-SUI-14,Royal Blend Alemania,Con Filtro,Negro,Normal,t,141
NIF-JAP-SUI-14,Amber Haze Chile,Con Filtro,Rubio,Normal,t,236
NIF-JAP-SUI-14,Gold Leaf Alemania,Sin Filtro,Negro,Normal,t,123
NIF-JAP-SUI-14,Gold Leaf Argentina,Sin Filtro,Rubio,Normal,f,389
NIF-JAP-SUI-14,Highland Peak Argentina,Con Filtro,Rubio,SuperLight,f,451
NIF-JAP-SUI-14,Mountain Mist Argentina,Con Filtro,Negro,Light,f,204
NIF-JAP-SUI-14,Amber Haze Chile,Sin Filtro,Rubio,Normal,f,64
NIF-JAP-SUI-14,Midnight Silk Japon,Con Filtro,Negro,UltraLight,f,412
NIF-JAP-SUI-14,Midnight Silk Reino,Con Filtro,Rubio,SuperLight,f,201
NIF-JAP-SUI-14,Ocean Breeze Reino,Sin Filtro,Negro,Normal,t,144
NIF-JAP-SUI-14,Silver Lining Argentina,Con Filtro,Rubio,Normal,t,252
NIF-JAP-SUI-14,Mountain Mist Reino,Con Filtro,Rubio,SuperLight,f,384
NIF-JAP-SUI-14,Highland Peak Reino,Sin Filtro,Negro,Normal,f,433
NIF-JAP-SUI-14,Amber Haze Argentina,Sin Filtro,Rubio,Normal,t,151
NIF-JAP-SUI-14,Highland Peak Chile,Con Filtro,Negro,Light,f,95
NIF-JAP-SUI-14,Ocean Breeze Japon,Sin Filtro,Rubio,Normal,t,318
NIF-JAP-SUI-14,Ocean Breeze Argentina,Con Filtro,Negro,Normal,t,473
NIF-JAP-SUI-14,Mountain Mist Chile,Sin Filtro,Rubio,Normal,f,326
NIF-JAP-SUI-14,Pure Essence Chile,Con Filtro,Rubio,Light,f,329
NIF-JAP-SUI-14,Silver Lining Argentina,Con Filtro,Rubio,Normal,t,426
NIF-JAP-SUI-15,Gold Leaf Reino,Con Filtro,Rubio,Normal,f,82
NIF-JAP-SUI-15,Ocean Breeze Chile,Con Filtro,Negro,Normal,f,329
NIF-JAP-SUI-15,Silver Lining Japon,Sin Filtro,Negro,Normal,f,51
NIF-JAP-SUI-15,Royal Blend Argentina,Con Filtro,Negro,SuperLight,f,137
NIF-JAP-SUI-15,Mountain Mist Japon,Con Filtro,Negro,Normal,t,320
NIF-JAP-SUI-15,Ocean Breeze Argentina,Con Filtro,Rubio,Normal,t,123
NIF-JAP-SUI-15,Urban Classic Alemania,Sin Filtro,Negro,Normal,f,258
NIF-JAP-SUI-15,Ocean Breeze Chile,Con Filtro,Rubio,UltraLight,f,224
NIF-JAP-SUI-15,Pure Essence Argentina,Sin Filtro,Negro,Normal,f,108
NIF-JAP-SUI-15,Midnight Silk Reino,Con Filtro,Negro,Normal,t,206
NIF-JAP-SUI-15,Silver Lining Argentina,Con Filtro,Negro,Normal,t,126
NIF-JAP-SUI-15,Highland Peak Chile,Con Filtro,Rubio,SuperLight,f,94
NIF-JAP-SUI-15,Midnight Silk Alemania,Con Filtro,Negro,Normal,t,350
NIF-JAP-SUI-15,Ocean Breeze Alemania,Sin Filtro,Negro,Normal,t,56
NIF-JAP-SUI-15,Amber Haze Argentina,Con Filtro,Negro,Normal,t,352
NIF-JAP-SUI-15,Amber Haze Reino,Sin Filtro,Rubio,Normal,t,164
NIF-JAP-SUI-15,Gold Leaf Japon,Con Filtro,Rubio,UltraLight,f,448
NIF-JAP-SUI-15,Royal Blend Reino,Con Filtro,Rubio,Normal,t,245
NIF-JAP-SUI-15,Midnight Silk Japon,Con Filtro,Rubio,Normal,t,111
NIF-JAP-SUI-15,Midnight Silk Chile,Con Filtro,Rubio,Normal,t,266
NIF-JAP-SUI-15,Royal Blend Argentina,Sin Filtro,Negro,Normal,t,454
NIF-JAP-SUI-15,Mountain Mist Japon,Sin Filtro,Rubio,Normal,t,303
